ISO-10303-21;
HEADER;
FILE_DESCRIPTION (( 'STEP AP214' ),
    '1' );
FILE_NAME ('1-Relay-Module_DIN-Mount.STEP',
    '2025-08-12T10:47:15',
    ( '' ),
    ( '' ),
    'SwSTEP 2.0',
    'SolidWorks 2021',
    '' );
FILE_SCHEMA (( 'AUTOMOTIVE_DESIGN' ));
ENDSEC;

DATA;
#1 = CARTESIAN_POINT ( 'NONE',  ( -15.00000000000000000, 18.25000000000000355, -2.749999999999999556 ) ) ;
#2 = DIRECTION ( 'NONE',  ( 1.000000000000000000, 0.000000000000000000, 0.000000000000000000 ) ) ;
#3 = ORIENTED_EDGE ( 'NONE', *, *, #2734, .T. ) ;
#4 = AXIS2_PLACEMENT_3D ( 'NONE', #2892, #3513, #842 ) ;
#5 = CARTESIAN_POINT ( 'NONE',  ( 20.66228675972852713, 12.99999999999999822, 2.500000000000000000 ) ) ;
#6 = ORIENTED_EDGE ( 'NONE', *, *, #1302, .F. ) ;
#7 = DIRECTION ( 'NONE',  ( -0.000000000000000000, -0.000000000000000000, 1.000000000000000000 ) ) ;
#8 = EDGE_LOOP ( 'NONE', ( #1219, #1269, #23, #1672 ) ) ;
#9 = PLANE ( 'NONE',  #2086 ) ;
#10 = CARTESIAN_POINT ( 'NONE',  ( -20.49999999999999289, -10.25000000000000000, 2.499999999999999556 ) ) ;
#11 = AXIS2_PLACEMENT_3D ( 'NONE', #1890, #3224, #1515 ) ;
#12 = CARTESIAN_POINT ( 'NONE',  ( 30.00000000000001776, -38.00000000000002132, 5.000000000000000000 ) ) ;
#13 = CARTESIAN_POINT ( 'NONE',  ( 23.83771324027146932, 12.99999999999999822, 2.500000000000000000 ) ) ;
#14 = CARTESIAN_POINT ( 'NONE',  ( 20.66228675972851647, -13.00000000000000533, 0.000000000000000000 ) ) ;
#15 = CARTESIAN_POINT ( 'NONE',  ( 9.000000000000005329, -12.50000000000001954, 0.000000000000000000 ) ) ;
#16 = EDGE_LOOP ( 'NONE', ( #2327, #3252, #165, #2369 ) ) ;
#17 = CIRCLE ( 'NONE', #323, 1.750000000000005107 ) ;
#18 = CARTESIAN_POINT ( 'NONE',  ( 10.74999999999999645, -12.00000000000002132, 0.000000000000000000 ) ) ;
#19 = CARTESIAN_POINT ( 'NONE',  ( -5.000000000000000000, -48.75000000000000000, -1.734723475976807094E-15 ) ) ;
#20 = ORIENTED_EDGE ( 'NONE', *, *, #3648, .F. ) ;
#21 = CARTESIAN_POINT ( 'NONE',  ( -5.000000000000000000, -47.00000000000000000, -1.734723475976807094E-15 ) ) ;
#22 = LINE ( 'NONE', #3738, #795 ) ;
#23 = ORIENTED_EDGE ( 'NONE', *, *, #3081, .F. ) ;
#24 = DIRECTION ( 'NONE',  ( -1.000000000000000000, 0.000000000000000000, 0.000000000000000000 ) ) ;
#25 = ORIENTED_EDGE ( 'NONE', *, *, #1729, .T. ) ;
#26 = DIRECTION ( 'NONE',  ( 0.7071067811865493491, 0.000000000000000000, -0.7071067811865456854 ) ) ;
#27 = VECTOR ( 'NONE', #607, 1000.000000000000000 ) ;
#28 = ADVANCED_FACE ( 'NONE', ( #763 ), #2246, .F. ) ;
#29 = ORIENTED_EDGE ( 'NONE', *, *, #712, .T. ) ;
#30 = LINE ( 'NONE', #3016, #2209 ) ;
#31 = DIRECTION ( 'NONE',  ( -0.000000000000000000, 0.000000000000000000, 1.000000000000000000 ) ) ;
#32 = VECTOR ( 'NONE', #1667, 1000.000000000000000 ) ;
#33 = CARTESIAN_POINT ( 'NONE',  ( 7.375000000000000000, -13.00000000000001066, 5.000000000000000000 ) ) ;
#34 = ORIENTED_EDGE ( 'NONE', *, *, #3043, .F. ) ;
#35 = EDGE_CURVE ( 'NONE', #3691, #3347, #1659, .T. ) ;
#36 = LINE ( 'NONE', #1199, #2262 ) ;
#37 = ORIENTED_EDGE ( 'NONE', *, *, #3438, .F. ) ;
#38 = ADVANCED_FACE ( 'NONE', ( #2819 ), #3416, .T. ) ;
#39 = DIRECTION ( 'NONE',  ( -1.000000000000000000, 0.000000000000000000, 0.000000000000000000 ) ) ;
#40 = LINE ( 'NONE', #1202, #78 ) ;
#41 = VERTEX_POINT ( 'NONE', #1391 ) ;
#42 = DIRECTION ( 'NONE',  ( 0.000000000000000000, 0.7071067811865487940, -0.7071067811865463515 ) ) ;
#43 = CARTESIAN_POINT ( 'NONE',  ( 28.00000000000000355, -40.00000000000002842, 0.000000000000000000 ) ) ;
#44 = CIRCLE ( 'NONE', #1871, 1.750000000000001554 ) ;
#45 = CARTESIAN_POINT ( 'NONE',  ( -20.49999999999999289, -10.25000000000000000, -3.500000000000000444 ) ) ;
#46 = ORIENTED_EDGE ( 'NONE', *, *, #3328, .T. ) ;
#47 = DIRECTION ( 'NONE',  ( 0.000000000000000000, 0.7071067811865503483, -0.7071067811865445751 ) ) ;
#48 = VERTEX_POINT ( 'NONE', #2566 ) ;
#49 = FACE_OUTER_BOUND ( 'NONE', #3031, .T. ) ;
#50 = DIRECTION ( 'NONE',  ( -0.000000000000000000, -0.000000000000000000, -1.000000000000000000 ) ) ;
#51 = VECTOR ( 'NONE', #2150, 1000.000000000000000 ) ;
#52 = DIRECTION ( 'NONE',  ( -0.000000000000000000, -0.000000000000000000, -1.000000000000000000 ) ) ;
#53 = FACE_OUTER_BOUND ( 'NONE', #2257, .T. ) ;
#54 = ORIENTED_EDGE ( 'NONE', *, *, #869, .T. ) ;
#55 = AXIS2_PLACEMENT_3D ( 'NONE', #140, #3017, #3037 ) ;
#56 = EDGE_CURVE ( 'NONE', #2728, #3647, #2264, .T. ) ;
#57 = CYLINDRICAL_SURFACE ( 'NONE', #2017, 1.750000000000001554 ) ;
#58 = ORIENTED_EDGE ( 'NONE', *, *, #1507, .T. ) ;
#59 = EDGE_CURVE ( 'NONE', #1539, #691, #2050, .T. ) ;
#60 = CARTESIAN_POINT ( 'NONE',  ( 9.999999999999994671, -12.00000000000002132, 0.000000000000000000 ) ) ;
#61 = DIRECTION ( 'NONE',  ( -0.5000000000000002220, 0.8660254037844384856, 0.000000000000000000 ) ) ;
#62 = EDGE_LOOP ( 'NONE', ( #3119, #2536, #3000, #2377 ) ) ;
#63 = EDGE_CURVE ( 'NONE', #1283, #1060, #1991, .T. ) ;
#64 = EDGE_CURVE ( 'NONE', #3053, #2155, #2516, .T. ) ;
#65 = DIRECTION ( 'NONE',  ( -1.000000000000000000, -0.000000000000000000, -0.000000000000000000 ) ) ;
#66 = ORIENTED_EDGE ( 'NONE', *, *, #2283, .F. ) ;
#67 = DIRECTION ( 'NONE',  ( 0.000000000000000000, 0.000000000000000000, 1.000000000000000000 ) ) ;
#68 = VERTEX_POINT ( 'NONE', #1445 ) ;
#69 = DIRECTION ( 'NONE',  ( 0.7071067811865462405, -0.000000000000000000, 0.7071067811865489050 ) ) ;
#70 = EDGE_LOOP ( 'NONE', ( #2322, #2872, #1715, #3432, #1180, #1534 ) ) ;
#71 = DIRECTION ( 'NONE',  ( -0.000000000000000000, -1.000000000000000000, -0.000000000000000000 ) ) ;
#72 = DIRECTION ( 'NONE',  ( -0.000000000000000000, -0.000000000000000000, -1.000000000000000000 ) ) ;
#73 = CARTESIAN_POINT ( 'NONE',  ( -30.00000000000000000, 37.99999999999997868, 5.000000000000000000 ) ) ;
#74 = ORIENTED_EDGE ( 'NONE', *, *, #3115, .T. ) ;
#75 = DIRECTION ( 'NONE',  ( 1.000000000000000000, 0.000000000000000000, 0.000000000000000000 ) ) ;
#76 = AXIS2_PLACEMENT_3D ( 'NONE', #1652, #205, #3626 ) ;
#77 = EDGE_LOOP ( 'NONE', ( #3233, #3491, #533, #692 ) ) ;
#78 = VECTOR ( 'NONE', #1816, 1000.000000000000000 ) ;
#79 = DIRECTION ( 'NONE',  ( -0.7071067811865489050, -0.000000000000000000, 0.7071067811865462405 ) ) ;
#80 = DIRECTION ( 'NONE',  ( -1.000000000000000000, 0.000000000000000000, 0.000000000000000000 ) ) ;
#81 = ORIENTED_EDGE ( 'NONE', *, *, #2922, .T. ) ;
#82 = VECTOR ( 'NONE', #407, 1000.000000000000000 ) ;
#83 = EDGE_CURVE ( 'NONE', #1044, #453, #3165, .T. ) ;
#84 = ORIENTED_EDGE ( 'NONE', *, *, #1940, .F. ) ;
#85 = CYLINDRICAL_SURFACE ( 'NONE', #3650, 8.999999999999998224 ) ;
#86 = CIRCLE ( 'NONE', #1418, 1.750000000000001554 ) ;
#87 = CARTESIAN_POINT ( 'NONE',  ( 9.000000000000005329, -13.00000000000000888, 2.500000000000000000 ) ) ;
#88 = ORIENTED_EDGE ( 'NONE', *, *, #874, .F. ) ;
#89 = CARTESIAN_POINT ( 'NONE',  ( -23.83771324027146932, -7.500000000000005329, 2.500000000000000000 ) ) ;
#90 = CARTESIAN_POINT ( 'NONE',  ( -9.500000000000000000, 0.000000000000000000, 0.000000000000000000 ) ) ;
#91 = DIRECTION ( 'NONE',  ( -1.000000000000000000, 0.000000000000000000, 0.000000000000000000 ) ) ;
#92 = ORIENTED_EDGE ( 'NONE', *, *, #2763, .F. ) ;
#93 = CARTESIAN_POINT ( 'NONE',  ( -29.99999999999998579, -38.00000000000002132, 0.000000000000000000 ) ) ;
#94 = DIRECTION ( 'NONE',  ( 0.000000000000000000, 1.000000000000000000, 0.000000000000000000 ) ) ;
#95 = VERTEX_POINT ( 'NONE', #2624 ) ;
#96 = AXIS2_PLACEMENT_3D ( 'NONE', #3118, #809, #484 ) ;
#97 = DIRECTION ( 'NONE',  ( -0.4999999999999991673, -0.8660254037844390407, 0.000000000000000000 ) ) ;
#98 = DIRECTION ( 'NONE',  ( 1.000000000000000000, 0.000000000000000000, 0.000000000000000000 ) ) ;
#99 = VERTEX_POINT ( 'NONE', #2031 ) ;
#100 = VERTEX_POINT ( 'NONE', #3775 ) ;
#101 = ADVANCED_FACE ( 'NONE', ( #1159, #3735, #3435, #3202, #585, #2871, #2853, #3752, #565 ), #1121, .T. ) ;
#102 = DIRECTION ( 'NONE',  ( 1.000000000000000000, 0.000000000000000000, 0.000000000000000000 ) ) ;
#103 = EDGE_CURVE ( 'NONE', #972, #309, #1731, .T. ) ;
#104 = CARTESIAN_POINT ( 'NONE',  ( -10.74999999999999645, -40.00000000000002132, 5.000000000000000000 ) ) ;
#105 = CIRCLE ( 'NONE', #3393, 6.000000000000000000 ) ;
#106 = EDGE_LOOP ( 'NONE', ( #1551, #634, #3388, #2910 ) ) ;
#107 = CARTESIAN_POINT ( 'NONE',  ( -13.25000000000000533, -12.00000000000002132, 2.500000000000000000 ) ) ;
#108 = EDGE_CURVE ( 'NONE', #3099, #2385, #3509, .T. ) ;
#109 = EDGE_CURVE ( 'NONE', #2929, #1492, #3472, .T. ) ;
#110 = CARTESIAN_POINT ( 'NONE',  ( 10.25000000000000000, -15.00000000000001954, -1.821662113731688484E-15 ) ) ;
#111 = ORIENTED_EDGE ( 'NONE', *, *, #195, .F. ) ;
#112 = AXIS2_PLACEMENT_3D ( 'NONE', #2759, #94, #1257 ) ;
#113 = DIRECTION ( 'NONE',  ( 1.000000000000000000, 0.000000000000000000, -0.000000000000000000 ) ) ;
#114 = CARTESIAN_POINT ( 'NONE',  ( 22.25000000000000000, 10.24999999999999822, -3.500000000000000444 ) ) ;
#115 = ORIENTED_EDGE ( 'NONE', *, *, #666, .F. ) ;
#116 = VECTOR ( 'NONE', #1148, 1000.000000000000000 ) ;
#117 = DIRECTION ( 'NONE',  ( 1.000000000000000000, 0.000000000000000000, 0.000000000000000000 ) ) ;
#118 = PLANE ( 'NONE',  #1234 ) ;
#119 = VERTEX_POINT ( 'NONE', #3492 ) ;
#120 = ORIENTED_EDGE ( 'NONE', *, *, #83, .T. ) ;
#121 = CARTESIAN_POINT ( 'NONE',  ( -9.500000000000000000, -13.99999999999999112, -3.500000000000000444 ) ) ;
#122 = PLANE ( 'NONE',  #55 ) ;
#123 = LINE ( 'NONE', #1629, #2599 ) ;
#124 = AXIS2_PLACEMENT_3D ( 'NONE', #1713, #1123, #1698 ) ;
#125 = ORIENTED_EDGE ( 'NONE', *, *, #1055, .T. ) ;
#126 = CARTESIAN_POINT ( 'NONE',  ( 25.42542648054294574, -10.25000000000000533, 2.500000000000000000 ) ) ;
#127 = ORIENTED_EDGE ( 'NONE', *, *, #845, .F. ) ;
#128 = FACE_OUTER_BOUND ( 'NONE', #1837, .T. ) ;
#129 = CARTESIAN_POINT ( 'NONE',  ( 9.999999999999996447, 19.99999999999998934, 5.000000000000000000 ) ) ;
#130 = EDGE_LOOP ( 'NONE', ( #3753, #1535, #1761, #894 ) ) ;
#131 = CARTESIAN_POINT ( 'NONE',  ( 5.250000000000000000, -50.00000000000002132, 0.000000000000000000 ) ) ;
#132 = CARTESIAN_POINT ( 'NONE',  ( 9.500000000000000000, -13.99999999999999112, -3.500000000000000444 ) ) ;
#133 = CARTESIAN_POINT ( 'NONE',  ( 0.000000000000000000, 0.000000000000000000, 2.500000000000000000 ) ) ;
#134 = EDGE_LOOP ( 'NONE', ( #290, #791, #1415, #2280 ) ) ;
#135 = CIRCLE ( 'NONE', #1655, 1.750000000000005107 ) ;
#136 = ADVANCED_FACE ( 'NONE', ( #1772 ), #2909, .T. ) ;
#137 = VECTOR ( 'NONE', #3079, 1000.000000000000000 ) ;
#138 = VERTEX_POINT ( 'NONE', #18 ) ;
#139 = DIRECTION ( 'NONE',  ( 1.000000000000000000, 0.000000000000000000, 0.000000000000000000 ) ) ;
#140 = CARTESIAN_POINT ( 'NONE',  ( 3.687499999999982236, -6.613062647089765100, 2.500000000000000000 ) ) ;
#141 = VECTOR ( 'NONE', #598, 1000.000000000000000 ) ;
#142 = CARTESIAN_POINT ( 'NONE',  ( 0.000000000000000000, 0.000000000000000000, 2.500000000000000000 ) ) ;
#143 = ORIENTED_EDGE ( 'NONE', *, *, #1803, .F. ) ;
#144 = DIRECTION ( 'NONE',  ( 0.000000000000000000, 1.000000000000000000, -1.445602896647339656E-16 ) ) ;
#145 = EDGE_CURVE ( 'NONE', #798, #505, #640, .T. ) ;
#146 = SHAPE_DEFINITION_REPRESENTATION ( #2181, #1488 ) ;
#147 = EDGE_LOOP ( 'NONE', ( #2702, #2334, #1322, #491 ) ) ;
#148 = DIRECTION ( 'NONE',  ( -1.000000000000000000, -0.000000000000000000, -0.000000000000000000 ) ) ;
#149 = LINE ( 'NONE', #1847, #967 ) ;
#150 = ORIENTED_EDGE ( 'NONE', *, *, #3367, .T. ) ;
#151 = ADVANCED_FACE ( 'NONE', ( #2014 ), #2338, .F. ) ;
#152 = EDGE_CURVE ( 'NONE', #2216, #1050, #526, .T. ) ;
#153 = FACE_OUTER_BOUND ( 'NONE', #213, .T. ) ;
#154 = AXIS2_PLACEMENT_3D ( 'NONE', #1141, #1977, #1752 ) ;
#155 = LINE ( 'NONE', #1303, #966 ) ;
#156 = ADVANCED_FACE ( 'NONE', ( #1711 ), #3183, .F. ) ;
#157 = EDGE_CURVE ( 'NONE', #2044, #885, #1243, .T. ) ;
#158 = DIRECTION ( 'NONE',  ( 1.000000000000000000, 0.000000000000000000, 0.000000000000000000 ) ) ;
#159 = ORIENTED_EDGE ( 'NONE', *, *, #2920, .F. ) ;
#160 = ORIENTED_EDGE ( 'NONE', *, *, #3198, .T. ) ;
#161 = CYLINDRICAL_SURFACE ( 'NONE', #2120, 7.625000000000000000 ) ;
#162 = VERTEX_POINT ( 'NONE', #368 ) ;
#163 = LINE ( 'NONE', #1946, #3463 ) ;
#164 = PRESENTATION_LAYER_ASSIGNMENT (  '', '', ( #1131 ) ) ;
#165 = ORIENTED_EDGE ( 'NONE', *, *, #772, .F. ) ;
#166 = CARTESIAN_POINT ( 'NONE',  ( 5.000000000000000000, -45.25000000000000000, 5.000000000000000000 ) ) ;
#167 = DIRECTION ( 'NONE',  ( 1.000000000000000000, -0.000000000000000000, -0.000000000000000000 ) ) ;
#168 = ORIENTED_EDGE ( 'NONE', *, *, #3039, .T. ) ;
#169 = DIRECTION ( 'NONE',  ( -0.000000000000000000, -1.000000000000000000, -0.000000000000000000 ) ) ;
#170 = VECTOR ( 'NONE', #1601, 1000.000000000000227 ) ;
#171 = AXIS2_PLACEMENT_3D ( 'NONE', #3026, #3065, #452 ) ;
#172 = EDGE_CURVE ( 'NONE', #1102, #3082, #918, .T. ) ;
#173 = DIRECTION ( 'NONE',  ( 1.000000000000000000, -0.000000000000000000, -0.000000000000000000 ) ) ;
#174 = DIRECTION ( 'NONE',  ( 0.7071067811865489050, 0.000000000000000000, 0.7071067811865462405 ) ) ;
#175 = ADVANCED_FACE ( 'NONE', ( #1201 ), #1833, .F. ) ;
#176 = ORIENTED_EDGE ( 'NONE', *, *, #3081, .T. ) ;
#177 = AXIS2_PLACEMENT_3D ( 'NONE', #3619, #445, #460 ) ;
#178 = VECTOR ( 'NONE', #1738, 1000.000000000000000 ) ;
#179 = DIRECTION ( 'NONE',  ( 0.000000000000000000, -0.000000000000000000, 1.000000000000000000 ) ) ;
#180 = DIRECTION ( 'NONE',  ( 0.7071067811865462405, 0.000000000000000000, -0.7071067811865489050 ) ) ;
#181 = ORIENTED_EDGE ( 'NONE', *, *, #1065, .T. ) ;
#182 = CARTESIAN_POINT ( 'NONE',  ( 6.000000000000000000, -12.83474969627707019, 2.483221319779941538 ) ) ;
#183 = EDGE_LOOP ( 'NONE', ( #1039, #3169, #115, #1329 ) ) ;
#184 = PLANE ( 'NONE',  #2753 ) ;
#185 = CARTESIAN_POINT ( 'NONE',  ( -15.00000000000000000, 22.00000000000001421, -3.500000000000000888 ) ) ;
#186 = ORIENTED_EDGE ( 'NONE', *, *, #1894, .T. ) ;
#187 = DIRECTION ( 'NONE',  ( -0.000000000000000000, -0.000000000000000000, -1.000000000000000000 ) ) ;
#188 = DIRECTION ( 'NONE',  ( -0.4999999999999997780, -0.8660254037844387076, 0.000000000000000000 ) ) ;
#189 = VECTOR ( 'NONE', #3124, 1000.000000000000000 ) ;
#190 = FACE_BOUND ( 'NONE', #980, .T. ) ;
#191 = VERTEX_POINT ( 'NONE', #2952 ) ;
#192 = ORIENTED_EDGE ( 'NONE', *, *, #1053, .T. ) ;
#193 = VECTOR ( 'NONE', #3070, 1000.000000000000000 ) ;
#194 = DIRECTION ( 'NONE',  ( 1.000000000000000000, 0.000000000000000000, 0.000000000000000000 ) ) ;
#195 = EDGE_CURVE ( 'NONE', #680, #915, #2769, .T. ) ;
#196 = ORIENTED_EDGE ( 'NONE', *, *, #2686, .T. ) ;
#197 = EDGE_CURVE ( 'NONE', #2773, #696, #2152, .T. ) ;
#198 = DIRECTION ( 'NONE',  ( -1.000000000000000000, 5.462962177226035441E-16, 0.000000000000000000 ) ) ;
#199 = VECTOR ( 'NONE', #604, 1000.000000000000000 ) ;
#200 = ORIENTED_EDGE ( 'NONE', *, *, #2278, .T. ) ;
#201 = FACE_OUTER_BOUND ( 'NONE', #2967, .T. ) ;
#202 = CARTESIAN_POINT ( 'NONE',  ( 10.25000000000000000, -40.00000000000002132, 5.000000000000000000 ) ) ;
#203 = ORIENTED_EDGE ( 'NONE', *, *, #1940, .T. ) ;
#204 = LINE ( 'NONE', #2294, #1603 ) ;
#205 = DIRECTION ( 'NONE',  ( -0.7071067811865462405, 0.000000000000000000, -0.7071067811865489050 ) ) ;
#206 = CARTESIAN_POINT ( 'NONE',  ( 23.83771324027146932, 12.99999999999999822, 0.000000000000000000 ) ) ;
#207 = CARTESIAN_POINT ( 'NONE',  ( 13.25000000000000533, -12.00000000000002132, 2.500000000000000000 ) ) ;
#208 = ORIENTED_EDGE ( 'NONE', *, *, #1096, .F. ) ;
#209 = VERTEX_POINT ( 'NONE', #2071 ) ;
#210 = CIRCLE ( 'NONE', #2825, 1.750000000000001554 ) ;
#211 = CARTESIAN_POINT ( 'NONE',  ( -27.99999999999999645, 39.99999999999997868, 5.000000000000000000 ) ) ;
#212 = ADVANCED_FACE ( 'NONE', ( #3590 ), #1514, .F. ) ;
#213 = EDGE_LOOP ( 'NONE', ( #621, #208, #3669, #3336 ) ) ;
#214 = EDGE_CURVE ( 'NONE', #1258, #2897, #3265, .T. ) ;
#215 = LINE ( 'NONE', #3656, #1577 ) ;
#216 = EDGE_LOOP ( 'NONE', ( #2274, #855, #2831, #1568 ) ) ;
#217 = EDGE_CURVE ( 'NONE', #2645, #3280, #648, .T. ) ;
#218 = CARTESIAN_POINT ( 'NONE',  ( -25.42542648054294929, 10.25000000000000533, 2.500000000000000000 ) ) ;
#219 = DIRECTION ( 'NONE',  ( 0.000000000000000000, 0.7071067811865477948, 0.7071067811865473507 ) ) ;
#220 = ORIENTED_EDGE ( 'NONE', *, *, #1513, .T. ) ;
#221 = ADVANCED_FACE ( 'NONE', ( #384, #3243, #976 ), #1850, .F. ) ;
#222 = FACE_OUTER_BOUND ( 'NONE', #3615, .T. ) ;
#223 = DIRECTION ( 'NONE',  ( 0.000000000000000000, 1.000000000000000000, 0.000000000000000000 ) ) ;
#224 = ORIENTED_EDGE ( 'NONE', *, *, #3756, .F. ) ;
#225 = CIRCLE ( 'NONE', #463, 7.375000000000000000 ) ;
#226 = DIRECTION ( 'NONE',  ( -1.000000000000000000, -0.000000000000000000, -0.000000000000000000 ) ) ;
#227 = PRESENTATION_STYLE_ASSIGNMENT (( #2259 ) ) ;
#228 = ORIENTED_EDGE ( 'NONE', *, *, #1618, .T. ) ;
#229 = DIRECTION ( 'NONE',  ( 0.000000000000000000, 0.7071067811865477948, 0.7071067811865473507 ) ) ;
#230 = LINE ( 'NONE', #211, #3105 ) ;
#231 = VECTOR ( 'NONE', #2694, 1000.000000000000000 ) ;
#232 = ORIENTED_EDGE ( 'NONE', *, *, #1963, .F. ) ;
#233 = CARTESIAN_POINT ( 'NONE',  ( -30.00000000000000000, 37.99999999999997868, 5.000000000000000000 ) ) ;
#234 = ORIENTED_EDGE ( 'NONE', *, *, #947, .F. ) ;
#235 = LINE ( 'NONE', #218, #249 ) ;
#236 = CARTESIAN_POINT ( 'NONE',  ( -10.25000000000000000, -40.00000000000002132, 4.999999999999998224 ) ) ;
#237 = CARTESIAN_POINT ( 'NONE',  ( 10.74999999999999645, -12.00000000000002132, 0.000000000000000000 ) ) ;
#238 = DIRECTION ( 'NONE',  ( -0.4999999999999995559, -0.8660254037844389297, 0.000000000000000000 ) ) ;
#239 = CARTESIAN_POINT ( 'NONE',  ( -13.25000000000000533, -40.00000000000002132, 2.500000000000000000 ) ) ;
#240 = LINE ( 'NONE', #3747, #1298 ) ;
#241 = ORIENTED_EDGE ( 'NONE', *, *, #1782, .T. ) ;
#242 = DIRECTION ( 'NONE',  ( -0.000000000000000000, -0.000000000000000000, 1.000000000000000000 ) ) ;
#243 = ORIENTED_EDGE ( 'NONE', *, *, #3115, .F. ) ;
#244 = DIRECTION ( 'NONE',  ( 0.000000000000000000, 0.000000000000000000, 1.000000000000000000 ) ) ;
#245 = FACE_OUTER_BOUND ( 'NONE', #2559, .T. ) ;
#246 = ORIENTED_EDGE ( 'NONE', *, *, #1262, .F. ) ;
#247 = VECTOR ( 'NONE', #3409, 1000.000000000000114 ) ;
#248 = CARTESIAN_POINT ( 'NONE',  ( -19.07457351945705781, -10.24999999999999645, 2.500000000000000000 ) ) ;
#249 = VECTOR ( 'NONE', #1702, 1000.000000000000114 ) ;
#250 = LINE ( 'NONE', #789, #3063 ) ;
#251 = CARTESIAN_POINT ( 'NONE',  ( -20.66228675972852713, 13.00000000000000711, 2.500000000000000000 ) ) ;
#252 = ADVANCED_FACE ( 'NONE', ( #3571 ), #3287, .T. ) ;
#253 = VECTOR ( 'NONE', #2001, 1000.000000000000227 ) ;
#254 = LINE ( 'NONE', #2848, #1509 ) ;
#255 = DIRECTION ( 'NONE',  ( -9.130123557772669567E-17, 1.000000000000000000, -0.000000000000000000 ) ) ;
#256 = CARTESIAN_POINT ( 'NONE',  ( 12.75000000000001421, -40.00000000000002132, 2.499999999999998668 ) ) ;
#257 = DIRECTION ( 'NONE',  ( -1.000000000000000000, -0.000000000000000000, -0.000000000000000000 ) ) ;
#258 = AXIS2_PLACEMENT_3D ( 'NONE', #3512, #651, #3536 ) ;
#259 = EDGE_LOOP ( 'NONE', ( #1908, #2023, #2454, #2776 ) ) ;
#260 = EDGE_CURVE ( 'NONE', #1809, #2512, #1942, .T. ) ;
#261 = ADVANCED_FACE ( 'NONE', ( #2991 ), #1548, .F. ) ;
#262 = EDGE_CURVE ( 'NONE', #2466, #436, #2419, .T. ) ;
#263 = ADVANCED_FACE ( 'NONE', ( #403 ), #1565, .F. ) ;
#264 = CARTESIAN_POINT ( 'NONE',  ( -23.83771324027147998, 13.00000000000000711, 2.500000000000000000 ) ) ;
#265 = EDGE_CURVE ( 'NONE', #370, #2214, #1489, .T. ) ;
#266 = VERTEX_POINT ( 'NONE', #724 ) ;
#267 = CARTESIAN_POINT ( 'NONE',  ( 10.25000000000000000, -15.00000000000001954, 5.000000000000000000 ) ) ;
#268 = LINE ( 'NONE', #1414, #962 ) ;
#269 = ORIENTED_EDGE ( 'NONE', *, *, #1786, .F. ) ;
#270 = LINE ( 'NONE', #2307, #1753 ) ;
#271 = AXIS2_PLACEMENT_3D ( 'NONE', #340, #1213, #576 ) ;
#272 = LINE ( 'NONE', #536, #2451 ) ;
#273 = LINE ( 'NONE', #1435, #2520 ) ;
#274 = DIRECTION ( 'NONE',  ( -0.000000000000000000, -0.000000000000000000, 1.000000000000000000 ) ) ;
#275 = CARTESIAN_POINT ( 'NONE',  ( 7.375000000000000000, 17.00000000000001776, 2.500000000000000000 ) ) ;
#276 = ORIENTED_EDGE ( 'NONE', *, *, #2284, .F. ) ;
#277 = CARTESIAN_POINT ( 'NONE',  ( -20.49999999999999289, -10.25000000000000000, 5.000000000000000000 ) ) ;
#278 = ORIENTED_EDGE ( 'NONE', *, *, #2643, .T. ) ;
#279 = EDGE_LOOP ( 'NONE', ( #269, #1287, #545, #1589, #127, #2060, #276, #572, #3471, #2154 ) ) ;
#280 =( GEOMETRIC_REPRESENTATION_CONTEXT ( 3 ) GLOBAL_UNCERTAINTY_ASSIGNED_CONTEXT ( ( #1216 ) ) GLOBAL_UNIT_ASSIGNED_CONTEXT ( ( #2468, #2164, #2716 ) ) REPRESENTATION_CONTEXT ( 'NONE', 'WORKASPACE' ) );
#281 = AXIS2_PLACEMENT_3D ( 'NONE', #654, #69, #2370 ) ;
#282 = DIRECTION ( 'NONE',  ( 1.000000000000000000, 0.000000000000000000, 0.000000000000000000 ) ) ;
#283 = EDGE_LOOP ( 'NONE', ( #1274, #381, #159, #515, #3210, #1373 ) ) ;
#284 = LINE ( 'NONE', #1430, #2738 ) ;
#285 = VECTOR ( 'NONE', #3663, 1000.000000000000114 ) ;
#286 = VECTOR ( 'NONE', #2504, 1000.000000000000000 ) ;
#287 = CARTESIAN_POINT ( 'NONE',  ( 0.000000000000000000, 1.999999999999989564, 5.000000000000000000 ) ) ;
#288 = ORIENTED_EDGE ( 'NONE', *, *, #2365, .T. ) ;
#289 = DIRECTION ( 'NONE',  ( -0.5000000000000002220, 0.8660254037844384856, 0.000000000000000000 ) ) ;
#290 = ORIENTED_EDGE ( 'NONE', *, *, #2969, .T. ) ;
#291 = CARTESIAN_POINT ( 'NONE',  ( 9.999999999999996447, 19.99999999999998934, 5.000000000000000000 ) ) ;
#292 = AXIS2_PLACEMENT_3D ( 'NONE', #142, #3057, #2786 ) ;
#293 = ORIENTED_EDGE ( 'NONE', *, *, #338, .T. ) ;
#294 = LINE ( 'NONE', #911, #1305 ) ;
#295 = DIRECTION ( 'NONE',  ( 0.4999999999999992784, -0.8660254037844389297, 0.000000000000000000 ) ) ;
#296 = CARTESIAN_POINT ( 'NONE',  ( 0.000000000000000000, -13.00000000000001066, 2.500000000000000000 ) ) ;
#297 = DIRECTION ( 'NONE',  ( 0.5000000000000001110, 0.8660254037844385966, 0.000000000000000000 ) ) ;
#298 = ORIENTED_EDGE ( 'NONE', *, *, #1899, .T. ) ;
#299 = LINE ( 'NONE', #3732, #2616 ) ;
#300 = CARTESIAN_POINT ( 'NONE',  ( -27.99999999999998579, -38.00000000000002132, 5.000000000000000000 ) ) ;
#301 = VERTEX_POINT ( 'NONE', #1047 ) ;
#302 = VECTOR ( 'NONE', #42, 1000.000000000000000 ) ;
#303 = DIRECTION ( 'NONE',  ( 1.000000000000000000, 0.000000000000000000, 0.000000000000000000 ) ) ;
#304 = LINE ( 'NONE', #3266, #382 ) ;
#305 = VERTEX_POINT ( 'NONE', #2190 ) ;
#306 = EDGE_CURVE ( 'NONE', #2131, #1263, #3628, .T. ) ;
#307 = LINE ( 'NONE', #2627, #1549 ) ;
#308 = PLANE ( 'NONE',  #1925 ) ;
#309 = VERTEX_POINT ( 'NONE', #1885 ) ;
#310 = CIRCLE ( 'NONE', #2439, 1.750000000000005107 ) ;
#311 = FACE_OUTER_BOUND ( 'NONE', #130, .T. ) ;
#312 = ORIENTED_EDGE ( 'NONE', *, *, #2764, .T. ) ;
#313 = ADVANCED_FACE ( 'NONE', ( #1921, #488 ), #2508, .T. ) ;
#314 = CARTESIAN_POINT ( 'NONE',  ( -30.00000000000000000, 37.99999999999997868, 5.000000000000000000 ) ) ;
#315 = ORIENTED_EDGE ( 'NONE', *, *, #1275, .T. ) ;
#316 = EDGE_CURVE ( 'NONE', #3449, #3470, #1640, .T. ) ;
#317 = DIRECTION ( 'NONE',  ( 0.000000000000000000, 0.000000000000000000, 1.000000000000000000 ) ) ;
#318 = PLANE ( 'NONE',  #271 ) ;
#319 = VECTOR ( 'NONE', #729, 1000.000000000000000 ) ;
#320 = PLANE ( 'NONE',  #3637 ) ;
#321 = DIRECTION ( 'NONE',  ( 1.000000000000000000, 0.000000000000000000, 0.000000000000000000 ) ) ;
#322 = ORIENTED_EDGE ( 'NONE', *, *, #2440, .F. ) ;
#323 = AXIS2_PLACEMENT_3D ( 'NONE', #2314, #3490, #490 ) ;
#324 = PLANE ( 'NONE',  #3120 ) ;
#325 = ORIENTED_EDGE ( 'NONE', *, *, #1127, .T. ) ;
#326 = AXIS2_PLACEMENT_3D ( 'NONE', #540, #3484, #811 ) ;
#327 = DIRECTION ( 'NONE',  ( 1.000000000000000000, 0.000000000000000000, 0.000000000000000000 ) ) ;
#328 = FACE_OUTER_BOUND ( 'NONE', #2662, .T. ) ;
#329 = ORIENTED_EDGE ( 'NONE', *, *, #2636, .F. ) ;
#330 = LINE ( 'NONE', #3206, #872 ) ;
#331 = DIRECTION ( 'NONE',  ( 1.000000000000000000, 0.000000000000000000, -0.000000000000000000 ) ) ;
#332 = CARTESIAN_POINT ( 'NONE',  ( -10.25000000000000000, -50.00000000000002132, 0.000000000000000000 ) ) ;
#333 = EDGE_LOOP ( 'NONE', ( #1910, #234, #907, #46 ) ) ;
#334 = DIRECTION ( 'NONE',  ( -0.000000000000000000, 0.000000000000000000, -1.000000000000000000 ) ) ;
#335 = VECTOR ( 'NONE', #1220, 1000.000000000000000 ) ;
#336 = EDGE_CURVE ( 'NONE', #191, #3295, #155, .T. ) ;
#337 = VERTEX_POINT ( 'NONE', #3357 ) ;
#338 = EDGE_CURVE ( 'NONE', #68, #2200, #759, .T. ) ;
#339 = CARTESIAN_POINT ( 'NONE',  ( -20.66228675972852713, -13.00000000000000178, 2.500000000000000000 ) ) ;
#340 = CARTESIAN_POINT ( 'NONE',  ( 6.000000000000003553, -15.00000000000000711, 2.500000000000000000 ) ) ;
#341 = VECTOR ( 'NONE', #360, 1000.000000000000000 ) ;
#342 = CARTESIAN_POINT ( 'NONE',  ( 22.25000000000000000, 10.24999999999999822, 2.499999999999999556 ) ) ;
#343 = LINE ( 'NONE', #1808, #3215 ) ;
#344 = ORIENTED_EDGE ( 'NONE', *, *, #1810, .T. ) ;
#345 = ADVANCED_FACE ( 'NONE', ( #2796 ), #438, .F. ) ;
#346 = EDGE_CURVE ( 'NONE', #2972, #2931, #1334, .T. ) ;
#347 = ADVANCED_FACE ( 'NONE', ( #3088 ), #2457, .F. ) ;
#348 = CARTESIAN_POINT ( 'NONE',  ( 20.49999999999999645, -10.25000000000000000, 2.499999999999999556 ) ) ;
#349 = ORIENTED_EDGE ( 'NONE', *, *, #3717, .T. ) ;
#350 = DIRECTION ( 'NONE',  ( -0.000000000000000000, -0.000000000000000000, 1.000000000000000000 ) ) ;
#351 = CARTESIAN_POINT ( 'NONE',  ( -10.25000000000000000, -15.00000000000001954, -1.821662113731688484E-15 ) ) ;
#352 = ORIENTED_EDGE ( 'NONE', *, *, #818, .F. ) ;
#353 = VECTOR ( 'NONE', #2946, 1000.000000000000000 ) ;
#354 = CARTESIAN_POINT ( 'NONE',  ( -9.500000000000000000, -20.00000000000000000, -0.5000000000000009992 ) ) ;
#355 = ORIENTED_EDGE ( 'NONE', *, *, #1168, .F. ) ;
#356 = CYLINDRICAL_SURFACE ( 'NONE', #860, 1.750000000000001554 ) ;
#357 = EDGE_LOOP ( 'NONE', ( #246, #1708, #2037, #803, #963 ) ) ;
#358 = DIRECTION ( 'NONE',  ( 1.000000000000000000, 0.000000000000000000, -0.000000000000000000 ) ) ;
#359 = ORIENTED_EDGE ( 'NONE', *, *, #432, .F. ) ;
#360 = DIRECTION ( 'NONE',  ( -0.000000000000000000, -0.000000000000000000, 1.000000000000000000 ) ) ;
#361 = SURFACE_STYLE_FILL_AREA ( #3216 ) ;
#362 = DIRECTION ( 'NONE',  ( -0.000000000000000000, -0.000000000000000000, -1.000000000000000000 ) ) ;
#363 = VECTOR ( 'NONE', #965, 1000.000000000000000 ) ;
#364 = ORIENTED_EDGE ( 'NONE', *, *, #3487, .T. ) ;
#365 = AXIS2_PLACEMENT_3D ( 'NONE', #881, #3478, #906 ) ;
#366 = CARTESIAN_POINT ( 'NONE',  ( 23.83771324027147642, -13.00000000000000533, 2.500000000000000000 ) ) ;
#367 = ORIENTED_EDGE ( 'NONE', *, *, #3461, .F. ) ;
#368 = CARTESIAN_POINT ( 'NONE',  ( 3.673940397442059868E-16, -7.000000000000009770, 2.500000000000000000 ) ) ;
#369 = LINE ( 'NONE', #2685, #1355 ) ;
#370 = VERTEX_POINT ( 'NONE', #3051 ) ;
#371 = ORIENTED_EDGE ( 'NONE', *, *, #3718, .T. ) ;
#372 = DIRECTION ( 'NONE',  ( 0.000000000000000000, 0.000000000000000000, 1.000000000000000000 ) ) ;
#373 = CARTESIAN_POINT ( 'NONE',  ( -24.00000000000000355, 10.25000000000000000, -3.500000000000000444 ) ) ;
#374 = VERTEX_POINT ( 'NONE', #2765 ) ;
#375 = FACE_OUTER_BOUND ( 'NONE', #3698, .T. ) ;
#376 = FACE_OUTER_BOUND ( 'NONE', #1138, .T. ) ;
#377 = ORIENTED_EDGE ( 'NONE', *, *, #1579, .T. ) ;
#378 = CARTESIAN_POINT ( 'NONE',  ( 24.00000000000000000, -10.25000000000000000, -3.500000000000000444 ) ) ;
#379 = LINE ( 'NONE', #720, #1444 ) ;
#380 = VECTOR ( 'NONE', #1134, 1000.000000000000000 ) ;
#381 = ORIENTED_EDGE ( 'NONE', *, *, #2846, .F. ) ;
#382 = VECTOR ( 'NONE', #2625, 1000.000000000000000 ) ;
#383 = EDGE_CURVE ( 'NONE', #1676, #1796, #2207, .T. ) ;
#384 = FACE_BOUND ( 'NONE', #978, .T. ) ;
#385 = EDGE_CURVE ( 'NONE', #1479, #630, #456, .T. ) ;
#386 = DIRECTION ( 'NONE',  ( 0.8660254037844385966, 0.5000000000000003331, -0.000000000000000000 ) ) ;
#387 = VECTOR ( 'NONE', #399, 1000.000000000000000 ) ;
#388 = ORIENTED_EDGE ( 'NONE', *, *, #1405, .F. ) ;
#389 = EDGE_CURVE ( 'NONE', #702, #2883, #2223, .T. ) ;
#390 = ORIENTED_EDGE ( 'NONE', *, *, #2458, .T. ) ;
#391 = EDGE_CURVE ( 'NONE', #843, #2371, #1620, .T. ) ;
#392 = CARTESIAN_POINT ( 'NONE',  ( 25.42542648054293863, 10.25000000000000000, 2.500000000000000000 ) ) ;
#393 = CIRCLE ( 'NONE', #3067, 1.750000000000001554 ) ;
#394 = CARTESIAN_POINT ( 'NONE',  ( 9.000000000000000000, 16.99999999999998579, 5.000000000000000000 ) ) ;
#395 = ORIENTED_EDGE ( 'NONE', *, *, #3535, .F. ) ;
#396 = CARTESIAN_POINT ( 'NONE',  ( -9.500000000000000000, -13.24999999999999645, -2.250000000000000000 ) ) ;
#397 = CARTESIAN_POINT ( 'NONE',  ( 3.812499999999981792, -6.396556296143653952, 2.500000000000000000 ) ) ;
#398 = ORIENTED_EDGE ( 'NONE', *, *, #492, .F. ) ;
#399 = DIRECTION ( 'NONE',  ( 0.000000000000000000, 0.000000000000000000, -1.000000000000000000 ) ) ;
#400 = CARTESIAN_POINT ( 'NONE',  ( 7.625000000000000000, 17.00000000000001776, 2.500000000000000000 ) ) ;
#401 = ORIENTED_EDGE ( 'NONE', *, *, #2362, .T. ) ;
#402 = AXIS2_PLACEMENT_3D ( 'NONE', #2658, #1195, #2593 ) ;
#403 = FACE_OUTER_BOUND ( 'NONE', #747, .T. ) ;
#404 = FACE_OUTER_BOUND ( 'NONE', #70, .T. ) ;
#405 = ORIENTED_EDGE ( 'NONE', *, *, #3489, .F. ) ;
#406 = ORIENTED_EDGE ( 'NONE', *, *, #1618, .F. ) ;
#407 = DIRECTION ( 'NONE',  ( 0.000000000000000000, -1.000000000000000000, 0.000000000000000000 ) ) ;
#408 = CARTESIAN_POINT ( 'NONE',  ( 23.83771324027146932, 12.99999999999999822, 2.500000000000000000 ) ) ;
#409 = DIRECTION ( 'NONE',  ( -0.7071067811865489050, 0.000000000000000000, -0.7071067811865462405 ) ) ;
#410 = ORIENTED_EDGE ( 'NONE', *, *, #3091, .T. ) ;
#411 = CARTESIAN_POINT ( 'NONE',  ( 19.07457351945705781, -10.25000000000000355, 2.500000000000000000 ) ) ;
#412 = ORIENTED_EDGE ( 'NONE', *, *, #1292, .F. ) ;
#413 = VECTOR ( 'NONE', #2106, 1000.000000000000000 ) ;
#414 = CARTESIAN_POINT ( 'NONE',  ( 6.000000000000003553, -15.00000000000000711, 2.500000000000000000 ) ) ;
#415 = CYLINDRICAL_SURFACE ( 'NONE', #2358, 1.750000000000001554 ) ;
#416 = ORIENTED_EDGE ( 'NONE', *, *, #2331, .T. ) ;
#417 = ADVANCED_FACE ( 'NONE', ( #1319 ), #1937, .F. ) ;
#418 = VECTOR ( 'NONE', #1758, 1000.000000000000000 ) ;
#419 = LINE ( 'NONE', #2206, #1244 ) ;
#420 = CARTESIAN_POINT ( 'NONE',  ( -27.99999999999998579, -40.00000000000002132, 0.000000000000000000 ) ) ;
#421 = FACE_OUTER_BOUND ( 'NONE', #1801, .T. ) ;
#422 = ORIENTED_EDGE ( 'NONE', *, *, #3437, .T. ) ;
#423 = ORIENTED_EDGE ( 'NONE', *, *, #3371, .T. ) ;
#424 = EDGE_CURVE ( 'NONE', #1208, #2230, #2475, .T. ) ;
#425 = CARTESIAN_POINT ( 'NONE',  ( -9.500000000000000000, -20.00000000000000000, -9.797174393178823685E-16 ) ) ;
#426 = CARTESIAN_POINT ( 'NONE',  ( 0.000000000000000000, 1.999999999999989564, 2.500000000000000000 ) ) ;
#427 = PLANE ( 'NONE',  #3097 ) ;
#428 = EDGE_LOOP ( 'NONE', ( #2445, #1919, #1523, #458 ) ) ;
#429 = EDGE_CURVE ( 'NONE', #453, #627, #1369, .T. ) ;
#430 = CARTESIAN_POINT ( 'NONE',  ( 7.358031326380718440, -12.50000000000001954, 2.500000000000000000 ) ) ;
#431 = VERTEX_POINT ( 'NONE', #420 ) ;
#432 = EDGE_CURVE ( 'NONE', #1691, #3736, #1585, .T. ) ;
#433 = ADVANCED_FACE ( 'NONE', ( #524 ), #2296, .F. ) ;
#434 = CARTESIAN_POINT ( 'NONE',  ( -10.00000000000000178, -40.00000000000000711, 5.000000000000000000 ) ) ;
#435 = CARTESIAN_POINT ( 'NONE',  ( 9.000000000000000000, 19.99999999999998934, 2.500000000000000000 ) ) ;
#436 = VERTEX_POINT ( 'NONE', #3178 ) ;
#437 = CARTESIAN_POINT ( 'NONE',  ( 15.00000000000000000, 18.25000000000000355, -2.749999999999999556 ) ) ;
#438 = CYLINDRICAL_SURFACE ( 'NONE', #1443, 7.625000000000000000 ) ;
#439 = PLANE ( 'NONE',  #624 ) ;
#440 = ORIENTED_EDGE ( 'NONE', *, *, #620, .F. ) ;
#441 = CIRCLE ( 'NONE', #2562, 6.000000000000000000 ) ;
#442 = ORIENTED_EDGE ( 'NONE', *, *, #3018, .F. ) ;
#443 = PLANE ( 'NONE',  #11 ) ;
#444 = VECTOR ( 'NONE', #1152, 1000.000000000000000 ) ;
#445 = DIRECTION ( 'NONE',  ( 0.000000000000000000, 0.000000000000000000, 1.000000000000000000 ) ) ;
#446 = ORIENTED_EDGE ( 'NONE', *, *, #385, .T. ) ;
#447 = CARTESIAN_POINT ( 'NONE',  ( 5.510910596163087583E-16, 10.99999999999998757, 2.500000000000000000 ) ) ;
#448 = EDGE_CURVE ( 'NONE', #100, #1923, #3197, .T. ) ;
#449 = ORIENTED_EDGE ( 'NONE', *, *, #3083, .T. ) ;
#450 = ADVANCED_FACE ( 'NONE', ( #2851 ), #1402, .T. ) ;
#451 = CARTESIAN_POINT ( 'NONE',  ( 0.000000000000000000, -13.00000000000001066, 5.000000000000000000 ) ) ;
#452 = DIRECTION ( 'NONE',  ( -0.7071067811865493491, 0.000000000000000000, -0.7071067811865455743 ) ) ;
#453 = VERTEX_POINT ( 'NONE', #1464 ) ;
#454 = LINE ( 'NONE', #469, #247 ) ;
#455 = ADVANCED_FACE ( 'NONE', ( #1747 ), #1693, .F. ) ;
#456 = LINE ( 'NONE', #3411, #2422 ) ;
#457 = DIRECTION ( 'NONE',  ( -0.7071067811865489050, -0.000000000000000000, -0.7071067811865462405 ) ) ;
#458 = ORIENTED_EDGE ( 'NONE', *, *, #3580, .T. ) ;
#459 = ORIENTED_EDGE ( 'NONE', *, *, #3763, .T. ) ;
#460 = DIRECTION ( 'NONE',  ( 1.000000000000000000, 0.000000000000000000, 0.000000000000000000 ) ) ;
#461 = VERTEX_POINT ( 'NONE', #239 ) ;
#462 = CARTESIAN_POINT ( 'NONE',  ( 9.000000000000005329, -15.00000000000001954, -1.821662113731688484E-15 ) ) ;
#463 = AXIS2_PLACEMENT_3D ( 'NONE', #2391, #52, #578 ) ;
#464 = VECTOR ( 'NONE', #614, 1000.000000000000000 ) ;
#465 = EDGE_LOOP ( 'NONE', ( #2941, #1389, #3370, #3601 ) ) ;
#466 = CARTESIAN_POINT ( 'NONE',  ( 15.00000000000000000, 18.25000000000000355, -2.249999999999999556 ) ) ;
#467 = DIRECTION ( 'NONE',  ( 1.000000000000000000, 0.000000000000000000, 0.000000000000000000 ) ) ;
#468 = VERTEX_POINT ( 'NONE', #3488 ) ;
#469 = CARTESIAN_POINT ( 'NONE',  ( -20.66228675972852358, -7.500000000000005329, 2.500000000000000000 ) ) ;
#470 = VECTOR ( 'NONE', #39, 1000.000000000000000 ) ;
#471 = VECTOR ( 'NONE', #2125, 1000.000000000000000 ) ;
#472 = DIRECTION ( 'NONE',  ( -1.000000000000000000, -0.000000000000000000, 0.000000000000000000 ) ) ;
#473 = DIRECTION ( 'NONE',  ( -0.000000000000000000, -1.000000000000000000, -0.000000000000000000 ) ) ;
#474 = ORIENTED_EDGE ( 'NONE', *, *, #2837, .F. ) ;
#475 = ADVANCED_FACE ( 'NONE', ( #3714 ), #2832, .F. ) ;
#476 = VECTOR ( 'NONE', #1891, 1000.000000000000000 ) ;
#477 = DIRECTION ( 'NONE',  ( -0.000000000000000000, -0.000000000000000000, 1.000000000000000000 ) ) ;
#478 = CARTESIAN_POINT ( 'NONE',  ( -10.74999999999999645, -12.00000000000002132, 5.000000000000000000 ) ) ;
#479 = ORIENTED_EDGE ( 'NONE', *, *, #3130, .F. ) ;
#480 = CARTESIAN_POINT ( 'NONE',  ( -23.83771324027147998, 13.00000000000000711, 0.000000000000000000 ) ) ;
#481 = AXIS2_PLACEMENT_3D ( 'NONE', #478, #3148, #2803 ) ;
#482 = VERTEX_POINT ( 'NONE', #14 ) ;
#483 = CARTESIAN_POINT ( 'NONE',  ( 0.000000000000000000, -13.00000000000001066, 5.000000000000000000 ) ) ;
#484 = DIRECTION ( 'NONE',  ( 0.000000000000000000, 0.000000000000000000, 1.000000000000000000 ) ) ;
#485 = ORIENTED_EDGE ( 'NONE', *, *, #1508, .T. ) ;
#486 = LINE ( 'NONE', #506, #896 ) ;
#487 = DIRECTION ( 'NONE',  ( 1.387778780781445478E-15, -1.000000000000000000, 2.664535259100375303E-15 ) ) ;
#488 = FACE_BOUND ( 'NONE', #550, .T. ) ;
#489 = AXIS2_PLACEMENT_3D ( 'NONE', #2906, #1706, #2866 ) ;
#490 = DIRECTION ( 'NONE',  ( -1.000000000000000000, 0.000000000000000000, 0.000000000000000000 ) ) ;
#491 = ORIENTED_EDGE ( 'NONE', *, *, #2218, .T. ) ;
#492 = EDGE_CURVE ( 'NONE', #1598, #337, #560, .T. ) ;
#493 = EDGE_CURVE ( 'NONE', #3546, #3635, #1724, .T. ) ;
#494 = ORIENTED_EDGE ( 'NONE', *, *, #1849, .T. ) ;
#495 = VECTOR ( 'NONE', #3572, 1000.000000000000227 ) ;
#496 = CARTESIAN_POINT ( 'NONE',  ( 23.83771324027146932, 7.500000000000000000, 2.500000000000000000 ) ) ;
#497 = EDGE_CURVE ( 'NONE', #3722, #2096, #299, .T. ) ;
#498 = ORIENTED_EDGE ( 'NONE', *, *, #1379, .F. ) ;
#499 = EDGE_CURVE ( 'NONE', #1923, #727, #1954, .T. ) ;
#500 = DIRECTION ( 'NONE',  ( -1.000000000000000000, -0.000000000000000000, -0.000000000000000000 ) ) ;
#501 = AXIS2_PLACEMENT_3D ( 'NONE', #1137, #2545, #1156 ) ;
#502 = ORIENTED_EDGE ( 'NONE', *, *, #2045, .F. ) ;
#503 = CARTESIAN_POINT ( 'NONE',  ( 23.83771324027147642, -7.500000000000001776, 0.000000000000000000 ) ) ;
#504 = CARTESIAN_POINT ( 'NONE',  ( -5.000000000000000000, -48.75000000000000000, 5.000000000000000000 ) ) ;
#505 = VERTEX_POINT ( 'NONE', #277 ) ;
#506 = CARTESIAN_POINT ( 'NONE',  ( -20.66228675972852358, 7.499999999999998224, 0.000000000000000000 ) ) ;
#507 = CARTESIAN_POINT ( 'NONE',  ( 7.369459087825623200, -12.66817165340403761, 2.500000000000000000 ) ) ;
#508 = ORIENTED_EDGE ( 'NONE', *, *, #3644, .T. ) ;
#509 = DIRECTION ( 'NONE',  ( 0.000000000000000000, -0.7071067811865477948, -0.7071067811865473507 ) ) ;
#510 = DIRECTION ( 'NONE',  ( 1.000000000000000000, 0.000000000000000000, 0.000000000000000000 ) ) ;
#511 = VERTEX_POINT ( 'NONE', #1439 ) ;
#512 = DIRECTION ( 'NONE',  ( -0.000000000000000000, -0.000000000000000000, -1.000000000000000000 ) ) ;
#513 = CIRCLE ( 'NONE', #703, 1.750000000000001554 ) ;
#514 = CARTESIAN_POINT ( 'NONE',  ( 9.000000000000005329, -15.00000000000000888, 5.000000000000000000 ) ) ;
#515 = ORIENTED_EDGE ( 'NONE', *, *, #3372, .F. ) ;
#516 = DIRECTION ( 'NONE',  ( 0.4999999999999991673, 0.8660254037844390407, 0.000000000000000000 ) ) ;
#517 = ORIENTED_EDGE ( 'NONE', *, *, #3331, .T. ) ;
#518 = CARTESIAN_POINT ( 'NONE',  ( 9.000000000000005329, -13.00000000000000888, 5.000000000000000000 ) ) ;
#519 = LINE ( 'NONE', #251, #2293 ) ;
#520 = LINE ( 'NONE', #1689, #1627 ) ;
#521 = CARTESIAN_POINT ( 'NONE',  ( 10.25000000000000000, -50.00000000000002132, 4.999999999999998224 ) ) ;
#522 = ORIENTED_EDGE ( 'NONE', *, *, #3127, .T. ) ;
#523 = MECHANICAL_DESIGN_GEOMETRIC_PRESENTATION_REPRESENTATION (  '', ( #1131 ), #280 ) ;
#524 = FACE_OUTER_BOUND ( 'NONE', #3307, .T. ) ;
#525 = ORIENTED_EDGE ( 'NONE', *, *, #2133, .F. ) ;
#526 = LINE ( 'NONE', #1410, #1970 ) ;
#527 = CARTESIAN_POINT ( 'NONE',  ( 3.687500000000009770, 10.61306264708975888, 2.500000000000000000 ) ) ;
#528 = AXIS2_PLACEMENT_3D ( 'NONE', #1361, #2231, #2198 ) ;
#529 = EDGE_CURVE ( 'NONE', #3493, #305, #870, .T. ) ;
#530 = CARTESIAN_POINT ( 'NONE',  ( 0.000000000000000000, 16.99999999999998579, 5.000000000000000000 ) ) ;
#531 = VERTEX_POINT ( 'NONE', #1116 ) ;
#532 = FACE_OUTER_BOUND ( 'NONE', #1041, .T. ) ;
#533 = ORIENTED_EDGE ( 'NONE', *, *, #316, .F. ) ;
#534 = ADVANCED_FACE ( 'NONE', ( #3162 ), #2275, .F. ) ;
#535 = EDGE_CURVE ( 'NONE', #482, #2015, #3450, .T. ) ;
#536 = CARTESIAN_POINT ( 'NONE',  ( -10.25000000000000000, -15.00000000000001954, 4.999999999999998224 ) ) ;
#537 = FACE_OUTER_BOUND ( 'NONE', #16, .T. ) ;
#538 = EDGE_CURVE ( 'NONE', #3454, #739, #1155, .T. ) ;
#539 = ADVANCED_FACE ( 'NONE', ( #543 ), #1424, .F. ) ;
#540 = CARTESIAN_POINT ( 'NONE',  ( 10.25000000000000000, -15.00000000000001954, -1.821662113731688484E-15 ) ) ;
#541 = CARTESIAN_POINT ( 'NONE',  ( -27.99999999999998579, -38.00000000000002132, 0.000000000000000000 ) ) ;
#542 = ORIENTED_EDGE ( 'NONE', *, *, #448, .F. ) ;
#543 = FACE_OUTER_BOUND ( 'NONE', #2102, .T. ) ;
#544 = DIRECTION ( 'NONE',  ( -0.000000000000000000, -0.000000000000000000, 1.000000000000000000 ) ) ;
#545 = ORIENTED_EDGE ( 'NONE', *, *, #3437, .F. ) ;
#546 = DIRECTION ( 'NONE',  ( 0.000000000000000000, 0.000000000000000000, 1.000000000000000000 ) ) ;
#547 = ORIENTED_EDGE ( 'NONE', *, *, #59, .F. ) ;
#548 = DIRECTION ( 'NONE',  ( -0.000000000000000000, -0.000000000000000000, -1.000000000000000000 ) ) ;
#549 = CARTESIAN_POINT ( 'NONE',  ( 6.000000000000002665, 16.99999999999998579, 2.500000000000000000 ) ) ;
#550 = EDGE_LOOP ( 'NONE', ( #3407, #1458 ) ) ;
#551 = AXIS2_PLACEMENT_3D ( 'NONE', #2491, #3104, #487 ) ;
#552 = VECTOR ( 'NONE', #1035, 1000.000000000000114 ) ;
#553 = DIRECTION ( 'NONE',  ( -0.000000000000000000, -0.000000000000000000, -1.000000000000000000 ) ) ;
#554 = AXIS2_PLACEMENT_3D ( 'NONE', #629, #2354, #2047 ) ;
#555 = CARTESIAN_POINT ( 'NONE',  ( -9.999999999999994671, -12.00000000000002132, 0.000000000000000000 ) ) ;
#556 = CARTESIAN_POINT ( 'NONE',  ( -27.99999999999998579, 19.99999999999998934, 0.000000000000000000 ) ) ;
#557 = CIRCLE ( 'NONE', #2938, 1.750000000000005107 ) ;
#558 = DIRECTION ( 'NONE',  ( -1.000000000000000000, -0.000000000000000000, -0.000000000000000000 ) ) ;
#559 = DIRECTION ( 'NONE',  ( 0.4226182617406999964, 0.9063077870366496036, -0.000000000000000000 ) ) ;
#560 = LINE ( 'NONE', #1100, #3477 ) ;
#561 = CARTESIAN_POINT ( 'NONE',  ( 25.42542648054294574, -10.25000000000000533, 0.000000000000000000 ) ) ;
#562 = VECTOR ( 'NONE', #589, 1000.000000000000000 ) ;
#563 = ORIENTED_EDGE ( 'NONE', *, *, #3091, .F. ) ;
#564 = EDGE_LOOP ( 'NONE', ( #3514, #1093, #3517, #2635 ) ) ;
#565 = FACE_OUTER_BOUND ( 'NONE', #2905, .T. ) ;
#566 = ORIENTED_EDGE ( 'NONE', *, *, #1661, .F. ) ;
#567 = PLANE ( 'NONE',  #3561 ) ;
#568 = FACE_OUTER_BOUND ( 'NONE', #279, .T. ) ;
#569 = EDGE_LOOP ( 'NONE', ( #1017, #602, #3241, #2221 ) ) ;
#570 = PLANE ( 'NONE',  #2234 ) ;
#571 = AXIS2_PLACEMENT_3D ( 'NONE', #1364, #1984, #1932 ) ;
#572 = ORIENTED_EDGE ( 'NONE', *, *, #1812, .F. ) ;
#573 = PLANE ( 'NONE',  #1132 ) ;
#574 = ORIENTED_EDGE ( 'NONE', *, *, #2582, .F. ) ;
#575 = DIRECTION ( 'NONE',  ( 0.000000000000000000, -0.000000000000000000, -1.000000000000000000 ) ) ;
#576 = DIRECTION ( 'NONE',  ( 1.301042606982607490E-15, -1.000000000000000000, 0.000000000000000000 ) ) ;
#577 = EDGE_CURVE ( 'NONE', #3736, #1454, #1136, .T. ) ;
#578 = DIRECTION ( 'NONE',  ( 1.000000000000000000, 0.000000000000000000, 0.000000000000000000 ) ) ;
#579 = LINE ( 'NONE', #3711, #3667 ) ;
#580 = EDGE_CURVE ( 'NONE', #505, #798, #310, .T. ) ;
#581 = DIRECTION ( 'NONE',  ( 0.000000000000000000, -1.000000000000000000, 0.000000000000000000 ) ) ;
#582 = CARTESIAN_POINT ( 'NONE',  ( 12.75000000000001421, -15.00000000000001954, 2.499999999999998668 ) ) ;
#583 = ORIENTED_EDGE ( 'NONE', *, *, #1342, .F. ) ;
#584 = VECTOR ( 'NONE', #7, 1000.000000000000000 ) ;
#585 = FACE_BOUND ( 'NONE', #1723, .T. ) ;
#586 = ADVANCED_FACE ( 'NONE', ( #2046 ), #3458, .T. ) ;
#587 = ORIENTED_EDGE ( 'NONE', *, *, #987, .F. ) ;
#588 = EDGE_CURVE ( 'NONE', #2160, #162, #985, .T. ) ;
#589 = DIRECTION ( 'NONE',  ( 1.000000000000000000, 0.000000000000000000, -8.886156652349699592E-17 ) ) ;
#590 = VECTOR ( 'NONE', #167, 1000.000000000000000 ) ;
#591 = CYLINDRICAL_SURFACE ( 'NONE', #3274, 2.500000000000000000 ) ;
#592 = ORIENTED_EDGE ( 'NONE', *, *, #3599, .T. ) ;
#593 = LINE ( 'NONE', #923, #418 ) ;
#594 = ORIENTED_EDGE ( 'NONE', *, *, #56, .T. ) ;
#595 = AXIS2_PLACEMENT_3D ( 'NONE', #1558, #969, #2144 ) ;
#596 = LINE ( 'NONE', #3271, #3751 ) ;
#597 = EDGE_LOOP ( 'NONE', ( #2619, #955, #2923, #1902 ) ) ;
#598 = DIRECTION ( 'NONE',  ( -1.000000000000000000, 5.462962177226035441E-16, 0.000000000000000000 ) ) ;
#599 = DIRECTION ( 'NONE',  ( -0.000000000000000000, -0.000000000000000000, -1.000000000000000000 ) ) ;
#600 = SURFACE_SIDE_STYLE ('',( #361 ) ) ;
#601 = CARTESIAN_POINT ( 'NONE',  ( -22.25000000000000000, -10.25000000000000000, -3.500000000000000444 ) ) ;
#602 = ORIENTED_EDGE ( 'NONE', *, *, #1018, .T. ) ;
#603 = DIRECTION ( 'NONE',  ( 1.301042606982607490E-15, -1.000000000000000000, -0.000000000000000000 ) ) ;
#604 = DIRECTION ( 'NONE',  ( -1.000000000000000000, -0.000000000000000000, -0.000000000000000000 ) ) ;
#605 = ORIENTED_EDGE ( 'NONE', *, *, #2051, .T. ) ;
#606 = VECTOR ( 'NONE', #1944, 1000.000000000000000 ) ;
#607 = DIRECTION ( 'NONE',  ( -0.000000000000000000, -0.000000000000000000, 1.000000000000000000 ) ) ;
#608 = LINE ( 'NONE', #675, #2751 ) ;
#609 = ORIENTED_EDGE ( 'NONE', *, *, #2007, .F. ) ;
#610 = EDGE_CURVE ( 'NONE', #3449, #3511, #22, .T. ) ;
#611 = CARTESIAN_POINT ( 'NONE',  ( -10.25000000000000000, -40.00000000000002132, -1.821662113731688484E-15 ) ) ;
#612 = ADVANCED_FACE ( 'NONE', ( #2939 ), #2057, .T. ) ;
#613 = EDGE_CURVE ( 'NONE', #1079, #1814, #2034, .T. ) ;
#614 = DIRECTION ( 'NONE',  ( -0.000000000000000000, -0.000000000000000000, 1.000000000000000000 ) ) ;
#615 = DIRECTION ( 'NONE',  ( 0.000000000000000000, -0.7071067811865474617, -0.7071067811865476838 ) ) ;
#616 = VERTEX_POINT ( 'NONE', #2569 ) ;
#617 = EDGE_CURVE ( 'NONE', #2512, #3126, #105, .T. ) ;
#618 = CARTESIAN_POINT ( 'NONE',  ( 0.000000000000000000, 16.99999999999998579, 5.000000000000000000 ) ) ;
#619 = EDGE_CURVE ( 'NONE', #727, #3099, #1495, .T. ) ;
#620 = EDGE_CURVE ( 'NONE', #3658, #1090, #2652, .T. ) ;
#621 = ORIENTED_EDGE ( 'NONE', *, *, #424, .T. ) ;
#622 = CARTESIAN_POINT ( 'NONE',  ( 10.25000000000000000, -40.00000000000002132, -1.821662113731688484E-15 ) ) ;
#623 = CARTESIAN_POINT ( 'NONE',  ( -27.99999999999998579, -38.00000000000002132, 5.000000000000000000 ) ) ;
#624 = AXIS2_PLACEMENT_3D ( 'NONE', #2744, #1320, #2437 ) ;
#625 = DIRECTION ( 'NONE',  ( 2.891205793294678696E-17, 1.000000000000000000, -0.000000000000000000 ) ) ;
#626 = CARTESIAN_POINT ( 'NONE',  ( -20.66228675972852713, 13.00000000000000711, 2.500000000000000000 ) ) ;
#627 = VERTEX_POINT ( 'NONE', #2605 ) ;
#628 = CIRCLE ( 'NONE', #2320, 1.750000000000001554 ) ;
#629 = CARTESIAN_POINT ( 'NONE',  ( 5.250000000000000000, -50.00000000000002132, 5.000000000000000000 ) ) ;
#630 = VERTEX_POINT ( 'NONE', #1736 ) ;
#631 = VECTOR ( 'NONE', #1718, 1000.000000000000000 ) ;
#632 = DIRECTION ( 'NONE',  ( 1.000000000000000000, 0.000000000000000000, -0.000000000000000000 ) ) ;
#633 = DIRECTION ( 'NONE',  ( 0.000000000000000000, -0.000000000000000000, -1.000000000000000000 ) ) ;
#634 = ORIENTED_EDGE ( 'NONE', *, *, #2218, .F. ) ;
#635 = FACE_OUTER_BOUND ( 'NONE', #1848, .T. ) ;
#636 = ORIENTED_EDGE ( 'NONE', *, *, #3534, .F. ) ;
#637 = CARTESIAN_POINT ( 'NONE',  ( 20.66228675972853068, -7.500000000000001776, 0.000000000000000000 ) ) ;
#638 = ORIENTED_EDGE ( 'NONE', *, *, #613, .T. ) ;
#639 = CARTESIAN_POINT ( 'NONE',  ( 23.83771324027147642, -13.00000000000000533, 2.500000000000000000 ) ) ;
#640 = CIRCLE ( 'NONE', #1797, 1.750000000000005107 ) ;
#641 = ORIENTED_EDGE ( 'NONE', *, *, #1264, .T. ) ;
#642 = PLANE ( 'NONE',  #402 ) ;
#643 = LINE ( 'NONE', #1765, #353 ) ;
#644 = LINE ( 'NONE', #914, #1387 ) ;
#645 = ORIENTED_EDGE ( 'NONE', *, *, #1103, .F. ) ;
#646 = DIRECTION ( 'NONE',  ( 0.000000000000000000, 0.000000000000000000, 1.000000000000000000 ) ) ;
#647 = VERTEX_POINT ( 'NONE', #1187 ) ;
#648 = LINE ( 'NONE', #2113, #817 ) ;
#649 = DIRECTION ( 'NONE',  ( -1.000000000000000000, 0.000000000000000000, 0.000000000000000000 ) ) ;
#650 = ORIENTED_EDGE ( 'NONE', *, *, #217, .T. ) ;
#651 = DIRECTION ( 'NONE',  ( -0.000000000000000000, 1.000000000000000000, 0.000000000000000000 ) ) ;
#652 = ORIENTED_EDGE ( 'NONE', *, *, #1457, .T. ) ;
#653 = CARTESIAN_POINT ( 'NONE',  ( -19.07457351945705426, 10.25000000000000000, 2.500000000000000000 ) ) ;
#654 = CARTESIAN_POINT ( 'NONE',  ( -13.25000000000000533, -12.00000000000002132, 2.500000000000000000 ) ) ;
#655 = AXIS2_PLACEMENT_3D ( 'NONE', #3029, #3106, #1653 ) ;
#656 = VECTOR ( 'NONE', #2721, 1000.000000000000000 ) ;
#657 = EDGE_CURVE ( 'NONE', #716, #2678, #268, .T. ) ;
#658 = VERTEX_POINT ( 'NONE', #857 ) ;
#659 = CARTESIAN_POINT ( 'NONE',  ( 5.000000000000000000, -45.25000000000000000, -1.734723475976807094E-15 ) ) ;
#660 = EDGE_CURVE ( 'NONE', #2787, #3476, #3227, .T. ) ;
#661 = CARTESIAN_POINT ( 'NONE',  ( -10.25000000000000000, -50.00000000000002132, 4.999999999999998224 ) ) ;
#662 = DIRECTION ( 'NONE',  ( 0.8660254037844387076, 0.4999999999999999445, -0.000000000000000000 ) ) ;
#663 = AXIS2_PLACEMENT_3D ( 'NONE', #2633, #2346, #3519 ) ;
#664 = VERTEX_POINT ( 'NONE', #549 ) ;
#665 = ADVANCED_FACE ( 'NONE', ( #245 ), #308, .F. ) ;
#666 = EDGE_CURVE ( 'NONE', #1122, #2958, #2321, .T. ) ;
#667 = VECTOR ( 'NONE', #1074, 1000.000000000000000 ) ;
#668 = CARTESIAN_POINT ( 'NONE',  ( -5.250000000000000000, -50.00000000000002132, 5.000000000000000000 ) ) ;
#669 = CARTESIAN_POINT ( 'NONE',  ( 7.619641163887625801, -12.66818431380227494, 2.500000000000000000 ) ) ;
#670 = VERTEX_POINT ( 'NONE', #3495 ) ;
#671 = EDGE_CURVE ( 'NONE', #2214, #2978, #2342, .T. ) ;
#672 = ADVANCED_FACE ( 'NONE', ( #568 ), #591, .F. ) ;
#673 = EDGE_CURVE ( 'NONE', #511, #2606, #1744, .T. ) ;
#674 = CARTESIAN_POINT ( 'NONE',  ( -1.102182119232617714E-15, -4.000000000000010658, 2.500000000000000000 ) ) ;
#675 = CARTESIAN_POINT ( 'NONE',  ( -10.25000000000000000, -15.00000000000001954, 4.999999999999998224 ) ) ;
#676 = ORIENTED_EDGE ( 'NONE', *, *, #346, .F. ) ;
#677 = ORIENTED_EDGE ( 'NONE', *, *, #529, .F. ) ;
#678 = DIRECTION ( 'NONE',  ( -0.5000000000000001110, 0.8660254037844385966, 0.000000000000000000 ) ) ;
#679 = CARTESIAN_POINT ( 'NONE',  ( 5.510910596163087583E-16, 10.99999999999998757, 2.500000000000000000 ) ) ;
#680 = VERTEX_POINT ( 'NONE', #43 ) ;
#681 = VECTOR ( 'NONE', #3143, 1000.000000000000000 ) ;
#682 = CARTESIAN_POINT ( 'NONE',  ( -9.500000000000000000, -16.99999999999998934, -3.500000000000000000 ) ) ;
#683 = CARTESIAN_POINT ( 'NONE',  ( 0.000000000000000000, 1.999999999999989564, 5.000000000000000000 ) ) ;
#684 = EDGE_LOOP ( 'NONE', ( #1246, #3776, #3166, #3377, #2261 ) ) ;
#685 = CARTESIAN_POINT ( 'NONE',  ( -27.99999999999998579, -38.00000000000002132, 0.000000000000000000 ) ) ;
#686 = PLANE ( 'NONE',  #112 ) ;
#687 = ORIENTED_EDGE ( 'NONE', *, *, #2682, .T. ) ;
#688 = VECTOR ( 'NONE', #919, 1000.000000000000000 ) ;
#689 = CARTESIAN_POINT ( 'NONE',  ( 0.000000000000000000, -13.00000000000001066, 2.500000000000000000 ) ) ;
#690 = LINE ( 'NONE', #1852, #3114 ) ;
#691 = VERTEX_POINT ( 'NONE', #3440 ) ;
#692 = ORIENTED_EDGE ( 'NONE', *, *, #610, .T. ) ;
#693 = CARTESIAN_POINT ( 'NONE',  ( -10.00000000000000355, 19.99999999999998934, 5.000000000000000000 ) ) ;
#694 = DIRECTION ( 'NONE',  ( -1.000000000000000000, 0.000000000000000000, 0.000000000000000000 ) ) ;
#695 = CARTESIAN_POINT ( 'NONE',  ( 19.07457351945706137, 10.24999999999999822, 2.500000000000000000 ) ) ;
#696 = VERTEX_POINT ( 'NONE', #1979 ) ;
#697 = LINE ( 'NONE', #682, #3136 ) ;
#698 = DIRECTION ( 'NONE',  ( -1.000000000000000000, -0.000000000000000000, -0.000000000000000000 ) ) ;
#699 = ORIENTED_EDGE ( 'NONE', *, *, #1225, .F. ) ;
#700 = LINE ( 'NONE', #1581, #1051 ) ;
#701 = CARTESIAN_POINT ( 'NONE',  ( -27.99999999999998579, -40.00000000000002132, 5.000000000000000000 ) ) ;
#702 = VERTEX_POINT ( 'NONE', #3150 ) ;
#703 = AXIS2_PLACEMENT_3D ( 'NONE', #2925, #3503, #3465 ) ;
#704 = EDGE_CURVE ( 'NONE', #3126, #910, #3087, .T. ) ;
#705 = DIRECTION ( 'NONE',  ( 0.000000000000000000, 0.000000000000000000, 1.000000000000000000 ) ) ;
#706 = LINE ( 'NONE', #998, #552 ) ;
#707 = ORIENTED_EDGE ( 'NONE', *, *, #2326, .F. ) ;
#708 = EDGE_CURVE ( 'NONE', #2821, #2438, #1522, .T. ) ;
#709 = VERTEX_POINT ( 'NONE', #2942 ) ;
#710 = DIRECTION ( 'NONE',  ( -1.000000000000000000, 0.000000000000000000, 0.000000000000000000 ) ) ;
#711 = CARTESIAN_POINT ( 'NONE',  ( 15.00000000000000000, 25.00000000000001421, -0.5000000000000000000 ) ) ;
#712 = EDGE_CURVE ( 'NONE', #1676, #664, #596, .T. ) ;
#713 = DIRECTION ( 'NONE',  ( 1.000000000000000000, -0.000000000000000000, -0.000000000000000000 ) ) ;
#714 = ORIENTED_EDGE ( 'NONE', *, *, #1615, .T. ) ;
#715 = DIRECTION ( 'NONE',  ( -0.8660254037844384856, 0.5000000000000004441, 0.000000000000000000 ) ) ;
#716 = VERTEX_POINT ( 'NONE', #2061 ) ;
#717 = PRODUCT_DEFINITION_CONTEXT ( 'detailed design', #3608, 'design' ) ;
#718 = CIRCLE ( 'NONE', #2785, 1.750000000000001554 ) ;
#719 = DIRECTION ( 'NONE',  ( -0.000000000000000000, 1.000000000000000000, 0.000000000000000000 ) ) ;
#720 = CARTESIAN_POINT ( 'NONE',  ( -10.74999999999999645, -12.00000000000002132, 0.000000000000000000 ) ) ;
#721 = ORIENTED_EDGE ( 'NONE', *, *, #108, .T. ) ;
#722 = VECTOR ( 'NONE', #964, 1000.000000000000000 ) ;
#723 = LINE ( 'NONE', #3379, #2022 ) ;
#724 = CARTESIAN_POINT ( 'NONE',  ( -24.00000000000000355, -10.25000000000000000, 2.499999999999999556 ) ) ;
#725 = LINE ( 'NONE', #760, #1841 ) ;
#726 = EDGE_LOOP ( 'NONE', ( #1634, #1200, #485, #677 ) ) ;
#727 = VERTEX_POINT ( 'NONE', #1231 ) ;
#728 = EDGE_CURVE ( 'NONE', #48, #1102, #1075, .T. ) ;
#729 = DIRECTION ( 'NONE',  ( -0.7071067811865489050, -0.000000000000000000, -0.7071067811865462405 ) ) ;
#730 = ADVANCED_FACE ( 'NONE', ( #1537 ), #925, .F. ) ;
#731 = DIRECTION ( 'NONE',  ( -0.000000000000000000, -0.000000000000000000, 1.000000000000000000 ) ) ;
#732 = VERTEX_POINT ( 'NONE', #2101 ) ;
#733 = DIRECTION ( 'NONE',  ( -0.000000000000000000, -0.000000000000000000, 1.000000000000000000 ) ) ;
#734 = ADVANCED_FACE ( 'NONE', ( #2387 ), #573, .T. ) ;
#735 = ADVANCED_FACE ( 'NONE', ( #2611 ), #3189, .F. ) ;
#736 = ORIENTED_EDGE ( 'NONE', *, *, #2083, .T. ) ;
#737 = FACE_BOUND ( 'NONE', #1160, .T. ) ;
#738 = DIRECTION ( 'NONE',  ( 0.000000000000000000, 0.000000000000000000, 1.000000000000000000 ) ) ;
#739 = VERTEX_POINT ( 'NONE', #1802 ) ;
#740 = DIRECTION ( 'NONE',  ( -0.000000000000000000, -0.000000000000000000, -1.000000000000000000 ) ) ;
#741 = AXIS2_PLACEMENT_3D ( 'NONE', #1299, #1332, #2456 ) ;
#742 = DIRECTION ( 'NONE',  ( 1.000000000000000000, 0.000000000000000000, 0.000000000000000000 ) ) ;
#743 = LINE ( 'NONE', #1280, #2446 ) ;
#744 = VECTOR ( 'NONE', #3629, 1000.000000000000114 ) ;
#745 = ORIENTED_EDGE ( 'NONE', *, *, #1223, .T. ) ;
#746 = AXIS2_PLACEMENT_3D ( 'NONE', #1084, #3412, #1955 ) ;
#747 = EDGE_LOOP ( 'NONE', ( #2340, #810, #459, #2746, #873 ) ) ;
#748 = VECTOR ( 'NONE', #1949, 1000.000000000000000 ) ;
#749 = PLANE ( 'NONE',  #292 ) ;
#750 = ORIENTED_EDGE ( 'NONE', *, *, #619, .F. ) ;
#751 = CIRCLE ( 'NONE', #3676, 1.750000000000001554 ) ;
#752 = FACE_OUTER_BOUND ( 'NONE', #465, .T. ) ;
#753 = ORIENTED_EDGE ( 'NONE', *, *, #1941, .F. ) ;
#754 = ADVANCED_FACE ( 'NONE', ( #2921 ), #1740, .T. ) ;
#755 = PLANE ( 'NONE',  #1599 ) ;
#756 = DIRECTION ( 'NONE',  ( 1.000000000000000000, 0.000000000000000000, 0.000000000000000000 ) ) ;
#757 = EDGE_LOOP ( 'NONE', ( #3703, #390 ) ) ;
#758 = DIRECTION ( 'NONE',  ( 1.000000000000000000, 0.000000000000000000, 0.000000000000000000 ) ) ;
#759 = LINE ( 'NONE', #2171, #3281 ) ;
#760 = CARTESIAN_POINT ( 'NONE',  ( -10.74999999999999645, -12.00000000000002132, 0.000000000000000000 ) ) ;
#761 = VECTOR ( 'NONE', #2715, 1000.000000000000227 ) ;
#762 = VERTEX_POINT ( 'NONE', #1167 ) ;
#763 = FACE_OUTER_BOUND ( 'NONE', #134, .T. ) ;
#764 = PLANE ( 'NONE',  #3713 ) ;
#765 = ORIENTED_EDGE ( 'NONE', *, *, #2800, .T. ) ;
#766 = CARTESIAN_POINT ( 'NONE',  ( -23.83771324027146576, 7.500000000000000000, 0.000000000000000000 ) ) ;
#767 = VECTOR ( 'NONE', #3710, 1000.000000000000000 ) ;
#768 = VECTOR ( 'NONE', #1824, 1000.000000000000000 ) ;
#769 = ORIENTED_EDGE ( 'NONE', *, *, #3361, .F. ) ;
#770 = LINE ( 'NONE', #518, #3552 ) ;
#771 = CARTESIAN_POINT ( 'NONE',  ( 3.687499999999982236, -6.613062647089765100, 5.000000000000000000 ) ) ;
#772 = EDGE_CURVE ( 'NONE', #732, #1479, #1499, .T. ) ;
#773 = ORIENTED_EDGE ( 'NONE', *, *, #1221, .T. ) ;
#774 = EDGE_CURVE ( 'NONE', #2897, #138, #2039, .T. ) ;
#775 = FACE_OUTER_BOUND ( 'NONE', #2824, .T. ) ;
#776 = AXIS2_PLACEMENT_3D ( 'NONE', #2436, #705, #327 ) ;
#777 = VECTOR ( 'NONE', #2471, 1000.000000000000000 ) ;
#778 = DIRECTION ( 'NONE',  ( 0.000000000000000000, 0.7071067811865450192, 0.7071067811865500152 ) ) ;
#779 = LINE ( 'NONE', #1354, #800 ) ;
#780 = ORIENTED_EDGE ( 'NONE', *, *, #3764, .F. ) ;
#781 = EDGE_CURVE ( 'NONE', #2530, #1423, #2655, .T. ) ;
#782 = ADVANCED_FACE ( 'NONE', ( #862 ), #2898, .T. ) ;
#783 = VERTEX_POINT ( 'NONE', #3540 ) ;
#784 = DIRECTION ( 'NONE',  ( -0.7071067811865493491, -0.000000000000000000, 0.7071067811865456854 ) ) ;
#785 = ORIENTED_EDGE ( 'NONE', *, *, #529, .T. ) ;
#786 = DIRECTION ( 'NONE',  ( 2.891205793294678696E-17, 1.000000000000000000, 0.000000000000000000 ) ) ;
#787 = VECTOR ( 'NONE', #1107, 1000.000000000000000 ) ;
#788 = ORIENTED_EDGE ( 'NONE', *, *, #2074, .F. ) ;
#789 = CARTESIAN_POINT ( 'NONE',  ( 9.500000000000000000, -20.00000000000000000, -0.5000000000000009992 ) ) ;
#790 = FACE_OUTER_BOUND ( 'NONE', #2347, .T. ) ;
#791 = ORIENTED_EDGE ( 'NONE', *, *, #939, .F. ) ;
#792 = LINE ( 'NONE', #2829, #3024 ) ;
#793 = DIRECTION ( 'NONE',  ( 0.000000000000000000, 0.000000000000000000, -1.000000000000000000 ) ) ;
#794 = DIRECTION ( 'NONE',  ( -0.000000000000000000, -0.000000000000000000, -1.000000000000000000 ) ) ;
#795 = VECTOR ( 'NONE', #904, 1000.000000000000000 ) ;
#796 = CARTESIAN_POINT ( 'NONE',  ( -10.74999999999999645, -12.00000000000002132, 5.000000000000000000 ) ) ;
#797 = VERTEX_POINT ( 'NONE', #2325 ) ;
#798 = VERTEX_POINT ( 'NONE', #884 ) ;
#799 = B_SPLINE_CURVE_WITH_KNOTS ( 'NONE', 3,
 ( #1194, #2924, #2614, #1459 ),
 .UNSPECIFIED., .F., .F.,
 ( 4, 4 ),
 ( 0.000000000000000000, 0.0005027369944426623776 ),
 .UNSPECIFIED. ) ;
#800 = VECTOR ( 'NONE', #2208, 1000.000000000000000 ) ;
#801 = DIRECTION ( 'NONE',  ( 0.000000000000000000, -0.000000000000000000, 1.000000000000000000 ) ) ;
#802 = AXIS2_PLACEMENT_3D ( 'NONE', #1931, #3742, #3137 ) ;
#803 = ORIENTED_EDGE ( 'NONE', *, *, #2689, .F. ) ;
#804 = CARTESIAN_POINT ( 'NONE',  ( 20.66228675972852713, 12.99999999999999822, 0.000000000000000000 ) ) ;
#805 = CIRCLE ( 'NONE', #3249, 7.625000000000000000 ) ;
#806 = ORIENTED_EDGE ( 'NONE', *, *, #265, .F. ) ;
#807 = EDGE_CURVE ( 'NONE', #2367, #1656, #1478, .T. ) ;
#808 = CARTESIAN_POINT ( 'NONE',  ( 10.74999999999999645, -40.00000000000002132, 5.000000000000000000 ) ) ;
#809 = DIRECTION ( 'NONE',  ( 0.000000000000000000, 1.000000000000000000, -0.000000000000000000 ) ) ;
#810 = ORIENTED_EDGE ( 'NONE', *, *, #3328, .F. ) ;
#811 = DIRECTION ( 'NONE',  ( -1.000000000000000000, 0.000000000000000000, 0.000000000000000000 ) ) ;
#812 = PLANE ( 'NONE',  #2500 ) ;
#813 = ORIENTED_EDGE ( 'NONE', *, *, #3757, .F. ) ;
#814 = DIRECTION ( 'NONE',  ( -0.000000000000000000, -0.000000000000000000, 1.000000000000000000 ) ) ;
#815 = FACE_OUTER_BOUND ( 'NONE', #2363, .T. ) ;
#816 = VERTEX_POINT ( 'NONE', #314 ) ;
#817 = VECTOR ( 'NONE', #79, 1000.000000000000000 ) ;
#818 = EDGE_CURVE ( 'NONE', #3691, #3498, #1143, .T. ) ;
#819 = CARTESIAN_POINT ( 'NONE',  ( -19.07457351945705781, -10.24999999999999645, 0.000000000000000000 ) ) ;
#820 = LINE ( 'NONE', #496, #1943 ) ;
#821 = EDGE_CURVE ( 'NONE', #3111, #797, #838, .T. ) ;
#822 = EDGE_CURVE ( 'NONE', #2886, #48, #123, .T. ) ;
#823 = DIRECTION ( 'NONE',  ( 0.000000000000000000, 0.000000000000000000, 1.000000000000000000 ) ) ;
#824 = ORIENTED_EDGE ( 'NONE', *, *, #172, .T. ) ;
#825 = EDGE_CURVE ( 'NONE', #732, #1258, #2465, .T. ) ;
#826 = ADVANCED_FACE ( 'NONE', ( #2179 ), #161, .F. ) ;
#827 = CARTESIAN_POINT ( 'NONE',  ( 7.375000000000000000, 17.00000000000001776, 2.500000000000000000 ) ) ;
#828 = ORIENTED_EDGE ( 'NONE', *, *, #2960, .T. ) ;
#829 = CARTESIAN_POINT ( 'NONE',  ( -22.25000000000000000, 10.25000000000000000, 5.000000000000000000 ) ) ;
#830 = PLANE ( 'NONE',  #1069 ) ;
#831 = CYLINDRICAL_SURFACE ( 'NONE', #3750, 7.375000000000000000 ) ;
#832 = CARTESIAN_POINT ( 'NONE',  ( 9.999999999999996447, 19.99999999999998934, 0.000000000000000000 ) ) ;
#833 = DIRECTION ( 'NONE',  ( -0.4999999999999997780, 0.8660254037844387076, 0.000000000000000000 ) ) ;
#834 = SURFACE_STYLE_FILL_AREA ( #2579 ) ;
#835 = ORIENTED_EDGE ( 'NONE', *, *, #2960, .F. ) ;
#836 = CARTESIAN_POINT ( 'NONE',  ( -22.25000000000000000, -10.25000000000000000, 5.000000000000000000 ) ) ;
#837 = EDGE_LOOP ( 'NONE', ( #232, #2118 ) ) ;
#838 = CIRCLE ( 'NONE', #2974, 6.000000000000002665 ) ;
#839 = DIRECTION ( 'NONE',  ( -1.000000000000000000, -0.000000000000000000, 0.000000000000000000 ) ) ;
#840 = VECTOR ( 'NONE', #2550, 1000.000000000000000 ) ;
#841 = EDGE_CURVE ( 'NONE', #119, #1258, #1024, .T. ) ;
#842 = DIRECTION ( 'NONE',  ( 1.000000000000000000, 0.000000000000000000, 0.000000000000000000 ) ) ;
#843 = VERTEX_POINT ( 'NONE', #1592 ) ;
#844 = PLANE ( 'NONE',  #3526 ) ;
#845 = EDGE_CURVE ( 'NONE', #1135, #2216, #1004, .T. ) ;
#846 = LINE ( 'NONE', #503, #253 ) ;
#847 = LINE ( 'NONE', #3214, #2646 ) ;
#848 = CARTESIAN_POINT ( 'NONE',  ( 9.500000000000000000, -13.24999999999999645, -2.750000000000000000 ) ) ;
#849 = CARTESIAN_POINT ( 'NONE',  ( 20.66228675972853068, -7.500000000000001776, 2.500000000000000000 ) ) ;
#850 = EDGE_LOOP ( 'NONE', ( #2733, #3096, #293, #74 ) ) ;
#851 = CARTESIAN_POINT ( 'NONE',  ( 15.00000000000000000, 0.000000000000000000, 0.000000000000000000 ) ) ;
#852 = ORIENTED_EDGE ( 'NONE', *, *, #3035, .T. ) ;
#853 = EDGE_LOOP ( 'NONE', ( #1126, #412, #388, #2424 ) ) ;
#854 = DIRECTION ( 'NONE',  ( 1.000000000000000000, 0.000000000000000000, 0.000000000000000000 ) ) ;
#855 = ORIENTED_EDGE ( 'NONE', *, *, #1679, .F. ) ;
#856 = FACE_OUTER_BOUND ( 'NONE', #3549, .T. ) ;
#857 = CARTESIAN_POINT ( 'NONE',  ( 3.812500000000006661, 10.39655629614364507, 5.000000000000000000 ) ) ;
#858 = VERTEX_POINT ( 'NONE', #2770 ) ;
#859 = CIRCLE ( 'NONE', #3056, 1.999999999999998224 ) ;
#860 = AXIS2_PLACEMENT_3D ( 'NONE', #1554, #2712, #102 ) ;
#861 = DIRECTION ( 'NONE',  ( 0.000000000000000000, 0.7071067811865476838, -0.7071067811865474617 ) ) ;
#862 = FACE_OUTER_BOUND ( 'NONE', #2019, .T. ) ;
#863 = VECTOR ( 'NONE', #2867, 1000.000000000000000 ) ;
#864 = DIRECTION ( 'NONE',  ( 0.5000000000000001110, -0.8660254037844385966, 0.000000000000000000 ) ) ;
#865 = CARTESIAN_POINT ( 'NONE',  ( 22.25000000000000000, 10.24999999999999822, 5.000000000000000000 ) ) ;
#866 = LINE ( 'NONE', #12, #2414 ) ;
#867 = DIRECTION ( 'NONE',  ( 1.000000000000000000, 0.000000000000000000, 0.000000000000000000 ) ) ;
#868 = ORIENTED_EDGE ( 'NONE', *, *, #2174, .F. ) ;
#869 = EDGE_CURVE ( 'NONE', #3257, #816, #1822, .T. ) ;
#870 = LINE ( 'NONE', #2597, #1467 ) ;
#871 = CARTESIAN_POINT ( 'NONE',  ( -19.07457351945705781, -10.24999999999999645, 0.000000000000000000 ) ) ;
#872 = VECTOR ( 'NONE', #1185, 1000.000000000000000 ) ;
#873 = ORIENTED_EDGE ( 'NONE', *, *, #432, .T. ) ;
#874 = EDGE_CURVE ( 'NONE', #2767, #2044, #1323, .T. ) ;
#875 = CARTESIAN_POINT ( 'NONE',  ( -15.00000000000000000, 25.00000000000001421, 0.000000000000000000 ) ) ;
#876 = ORIENTED_EDGE ( 'NONE', *, *, #2973, .F. ) ;
#877 = DIRECTION ( 'NONE',  ( 0.7071067811865489050, -0.000000000000000000, -0.7071067811865462405 ) ) ;
#878 = CLOSED_SHELL ( 'NONE', ( #1149, #417, #1684, #3044, #1625, #156, #1178, #3272, #2610, #539, #1170, #2353, #949, #3480, #101, #3133, #1688, #2076, #1854, #3303, #38, #2804, #3406, #1511, #2239, #1893, #1994, #2474, #28, #1301, #895, #534, #2634, #450, #1528, #1290, #945, #1020, #754, #994, #151, #1959, #263, #2554, #1531, #2563, #2964, #3609, #3005, #252, #734, #221, #2799, #782, #1776, #3554, #1339, #612, #1408, #1293, #2402, #3305, #730, #2409, #2194, #3708, #136, #2004, #345, #2889, #826, #2642, #586, #2525, #3706, #1851, #2170, #665, #672, #2335, #1337, #1685, #2737, #1333, #1998, #3084, #3158, #433, #3256, #2968, #735, #212, #2364, #2177, #2127, #899, #942, #3434, #2564, #2477, #1088, #261, #3531, #2863, #475, #3149, #1617, #1217, #347, #3077, #313, #3433, #455, #2692, #2084, #175, #1398 ) ) ;
#879 = CARTESIAN_POINT ( 'NONE',  ( 0.000000000000000000, -12.50000000000001954, 0.000000000000000000 ) ) ;
#880 = ORIENTED_EDGE ( 'NONE', *, *, #497, .F. ) ;
#881 = CARTESIAN_POINT ( 'NONE',  ( 5.000000000000000000, -47.00000000000000000, -1.734723475976807094E-15 ) ) ;
#882 = VECTOR ( 'NONE', #2042, 1000.000000000000000 ) ;
#883 = ORIENTED_EDGE ( 'NONE', *, *, #1176, .F. ) ;
#884 = CARTESIAN_POINT ( 'NONE',  ( -24.00000000000000355, -10.25000000000000000, 5.000000000000000000 ) ) ;
#885 = VERTEX_POINT ( 'NONE', #1839 ) ;
#886 = FACE_OUTER_BOUND ( 'NONE', #106, .T. ) ;
#887 = DIRECTION ( 'NONE',  ( 0.000000000000000000, 0.000000000000000000, 1.000000000000000000 ) ) ;
#888 = APPLICATION_PROTOCOL_DEFINITION ( 'draft international standard', 'automotive_design', 1998, #1775 ) ;
#889 = CARTESIAN_POINT ( 'NONE',  ( 6.000000000000003553, 16.99999999999998579, 5.000000000000000000 ) ) ;
#890 = ORIENTED_EDGE ( 'NONE', *, *, #1579, .F. ) ;
#892 = EDGE_CURVE ( 'NONE', #461, #3180, #983, .T. ) ;
#891 = DIRECTION ( 'NONE',  ( 1.000000000000000000, 0.000000000000000000, 0.000000000000000000 ) ) ;
#893 = CARTESIAN_POINT ( 'NONE',  ( 25.42542648054293863, 10.25000000000000000, 2.500000000000000000 ) ) ;
#894 = ORIENTED_EDGE ( 'NONE', *, *, #103, .T. ) ;
#895 = ADVANCED_FACE ( 'NONE', ( #1606 ), #2732, .F. ) ;
#896 = VECTOR ( 'NONE', #2595, 1000.000000000000000 ) ;
#897 = DIRECTION ( 'NONE',  ( -0.4999999999999992784, -0.8660254037844389297, 0.000000000000000000 ) ) ;
#898 = DIRECTION ( 'NONE',  ( 0.7071067811865489050, 0.000000000000000000, 0.7071067811865462405 ) ) ;
#899 = ADVANCED_FACE ( 'NONE', ( #2141 ), #427, .F. ) ;
#900 = EDGE_LOOP ( 'NONE', ( #2936, #2315, #960, #1683 ) ) ;
#901 = EDGE_CURVE ( 'NONE', #1680, #716, #1448, .T. ) ;
#902 = DIRECTION ( 'NONE',  ( -0.000000000000000000, -0.000000000000000000, -1.000000000000000000 ) ) ;
#903 = AXIS2_PLACEMENT_3D ( 'NONE', #3566, #954, #91 ) ;
#904 = DIRECTION ( 'NONE',  ( -1.000000000000000000, -0.000000000000000000, -0.000000000000000000 ) ) ;
#905 = ORIENTED_EDGE ( 'NONE', *, *, #1375, .F. ) ;
#906 = DIRECTION ( 'NONE',  ( -1.000000000000000000, 0.000000000000000000, 0.000000000000000000 ) ) ;
#907 = ORIENTED_EDGE ( 'NONE', *, *, #588, .T. ) ;
#908 = AXIS2_PLACEMENT_3D ( 'NONE', #2631, #2940, #24 ) ;
#909 = DIRECTION ( 'NONE',  ( -0.000000000000000000, -1.000000000000000000, -0.000000000000000000 ) ) ;
#910 = VERTEX_POINT ( 'NONE', #394 ) ;
#911 = CARTESIAN_POINT ( 'NONE',  ( 25.42542648054293863, 10.25000000000000000, 0.000000000000000000 ) ) ;
#912 = FACE_OUTER_BOUND ( 'NONE', #8, .T. ) ;
#913 = CARTESIAN_POINT ( 'NONE',  ( -9.500000000000000000, -13.24999999999999645, -2.750000000000000000 ) ) ;
#914 = CARTESIAN_POINT ( 'NONE',  ( 9.999999999999996447, 19.99999999999998934, 5.000000000000000000 ) ) ;
#915 = VERTEX_POINT ( 'NONE', #3654 ) ;
#916 = CARTESIAN_POINT ( 'NONE',  ( 5.250000000000000000, -55.00000000000002132, 4.999999999999998224 ) ) ;
#917 = ORIENTED_EDGE ( 'NONE', *, *, #109, .T. ) ;
#918 = LINE ( 'NONE', #3322, #1119 ) ;
#919 = DIRECTION ( 'NONE',  ( -1.000000000000000000, -0.000000000000000000, -0.000000000000000000 ) ) ;
#920 = ORIENTED_EDGE ( 'NONE', *, *, #3764, .T. ) ;
#921 = DIRECTION ( 'NONE',  ( 1.000000000000000000, -0.000000000000000000, -0.000000000000000000 ) ) ;
#922 = EDGE_LOOP ( 'NONE', ( #1238, #1700 ) ) ;
#923 = CARTESIAN_POINT ( 'NONE',  ( 9.000000000000001776, -13.00000000000000888, 2.500000000000000000 ) ) ;
#924 = EDGE_LOOP ( 'NONE', ( #852, #1118, #1835, #3078 ) ) ;
#925 = PLANE ( 'NONE',  #1436 ) ;
#926 = AXIS2_PLACEMENT_3D ( 'NONE', #3122, #2330, #3485 ) ;
#927 = ORIENTED_EDGE ( 'NONE', *, *, #493, .F. ) ;
#928 = LINE ( 'NONE', #556, #950 ) ;
#929 = CARTESIAN_POINT ( 'NONE',  ( -9.500000000000000000, -15.50000000000000178, 0.000000000000000000 ) ) ;
#930 = ORIENTED_EDGE ( 'NONE', *, *, #617, .T. ) ;
#931 = AXIS2_PLACEMENT_3D ( 'NONE', #2930, #3547, #75 ) ;
#932 = LINE ( 'NONE', #582, #3182 ) ;
#933 = ORIENTED_EDGE ( 'NONE', *, *, #2245, .T. ) ;
#934 = AXIS2_PLACEMENT_3D ( 'NONE', #3521, #1873, #1434 ) ;
#935 = DIRECTION ( 'NONE',  ( -0.8660254037844385966, 0.5000000000000001110, 0.000000000000000000 ) ) ;
#936 = VECTOR ( 'NONE', #1953, 1000.000000000000000 ) ;
#937 = DIRECTION ( 'NONE',  ( 0.000000000000000000, -1.000000000000000000, 0.000000000000000000 ) ) ;
#938 = ORIENTED_EDGE ( 'NONE', *, *, #997, .F. ) ;
#939 = EDGE_CURVE ( 'NONE', #2367, #1208, #1038, .T. ) ;
#940 = DIRECTION ( 'NONE',  ( 1.000000000000000000, 0.000000000000000000, 0.000000000000000000 ) ) ;
#941 = ORIENTED_EDGE ( 'NONE', *, *, #3014, .F. ) ;
#942 = ADVANCED_FACE ( 'NONE', ( #1911, #2196 ), #749, .T. ) ;
#943 = DIRECTION ( 'NONE',  ( 0.8660254037844388186, -0.4999999999999998335, 0.000000000000000000 ) ) ;
#944 = EDGE_CURVE ( 'NONE', #2540, #885, #1310, .T. ) ;
#945 = ADVANCED_FACE ( 'NONE', ( #3364 ), #3595, .F. ) ;
#946 = CARTESIAN_POINT ( 'NONE',  ( -27.99999999999999645, 37.99999999999997868, 0.000000000000000000 ) ) ;
#947 = EDGE_CURVE ( 'NONE', #2160, #797, #3293, .T. ) ;
#948 = ORIENTED_EDGE ( 'NONE', *, *, #3294, .T. ) ;
#949 = ADVANCED_FACE ( 'NONE', ( #2568 ), #764, .T. ) ;
#950 = VECTOR ( 'NONE', #2615, 1000.000000000000000 ) ;
#951 = DIRECTION ( 'NONE',  ( 0.000000000000000000, 1.000000000000000000, 0.000000000000000000 ) ) ;
#952 = EDGE_CURVE ( 'NONE', #1085, #3329, #2548, .T. ) ;
#953 = CARTESIAN_POINT ( 'NONE',  ( -5.250000000000000000, -55.00000000000002132, -4.443078326174850659E-16 ) ) ;
#954 = DIRECTION ( 'NONE',  ( -0.000000000000000000, -0.000000000000000000, 1.000000000000000000 ) ) ;
#955 = ORIENTED_EDGE ( 'NONE', *, *, #2400, .F. ) ;
#956 = CARTESIAN_POINT ( 'NONE',  ( -5.000000000000000000, -47.00000000000000000, -3.500000000000000444 ) ) ;
#957 = EDGE_LOOP ( 'NONE', ( #2580, #1624, #1828, #1866, #401 ) ) ;
#958 = CARTESIAN_POINT ( 'NONE',  ( 28.00000000000000355, -38.00000000000002132, 0.000000000000000000 ) ) ;
#959 = DIRECTION ( 'NONE',  ( -0.000000000000000000, -0.000000000000000000, -1.000000000000000000 ) ) ;
#960 = ORIENTED_EDGE ( 'NONE', *, *, #2911, .F. ) ;
#961 =( GEOMETRIC_REPRESENTATION_CONTEXT ( 3 ) GLOBAL_UNCERTAINTY_ASSIGNED_CONTEXT ( ( #1746 ) ) GLOBAL_UNIT_ASSIGNED_CONTEXT ( ( #2984, #2350, #2676 ) ) REPRESENTATION_CONTEXT ( 'NONE', 'WORKASPACE' ) );
#962 = VECTOR ( 'NONE', #1699, 1000.000000000000000 ) ;
#963 = ORIENTED_EDGE ( 'NONE', *, *, #3009, .F. ) ;
#964 = DIRECTION ( 'NONE',  ( -0.000000000000000000, -0.000000000000000000, -1.000000000000000000 ) ) ;
#965 = DIRECTION ( 'NONE',  ( -1.000000000000000000, -0.000000000000000000, -0.000000000000000000 ) ) ;
#966 = VECTOR ( 'NONE', #3695, 1000.000000000000114 ) ;
#967 = VECTOR ( 'NONE', #974, 1000.000000000000000 ) ;
#968 = ORIENTED_EDGE ( 'NONE', *, *, #1663, .F. ) ;
#969 = DIRECTION ( 'NONE',  ( 1.000000000000000000, 0.000000000000000000, 0.000000000000000000 ) ) ;
#970 = CARTESIAN_POINT ( 'NONE',  ( 25.42542648054293863, 10.25000000000000000, 2.500000000000000000 ) ) ;
#971 = VECTOR ( 'NONE', #3333, 1000.000000000000000 ) ;
#972 = VERTEX_POINT ( 'NONE', #1644 ) ;
#973 = CARTESIAN_POINT ( 'NONE',  ( 20.66228675972852713, 12.99999999999999822, 2.500000000000000000 ) ) ;
#974 = DIRECTION ( 'NONE',  ( -0.7071067811865489050, 0.000000000000000000, 0.7071067811865462405 ) ) ;
#975 = ORIENTED_EDGE ( 'NONE', *, *, #3374, .T. ) ;
#976 = FACE_BOUND ( 'NONE', #569, .T. ) ;
#977 = DIRECTION ( 'NONE',  ( 1.000000000000000000, 0.000000000000000000, 0.000000000000000000 ) ) ;
#978 = EDGE_LOOP ( 'NONE', ( #522, #3290, #508, #150 ) ) ;
#979 = VECTOR ( 'NONE', #2874, 1000.000000000000000 ) ;
#980 = EDGE_LOOP ( 'NONE', ( #2182, #2510 ) ) ;
#981 = CARTESIAN_POINT ( 'NONE',  ( -20.66228675972852713, -13.00000000000000178, 0.000000000000000000 ) ) ;
#982 = FACE_OUTER_BOUND ( 'NONE', #333, .T. ) ;
#983 = LINE ( 'NONE', #104, #2298 ) ;
#984 = VERTEX_POINT ( 'NONE', #1926 ) ;
#985 = CIRCLE ( 'NONE', #1288, 8.999999999999998224 ) ;
#986 = DIRECTION ( 'NONE',  ( 0.000000000000000000, -0.7071067811865483499, 0.7071067811865465735 ) ) ;
#987 = EDGE_CURVE ( 'NONE', #41, #1135, #1392, .T. ) ;
#988 = CARTESIAN_POINT ( 'NONE',  ( 15.00000000000000000, 19.00000000000001066, -3.500000000000000888 ) ) ;
#989 = VERTEX_POINT ( 'NONE', #3095 ) ;
#990 = FACE_OUTER_BOUND ( 'NONE', #1064, .T. ) ;
#991 = CARTESIAN_POINT ( 'NONE',  ( 5.000000000000000000, -47.00000000000000000, 5.000000000000000000 ) ) ;
#992 = EDGE_LOOP ( 'NONE', ( #905, #3666, #1980, #3716 ) ) ;
#993 = AXIS2_PLACEMENT_3D ( 'NONE', #2666, #1533, #633 ) ;
#994 = ADVANCED_FACE ( 'NONE', ( #1412 ), #3417, .T. ) ;
#995 = AXIS2_PLACEMENT_3D ( 'NONE', #2149, #719, #3659 ) ;
#996 = DIRECTION ( 'NONE',  ( 1.000000000000000000, 0.000000000000000000, 0.000000000000000000 ) ) ;
#997 = EDGE_CURVE ( 'NONE', #3257, #48, #230, .T. ) ;
#998 = CARTESIAN_POINT ( 'NONE',  ( -3.116809680337662591, -4.684019929395301318, 2.500000000000000000 ) ) ;
#999 = CIRCLE ( 'NONE', #1239, 5.000000000000000000 ) ;
#1000 = ORIENTED_EDGE ( 'NONE', *, *, #2245, .F. ) ;
#1001 = ORIENTED_EDGE ( 'NONE', *, *, #2124, .T. ) ;
#1002 = DIRECTION ( 'NONE',  ( 1.000000000000000000, 0.000000000000000000, 0.000000000000000000 ) ) ;
#1003 = DIRECTION ( 'NONE',  ( 0.000000000000000000, 0.000000000000000000, 1.000000000000000000 ) ) ;
#1004 = LINE ( 'NONE', #1859, #3462 ) ;
#1005 = ORIENTED_EDGE ( 'NONE', *, *, #2971, .F. ) ;
#1006 = LINE ( 'NONE', #3335, #3631 ) ;
#1007 = AXIS2_PLACEMENT_3D ( 'NONE', #3550, #935, #2359 ) ;
#1008 = EDGE_LOOP ( 'NONE', ( #3212, #1452, #92, #1840 ) ) ;
#1009 = PLANE ( 'NONE',  #3312 ) ;
#1010 = CARTESIAN_POINT ( 'NONE',  ( 10.25000000000000000, -55.00000000000002132, 4.999999999999998224 ) ) ;
#1011 = ORIENTED_EDGE ( 'NONE', *, *, #1857, .T. ) ;
#1012 = AXIS2_PLACEMENT_3D ( 'NONE', #89, #3636, #2467 ) ;
#1013 = DIRECTION ( 'NONE',  ( -1.000000000000000000, -0.000000000000000000, -0.000000000000000000 ) ) ;
#1014 = CARTESIAN_POINT ( 'NONE',  ( 0.000000000000000000, 0.000000000000000000, 2.500000000000000000 ) ) ;
#1015 = CARTESIAN_POINT ( 'NONE',  ( 5.000000000000000000, -48.75000000000000000, 5.000000000000000000 ) ) ;
#1016 = EDGE_CURVE ( 'NONE', #511, #3126, #3455, .T. ) ;
#1017 = ORIENTED_EDGE ( 'NONE', *, *, #2911, .T. ) ;
#1018 = EDGE_CURVE ( 'NONE', #2668, #3444, #3410, .T. ) ;
#1019 = ORIENTED_EDGE ( 'NONE', *, *, #3045, .T. ) ;
#1020 = ADVANCED_FACE ( 'NONE', ( #2265 ), #1993, .F. ) ;
#1021 = AXIS2_PLACEMENT_3D ( 'NONE', #2145, #1610, #1559 ) ;
#1022 = EDGE_CURVE ( 'NONE', #1411, #1026, #1461, .T. ) ;
#1023 = LINE ( 'NONE', #3575, #2260 ) ;
#1024 = LINE ( 'NONE', #1875, #476 ) ;
#1025 = VECTOR ( 'NONE', #1670, 1000.000000000000000 ) ;
#1026 = VERTEX_POINT ( 'NONE', #527 ) ;
#1027 = CARTESIAN_POINT ( 'NONE',  ( -5.000000000000000000, -45.25000000000000000, -1.734723475976807094E-15 ) ) ;
#1028 = EDGE_LOOP ( 'NONE', ( #3525, #941, #1326, #2460 ) ) ;
#1029 = FACE_OUTER_BOUND ( 'NONE', #2835, .T. ) ;
#1030 = PLANE ( 'NONE',  #1692 ) ;
#1031 = EDGE_LOOP ( 'NONE', ( #2035, #1485, #168, #3161 ) ) ;
#1032 = CIRCLE ( 'NONE', #2361, 7.625000000000000000 ) ;
#1033 = LINE ( 'NONE', #2169, #1896 ) ;
#1034 = DIRECTION ( 'NONE',  ( 0.7071067811865493491, -0.000000000000000000, 0.7071067811865455743 ) ) ;
#1035 = DIRECTION ( 'NONE',  ( 0.4226182617406999964, 0.9063077870366496036, -0.000000000000000000 ) ) ;
#1036 = EDGE_LOOP ( 'NONE', ( #721, #3382, #769, #1939 ) ) ;
#1037 = VERTEX_POINT ( 'NONE', #3700 ) ;
#1038 = LINE ( 'NONE', #2427, #363 ) ;
#1039 = ORIENTED_EDGE ( 'NONE', *, *, #2837, .T. ) ;
#1040 = LINE ( 'NONE', #1325, #667 ) ;
#1041 = EDGE_LOOP ( 'NONE', ( #1476, #1556, #813, #1365 ) ) ;
#1042 = CARTESIAN_POINT ( 'NONE',  ( -20.66228675972852713, 13.00000000000000711, 0.000000000000000000 ) ) ;
#1043 = LINE ( 'NONE', #1063, #32 ) ;
#1044 = VERTEX_POINT ( 'NONE', #1072 ) ;
#1045 = CARTESIAN_POINT ( 'NONE',  ( 7.375000000000000000, -12.83484611179064316, 2.483201639045646836 ) ) ;
#1046 = AXIS2_PLACEMENT_3D ( 'NONE', #437, #3085, #1619 ) ;
#1047 = CARTESIAN_POINT ( 'NONE',  ( -5.250000000000000000, -55.00000000000002132, 4.999999999999998224 ) ) ;
#1048 = LINE ( 'NONE', #2476, #744 ) ;
#1049 = AXIS2_PLACEMENT_3D ( 'NONE', #1591, #694, #372 ) ;
#1050 = VERTEX_POINT ( 'NONE', #514 ) ;
#1051 = VECTOR ( 'NONE', #2758, 1000.000000000000227 ) ;
#1052 = ORIENTED_EDGE ( 'NONE', *, *, #2842, .T. ) ;
#1053 = EDGE_CURVE ( 'NONE', #2200, #1079, #3399, .T. ) ;
#1054 = PLANE ( 'NONE',  #2065 ) ;
#1055 = EDGE_CURVE ( 'NONE', #2678, #1470, #2282, .T. ) ;
#1056 = EDGE_LOOP ( 'NONE', ( #2641, #3397, #2760, #2852 ) ) ;
#1057 = VECTOR ( 'NONE', #187, 1000.000000000000000 ) ;
#1058 = EDGE_CURVE ( 'NONE', #3142, #99, #2836, .T. ) ;
#1059 = LINE ( 'NONE', #2518, #3219 ) ;
#1060 = VERTEX_POINT ( 'NONE', #3110 ) ;
#1061 = EDGE_CURVE ( 'NONE', #3425, #2767, #820, .T. ) ;
#1062 = FACE_OUTER_BOUND ( 'NONE', #1860, .T. ) ;
#1063 = CARTESIAN_POINT ( 'NONE',  ( 10.25000000000000000, -55.00000000000002132, -1.821662113731688484E-15 ) ) ;
#1064 = EDGE_LOOP ( 'NONE', ( #2277, #592, #2841, #2654 ) ) ;
#1065 = EDGE_CURVE ( 'NONE', #630, #3309, #1978, .T. ) ;
#1066 = FACE_OUTER_BOUND ( 'NONE', #1056, .T. ) ;
#1067 = CARTESIAN_POINT ( 'NONE',  ( -9.999999999999994671, -12.00000000000002132, 5.000000000000000000 ) ) ;
#1068 = DIRECTION ( 'NONE',  ( 0.000000000000000000, 0.000000000000000000, -1.000000000000000000 ) ) ;
#1069 = AXIS2_PLACEMENT_3D ( 'NONE', #2236, #3424, #2573 ) ;
#1070 = ORIENTED_EDGE ( 'NONE', *, *, #1176, .T. ) ;
#1071 = ORIENTED_EDGE ( 'NONE', *, *, #1061, .T. ) ;
#1072 = CARTESIAN_POINT ( 'NONE',  ( -15.00000000000000000, 25.00000000000001421, -0.5000000000000000000 ) ) ;
#1073 = ORIENTED_EDGE ( 'NONE', *, *, #2405, .T. ) ;
#1074 = DIRECTION ( 'NONE',  ( -0.000000000000000000, -0.000000000000000000, -1.000000000000000000 ) ) ;
#1075 = CIRCLE ( 'NONE', #2779, 2.000000000000001776 ) ;
#1076 = ORIENTED_EDGE ( 'NONE', *, *, #3648, .T. ) ;
#1077 = CARTESIAN_POINT ( 'NONE',  ( -3.812499999999963141, 8.603443703856354929, 5.000000000000000000 ) ) ;
#1078 = CARTESIAN_POINT ( 'NONE',  ( -10.25000000000000000, -15.00000000000001954, -1.821662113731688484E-15 ) ) ;
#1079 = VERTEX_POINT ( 'NONE', #267 ) ;
#1080 = DIRECTION ( 'NONE',  ( -0.4999999999999959477, -0.8660254037844410391, -0.000000000000000000 ) ) ;
#1081 = CARTESIAN_POINT ( 'NONE',  ( 15.00000000000000000, 18.25000000000000355, -2.249999999999999556 ) ) ;
#1082 = AXIS2_PLACEMENT_3D ( 'NONE', #2067, #3237, #1214 ) ;
#1083 = DIRECTION ( 'NONE',  ( 0.000000000000000000, 0.000000000000000000, -1.000000000000000000 ) ) ;
#1084 = CARTESIAN_POINT ( 'NONE',  ( 0.000000000000000000, 1.999999999999989564, 2.500000000000000000 ) ) ;
#1085 = VERTEX_POINT ( 'NONE', #2496 ) ;
#1086 = AXIS2_PLACEMENT_3D ( 'NONE', #2608, #3230, #1433 ) ;
#1087 = ORIENTED_EDGE ( 'NONE', *, *, #3321, .F. ) ;
#1088 = ADVANCED_FACE ( 'NONE', ( #3668 ), #1054, .F. ) ;
#1089 = DIRECTION ( 'NONE',  ( -0.4999999999999995559, -0.8660254037844389297, 0.000000000000000000 ) ) ;
#1090 = VERTEX_POINT ( 'NONE', #1374 ) ;
#1091 = CARTESIAN_POINT ( 'NONE',  ( 9.999999999999996447, 19.99999999999998934, 5.000000000000000000 ) ) ;
#1092 = VECTOR ( 'NONE', #2444, 1000.000000000000000 ) ;
#1093 = ORIENTED_EDGE ( 'NONE', *, *, #3415, .F. ) ;
#1094 = DIRECTION ( 'NONE',  ( -0.4999999999999992784, -0.8660254037844389297, 0.000000000000000000 ) ) ;
#1095 = DIRECTION ( 'NONE',  ( -1.000000000000000000, -0.000000000000000000, -0.000000000000000000 ) ) ;
#1096 = EDGE_CURVE ( 'NONE', #1656, #2230, #284, .T. ) ;
#1097 = ORIENTED_EDGE ( 'NONE', *, *, #3092, .T. ) ;
#1098 = FACE_OUTER_BOUND ( 'NONE', #2401, .T. ) ;
#1099 = DIRECTION ( 'NONE',  ( -1.000000000000000000, -0.000000000000000000, 0.000000000000000000 ) ) ;
#1100 = CARTESIAN_POINT ( 'NONE',  ( 3.812499999999981792, -6.396556296143653952, 2.500000000000000000 ) ) ;
#1101 = CYLINDRICAL_SURFACE ( 'NONE', #746, 6.000000000000000000 ) ;
#1102 = VERTEX_POINT ( 'NONE', #1227 ) ;
#1103 = EDGE_CURVE ( 'NONE', #2254, #1360, #2366, .T. ) ;
#1104 = EDGE_CURVE ( 'NONE', #1423, #436, #2669, .T. ) ;
#1105 = DIRECTION ( 'NONE',  ( 0.000000000000000000, 0.000000000000000000, 1.000000000000000000 ) ) ;
#1106 = VECTOR ( 'NONE', #1821, 1000.000000000000000 ) ;
#1107 = DIRECTION ( 'NONE',  ( 1.000000000000000000, -0.000000000000000000, -0.000000000000000000 ) ) ;
#1108 = ORIENTED_EDGE ( 'NONE', *, *, #3644, .F. ) ;
#1109 = FACE_OUTER_BOUND ( 'NONE', #992, .T. ) ;
#1110 = VECTOR ( 'NONE', #317, 1000.000000000000000 ) ;
#1111 = ORIENTED_EDGE ( 'NONE', *, *, #1383, .F. ) ;
#1112 = CARTESIAN_POINT ( 'NONE',  ( 30.00000000000001066, 37.99999999999997868, 5.000000000000000000 ) ) ;
#1113 = CARTESIAN_POINT ( 'NONE',  ( 20.49999999999999645, 10.24999999999999822, 2.499999999999999556 ) ) ;
#1114 = LINE ( 'NONE', #848, #2659 ) ;
#1115 = CARTESIAN_POINT ( 'NONE',  ( 0.000000000000000000, 1.999999999999989564, 5.000000000000000000 ) ) ;
#1116 = CARTESIAN_POINT ( 'NONE',  ( -20.66228675972852358, 7.499999999999998224, 2.500000000000000000 ) ) ;
#1117 =( NAMED_UNIT ( * ) SI_UNIT ( $, .STERADIAN. ) SOLID_ANGLE_UNIT ( ) );
#1118 = ORIENTED_EDGE ( 'NONE', *, *, #103, .F. ) ;
#1119 = VECTOR ( 'NONE', #1532, 1000.000000000000000 ) ;
#1120 = EDGE_CURVE ( 'NONE', #664, #2160, #2432, .T. ) ;
#1121 = PLANE ( 'NONE',  #154 ) ;
#1122 = VERTEX_POINT ( 'NONE', #1204 ) ;
#1123 = DIRECTION ( 'NONE',  ( 0.000000000000000000, 1.000000000000000000, 0.000000000000000000 ) ) ;
#1124 = EDGE_CURVE ( 'NONE', #370, #1676, #3774, .T. ) ;
#1125 = CARTESIAN_POINT ( 'NONE',  ( -20.66228675972852358, -7.500000000000005329, 0.000000000000000000 ) ) ;
#1126 = ORIENTED_EDGE ( 'NONE', *, *, #3649, .T. ) ;
#1127 = EDGE_CURVE ( 'NONE', #3413, #2044, #3268, .T. ) ;
#1128 = PLANE ( 'NONE',  #1390 ) ;
#1129 = DIRECTION ( 'NONE',  ( 0.000000000000000000, 0.7071067811865487940, -0.7071067811865463515 ) ) ;
#1130 = CARTESIAN_POINT ( 'NONE',  ( 23.83771324027146932, 7.500000000000000000, 2.500000000000000000 ) ) ;
#1131 = STYLED_ITEM ( 'NONE', ( #3657 ), #1488 ) ;
#1132 = AXIS2_PLACEMENT_3D ( 'NONE', #87, #358, #334 ) ;
#1133 = DIRECTION ( 'NONE',  ( 1.000000000000000000, 0.000000000000000000, 0.000000000000000000 ) ) ;
#1134 = DIRECTION ( 'NONE',  ( -0.000000000000000000, -1.000000000000000000, -0.000000000000000000 ) ) ;
#1135 = VERTEX_POINT ( 'NONE', #3494 ) ;
#1136 = LINE ( 'NONE', #3220, #3606 ) ;
#1137 = CARTESIAN_POINT ( 'NONE',  ( 9.000000000000000000, 19.99999999999998934, 2.500000000000000000 ) ) ;
#1138 = EDGE_LOOP ( 'NONE', ( #2533, #3734, #1553, #2233 ) ) ;
#1139 = VECTOR ( 'NONE', #778, 1000.000000000000000 ) ;
#1140 = AXIS2_PLACEMENT_3D ( 'NONE', #1197, #3260, #2947 ) ;
#1141 = CARTESIAN_POINT ( 'NONE',  ( -27.99999999999998579, -38.00000000000002132, 5.000000000000000000 ) ) ;
#1142 = ORIENTED_EDGE ( 'NONE', *, *, #3719, .T. ) ;
#1143 = CIRCLE ( 'NONE', #663, 7.625000000000000000 ) ;
#1144 = DIRECTION ( 'NONE',  ( -0.000000000000000000, -0.000000000000000000, 1.000000000000000000 ) ) ;
#1145 = VECTOR ( 'NONE', #3740, 1000.000000000000000 ) ;
#1146 = DIRECTION ( 'NONE',  ( 2.891205793294678696E-17, -1.000000000000000000, 0.000000000000000000 ) ) ;
#1147 = ORIENTED_EDGE ( 'NONE', *, *, #708, .F. ) ;
#1148 = DIRECTION ( 'NONE',  ( -0.000000000000000000, 1.000000000000000000, -0.000000000000000000 ) ) ;
#1149 = ADVANCED_FACE ( 'NONE', ( #2097 ), #2937, .F. ) ;
#1150 = DIRECTION ( 'NONE',  ( -0.8660254037844385966, -0.5000000000000001110, 0.000000000000000000 ) ) ;
#1151 = CARTESIAN_POINT ( 'NONE',  ( 19.07457351945705781, -10.25000000000000355, 0.000000000000000000 ) ) ;
#1152 = DIRECTION ( 'NONE',  ( -0.000000000000000000, -0.000000000000000000, -1.000000000000000000 ) ) ;
#1153 = CARTESIAN_POINT ( 'NONE',  ( -23.83771324027147998, 13.00000000000000711, 2.500000000000000000 ) ) ;
#1154 = ORIENTED_EDGE ( 'NONE', *, *, #2806, .F. ) ;
#1155 = LINE ( 'NONE', #256, #3302 ) ;
#1156 = DIRECTION ( 'NONE',  ( -0.000000000000000000, 0.000000000000000000, -1.000000000000000000 ) ) ;
#1157 = ORIENTED_EDGE ( 'NONE', *, *, #2480, .F. ) ;
#1158 = VECTOR ( 'NONE', #794, 1000.000000000000000 ) ;
#1159 = FACE_BOUND ( 'NONE', #1166, .T. ) ;
#1160 = EDGE_LOOP ( 'NONE', ( #1518, #88, #3200, #3267, #3046, #2656 ) ) ;
#1161 = CARTESIAN_POINT ( 'NONE',  ( -10.25000000000000000, -55.00000000000002132, 0.000000000000000000 ) ) ;
#1162 = DIRECTION ( 'NONE',  ( -1.000000000000000000, -0.000000000000000000, -0.000000000000000000 ) ) ;
#1163 = ORIENTED_EDGE ( 'NONE', *, *, #1729, .F. ) ;
#1164 = PRESENTATION_LAYER_ASSIGNMENT (  '', '', ( #2316 ) ) ;
#1165 = CARTESIAN_POINT ( 'NONE',  ( 10.25000000000000000, -55.00000000000002132, 4.999999999999998224 ) ) ;
#1166 = EDGE_LOOP ( 'NONE', ( #3139, #883 ) ) ;
#1167 = CARTESIAN_POINT ( 'NONE',  ( -9.500000000000000000, -15.50000000000000178, 0.000000000000000000 ) ) ;
#1168 = EDGE_CURVE ( 'NONE', #2466, #3773, #2033, .T. ) ;
#1169 = ORIENTED_EDGE ( 'NONE', *, *, #822, .T. ) ;
#1170 = ADVANCED_FACE ( 'NONE', ( #635 ), #3028, .F. ) ;
#1171 = LINE ( 'NONE', #3213, #1480 ) ;
#1172 = CARTESIAN_POINT ( 'NONE',  ( -3.687499999999963141, 8.386937352910244670, 2.500000000000000000 ) ) ;
#1173 = DIRECTION ( 'NONE',  ( -0.000000000000000000, -0.000000000000000000, 1.000000000000000000 ) ) ;
#1174 = LINE ( 'NONE', #2830, #2423 ) ;
#1175 = ORIENTED_EDGE ( 'NONE', *, *, #2362, .F. ) ;
#1176 = EDGE_CURVE ( 'NONE', #209, #670, #86, .T. ) ;
#1177 = DIRECTION ( 'NONE',  ( 1.000000000000000000, 0.000000000000000000, 0.000000000000000000 ) ) ;
#1178 = ADVANCED_FACE ( 'NONE', ( #1867 ), #2585, .F. ) ;
#1179 = DIRECTION ( 'NONE',  ( 0.5000000000000004441, -0.8660254037844383745, 0.000000000000000000 ) ) ;
#1180 = ORIENTED_EDGE ( 'NONE', *, *, #1805, .T. ) ;
#1181 = DIRECTION ( 'NONE',  ( -0.000000000000000000, -0.000000000000000000, -1.000000000000000000 ) ) ;
#1182 = FACE_OUTER_BOUND ( 'NONE', #2058, .T. ) ;
#1183 = ORIENTED_EDGE ( 'NONE', *, *, #535, .T. ) ;
#1184 = AXIS2_PLACEMENT_3D ( 'NONE', #2397, #3530, #632 ) ;
#1185 = DIRECTION ( 'NONE',  ( 1.000000000000000000, 0.000000000000000000, 0.000000000000000000 ) ) ;
#1186 = VECTOR ( 'NONE', #1427, 1000.000000000000114 ) ;
#1187 = CARTESIAN_POINT ( 'NONE',  ( -19.07457351945705781, -10.24999999999999645, 2.500000000000000000 ) ) ;
#1188 = EDGE_LOOP ( 'NONE', ( #474, #1817, #3261, #3459, #707, #37 ) ) ;
#1189 = LINE ( 'NONE', #2289, #178 ) ;
#1190 = VECTOR ( 'NONE', #2523, 1000.000000000000000 ) ;
#1191 = ORIENTED_EDGE ( 'NONE', *, *, #2560, .T. ) ;
#1192 = DIRECTION ( 'NONE',  ( 0.000000000000000000, -1.000000000000000000, 0.000000000000000000 ) ) ;
#1193 = ORIENTED_EDGE ( 'NONE', *, *, #1572, .F. ) ;
#1194 = CARTESIAN_POINT ( 'NONE',  ( 9.000000000000001776, -13.00000000000000888, 2.449489742783180990 ) ) ;
#1195 = DIRECTION ( 'NONE',  ( 0.9063077870366497146, -0.4226182617407000519, 0.000000000000000000 ) ) ;
#1196 = LINE ( 'NONE', #1253, #2108 ) ;
#1197 = CARTESIAN_POINT ( 'NONE',  ( 0.000000000000000000, 16.99999999999998579, 2.500000000000000000 ) ) ;
#1198 = ORIENTED_EDGE ( 'NONE', *, *, #1428, .F. ) ;
#1199 = CARTESIAN_POINT ( 'NONE',  ( -27.99999999999998579, -40.00000000000002132, 0.000000000000000000 ) ) ;
#1200 = ORIENTED_EDGE ( 'NONE', *, *, #2684, .T. ) ;
#1201 = FACE_OUTER_BOUND ( 'NONE', #428, .T. ) ;
#1202 = CARTESIAN_POINT ( 'NONE',  ( -20.66228675972852358, 7.499999999999998224, 2.500000000000000000 ) ) ;
#1203 = ORIENTED_EDGE ( 'NONE', *, *, #2729, .T. ) ;
#1204 = CARTESIAN_POINT ( 'NONE',  ( -23.83771324027147287, 7.499999999999998224, 2.500000000000000000 ) ) ;
#1205 = VECTOR ( 'NONE', #1316, 1000.000000000000000 ) ;
#1206 = CARTESIAN_POINT ( 'NONE',  ( 7.375000000000000000, 17.00000000000001776, 5.000000000000000000 ) ) ;
#1207 = DIRECTION ( 'NONE',  ( 0.000000000000000000, -0.7071067811865466846, -0.7071067811865484609 ) ) ;
#1208 = VERTEX_POINT ( 'NONE', #1 ) ;
#1209 = CIRCLE ( 'NONE', #3346, 1.750000000000005107 ) ;
#1210 = DIRECTION ( 'NONE',  ( 0.000000000000000000, -1.000000000000000000, 0.000000000000000000 ) ) ;
#1211 = ORIENTED_EDGE ( 'NONE', *, *, #2178, .T. ) ;
#1212 = CARTESIAN_POINT ( 'NONE',  ( 7.375000000000000000, 17.00000000000001776, 5.000000000000000000 ) ) ;
#1213 = DIRECTION ( 'NONE',  ( -1.000000000000000000, -1.301042606982607490E-15, 0.000000000000000000 ) ) ;
#1214 = DIRECTION ( 'NONE',  ( -1.000000000000000000, 0.000000000000000000, 0.000000000000000000 ) ) ;
#1215 = ORIENTED_EDGE ( 'NONE', *, *, #3153, .T. ) ;
#1216 = UNCERTAINTY_MEASURE_WITH_UNIT (LENGTH_MEASURE( 1.000000000000000082E-05 ), #2468, 'distance_accuracy_value', 'NONE');
#1217 = ADVANCED_FACE ( 'NONE', ( #856 ), #567, .F. ) ;
#1218 = DIRECTION ( 'NONE',  ( 1.000000000000000000, 0.000000000000000000, 0.000000000000000000 ) ) ;
#1219 = ORIENTED_EDGE ( 'NONE', *, *, #1428, .T. ) ;
#1220 = DIRECTION ( 'NONE',  ( -0.000000000000000000, -0.000000000000000000, -1.000000000000000000 ) ) ;
#1221 = EDGE_CURVE ( 'NONE', #2204, #843, #330, .T. ) ;
#1222 = PLANE ( 'NONE',  #993 ) ;
#1223 = EDGE_CURVE ( 'NONE', #3739, #1844, #2891, .T. ) ;
#1224 = ORIENTED_EDGE ( 'NONE', *, *, #2690, .T. ) ;
#1225 = EDGE_CURVE ( 'NONE', #2711, #1844, #1909, .T. ) ;
#1226 = EDGE_CURVE ( 'NONE', #3054, #1883, #307, .T. ) ;
#1227 = CARTESIAN_POINT ( 'NONE',  ( -30.00000000000000000, 37.99999999999997868, 0.000000000000000000 ) ) ;
#1228 = ORIENTED_EDGE ( 'NONE', *, *, #1264, .F. ) ;
#1229 = CARTESIAN_POINT ( 'NONE',  ( -1.102182119232617714E-15, -4.000000000000010658, 5.000000000000000000 ) ) ;
#1230 = ORIENTED_EDGE ( 'NONE', *, *, #821, .T. ) ;
#1231 = CARTESIAN_POINT ( 'NONE',  ( -20.66228675972852358, -7.500000000000005329, 0.000000000000000000 ) ) ;
#1232 = VECTOR ( 'NONE', #238, 1000.000000000000000 ) ;
#1233 = ORIENTED_EDGE ( 'NONE', *, *, #3258, .T. ) ;
#1234 = AXIS2_PLACEMENT_3D ( 'NONE', #3646, #1886, #1602 ) ;
#1235 = CARTESIAN_POINT ( 'NONE',  ( 7.625000000000000000, -13.00000000000001066, 2.449489742783180546 ) ) ;
#1236 = DIRECTION ( 'NONE',  ( -0.000000000000000000, -0.000000000000000000, 1.000000000000000000 ) ) ;
#1237 = PLANE ( 'NONE',  #3344 ) ;
#1238 = ORIENTED_EDGE ( 'NONE', *, *, #580, .F. ) ;
#1239 = AXIS2_PLACEMENT_3D ( 'NONE', #668, #2333, #1218 ) ;
#1240 = CARTESIAN_POINT ( 'NONE',  ( -20.49999999999999289, 10.25000000000000000, -3.500000000000000444 ) ) ;
#1241 = ORIENTED_EDGE ( 'NONE', *, *, #1338, .T. ) ;
#1242 = VECTOR ( 'NONE', #1002, 1000.000000000000000 ) ;
#1243 = LINE ( 'NONE', #2975, #2949 ) ;
#1244 = VECTOR ( 'NONE', #169, 1000.000000000000000 ) ;
#1245 = CARTESIAN_POINT ( 'NONE',  ( 9.500000000000000000, -16.99999999999998934, -3.500000000000000000 ) ) ;
#1246 = ORIENTED_EDGE ( 'NONE', *, *, #214, .T. ) ;
#1247 = ORIENTED_EDGE ( 'NONE', *, *, #3756, .T. ) ;
#1248 = DIRECTION ( 'NONE',  ( 1.000000000000000000, 0.000000000000000000, 0.000000000000000000 ) ) ;
#1249 = CARTESIAN_POINT ( 'NONE',  ( 10.74999999999999645, -12.00000000000002132, 0.000000000000000000 ) ) ;
#1250 = ORIENTED_EDGE ( 'NONE', *, *, #1679, .T. ) ;
#1251 = VECTOR ( 'NONE', #219, 1000.000000000000000 ) ;
#1252 = DIRECTION ( 'NONE',  ( -0.000000000000000000, -1.000000000000000000, -0.000000000000000000 ) ) ;
#1253 = CARTESIAN_POINT ( 'NONE',  ( 9.999999999999991118, -38.00000000000002132, 0.000000000000000000 ) ) ;
#1254 = LINE ( 'NONE', #970, #3759 ) ;
#1255 = ORIENTED_EDGE ( 'NONE', *, *, #499, .T. ) ;
#1256 = DIRECTION ( 'NONE',  ( -0.000000000000000000, -0.000000000000000000, 1.000000000000000000 ) ) ;
#1257 = DIRECTION ( 'NONE',  ( 0.000000000000000000, -0.000000000000000000, 1.000000000000000000 ) ) ;
#1258 = VERTEX_POINT ( 'NONE', #2651 ) ;
#1259 = DIRECTION ( 'NONE',  ( 0.5000000000000001110, 0.8660254037844385966, 0.000000000000000000 ) ) ;
#1260 = CARTESIAN_POINT ( 'NONE',  ( -10.74999999999999645, -12.00000000000002132, 5.000000000000000000 ) ) ;
#1261 = ORIENTED_EDGE ( 'NONE', *, *, #1226, .F. ) ;
#1262 = EDGE_CURVE ( 'NONE', #2709, #2136, #751, .T. ) ;
#1263 = VERTEX_POINT ( 'NONE', #3694 ) ;
#1264 = EDGE_CURVE ( 'NONE', #119, #3280, #419, .T. ) ;
#1265 = DIRECTION ( 'NONE',  ( -0.4999999999999959477, 0.8660254037844410391, 0.000000000000000000 ) ) ;
#1266 = DIRECTION ( 'NONE',  ( 0.4999999999999997780, -0.8660254037844387076, 0.000000000000000000 ) ) ;
#1267 = VECTOR ( 'NONE', #1868, 1000.000000000000000 ) ;
#1268 = VECTOR ( 'NONE', #559, 1000.000000000000114 ) ;
#1269 = ORIENTED_EDGE ( 'NONE', *, *, #1768, .F. ) ;
#1270 = EDGE_CURVE ( 'NONE', #2755, #1360, #723, .T. ) ;
#1271 = LINE ( 'NONE', #3621, #761 ) ;
#1272 = VECTOR ( 'NONE', #986, 1000.000000000000114 ) ;
#1273 = DIRECTION ( 'NONE',  ( -0.5000000000000001110, -0.8660254037844385966, 0.000000000000000000 ) ) ;
#1274 = ORIENTED_EDGE ( 'NONE', *, *, #535, .F. ) ;
#1275 = EDGE_CURVE ( 'NONE', #2899, #2352, #393, .T. ) ;
#1276 = CARTESIAN_POINT ( 'NONE',  ( -27.99999999999999645, 39.99999999999997868, 5.000000000000000000 ) ) ;
#1277 = LINE ( 'NONE', #1563, #656 ) ;
#1278 = ORIENTED_EDGE ( 'NONE', *, *, #2847, .F. ) ;
#1279 = CARTESIAN_POINT ( 'NONE',  ( 19.07457351945706137, 10.24999999999999822, 2.500000000000000000 ) ) ;
#1280 = CARTESIAN_POINT ( 'NONE',  ( -3.116809680337662591, -4.684019929395301318, 2.500000000000000000 ) ) ;
#1281 = ORIENTED_EDGE ( 'NONE', *, *, #3607, .T. ) ;
#1282 = VECTOR ( 'NONE', #839, 1000.000000000000000 ) ;
#1283 = VERTEX_POINT ( 'NONE', #1081 ) ;
#1284 = DIRECTION ( 'NONE',  ( 0.000000000000000000, 0.000000000000000000, 1.000000000000000000 ) ) ;
#1285 = CARTESIAN_POINT ( 'NONE',  ( -30.00000000000000000, 37.99999999999997868, 5.000000000000000000 ) ) ;
#1286 = CARTESIAN_POINT ( 'NONE',  ( 23.83771324027146932, 7.500000000000000000, 0.000000000000000000 ) ) ;
#1287 = ORIENTED_EDGE ( 'NONE', *, *, #952, .F. ) ;
#1288 = AXIS2_PLACEMENT_3D ( 'NONE', #3168, #823, #2 ) ;
#1289 = CARTESIAN_POINT ( 'NONE',  ( 0.000000000000000000, 16.99999999999998579, 2.500000000000000000 ) ) ;
#1290 = ADVANCED_FACE ( 'NONE', ( #775 ), #3677, .F. ) ;
#1291 = ORIENTED_EDGE ( 'NONE', *, *, #2913, .F. ) ;
#1292 = EDGE_CURVE ( 'NONE', #1122, #2303, #3340, .T. ) ;
#1293 = ADVANCED_FACE ( 'NONE', ( #1066 ), #3392, .F. ) ;
#1294 = FACE_BOUND ( 'NONE', #283, .T. ) ;
#1295 = PLANE ( 'NONE',  #171 ) ;
#1296 = ORIENTED_EDGE ( 'NONE', *, *, #728, .F. ) ;
#1297 = VECTOR ( 'NONE', #3011, 1000.000000000000000 ) ;
#1298 = VECTOR ( 'NONE', #257, 1000.000000000000000 ) ;
#1299 = CARTESIAN_POINT ( 'NONE',  ( -10.25000000000000000, -55.00000000000002132, 4.999999999999998224 ) ) ;
#1300 = EDGE_CURVE ( 'NONE', #1376, #2711, #2527, .T. ) ;
#1301 = ADVANCED_FACE ( 'NONE', ( #153 ), #1368, .F. ) ;
#1302 = EDGE_CURVE ( 'NONE', #1923, #647, #454, .T. ) ;
#1303 = CARTESIAN_POINT ( 'NONE',  ( -25.42542648054293863, -10.25000000000000355, 0.000000000000000000 ) ) ;
#1304 = CARTESIAN_POINT ( 'NONE',  ( -23.83771324027146932, -13.00000000000000000, 2.500000000000000000 ) ) ;
#1305 = VECTOR ( 'NONE', #2657, 1000.000000000000114 ) ;
#1306 = EDGE_LOOP ( 'NONE', ( #2501, #2225, #81, #1971 ) ) ;
#1307 = ORIENTED_EDGE ( 'NONE', *, *, #1104, .F. ) ;
#1308 = DIRECTION ( 'NONE',  ( 0.000000000000000000, 0.000000000000000000, 1.000000000000000000 ) ) ;
#1309 = PLANE ( 'NONE',  #2502 ) ;
#1310 = LINE ( 'NONE', #695, #2426 ) ;
#1311 = EDGE_LOOP ( 'NONE', ( #1927, #676, #2085, #2768, #968 ) ) ;
#1312 = DIRECTION ( 'NONE',  ( -0.5000000000000003331, -0.8660254037844383745, 0.000000000000000000 ) ) ;
#1313 = AXIS2_PLACEMENT_3D ( 'NONE', #958, #2094, #2933 ) ;
#1314 = EDGE_LOOP ( 'NONE', ( #2428, #3350, #1870, #1877 ) ) ;
#1315 = LINE ( 'NONE', #434, #1413 ) ;
#1316 = DIRECTION ( 'NONE',  ( 0.7071067811865489050, -0.000000000000000000, 0.7071067811865462405 ) ) ;
#1317 = ORIENTED_EDGE ( 'NONE', *, *, #1812, .T. ) ;
#1318 = CARTESIAN_POINT ( 'NONE',  ( -10.25000000000000000, -40.00000000000002132, 4.999999999999998224 ) ) ;
#1319 = FACE_OUTER_BOUND ( 'NONE', #1351, .T. ) ;
#1320 = DIRECTION ( 'NONE',  ( 0.000000000000000000, -1.000000000000000000, 0.000000000000000000 ) ) ;
#1321 = VERTEX_POINT ( 'NONE', #1318 ) ;
#1322 = ORIENTED_EDGE ( 'NONE', *, *, #197, .F. ) ;
#1323 = LINE ( 'NONE', #1286, #971 ) ;
#1324 = ORIENTED_EDGE ( 'NONE', *, *, #3709, .T. ) ;
#1325 = CARTESIAN_POINT ( 'NONE',  ( -19.07457351945705426, 10.25000000000000000, 2.500000000000000000 ) ) ;
#1326 = ORIENTED_EDGE ( 'NONE', *, *, #3247, .F. ) ;
#1327 = DIRECTION ( 'NONE',  ( 0.000000000000000000, 0.000000000000000000, 1.000000000000000000 ) ) ;
#1328 = CARTESIAN_POINT ( 'NONE',  ( 6.000000000000003553, 17.49999999999999289, 2.500000000000000000 ) ) ;
#1329 = ORIENTED_EDGE ( 'NONE', *, *, #1292, .T. ) ;
#1330 = VECTOR ( 'NONE', #1573, 1000.000000000000000 ) ;
#1331 = VECTOR ( 'NONE', #3670, 1000.000000000000000 ) ;
#1332 = DIRECTION ( 'NONE',  ( 1.000000000000000000, 0.000000000000000000, 0.000000000000000000 ) ) ;
#1333 = ADVANCED_FACE ( 'NONE', ( #1600 ), #1352, .T. ) ;
#1334 = LINE ( 'NONE', #1067, #3584 ) ;
#1335 = LINE ( 'NONE', #2797, #3421 ) ;
#1336 = ORIENTED_EDGE ( 'NONE', *, *, #2763, .T. ) ;
#1337 = ADVANCED_FACE ( 'NONE', ( #2815 ), #1936, .F. ) ;
#1338 = EDGE_CURVE ( 'NONE', #1691, #1135, #1709, .T. ) ;
#1339 = ADVANCED_FACE ( 'NONE', ( #3643 ), #1639, .T. ) ;
#1340 = VERTEX_POINT ( 'NONE', #3068 ) ;
#1341 = EDGE_CURVE ( 'NONE', #3511, #3722, #3356, .T. ) ;
#1342 = EDGE_CURVE ( 'NONE', #1680, #680, #1033, .T. ) ;
#1343 = DIRECTION ( 'NONE',  ( 0.000000000000000000, 0.000000000000000000, 1.000000000000000000 ) ) ;
#1344 = EDGE_CURVE ( 'NONE', #1263, #2155, #2650, .T. ) ;
#1345 = ORIENTED_EDGE ( 'NONE', *, *, #2521, .F. ) ;
#1346 = LINE ( 'NONE', #3387, #3400 ) ;
#1347 = EDGE_LOOP ( 'NONE', ( #1247, #3508 ) ) ;
#1348 = AXIS2_PLACEMENT_3D ( 'NONE', #2258, #581, #2620 ) ;
#1349 = DIRECTION ( 'NONE',  ( -0.000000000000000000, -0.000000000000000000, -1.000000000000000000 ) ) ;
#1350 = DIRECTION ( 'NONE',  ( 0.4999999999999999445, -0.8660254037844387076, 0.000000000000000000 ) ) ;
#1351 = EDGE_LOOP ( 'NONE', ( #2212, #828, #1070, #1662 ) ) ;
#1352 = CYLINDRICAL_SURFACE ( 'NONE', #1538, 5.000000000000000000 ) ;
#1353 = DIRECTION ( 'NONE',  ( -1.000000000000000000, 0.000000000000000000, 0.000000000000000000 ) ) ;
#1354 = CARTESIAN_POINT ( 'NONE',  ( 19.07457351945705781, -10.25000000000000355, 2.500000000000000000 ) ) ;
#1355 = VECTOR ( 'NONE', #80, 1000.000000000000000 ) ;
#1356 = ORIENTED_EDGE ( 'NONE', *, *, #1572, .T. ) ;
#1357 = AXIS2_PLACEMENT_3D ( 'NONE', #3125, #1726, #1654 ) ;
#1358 = ORIENTED_EDGE ( 'NONE', *, *, #708, .T. ) ;
#1359 = CARTESIAN_POINT ( 'NONE',  ( 0.000000000000000000, -12.50000000000001954, 2.500000000000000000 ) ) ;
#1360 = VERTEX_POINT ( 'NONE', #2777 ) ;
#1361 = CARTESIAN_POINT ( 'NONE',  ( 9.999999999999996447, 17.49999999999999289, 0.000000000000000000 ) ) ;
#1362 = ORIENTED_EDGE ( 'NONE', *, *, #3253, .F. ) ;
#1363 = CARTESIAN_POINT ( 'NONE',  ( -23.83771324027146932, -7.500000000000005329, 0.000000000000000000 ) ) ;
#1364 = CARTESIAN_POINT ( 'NONE',  ( 28.00000000000000355, -38.00000000000002132, 5.000000000000000000 ) ) ;
#1365 = ORIENTED_EDGE ( 'NONE', *, *, #1270, .T. ) ;
#1366 = AXIS2_PLACEMENT_3D ( 'NONE', #2479, #3651, #179 ) ;
#1367 = LINE ( 'NONE', #237, #3515 ) ;
#1368 = PLANE ( 'NONE',  #1046 ) ;
#1369 = LINE ( 'NONE', #2528, #1267 ) ;
#1370 = CARTESIAN_POINT ( 'NONE',  ( -25.42542648054294929, 10.25000000000000533, 2.500000000000000000 ) ) ;
#1371 = VECTOR ( 'NONE', #2373, 1000.000000000000000 ) ;
#1372 = EDGE_LOOP ( 'NONE', ( #1498, #3712, #2697, #1695 ) ) ;
#1373 = ORIENTED_EDGE ( 'NONE', *, *, #2081, .F. ) ;
#1374 = CARTESIAN_POINT ( 'NONE',  ( 6.750000000000001776, -47.00000000000000000, 5.000000000000000000 ) ) ;
#1375 = EDGE_CURVE ( 'NONE', #1796, #630, #2688, .T. ) ;
#1376 = VERTEX_POINT ( 'NONE', #521 ) ;
#1377 = CYLINDRICAL_SURFACE ( 'NONE', #528, 2.500000000000000000 ) ;
#1378 = ORIENTED_EDGE ( 'NONE', *, *, #2356, .T. ) ;
#1379 = EDGE_CURVE ( 'NONE', #2524, #531, #2256, .T. ) ;
#1380 = DIRECTION ( 'NONE',  ( -0.000000000000000000, 1.000000000000000000, -0.000000000000000000 ) ) ;
#1381 = LINE ( 'NONE', #2945, #882 ) ;
#1382 = ORIENTED_EDGE ( 'NONE', *, *, #2357, .F. ) ;
#1383 = EDGE_CURVE ( 'NONE', #3347, #1642, #3362, .T. ) ;
#1384 = CARTESIAN_POINT ( 'NONE',  ( 3.687500000000009770, 10.61306264708975888, 2.500000000000000000 ) ) ;
#1385 = DIRECTION ( 'NONE',  ( 0.000000000000000000, 0.000000000000000000, 1.000000000000000000 ) ) ;
#1386 = ORIENTED_EDGE ( 'NONE', *, *, #1096, .T. ) ;
#1387 = VECTOR ( 'NONE', #1526, 1000.000000000000000 ) ;
#1388 = CARTESIAN_POINT ( 'NONE',  ( 0.000000000000000000, -40.00000000000002132, 0.000000000000000000 ) ) ;
#1389 = ORIENTED_EDGE ( 'NONE', *, *, #214, .F. ) ;
#1390 = AXIS2_PLACEMENT_3D ( 'NONE', #3460, #861, #2020 ) ;
#1391 = CARTESIAN_POINT ( 'NONE',  ( -10.25000000000000000, -15.00000000000001954, -1.821662113731688484E-15 ) ) ;
#1392 = LINE ( 'NONE', #1962, #787 ) ;
#1393 = VERTEX_POINT ( 'NONE', #849 ) ;
#1394 = LINE ( 'NONE', #3419, #1331 ) ;
#1395 = ORIENTED_EDGE ( 'NONE', *, *, #2281, .T. ) ;
#1396 = DIRECTION ( 'NONE',  ( 0.000000000000000000, 0.000000000000000000, 1.000000000000000000 ) ) ;
#1397 = LINE ( 'NONE', #1420, #286 ) ;
#1398 = ADVANCED_FACE ( 'NONE', ( #2311 ), #2273, .F. ) ;
#1399 = EDGE_CURVE ( 'NONE', #2136, #2011, #579, .T. ) ;
#1400 = LINE ( 'NONE', #2526, #1025 ) ;
#1401 = DIRECTION ( 'NONE',  ( -0.8660254037844383745, -0.5000000000000005551, 0.000000000000000000 ) ) ;
#1402 = PLANE ( 'NONE',  #1948 ) ;
#1403 = LINE ( 'NONE', #2885, #3422 ) ;
#1404 = ORIENTED_EDGE ( 'NONE', *, *, #338, .F. ) ;
#1405 = EDGE_CURVE ( 'NONE', #531, #1122, #3141, .T. ) ;
#1406 = EDGE_CURVE ( 'NONE', #783, #3111, #1745, .T. ) ;
#1407 = B_SPLINE_CURVE_WITH_KNOTS ( 'NONE', 3,
 ( #2453, #669, #2705, #3624 ),
 .UNSPECIFIED., .F., .F.,
 ( 4, 4 ),
 ( 0.000000000000000000, 0.0005028126991171132099 ),
 .UNSPECIFIED. ) ;
#1408 = ADVANCED_FACE ( 'NONE', ( #3428 ), #812, .F. ) ;
#1409 = VECTOR ( 'NONE', #867, 1000.000000000000000 ) ;
#1410 = CARTESIAN_POINT ( 'NONE',  ( 9.000000000000005329, -15.00000000000000888, 2.500000000000000000 ) ) ;
#1411 = VERTEX_POINT ( 'NONE', #275 ) ;
#1412 = FACE_OUTER_BOUND ( 'NONE', #2343, .T. ) ;
#1413 = VECTOR ( 'NONE', #2470, 1000.000000000000000 ) ;
#1414 = CARTESIAN_POINT ( 'NONE',  ( 30.00000000000001066, 37.99999999999997868, 5.000000000000000000 ) ) ;
#1415 = ORIENTED_EDGE ( 'NONE', *, *, #3198, .F. ) ;
#1416 = DIRECTION ( 'NONE',  ( -0.000000000000000000, -0.000000000000000000, 1.000000000000000000 ) ) ;
#1417 = VECTOR ( 'NONE', #1094, 1000.000000000000227 ) ;
#1418 = AXIS2_PLACEMENT_3D ( 'NONE', #1798, #2955, #3555 ) ;
#1419 = DIRECTION ( 'NONE',  ( 1.000000000000000000, 0.000000000000000000, 0.000000000000000000 ) ) ;
#1420 = CARTESIAN_POINT ( 'NONE',  ( 0.000000000000000000, -12.50000000000001954, 2.500000000000000000 ) ) ;
#1421 = CARTESIAN_POINT ( 'NONE',  ( -20.66228675972852713, 13.00000000000000711, 0.000000000000000000 ) ) ;
#1422 = CARTESIAN_POINT ( 'NONE',  ( -25.42542648054293863, -10.25000000000000355, 2.500000000000000000 ) ) ;
#1423 = VERTEX_POINT ( 'NONE', #3730 ) ;
#1424 = PLANE ( 'NONE',  #2802 ) ;
#1425 = EDGE_LOOP ( 'NONE', ( #2478, #3012, #3365, #785 ) ) ;
#1426 = VECTOR ( 'NONE', #1095, 1000.000000000000000 ) ;
#1427 = DIRECTION ( 'NONE',  ( -0.4999999999999997780, 0.8660254037844387076, 0.000000000000000000 ) ) ;
#1428 = EDGE_CURVE ( 'NONE', #3082, #431, #859, .T. ) ;
#1429 = ORIENTED_EDGE ( 'NONE', *, *, #1455, .T. ) ;
#1430 = CARTESIAN_POINT ( 'NONE',  ( 15.00000000000000000, 19.00000000000001066, -3.500000000000000888 ) ) ;
#1431 = DIRECTION ( 'NONE',  ( 0.000000000000000000, -0.000000000000000000, 1.000000000000000000 ) ) ;
#1432 = VERTEX_POINT ( 'NONE', #2904 ) ;
#1433 = DIRECTION ( 'NONE',  ( -0.4999999999999993339, 0.8660254037844390407, 0.000000000000000000 ) ) ;
#1434 = DIRECTION ( 'NONE',  ( 0.000000000000000000, -0.000000000000000000, 1.000000000000000000 ) ) ;
#1435 = CARTESIAN_POINT ( 'NONE',  ( -20.66228675972852713, -13.00000000000000178, 2.500000000000000000 ) ) ;
#1436 = AXIS2_PLACEMENT_3D ( 'NONE', #1760, #2981, #1784 ) ;
#1437 = LINE ( 'NONE', #1935, #444 ) ;
#1438 = CARTESIAN_POINT ( 'NONE',  ( -19.07457351945705426, 10.25000000000000000, 2.500000000000000000 ) ) ;
#1439 = CARTESIAN_POINT ( 'NONE',  ( -1.653273178848926275E-15, 7.999999999999989342, 2.500000000000000000 ) ) ;
#1440 = LINE ( 'NONE', #561, #3116 ) ;
#1441 = ORIENTED_EDGE ( 'NONE', *, *, #157, .T. ) ;
#1442 = ORIENTED_EDGE ( 'NONE', *, *, #3763, .F. ) ;
#1443 = AXIS2_PLACEMENT_3D ( 'NONE', #3678, #3341, #742 ) ;
#1444 = VECTOR ( 'NONE', #3587, 1000.000000000000000 ) ;
#1445 = CARTESIAN_POINT ( 'NONE',  ( 10.25000000000000000, -15.00000000000001954, -1.821662113731688484E-15 ) ) ;
#1446 = ORIENTED_EDGE ( 'NONE', *, *, #2636, .T. ) ;
#1447 = EDGE_CURVE ( 'NONE', #797, #989, #2994, .T. ) ;
#1448 = CIRCLE ( 'NONE', #1934, 2.000000000000008882 ) ;
#1449 = CARTESIAN_POINT ( 'NONE',  ( 20.66228675972853068, 7.500000000000000000, 2.500000000000000000 ) ) ;
#1450 = EDGE_CURVE ( 'NONE', #1539, #3546, #2849, .T. ) ;
#1451 = DIRECTION ( 'NONE',  ( -0.000000000000000000, 1.000000000000000000, 0.000000000000000000 ) ) ;
#1452 = ORIENTED_EDGE ( 'NONE', *, *, #1609, .F. ) ;
#1453 = LINE ( 'NONE', #1285, #231 ) ;
#1454 = VERTEX_POINT ( 'NONE', #1671 ) ;
#1455 = EDGE_CURVE ( 'NONE', #915, #1470, #3448, .T. ) ;
#1456 = DIRECTION ( 'NONE',  ( 1.000000000000000000, 0.000000000000000000, 0.000000000000000000 ) ) ;
#1457 = EDGE_CURVE ( 'NONE', #696, #100, #2006, .T. ) ;
#1458 = ORIENTED_EDGE ( 'NONE', *, *, #1621, .T. ) ;
#1459 = CARTESIAN_POINT ( 'NONE',  ( 8.986100377805716022, -12.50000000000001954, 2.500000000000000000 ) ) ;
#1460 = CARTESIAN_POINT ( 'NONE',  ( 20.66228675972852002, 7.500000000000000000, 0.000000000000000000 ) ) ;
#1461 = CIRCLE ( 'NONE', #2247, 7.375000000000000000 ) ;
#1462 = CARTESIAN_POINT ( 'NONE',  ( 3.687500000000009770, 10.61306264708975888, 5.000000000000000000 ) ) ;
#1463 = ORIENTED_EDGE ( 'NONE', *, *, #389, .F. ) ;
#1464 = CARTESIAN_POINT ( 'NONE',  ( -15.00000000000000000, 25.00000000000001421, 0.000000000000000000 ) ) ;
#1465 = LINE ( 'NONE', #3507, #199 ) ;
#1466 = ORIENTED_EDGE ( 'NONE', *, *, #2764, .F. ) ;
#1467 = VECTOR ( 'NONE', #226, 1000.000000000000000 ) ;
#1468 = CARTESIAN_POINT ( 'NONE',  ( 15.00000000000000000, 22.00000000000001421, -3.500000000000000888 ) ) ;
#1469 = CARTESIAN_POINT ( 'NONE',  ( 20.66228675972852713, -13.00000000000000533, 2.500000000000000000 ) ) ;
#1470 = VERTEX_POINT ( 'NONE', #3175 ) ;
#1471 = CARTESIAN_POINT ( 'NONE',  ( -23.83771324027147998, 13.00000000000000711, 2.500000000000000000 ) ) ;
#1472 = DIRECTION ( 'NONE',  ( 1.000000000000000000, 0.000000000000000000, 0.000000000000000000 ) ) ;
#1473 = EDGE_LOOP ( 'NONE', ( #1163, #2312, #1543, #1076, #1564, #1317, #1442, #3486, #2054, #2549, #2515, #2805, #1897, #3539 ) ) ;
#1474 = AXIS2_PLACEMENT_3D ( 'NONE', #1491, #2648, #649 ) ;
#1475 = DIRECTION ( 'NONE',  ( 0.000000000000000000, 0.7071067811865483499, -0.7071067811865465735 ) ) ;
#1476 = ORIENTED_EDGE ( 'NONE', *, *, #2103, .T. ) ;
#1477 = VECTOR ( 'NONE', #3640, 1000.000000000000000 ) ;
#1478 = LINE ( 'NONE', #3211, #3589 ) ;
#1479 = VERTEX_POINT ( 'NONE', #832 ) ;
#1480 = VECTOR ( 'NONE', #2308, 1000.000000000000000 ) ;
#1481 = CARTESIAN_POINT ( 'NONE',  ( 9.500000000000000000, -13.24999999999999645, -2.750000000000000000 ) ) ;
#1482 = FACE_OUTER_BOUND ( 'NONE', #2472, .T. ) ;
#1483 = DIRECTION ( 'NONE',  ( -1.000000000000000000, -0.000000000000000000, -0.000000000000000000 ) ) ;
#1484 = DIRECTION ( 'NONE',  ( -0.000000000000000000, -0.000000000000000000, -1.000000000000000000 ) ) ;
#1485 = ORIENTED_EDGE ( 'NONE', *, *, #152, .F. ) ;
#1486 = DIRECTION ( 'NONE',  ( 1.000000000000000000, 0.000000000000000000, 0.000000000000000000 ) ) ;
#1487 = EDGE_LOOP ( 'NONE', ( #120, #3597, #2951, #2531 ) ) ;
#1488 = ADVANCED_BREP_SHAPE_REPRESENTATION ( '1-Relay-Module_DIN-Mount', ( #2919, #1021 ), #961 ) ;
#1489 = LINE ( 'NONE', #2647, #470 ) ;
#1490 = EDGE_CURVE ( 'NONE', #1642, #2791, #1986, .T. ) ;
#1491 = CARTESIAN_POINT ( 'NONE',  ( -5.250000000000000000, -50.00000000000002132, -1.821662113731688484E-15 ) ) ;
#1492 = VERTEX_POINT ( 'NONE', #1722 ) ;
#1493 = VECTOR ( 'NONE', #2317, 1000.000000000000000 ) ;
#1494 = CARTESIAN_POINT ( 'NONE',  ( 5.250000000000000000, -50.00000000000002132, -1.821662113731688484E-15 ) ) ;
#1495 = LINE ( 'NONE', #1125, #2109 ) ;
#1496 = CARTESIAN_POINT ( 'NONE',  ( 7.625000000000000000, -13.00000000000001066, 2.500000000000000000 ) ) ;
#1497 = CIRCLE ( 'NONE', #3073, 2.000000000000008882 ) ;
#1498 = ORIENTED_EDGE ( 'NONE', *, *, #1262, .T. ) ;
#1499 = LINE ( 'NONE', #291, #2415 ) ;
#1500 = EDGE_CURVE ( 'NONE', #616, #658, #3745, .T. ) ;
#1501 = ORIENTED_EDGE ( 'NONE', *, *, #429, .F. ) ;
#1502 = CARTESIAN_POINT ( 'NONE',  ( 9.500000000000000000, -13.99999999999999112, -3.500000000000000444 ) ) ;
#1503 = CARTESIAN_POINT ( 'NONE',  ( -10.00000000000000178, -40.00000000000000711, 5.000000000000000000 ) ) ;
#1504 = CARTESIAN_POINT ( 'NONE',  ( 15.00000000000000000, 22.00000000000001421, -3.500000000000000888 ) ) ;
#1505 = DIRECTION ( 'NONE',  ( -0.4999999999999998890, 0.8660254037844385966, 0.000000000000000000 ) ) ;
#1506 = VERTEX_POINT ( 'NONE', #13 ) ;
#1507 = EDGE_CURVE ( 'NONE', #2230, #1791, #1174, .T. ) ;
#1508 = EDGE_CURVE ( 'NONE', #762, #305, #2661, .T. ) ;
#1509 = VECTOR ( 'NONE', #1080, 1000.000000000000114 ) ;
#1510 = DIRECTION ( 'NONE',  ( -0.000000000000000000, -0.000000000000000000, 1.000000000000000000 ) ) ;
#1511 = ADVANCED_FACE ( 'NONE', ( #3582 ), #2351, .F. ) ;
#1512 = VERTEX_POINT ( 'NONE', #33 ) ;
#1513 = EDGE_CURVE ( 'NONE', #739, #1814, #1766, .T. ) ;
#1514 = PLANE ( 'NONE',  #3131 ) ;
#1515 = DIRECTION ( 'NONE',  ( 0.000000000000000000, -0.000000000000000000, -1.000000000000000000 ) ) ;
#1516 = ORIENTED_EDGE ( 'NONE', *, *, #262, .F. ) ;
#1517 = CARTESIAN_POINT ( 'NONE',  ( 0.000000000000000000, 16.99999999999998579, 2.500000000000000000 ) ) ;
#1518 = ORIENTED_EDGE ( 'NONE', *, *, #157, .F. ) ;
#1519 = DIRECTION ( 'NONE',  ( -0.000000000000000000, -0.000000000000000000, 1.000000000000000000 ) ) ;
#1520 = ORIENTED_EDGE ( 'NONE', *, *, #2103, .F. ) ;
#1521 = VECTOR ( 'NONE', #3311, 1000.000000000000000 ) ;
#1522 = LINE ( 'NONE', #373, #584 ) ;
#1523 = ORIENTED_EDGE ( 'NONE', *, *, #1457, .F. ) ;
#1524 = LINE ( 'NONE', #1172, #2337 ) ;
#1525 = CARTESIAN_POINT ( 'NONE',  ( 9.500000000000000000, -13.24999999999999645, -2.250000000000000000 ) ) ;
#1526 = DIRECTION ( 'NONE',  ( 1.000000000000000000, -0.000000000000000000, -0.000000000000000000 ) ) ;
#1527 = ORIENTED_EDGE ( 'NONE', *, *, #2278, .F. ) ;
#1528 = ADVANCED_FACE ( 'NONE', ( #53 ), #2089, .F. ) ;
#1529 = CARTESIAN_POINT ( 'NONE',  ( -20.49999999999999289, 10.25000000000000000, 2.499999999999999556 ) ) ;
#1530 = ORIENTED_EDGE ( 'NONE', *, *, #3203, .T. ) ;
#1531 = ADVANCED_FACE ( 'NONE', ( #376 ), #2701, .F. ) ;
#1532 = DIRECTION ( 'NONE',  ( 1.826024711554533913E-16, -1.000000000000000000, 0.000000000000000000 ) ) ;
#1533 = DIRECTION ( 'NONE',  ( 0.000000000000000000, -1.000000000000000000, 0.000000000000000000 ) ) ;
#1534 = ORIENTED_EDGE ( 'NONE', *, *, #1379, .T. ) ;
#1535 = ORIENTED_EDGE ( 'NONE', *, *, #2162, .F. ) ;
#1536 = CARTESIAN_POINT ( 'NONE',  ( 3.812500000000006661, 10.39655629614364507, 2.500000000000000000 ) ) ;
#1537 = FACE_OUTER_BOUND ( 'NONE', #3383, .T. ) ;
#1538 = AXIS2_PLACEMENT_3D ( 'NONE', #131, #793, #2222 ) ;
#1539 = VERTEX_POINT ( 'NONE', #3545 ) ;
#1540 = AXIS2_PLACEMENT_3D ( 'NONE', #2398, #2114, #977 ) ;
#1541 = CARTESIAN_POINT ( 'NONE',  ( -9.500000000000000000, -13.24999999999999645, -2.250000000000000000 ) ) ;
#1542 = DIRECTION ( 'NONE',  ( -0.7071067811865493491, -0.000000000000000000, 0.7071067811865456854 ) ) ;
#1543 = ORIENTED_EDGE ( 'NONE', *, *, #3556, .T. ) ;
#1544 = AXIS2_PLACEMENT_3D ( 'NONE', #1112, #2269, #3689 ) ;
#1545 = DIRECTION ( 'NONE',  ( -0.000000000000000000, -0.000000000000000000, 1.000000000000000000 ) ) ;
#1546 = FACE_OUTER_BOUND ( 'NONE', #1820, .T. ) ;
#1547 = ORIENTED_EDGE ( 'NONE', *, *, #774, .F. ) ;
#1548 = PLANE ( 'NONE',  #1632 ) ;
#1549 = VECTOR ( 'NONE', #902, 1000.000000000000000 ) ;
#1550 = DIRECTION ( 'NONE',  ( -0.000000000000000000, -0.000000000000000000, -1.000000000000000000 ) ) ;
#1551 = ORIENTED_EDGE ( 'NONE', *, *, #3489, .T. ) ;
#1552 = EDGE_CURVE ( 'NONE', #3309, #732, #644, .T. ) ;
#1553 = ORIENTED_EDGE ( 'NONE', *, *, #1120, .T. ) ;
#1554 = CARTESIAN_POINT ( 'NONE',  ( 22.25000000000000000, -10.25000000000000000, -3.500000000000000444 ) ) ;
#1555 = CARTESIAN_POINT ( 'NONE',  ( 9.999999999999994671, -40.00000000000000711, 5.000000000000000000 ) ) ;
#1556 = ORIENTED_EDGE ( 'NONE', *, *, #610, .F. ) ;
#1557 = AXIS2_PLACEMENT_3D ( 'NONE', #2963, #31, #2025 ) ;
#1558 = CARTESIAN_POINT ( 'NONE',  ( 9.500000000000000000, 0.000000000000000000, 0.000000000000000000 ) ) ;
#1559 = DIRECTION ( 'NONE',  ( 1.000000000000000000, 0.000000000000000000, 0.000000000000000000 ) ) ;
#1560 = FACE_OUTER_BOUND ( 'NONE', #2546, .T. ) ;
#1561 = EDGE_LOOP ( 'NONE', ( #395, #1825, #2490, #880, #3246, #1520, #645 ) ) ;
#1562 = DIRECTION ( 'NONE',  ( 1.000000000000000000, 0.000000000000000000, 0.000000000000000000 ) ) ;
#1563 = CARTESIAN_POINT ( 'NONE',  ( -27.99999999999999645, 39.99999999999997868, 5.000000000000000000 ) ) ;
#1564 = ORIENTED_EDGE ( 'NONE', *, *, #64, .T. ) ;
#1565 = CYLINDRICAL_SURFACE ( 'NONE', #776, 6.000000000000000000 ) ;
#1566 = FACE_OUTER_BOUND ( 'NONE', #3553, .T. ) ;
#1567 = ORIENTED_EDGE ( 'NONE', *, *, #1615, .F. ) ;
#1568 = ORIENTED_EDGE ( 'NONE', *, *, #2287, .T. ) ;
#1569 = PRODUCT_DEFINITION ( 'UNKNOWN', '', #2778, #717 ) ;
#1570 = PLANE ( 'NONE',  #2389 ) ;
#1571 = DIRECTION ( 'NONE',  ( -1.000000000000000000, 0.000000000000000000, 0.000000000000000000 ) ) ;
#1572 = EDGE_CURVE ( 'NONE', #2216, #68, #2374, .T. ) ;
#1573 = DIRECTION ( 'NONE',  ( -2.891205793294678696E-17, -1.000000000000000000, -0.000000000000000000 ) ) ;
#1574 = AXIS2_PLACEMENT_3D ( 'NONE', #601, #2928, #321 ) ;
#1575 = ORIENTED_EDGE ( 'NONE', *, *, #1832, .T. ) ;
#1576 = DIRECTION ( 'NONE',  ( -1.000000000000000000, 0.000000000000000000, 0.000000000000000000 ) ) ;
#1577 = VECTOR ( 'NONE', #516, 1000.000000000000227 ) ;
#1578 = EDGE_CURVE ( 'NONE', #1470, #2886, #3282, .T. ) ;
#1579 = EDGE_CURVE ( 'NONE', #3579, #3054, #343, .T. ) ;
#1580 = ORIENTED_EDGE ( 'NONE', *, *, #1889, .F. ) ;
#1581 = CARTESIAN_POINT ( 'NONE',  ( 19.07457351945706137, 10.24999999999999822, 2.500000000000000000 ) ) ;
#1582 = DIRECTION ( 'NONE',  ( 1.000000000000000000, 0.000000000000000000, 0.000000000000000000 ) ) ;
#1583 = ORIENTED_EDGE ( 'NONE', *, *, #83, .F. ) ;
#1584 = CARTESIAN_POINT ( 'NONE',  ( 22.25000000000000000, 10.24999999999999822, 5.000000000000000000 ) ) ;
#1585 = LINE ( 'NONE', #2743, #1750 ) ;
#1586 = FACE_OUTER_BOUND ( 'NONE', #2986, .T. ) ;
#1587 = ORIENTED_EDGE ( 'NONE', *, *, #1490, .F. ) ;
#1588 = VECTOR ( 'NONE', #784, 1000.000000000000000 ) ;
#1589 = ORIENTED_EDGE ( 'NONE', *, *, #3039, .F. ) ;
#1590 = DIRECTION ( 'NONE',  ( 0.000000000000000000, 0.000000000000000000, -1.000000000000000000 ) ) ;
#1591 = CARTESIAN_POINT ( 'NONE',  ( 6.000000000000003553, 16.99999999999998579, 2.500000000000000000 ) ) ;
#1592 = CARTESIAN_POINT ( 'NONE',  ( 23.83771324027146932, 12.99999999999999822, 0.000000000000000000 ) ) ;
#1593 = ORIENTED_EDGE ( 'NONE', *, *, #1500, .F. ) ;
#1594 = DIRECTION ( 'NONE',  ( 0.000000000000000000, 0.000000000000000000, 1.000000000000000000 ) ) ;
#1595 = ORIENTED_EDGE ( 'NONE', *, *, #3254, .F. ) ;
#1596 = DIRECTION ( 'NONE',  ( -1.000000000000000000, 0.000000000000000000, 0.000000000000000000 ) ) ;
#1597 = CARTESIAN_POINT ( 'NONE',  ( 0.000000000000000000, -13.00000000000001066, 2.500000000000000000 ) ) ;
#1598 = VERTEX_POINT ( 'NONE', #397 ) ;
#1599 = AXIS2_PLACEMENT_3D ( 'NONE', #2792, #2720, #3586 ) ;
#1600 = FACE_OUTER_BOUND ( 'NONE', #3588, .T. ) ;
#1601 = DIRECTION ( 'NONE',  ( 0.5000000000000002220, -0.8660254037844384856, 0.000000000000000000 ) ) ;
#1602 = DIRECTION ( 'NONE',  ( -0.4999999999999959477, 0.8660254037844410391, 0.000000000000000000 ) ) ;
#1603 = VECTOR ( 'NONE', #3693, 1000.000000000000000 ) ;
#1604 = ORIENTED_EDGE ( 'NONE', *, *, #2560, .F. ) ;
#1605 = ORIENTED_EDGE ( 'NONE', *, *, #1849, .F. ) ;
#1606 = FACE_OUTER_BOUND ( 'NONE', #2577, .T. ) ;
#1607 = VERTEX_POINT ( 'NONE', #2966 ) ;
#1608 = DIRECTION ( 'NONE',  ( -0.000000000000000000, -0.000000000000000000, 1.000000000000000000 ) ) ;
#1609 = EDGE_CURVE ( 'NONE', #2728, #482, #3279, .T. ) ;
#1610 = DIRECTION ( 'NONE',  ( 0.000000000000000000, 0.000000000000000000, 1.000000000000000000 ) ) ;
#1611 = VERTEX_POINT ( 'NONE', #2430 ) ;
#1612 = AXIS2_PLACEMENT_3D ( 'NONE', #623, #1788, #2447 ) ;
#1613 = PLANE ( 'NONE',  #995 ) ;
#1614 = DIRECTION ( 'NONE',  ( -0.000000000000000000, 1.000000000000000000, -0.000000000000000000 ) ) ;
#1615 = EDGE_CURVE ( 'NONE', #2791, #1611, #3032, .T. ) ;
#1616 = ORIENTED_EDGE ( 'NONE', *, *, #2690, .F. ) ;
#1617 = ADVANCED_FACE ( 'NONE', ( #1560 ), #1237, .F. ) ;
#1618 = EDGE_CURVE ( 'NONE', #468, #2512, #2594, .T. ) ;
#1619 = DIRECTION ( 'NONE',  ( 0.000000000000000000, -0.7071067811865503483, 0.7071067811865445751 ) ) ;
#1620 = LINE ( 'NONE', #206, #170 ) ;
#1621 = EDGE_CURVE ( 'NONE', #266, #1989, #3094, .T. ) ;
#1622 = EDGE_CURVE ( 'NONE', #1037, #3425, #1254, .T. ) ;
#1623 = CARTESIAN_POINT ( 'NONE',  ( 7.625000000000000000, 17.00000000000001776, 5.000000000000000000 ) ) ;
#1624 = ORIENTED_EDGE ( 'NONE', *, *, #2000, .F. ) ;
#1625 = ADVANCED_FACE ( 'NONE', ( #2043 ), #3217, .F. ) ;
#1626 = ORIENTED_EDGE ( 'NONE', *, *, #3688, .T. ) ;
#1627 = VECTOR ( 'NONE', #274, 1000.000000000000000 ) ;
#1628 = VECTOR ( 'NONE', #3760, 1000.000000000000000 ) ;
#1629 = CARTESIAN_POINT ( 'NONE',  ( -27.99999999999999645, 39.99999999999997868, 0.000000000000000000 ) ) ;
#1630 = ORIENTED_EDGE ( 'NONE', *, *, #2582, .T. ) ;
#1631 = PLANE ( 'NONE',  #2301 ) ;
#1632 = AXIS2_PLACEMENT_3D ( 'NONE', #1279, #2707, #97 ) ;
#1633 = AXIS2_PLACEMENT_3D ( 'NONE', #73, #3297, #2412 ) ;
#1634 = ORIENTED_EDGE ( 'NONE', *, *, #2365, .F. ) ;
#1635 = FACE_BOUND ( 'NONE', #1306, .T. ) ;
#1636 = LINE ( 'NONE', #2553, #3384 ) ;
#1637 = ORIENTED_EDGE ( 'NONE', *, *, #1168, .T. ) ;
#1638 = VECTOR ( 'NONE', #553, 1000.000000000000000 ) ;
#1639 = PLANE ( 'NONE',  #76 ) ;
#1640 = LINE ( 'NONE', #132, #1139 ) ;
#1641 = LINE ( 'NONE', #3342, #193 ) ;
#1642 = VERTEX_POINT ( 'NONE', #2640 ) ;
#1643 = ORIENTED_EDGE ( 'NONE', *, *, #3254, .T. ) ;
#1644 = CARTESIAN_POINT ( 'NONE',  ( 23.83771324027147642, -7.500000000000001776, 2.500000000000000000 ) ) ;
#1645 = ORIENTED_EDGE ( 'NONE', *, *, #1786, .T. ) ;
#1646 = DIRECTION ( 'NONE',  ( 1.826024711554533913E-16, -1.000000000000000000, 0.000000000000000000 ) ) ;
#1647 = ORIENTED_EDGE ( 'NONE', *, *, #2514, .F. ) ;
#1648 = DIRECTION ( 'NONE',  ( -1.000000000000000000, 0.000000000000000000, 0.000000000000000000 ) ) ;
#1649 = CYLINDRICAL_SURFACE ( 'NONE', #571, 2.000000000000008882 ) ;
#1650 = ORIENTED_EDGE ( 'NONE', *, *, #781, .F. ) ;
#1651 = CARTESIAN_POINT ( 'NONE',  ( 19.07457351945705781, -10.25000000000000355, 2.500000000000000000 ) ) ;
#1652 = CARTESIAN_POINT ( 'NONE',  ( -10.25000000000000000, -15.00000000000001954, -1.821662113731688484E-15 ) ) ;
#1653 = DIRECTION ( 'NONE',  ( 1.000000000000000000, 0.000000000000000000, 0.000000000000000000 ) ) ;
#1654 = DIRECTION ( 'NONE',  ( -1.000000000000000000, 0.000000000000000000, -0.000000000000000000 ) ) ;
#1655 = AXIS2_PLACEMENT_3D ( 'NONE', #1858, #3251, #1571 ) ;
#1656 = VERTEX_POINT ( 'NONE', #988 ) ;
#1657 = EDGE_CURVE ( 'NONE', #3135, #2011, #1862, .T. ) ;
#1658 = AXIS2_PLACEMENT_3D ( 'NONE', #451, #1349, #1562 ) ;
#1659 = LINE ( 'NONE', #3093, #2336 ) ;
#1660 = DIRECTION ( 'NONE',  ( -0.000000000000000000, -0.000000000000000000, -1.000000000000000000 ) ) ;
#1661 = EDGE_CURVE ( 'NONE', #1432, #2645, #3022, .T. ) ;
#1662 = ORIENTED_EDGE ( 'NONE', *, *, #3045, .F. ) ;
#1663 = EDGE_CURVE ( 'NONE', #2978, #2996, #379, .T. ) ;
#1664 = LINE ( 'NONE', #827, #2790 ) ;
#1665 = ORIENTED_EDGE ( 'NONE', *, *, #1055, .F. ) ;
#1666 = LINE ( 'NONE', #2826, #82 ) ;
#1667 = DIRECTION ( 'NONE',  ( -0.000000000000000000, 1.000000000000000000, -0.000000000000000000 ) ) ;
#1668 = AXIS2_PLACEMENT_3D ( 'NONE', #2378, #350, #117 ) ;
#1669 = ORIENTED_EDGE ( 'NONE', *, *, #1657, .F. ) ;
#1670 = DIRECTION ( 'NONE',  ( -0.000000000000000000, -0.000000000000000000, -1.000000000000000000 ) ) ;
#1671 = CARTESIAN_POINT ( 'NONE',  ( 6.000000000000003553, -15.00000000000000711, 5.000000000000000000 ) ) ;
#1672 = ORIENTED_EDGE ( 'NONE', *, *, #2913, .T. ) ;
#1673 = CARTESIAN_POINT ( 'NONE',  ( 20.66228675972852713, -13.00000000000000533, 0.000000000000000000 ) ) ;
#1674 = CARTESIAN_POINT ( 'NONE',  ( 20.66228675972852713, 12.99999999999999822, 2.500000000000000000 ) ) ;
#1675 = CIRCLE ( 'NONE', #3013, 1.750000000000001554 ) ;
#1676 = VERTEX_POINT ( 'NONE', #1328 ) ;
#1677 = ORIENTED_EDGE ( 'NONE', *, *, #3038, .T. ) ;
#1678 = CARTESIAN_POINT ( 'NONE',  ( 10.25000000000000000, -15.00000000000001954, 5.000000000000000000 ) ) ;
#1679 = EDGE_CURVE ( 'NONE', #1026, #616, #3604, .T. ) ;
#1680 = VERTEX_POINT ( 'NONE', #2130 ) ;
#1681 = CARTESIAN_POINT ( 'NONE',  ( 9.999999999999994671, -40.00000000000000711, 5.000000000000000000 ) ) ;
#1682 = EDGE_CURVE ( 'NONE', #1090, #3135, #718, .T. ) ;
#1683 = ORIENTED_EDGE ( 'NONE', *, *, #3653, .T. ) ;
#1684 = ADVANCED_FACE ( 'NONE', ( #1546 ), #415, .F. ) ;
#1685 = ADVANCED_FACE ( 'NONE', ( #2740 ), #1030, .F. ) ;
#1686 = DIRECTION ( 'NONE',  ( -0.000000000000000000, -0.000000000000000000, 1.000000000000000000 ) ) ;
#1687 = CARTESIAN_POINT ( 'NONE',  ( 20.66228675972853068, -7.500000000000001776, 2.500000000000000000 ) ) ;
#1688 = ADVANCED_FACE ( 'NONE', ( #1882 ), #686, .F. ) ;
#1689 = CARTESIAN_POINT ( 'NONE',  ( -3.222464245772837632, -4.910596876154464496, 2.500000000000000000 ) ) ;
#1690 = DIRECTION ( 'NONE',  ( -1.000000000000000000, 0.000000000000000000, 0.000000000000000000 ) ) ;
#1691 = VERTEX_POINT ( 'NONE', #3300 ) ;
#1692 = AXIS2_PLACEMENT_3D ( 'NONE', #1010, #1830, #2187 ) ;
#1693 = PLANE ( 'NONE',  #489 ) ;
#1694 = LINE ( 'NONE', #2558, #2506 ) ;
#1695 = ORIENTED_EDGE ( 'NONE', *, *, #3692, .F. ) ;
#1696 = VECTOR ( 'NONE', #2443, 1000.000000000000000 ) ;
#1697 = CARTESIAN_POINT ( 'NONE',  ( 20.66228675972852713, -13.00000000000000533, 2.500000000000000000 ) ) ;
#1698 = DIRECTION ( 'NONE',  ( 0.000000000000000000, -0.000000000000000000, 1.000000000000000000 ) ) ;
#1699 = DIRECTION ( 'NONE',  ( -9.130123557772669567E-17, 1.000000000000000000, -0.000000000000000000 ) ) ;
#1700 = ORIENTED_EDGE ( 'NONE', *, *, #145, .F. ) ;
#1701 = LINE ( 'NONE', #2857, #2667 ) ;
#1702 = DIRECTION ( 'NONE',  ( 0.4999999999999997780, 0.8660254037844387076, 0.000000000000000000 ) ) ;
#1703 = LINE ( 'NONE', #3101, #3327 ) ;
#1704 = CARTESIAN_POINT ( 'NONE',  ( 0.000000000000000000, -13.00000000000001066, 2.500000000000000000 ) ) ;
#1705 = CARTESIAN_POINT ( 'NONE',  ( 30.00000000000001066, 37.99999999999997868, 0.000000000000000000 ) ) ;
#1706 = DIRECTION ( 'NONE',  ( 0.8660254037844390407, -0.4999999999999993339, 0.000000000000000000 ) ) ;
#1707 = CARTESIAN_POINT ( 'NONE',  ( -9.999999999999994671, -12.00000000000002132, 5.000000000000000000 ) ) ;
#1708 = ORIENTED_EDGE ( 'NONE', *, *, #3479, .F. ) ;
#1709 = CIRCLE ( 'NONE', #551, 2.500000000000000444 ) ;
#1710 = CIRCLE ( 'NONE', #2809, 6.000000000000000000 ) ;
#1711 = FACE_OUTER_BOUND ( 'NONE', #3320, .T. ) ;
#1712 = ORIENTED_EDGE ( 'NONE', *, *, #108, .F. ) ;
#1713 = CARTESIAN_POINT ( 'NONE',  ( 0.000000000000000000, -12.00000000000002132, 0.000000000000000000 ) ) ;
#1714 = DIRECTION ( 'NONE',  ( -0.8660254037844363761, -0.5000000000000041078, 0.000000000000000000 ) ) ;
#1715 = ORIENTED_EDGE ( 'NONE', *, *, #3321, .T. ) ;
#1716 = DIRECTION ( 'NONE',  ( 0.000000000000000000, -1.000000000000000000, 1.445602896647339656E-16 ) ) ;
#1717 = AXIS2_PLACEMENT_3D ( 'NONE', #3389, #3100, #1648 ) ;
#1718 = DIRECTION ( 'NONE',  ( 0.000000000000000000, -0.000000000000000000, -1.000000000000000000 ) ) ;
#1719 = FACE_OUTER_BOUND ( 'NONE', #3132, .T. ) ;
#1720 = EDGE_CURVE ( 'NONE', #2996, #3592, #149, .T. ) ;
#1721 = DIRECTION ( 'NONE',  ( 0.000000000000000000, 0.000000000000000000, 1.000000000000000000 ) ) ;
#1722 = CARTESIAN_POINT ( 'NONE',  ( 15.00000000000000000, 25.00000000000001421, -0.5000000000000000000 ) ) ;
#1723 = EDGE_LOOP ( 'NONE', ( #609, #1669, #2674, #2175, #2908 ) ) ;
#1725 = EDGE_CURVE ( 'NONE', #1933, #2787, #3354, .T. ) ;
#1724 = LINE ( 'NONE', #2557, #1158 ) ;
#1726 = DIRECTION ( 'NONE',  ( 0.000000000000000000, 0.000000000000000000, -1.000000000000000000 ) ) ;
#1727 = ORIENTED_EDGE ( 'NONE', *, *, #2517, .F. ) ;
#1728 = ORIENTED_EDGE ( 'NONE', *, *, #1768, .T. ) ;
#1729 = EDGE_CURVE ( 'NONE', #1085, #1809, #1929, .T. ) ;
#1730 = VECTOR ( 'NONE', #3705, 1000.000000000000000 ) ;
#1731 = LINE ( 'NONE', #2302, #1493 ) ;
#1732 = EDGE_CURVE ( 'NONE', #2606, #1796, #3048, .T. ) ;
#1733 = ORIENTED_EDGE ( 'NONE', *, *, #822, .F. ) ;
#1734 = EDGE_CURVE ( 'NONE', #1767, #3257, #1277, .T. ) ;
#1735 = DIRECTION ( 'NONE',  ( 0.000000000000000000, -0.000000000000000000, 1.000000000000000000 ) ) ;
#1736 = CARTESIAN_POINT ( 'NONE',  ( 8.999999999999998224, 19.99999999999998934, 0.000000000000000000 ) ) ;
#1737 = ORIENTED_EDGE ( 'NONE', *, *, #3718, .F. ) ;
#1738 = DIRECTION ( 'NONE',  ( 0.000000000000000000, -1.000000000000000000, -2.177149865150850283E-16 ) ) ;
#1739 = ORIENTED_EDGE ( 'NONE', *, *, #2326, .T. ) ;
#1740 = PLANE ( 'NONE',  #281 ) ;
#1741 = ORIENTED_EDGE ( 'NONE', *, *, #1622, .F. ) ;
#1742 = DIRECTION ( 'NONE',  ( 0.4999999999999997780, 0.8660254037844387076, 0.000000000000000000 ) ) ;
#1743 = CARTESIAN_POINT ( 'NONE',  ( 7.375000000000000000, -13.00000000000001066, 2.500000000000000000 ) ) ;
#1744 = CIRCLE ( 'NONE', #2228, 8.999999999999998224 ) ;
#1745 = LINE ( 'NONE', #889, #380 ) ;
#1746 = UNCERTAINTY_MEASURE_WITH_UNIT (LENGTH_MEASURE( 1.000000000000000082E-05 ), #2984, 'distance_accuracy_value', 'NONE');
#1747 = FACE_OUTER_BOUND ( 'NONE', #1036, .T. ) ;
#1748 = DIRECTION ( 'NONE',  ( 0.000000000000000000, -1.000000000000000000, 0.000000000000000000 ) ) ;
#1749 = VERTEX_POINT ( 'NONE', #2434 ) ;
#1750 = VECTOR ( 'NONE', #3468, 1000.000000000000000 ) ;
#1751 = VECTOR ( 'NONE', #2295, 1000.000000000000000 ) ;
#1752 = DIRECTION ( 'NONE',  ( 1.000000000000000000, 0.000000000000000000, -0.000000000000000000 ) ) ;
#1753 = VECTOR ( 'NONE', #1416, 1000.000000000000000 ) ;
#1754 = VERTEX_POINT ( 'NONE', #3660 ) ;
#1755 = DIRECTION ( 'NONE',  ( -0.000000000000000000, -0.000000000000000000, -1.000000000000000000 ) ) ;
#1756 = DIRECTION ( 'NONE',  ( 0.000000000000000000, 0.000000000000000000, 1.000000000000000000 ) ) ;
#1757 = ORIENTED_EDGE ( 'NONE', *, *, #1406, .F. ) ;
#1758 = DIRECTION ( 'NONE',  ( 0.000000000000000000, 0.000000000000000000, 1.000000000000000000 ) ) ;
#1759 = EDGE_LOOP ( 'NONE', ( #3418, #1358, #517, #1951 ) ) ;
#1760 = CARTESIAN_POINT ( 'NONE',  ( 9.500000000000000000, -13.24999999999999645, -2.750000000000000000 ) ) ;
#1761 = ORIENTED_EDGE ( 'NONE', *, *, #2038, .F. ) ;
#1762 = CARTESIAN_POINT ( 'NONE',  ( -22.25000000000000000, 10.25000000000000000, 5.000000000000000000 ) ) ;
#1763 = LINE ( 'NONE', #1743, #1371 ) ;
#1764 = AXIS2_PLACEMENT_3D ( 'NONE', #3737, #2854, #194 ) ;
#1765 = CARTESIAN_POINT ( 'NONE',  ( 15.00000000000000000, 25.00000000000001421, 0.000000000000000000 ) ) ;
#1766 = LINE ( 'NONE', #1827, #1876 ) ;
#1767 = VERTEX_POINT ( 'NONE', #1901 ) ;
#1768 = EDGE_CURVE ( 'NONE', #3541, #431, #3319, .T. ) ;
#1769 = CARTESIAN_POINT ( 'NONE',  ( -22.25000000000000000, -10.25000000000000000, 5.000000000000000000 ) ) ;
#1770 = FACE_OUTER_BOUND ( 'NONE', #183, .T. ) ;
#1771 = EDGE_LOOP ( 'NONE', ( #714, #2681, #2612, #765 ) ) ;
#1772 = FACE_OUTER_BOUND ( 'NONE', #1771, .T. ) ;
#1773 = CARTESIAN_POINT ( 'NONE',  ( 0.000000000000000000, 1.999999999999989564, 2.500000000000000000 ) ) ;
#1774 = ORIENTED_EDGE ( 'NONE', *, *, #1455, .F. ) ;
#1775 = APPLICATION_CONTEXT ( 'automotive_design' ) ;
#1776 = ADVANCED_FACE ( 'NONE', ( #1865 ), #1295, .T. ) ;
#1777 = DIRECTION ( 'NONE',  ( -0.000000000000000000, -0.000000000000000000, -1.000000000000000000 ) ) ;
#1778 = CARTESIAN_POINT ( 'NONE',  ( 3.687500000000009770, 10.61306264708975888, 2.500000000000000000 ) ) ;
#1779 = VECTOR ( 'NONE', #898, 1000.000000000000000 ) ;
#1780 = DIRECTION ( 'NONE',  ( 0.5000000000000003331, 0.8660254037844383745, 0.000000000000000000 ) ) ;
#1781 = ORIENTED_EDGE ( 'NONE', *, *, #869, .F. ) ;
#1782 = EDGE_CURVE ( 'NONE', #3496, #783, #2775, .T. ) ;
#1783 = AXIS2_PLACEMENT_3D ( 'NONE', #15, #1813, #2970 ) ;
#1784 = DIRECTION ( 'NONE',  ( 0.000000000000000000, -0.000000000000000000, -1.000000000000000000 ) ) ;
#1785 = ORIENTED_EDGE ( 'NONE', *, *, #1552, .T. ) ;
#1786 = EDGE_CURVE ( 'NONE', #3329, #2131, #1407, .T. ) ;
#1787 = CARTESIAN_POINT ( 'NONE',  ( -10.74999999999999645, -12.00000000000002132, 5.000000000000000000 ) ) ;
#1788 = DIRECTION ( 'NONE',  ( -0.000000000000000000, -0.000000000000000000, -1.000000000000000000 ) ) ;
#1789 = LINE ( 'NONE', #1525, #2961 ) ;
#1790 = DIRECTION ( 'NONE',  ( 0.000000000000000000, 0.000000000000000000, 1.000000000000000000 ) ) ;
#1791 = VERTEX_POINT ( 'NONE', #3284 ) ;
#1792 = LINE ( 'NONE', #2987, #3725 ) ;
#1793 = EDGE_LOOP ( 'NONE', ( #2494, #398, #3639, #1645, #3401 ) ) ;
#1794 = CARTESIAN_POINT ( 'NONE',  ( 25.42542648054294574, -10.25000000000000533, 2.500000000000000000 ) ) ;
#1795 = CARTESIAN_POINT ( 'NONE',  ( 30.00000000000000711, 37.99999999999997868, 5.000000000000000000 ) ) ;
#1796 = VERTEX_POINT ( 'NONE', #2167 ) ;
#1797 = AXIS2_PLACEMENT_3D ( 'NONE', #836, #2547, #854 ) ;
#1798 = CARTESIAN_POINT ( 'NONE',  ( 22.25000000000000000, -10.25000000000000000, 5.000000000000000000 ) ) ;
#1799 = EDGE_LOOP ( 'NONE', ( #1336, #594, #2519, #344, #2126, #377 ) ) ;
#1800 = CARTESIAN_POINT ( 'NONE',  ( 9.000000000000000000, 16.99999999999998579, 2.500000000000000000 ) ) ;
#1801 = EDGE_LOOP ( 'NONE', ( #1466, #1580, #3748, #2915 ) ) ;
#1802 = CARTESIAN_POINT ( 'NONE',  ( 12.75000000000001421, -40.00000000000002132, 2.499999999999998668 ) ) ;
#1803 = EDGE_CURVE ( 'NONE', #337, #2238, #2988, .T. ) ;
#1804 = VERTEX_POINT ( 'NONE', #1113 ) ;
#1805 = EDGE_CURVE ( 'NONE', #3546, #2524, #519, .T. ) ;
#1806 = DIRECTION ( 'NONE',  ( 1.000000000000000000, 0.000000000000000000, 0.000000000000000000 ) ) ;
#1807 = FILL_AREA_STYLE_COLOUR ( '', #3086 ) ;
#1808 = CARTESIAN_POINT ( 'NONE',  ( 25.42542648054294574, -10.25000000000000533, 2.500000000000000000 ) ) ;
#1809 = VERTEX_POINT ( 'NONE', #2811 ) ;
#1810 = EDGE_CURVE ( 'NONE', #1393, #972, #3727, .T. ) ;
#1811 = AXIS2_PLACEMENT_3D ( 'NONE', #1985, #2310, #2541 ) ;
#1812 = EDGE_CURVE ( 'NONE', #2155, #2725, #1397, .T. ) ;
#1813 = DIRECTION ( 'NONE',  ( -1.000000000000000000, -0.000000000000000000, 0.000000000000000000 ) ) ;
#1814 = VERTEX_POINT ( 'NONE', #202 ) ;
#1815 = DIRECTION ( 'NONE',  ( -0.5000000000000001110, 0.8660254037844385966, 0.000000000000000000 ) ) ;
#1816 = DIRECTION ( 'NONE',  ( -0.000000000000000000, -0.000000000000000000, -1.000000000000000000 ) ) ;
#1817 = ORIENTED_EDGE ( 'NONE', *, *, #3649, .F. ) ;
#1818 = AXIS2_PLACEMENT_3D ( 'NONE', #1014, #1083, #1905 ) ;
#1819 = VECTOR ( 'NONE', #3338, 1000.000000000000000 ) ;
#1820 = EDGE_LOOP ( 'NONE', ( #2750, #933, #315, #502 ) ) ;
#1821 = DIRECTION ( 'NONE',  ( -0.000000000000000000, -0.000000000000000000, -1.000000000000000000 ) ) ;
#1822 = CIRCLE ( 'NONE', #177, 2.000000000000001776 ) ;
#1823 = VECTOR ( 'NONE', #1646, 1000.000000000000000 ) ;
#1824 = DIRECTION ( 'NONE',  ( 1.000000000000000000, -0.000000000000000000, -0.000000000000000000 ) ) ;
#1825 = ORIENTED_EDGE ( 'NONE', *, *, #1508, .F. ) ;
#1826 = LINE ( 'NONE', #2390, #2098 ) ;
#1827 = CARTESIAN_POINT ( 'NONE',  ( 10.25000000000000000, -40.00000000000002132, 5.000000000000000000 ) ) ;
#1828 = ORIENTED_EDGE ( 'NONE', *, *, #1344, .T. ) ;
#1829 = DIRECTION ( 'NONE',  ( -0.000000000000000000, -0.000000000000000000, -1.000000000000000000 ) ) ;
#1830 = DIRECTION ( 'NONE',  ( -1.000000000000000000, 0.000000000000000000, -0.000000000000000000 ) ) ;
#1831 = ORIENTED_EDGE ( 'NONE', *, *, #577, .T. ) ;
#1832 = EDGE_CURVE ( 'NONE', #627, #1060, #1636, .T. ) ;
#1833 = PLANE ( 'NONE',  #1007 ) ;
#1834 = CARTESIAN_POINT ( 'NONE',  ( 13.25000000000000533, -40.00000000000002132, 2.500000000000000000 ) ) ;
#1835 = ORIENTED_EDGE ( 'NONE', *, *, #1810, .F. ) ;
#1836 = VECTOR ( 'NONE', #1995, 1000.000000000000000 ) ;
#1837 = EDGE_LOOP ( 'NONE', ( #3701, #3228, #3225, #1463 ) ) ;
#1838 = CARTESIAN_POINT ( 'NONE',  ( -10.74999999999999645, -40.00000000000002132, 0.000000000000000000 ) ) ;
#1839 = CARTESIAN_POINT ( 'NONE',  ( 19.07457351945706137, 10.24999999999999822, 0.000000000000000000 ) ) ;
#1840 = ORIENTED_EDGE ( 'NONE', *, *, #1226, .T. ) ;
#1841 = VECTOR ( 'NONE', #473, 1000.000000000000000 ) ;
#1842 = CARTESIAN_POINT ( 'NONE',  ( -4.999999999999997335, -48.75000000000000000, 5.000000000000000000 ) ) ;
#1843 = DIRECTION ( 'NONE',  ( -0.4999999999999997780, -0.8660254037844387076, 0.000000000000000000 ) ) ;
#1844 = VERTEX_POINT ( 'NONE', #1950 ) ;
#1845 = VECTOR ( 'NONE', #1510, 1000.000000000000000 ) ;
#1846 = LINE ( 'NONE', #414, #3060 ) ;
#1847 = CARTESIAN_POINT ( 'NONE',  ( -13.25000000000000533, -12.00000000000002132, 2.500000000000000000 ) ) ;
#1848 = EDGE_LOOP ( 'NONE', ( #868, #2893, #220 ) ) ;
#1849 = EDGE_CURVE ( 'NONE', #41, #436, #2220, .T. ) ;
#1850 = PLANE ( 'NONE',  #1184 ) ;
#1851 = ADVANCED_FACE ( 'NONE', ( #3446 ), #830, .F. ) ;
#1852 = CARTESIAN_POINT ( 'NONE',  ( 6.000000000000002665, 16.99999999999998579, 2.500000000000000000 ) ) ;
#1853 = ORIENTED_EDGE ( 'NONE', *, *, #2410, .T. ) ;
#1854 = ADVANCED_FACE ( 'NONE', ( #790 ), #1649, .T. ) ;
#1855 = ORIENTED_EDGE ( 'NONE', *, *, #3653, .F. ) ;
#1856 = CARTESIAN_POINT ( 'NONE',  ( 23.83771324027146932, 7.500000000000000000, 2.500000000000000000 ) ) ;
#1857 = EDGE_CURVE ( 'NONE', #1321, #436, #2845, .T. ) ;
#1858 = CARTESIAN_POINT ( 'NONE',  ( -22.25000000000000000, 10.25000000000000000, 2.499999999999999556 ) ) ;
#1859 = CARTESIAN_POINT ( 'NONE',  ( 10.25000000000000000, -15.00000000000001954, -1.821662113731688484E-15 ) ) ;
#1860 = EDGE_LOOP ( 'NONE', ( #3015, #1157, #1781, #3034 ) ) ;
#1861 = PLANE ( 'NONE',  #1012 ) ;
#1862 = LINE ( 'NONE', #3316, #3585 ) ;
#1863 = ORIENTED_EDGE ( 'NONE', *, *, #1720, .T. ) ;
#1864 = CARTESIAN_POINT ( 'NONE',  ( -5.250000000000000000, -55.00000000000002132, 0.000000000000000000 ) ) ;
#1865 = FACE_OUTER_BOUND ( 'NONE', #850, .T. ) ;
#1866 = ORIENTED_EDGE ( 'NONE', *, *, #64, .F. ) ;
#1867 = FACE_OUTER_BOUND ( 'NONE', #3317, .T. ) ;
#1868 = DIRECTION ( 'NONE',  ( 0.000000000000000000, -1.000000000000000000, 0.000000000000000000 ) ) ;
#1869 = CARTESIAN_POINT ( 'NONE',  ( 20.49999999999999645, 10.24999999999999822, 5.000000000000000000 ) ) ;
#1870 = ORIENTED_EDGE ( 'NONE', *, *, #1682, .T. ) ;
#1871 = AXIS2_PLACEMENT_3D ( 'NONE', #342, #1236, #2088 ) ;
#1872 = ORIENTED_EDGE ( 'NONE', *, *, #1609, .T. ) ;
#1873 = DIRECTION ( 'NONE',  ( 0.000000000000000000, 1.000000000000000000, 0.000000000000000000 ) ) ;
#1874 = CARTESIAN_POINT ( 'NONE',  ( 19.07457351945706137, 10.24999999999999822, 2.500000000000000000 ) ) ;
#1875 = CARTESIAN_POINT ( 'NONE',  ( 9.999999999999994671, -12.00000000000002132, 5.000000000000000000 ) ) ;
#1876 = VECTOR ( 'NONE', #1542, 1000.000000000000000 ) ;
#1877 = ORIENTED_EDGE ( 'NONE', *, *, #3599, .F. ) ;
#1878 = LINE ( 'NONE', #126, #3682 ) ;
#1879 = VECTOR ( 'NONE', #1780, 1000.000000000000227 ) ;
#1880 = ORIENTED_EDGE ( 'NONE', *, *, #1223, .F. ) ;
#1881 = DIRECTION ( 'NONE',  ( 0.000000000000000000, 0.000000000000000000, -1.000000000000000000 ) ) ;
#1882 = FACE_OUTER_BOUND ( 'NONE', #3563, .T. ) ;
#1883 = VERTEX_POINT ( 'NONE', #3405 ) ;
#1884 = CARTESIAN_POINT ( 'NONE',  ( 10.25000000000000000, -50.00000000000002132, -1.821662113731688484E-15 ) ) ;
#1885 = CARTESIAN_POINT ( 'NONE',  ( 23.83771324027147642, -7.500000000000001776, 0.000000000000000000 ) ) ;
#1886 = DIRECTION ( 'NONE',  ( 0.8660254037844410391, 0.4999999999999959477, 0.000000000000000000 ) ) ;
#1887 = EDGE_LOOP ( 'NONE', ( #1193, #3176, #329, #3250, #1404 ) ) ;
#1888 = ORIENTED_EDGE ( 'NONE', *, *, #1450, .F. ) ;
#1889 = EDGE_CURVE ( 'NONE', #3107, #1321, #3157, .T. ) ;
#1890 = CARTESIAN_POINT ( 'NONE',  ( 15.00000000000000000, 25.00000000000001421, 0.000000000000000000 ) ) ;
#1891 = DIRECTION ( 'NONE',  ( -1.000000000000000000, -0.000000000000000000, -0.000000000000000000 ) ) ;
#1892 = ORIENTED_EDGE ( 'NONE', *, *, #3014, .T. ) ;
#1893 = ADVANCED_FACE ( 'NONE', ( #537 ), #2793, .F. ) ;
#1894 = EDGE_CURVE ( 'NONE', #1656, #2929, #1703, .T. ) ;
#1895 = PLANE ( 'NONE',  #2184 ) ;
#1896 = VECTOR ( 'NONE', #740, 1000.000000000000000 ) ;
#1897 = ORIENTED_EDGE ( 'NONE', *, *, #673, .F. ) ;
#1898 = EDGE_CURVE ( 'NONE', #2107, #2883, #2859, .T. ) ;
#1899 = EDGE_CURVE ( 'NONE', #2883, #1090, #210, .T. ) ;
#1900 = CARTESIAN_POINT ( 'NONE',  ( -19.07457351945705426, 10.25000000000000000, 2.500000000000000000 ) ) ;
#1901 = CARTESIAN_POINT ( 'NONE',  ( 27.99999999999999289, 39.99999999999997868, 5.000000000000000000 ) ) ;
#1902 = ORIENTED_EDGE ( 'NONE', *, *, #2000, .T. ) ;
#1903 = CIRCLE ( 'NONE', #554, 5.000000000000000000 ) ;
#1904 = CARTESIAN_POINT ( 'NONE',  ( 7.375000000000000000, -13.00000000000001066, 2.449489742783180546 ) ) ;
#1905 = DIRECTION ( 'NONE',  ( -1.000000000000000000, 0.000000000000000000, -0.000000000000000000 ) ) ;
#1906 = CARTESIAN_POINT ( 'NONE',  ( -12.75000000000000888, -40.00000000000002132, 2.499999999999998224 ) ) ;
#1907 = VECTOR ( 'NONE', #1968, 1000.000000000000000 ) ;
#1908 = ORIENTED_EDGE ( 'NONE', *, *, #391, .T. ) ;
#1909 = CIRCLE ( 'NONE', #2394, 5.000000000000000000 ) ;
#1910 = ORIENTED_EDGE ( 'NONE', *, *, #1447, .F. ) ;
#1911 = FACE_OUTER_BOUND ( 'NONE', #3560, .T. ) ;
#1912 = ORIENTED_EDGE ( 'NONE', *, *, #262, .T. ) ;
#1913 = CARTESIAN_POINT ( 'NONE',  ( -9.500000000000000000, -20.00000000000000000, -0.5000000000000009992 ) ) ;
#1914 = EDGE_CURVE ( 'NONE', #2711, #3454, #1043, .T. ) ;
#1915 = ORIENTED_EDGE ( 'NONE', *, *, #448, .T. ) ;
#1916 = EDGE_CURVE ( 'NONE', #1754, #301, #3138, .T. ) ;
#1917 = DIRECTION ( 'NONE',  ( 0.8660254037844389297, -0.4999999999999995004, 0.000000000000000000 ) ) ;
#1918 = CARTESIAN_POINT ( 'NONE',  ( -10.25000000000000000, -55.00000000000002132, 4.999999999999998224 ) ) ;
#1919 = ORIENTED_EDGE ( 'NONE', *, *, #3688, .F. ) ;
#1920 = CARTESIAN_POINT ( 'NONE',  ( 9.500000000000000000, -20.00000000000000000, -0.5000000000000009992 ) ) ;
#1921 = FACE_OUTER_BOUND ( 'NONE', #3151, .T. ) ;
#1922 = CARTESIAN_POINT ( 'NONE',  ( -3.116809680337662591, -4.684019929395301318, 5.000000000000000000 ) ) ;
#1923 = VERTEX_POINT ( 'NONE', #3080 ) ;
#1924 = ORIENTED_EDGE ( 'NONE', *, *, #1914, .T. ) ;
#1925 = AXIS2_PLACEMENT_3D ( 'NONE', #1778, #1714, #2914 ) ;
#1926 = CARTESIAN_POINT ( 'NONE',  ( -20.49999999999999289, 10.25000000000000000, 5.000000000000000000 ) ) ;
#1927 = ORIENTED_EDGE ( 'NONE', *, *, #3374, .F. ) ;
#1928 = CARTESIAN_POINT ( 'NONE',  ( 6.000000000000000888, -13.00000000000001066, 2.449489742783180546 ) ) ;
#1929 = CIRCLE ( 'NONE', #3457, 9.000000000000001776 ) ;
#1930 = EDGE_LOOP ( 'NONE', ( #442, #405, #1712, #750, #753, #2609 ) ) ;
#1931 = CARTESIAN_POINT ( 'NONE',  ( 9.500000000000000000, -13.99999999999999112, -3.500000000000000444 ) ) ;
#1932 = DIRECTION ( 'NONE',  ( -1.000000000000000000, 0.000000000000000000, 0.000000000000000000 ) ) ;
#1933 = VERTEX_POINT ( 'NONE', #3390 ) ;
#1934 = AXIS2_PLACEMENT_3D ( 'NONE', #2999, #3576, #2749 ) ;
#1935 = CARTESIAN_POINT ( 'NONE',  ( -25.42542648054293863, -10.25000000000000355, 2.500000000000000000 ) ) ;
#1936 = PLANE ( 'NONE',  #741 ) ;
#1937 = CYLINDRICAL_SURFACE ( 'NONE', #655, 1.750000000000001554 ) ;
#1938 = FACE_OUTER_BOUND ( 'NONE', #1799, .T. ) ;
#1939 = ORIENTED_EDGE ( 'NONE', *, *, #2404, .T. ) ;
#1940 = EDGE_CURVE ( 'NONE', #1791, #1044, #2827, .T. ) ;
#1941 = EDGE_CURVE ( 'NONE', #3295, #727, #1381, .T. ) ;
#1942 = LINE ( 'NONE', #674, #3456 ) ;
#1943 = VECTOR ( 'NONE', #1660, 1000.000000000000000 ) ;
#1944 = DIRECTION ( 'NONE',  ( -0.000000000000000000, -0.000000000000000000, -1.000000000000000000 ) ) ;
#1945 = ORIENTED_EDGE ( 'NONE', *, *, #2847, .T. ) ;
#1946 = CARTESIAN_POINT ( 'NONE',  ( 9.500000000000000000, -13.24999999999999645, -2.750000000000000000 ) ) ;
#1947 = ORIENTED_EDGE ( 'NONE', *, *, #3201, .T. ) ;
#1948 = AXIS2_PLACEMENT_3D ( 'NONE', #851, #1177, #2544 ) ;
#1949 = DIRECTION ( 'NONE',  ( 0.000000000000000000, 0.000000000000000000, 1.000000000000000000 ) ) ;
#1950 = CARTESIAN_POINT ( 'NONE',  ( 5.249999999999999112, -55.00000000000002132, -1.377354281114203320E-15 ) ) ;
#1951 = ORIENTED_EDGE ( 'NONE', *, *, #3083, .F. ) ;
#1952 = DIRECTION ( 'NONE',  ( -0.000000000000000000, -0.000000000000000000, 1.000000000000000000 ) ) ;
#1953 = DIRECTION ( 'NONE',  ( -0.000000000000000000, -0.000000000000000000, -1.000000000000000000 ) ) ;
#1954 = LINE ( 'NONE', #2884, #189 ) ;
#1955 = DIRECTION ( 'NONE',  ( 1.000000000000000000, 0.000000000000000000, 0.000000000000000000 ) ) ;
#1956 = AXIS2_PLACEMENT_3D ( 'NONE', #3664, #3679, #174 ) ;
#1957 = ORIENTED_EDGE ( 'NONE', *, *, #617, .F. ) ;
#1958 = PRODUCT_RELATED_PRODUCT_CATEGORY ( 'part', '', ( #3345 ) ) ;
#1959 = ADVANCED_FACE ( 'NONE', ( #1482 ), #318, .T. ) ;
#1960 = VECTOR ( 'NONE', #1590, 1000.000000000000000 ) ;
#1961 = CARTESIAN_POINT ( 'NONE',  ( 27.99999999999999645, 37.99999999999997868, 5.000000000000000000 ) ) ;
#1962 = CARTESIAN_POINT ( 'NONE',  ( 10.25000000000000000, -15.00000000000001954, -1.821662113731688484E-15 ) ) ;
#1963 = EDGE_CURVE ( 'NONE', #2352, #2899, #2161, .T. ) ;
#1964 = VERTEX_POINT ( 'NONE', #3743 ) ;
#1965 = EDGE_CURVE ( 'NONE', #3425, #3413, #2879, .T. ) ;
#1966 = DIRECTION ( 'NONE',  ( -0.000000000000000000, -0.000000000000000000, 1.000000000000000000 ) ) ;
#1967 = EDGE_LOOP ( 'NONE', ( #2268, #788, #525, #125 ) ) ;
#1968 = DIRECTION ( 'NONE',  ( -1.000000000000000000, -0.000000000000000000, -0.000000000000000000 ) ) ;
#1969 = DIRECTION ( 'NONE',  ( 1.000000000000000000, 0.000000000000000000, 0.000000000000000000 ) ) ;
#1970 = VECTOR ( 'NONE', #546, 1000.000000000000000 ) ;
#1971 = ORIENTED_EDGE ( 'NONE', *, *, #429, .T. ) ;
#1972 = LINE ( 'NONE', #2575, #2565 ) ;
#1973 = DIRECTION ( 'NONE',  ( 0.000000000000000000, -0.000000000000000000, 1.000000000000000000 ) ) ;
#1974 = DIRECTION ( 'NONE',  ( 0.000000000000000000, 0.000000000000000000, 1.000000000000000000 ) ) ;
#1975 = VECTOR ( 'NONE', #2087, 1000.000000000000000 ) ;
#1976 = ORIENTED_EDGE ( 'NONE', *, *, #3717, .F. ) ;
#1977 = DIRECTION ( 'NONE',  ( 0.000000000000000000, 0.000000000000000000, 1.000000000000000000 ) ) ;
#1978 = LINE ( 'NONE', #2820, #979 ) ;
#1979 = CARTESIAN_POINT ( 'NONE',  ( -25.42542648054293863, -10.25000000000000355, 2.500000000000000000 ) ) ;
#1980 = ORIENTED_EDGE ( 'NONE', *, *, #1124, .F. ) ;
#1981 = DIRECTION ( 'NONE',  ( 0.000000000000000000, 0.000000000000000000, 1.000000000000000000 ) ) ;
#1982 = EDGE_LOOP ( 'NONE', ( #3181, #2745, #2543, #3269 ) ) ;
#1983 = LINE ( 'NONE', #3117, #1907 ) ;
#1984 = DIRECTION ( 'NONE',  ( -0.000000000000000000, -0.000000000000000000, -1.000000000000000000 ) ) ;
#1985 = CARTESIAN_POINT ( 'NONE',  ( 0.000000000000000000, 16.99999999999998579, 2.500000000000000000 ) ) ;
#1986 = LINE ( 'NONE', #2576, #1268 ) ;
#1987 = DIRECTION ( 'NONE',  ( 0.7071067811865493491, -0.000000000000000000, 0.7071067811865455743 ) ) ;
#1988 =( LENGTH_UNIT ( ) NAMED_UNIT ( * ) SI_UNIT ( .MILLI., .METRE. ) );
#1989 = VERTEX_POINT ( 'NONE', #10 ) ;
#1990 = VECTOR ( 'NONE', #1966, 1000.000000000000000 ) ;
#1991 = LINE ( 'NONE', #3146, #3323 ) ;
#1992 = ORIENTED_EDGE ( 'NONE', *, *, #3371, .F. ) ;
#1993 = PLANE ( 'NONE',  #124 ) ;
#1994 = ADVANCED_FACE ( 'NONE', ( #2309 ), #3543, .F. ) ;
#1995 = DIRECTION ( 'NONE',  ( 0.000000000000000000, -1.000000000000000000, 0.000000000000000000 ) ) ;
#1996 = ORIENTED_EDGE ( 'NONE', *, *, #2842, .F. ) ;
#1997 = CARTESIAN_POINT ( 'NONE',  ( 23.83771324027146932, 12.99999999999999822, 2.500000000000000000 ) ) ;
#1998 = ADVANCED_FACE ( 'NONE', ( #1719 ), #2002, .T. ) ;
#1999 = EDGE_CURVE ( 'NONE', #630, #370, #928, .T. ) ;
#2000 = EDGE_CURVE ( 'NONE', #1263, #1512, #1763, .T. ) ;
#2001 = DIRECTION ( 'NONE',  ( 0.4999999999999992784, -0.8660254037844389297, 0.000000000000000000 ) ) ;
#2002 = CYLINDRICAL_SURFACE ( 'NONE', #1557, 5.000000000000000000 ) ;
#2003 = EDGE_CURVE ( 'NONE', #1340, #2385, #273, .T. ) ;
#2004 = ADVANCED_FACE ( 'NONE', ( #3192 ), #642, .F. ) ;
#2005 = LINE ( 'NONE', #1384, #767 ) ;
#2006 = LINE ( 'NONE', #1422, #2049 ) ;
#2007 = EDGE_CURVE ( 'NONE', #2011, #2107, #1675, .T. ) ;
#2008 = CARTESIAN_POINT ( 'NONE',  ( -23.83771324027146932, -7.500000000000005329, 2.500000000000000000 ) ) ;
#2009 =( NAMED_UNIT ( * ) PLANE_ANGLE_UNIT ( ) SI_UNIT ( $, .RADIAN. ) );
#2010 = ORIENTED_EDGE ( 'NONE', *, *, #3366, .T. ) ;
#2011 = VERTEX_POINT ( 'NONE', #2349 ) ;
#2012 = VECTOR ( 'NONE', #1690, 1000.000000000000000 ) ;
#2013 = VECTOR ( 'NONE', #2420, 1000.000000000000000 ) ;
#2014 = FACE_OUTER_BOUND ( 'NONE', #1311, .T. ) ;
#2015 = VERTEX_POINT ( 'NONE', #1151 ) ;
#2016 = DIRECTION ( 'NONE',  ( 0.000000000000000000, 1.000000000000000000, 0.000000000000000000 ) ) ;
#2017 = AXIS2_PLACEMENT_3D ( 'NONE', #956, #1256, #3283 ) ;
#2018 = CARTESIAN_POINT ( 'NONE',  ( 10.25000000000000000, -15.00000000000001954, 5.000000000000000000 ) ) ;
#2019 = EDGE_LOOP ( 'NONE', ( #2168, #243, #192, #638 ) ) ;
#2020 = DIRECTION ( 'NONE',  ( 0.000000000000000000, 0.7071067811865474617, 0.7071067811865476838 ) ) ;
#2021 = DIRECTION ( 'NONE',  ( 0.000000000000000000, 0.000000000000000000, 1.000000000000000000 ) ) ;
#2022 = VECTOR ( 'NONE', #1013, 1000.000000000000000 ) ;
#2023 = ORIENTED_EDGE ( 'NONE', *, *, #3092, .F. ) ;
#2024 = CARTESIAN_POINT ( 'NONE',  ( 0.000000000000000000, 16.99999999999998579, 5.000000000000000000 ) ) ;
#2025 = DIRECTION ( 'NONE',  ( 1.000000000000000000, 0.000000000000000000, 0.000000000000000000 ) ) ;
#2026 = CARTESIAN_POINT ( 'NONE',  ( 9.500000000000000000, -20.00000000000000000, -9.797174393178823685E-16 ) ) ;
#2027 = DIRECTION ( 'NONE',  ( 0.000000000000000000, -0.7071067811865473507, 0.7071067811865477948 ) ) ;
#2028 = DIRECTION ( 'NONE',  ( -0.5000000000000005551, 0.8660254037844382635, 0.000000000000000000 ) ) ;
#2029 = ORIENTED_EDGE ( 'NONE', *, *, #944, .F. ) ;
#2030 = AXIS2_PLACEMENT_3D ( 'NONE', #1503, #2638, #3172 ) ;
#2031 = CARTESIAN_POINT ( 'NONE',  ( -20.66228675972852358, 7.499999999999998224, 0.000000000000000000 ) ) ;
#2032 = EDGE_LOOP ( 'NONE', ( #2324, #1855, #352, #2622 ) ) ;
#2033 = LINE ( 'NONE', #3185, #2873 ) ;
#2034 = LINE ( 'NONE', #2018, #1836 ) ;
#2035 = ORIENTED_EDGE ( 'NONE', *, *, #3294, .F. ) ;
#2036 = DIRECTION ( 'NONE',  ( 0.8660254037844385966, 0.5000000000000003331, -0.000000000000000000 ) ) ;
#2037 = ORIENTED_EDGE ( 'NONE', *, *, #2410, .F. ) ;
#2038 = EDGE_CURVE ( 'NONE', #972, #3579, #3482, .T. ) ;
#2039 = LINE ( 'NONE', #1249, #768 ) ;
#2040 = ORIENTED_EDGE ( 'NONE', *, *, #492, .T. ) ;
#2041 = LINE ( 'NONE', #981, #141 ) ;
#2042 = DIRECTION ( 'NONE',  ( 1.000000000000000000, 0.000000000000000000, 0.000000000000000000 ) ) ;
#2043 = FACE_OUTER_BOUND ( 'NONE', #3420, .T. ) ;
#2044 = VERTEX_POINT ( 'NONE', #1460 ) ;
#2045 = EDGE_CURVE ( 'NONE', #3441, #2352, #2292, .T. ) ;
#2046 = FACE_OUTER_BOUND ( 'NONE', #957, .T. ) ;
#2047 = DIRECTION ( 'NONE',  ( 1.000000000000000000, 0.000000000000000000, 0.000000000000000000 ) ) ;
#2048 = ORIENTED_EDGE ( 'NONE', *, *, #660, .F. ) ;
#2049 = VECTOR ( 'NONE', #297, 1000.000000000000114 ) ;
#2050 = LINE ( 'NONE', #264, #2822 ) ;
#2051 = EDGE_CURVE ( 'NONE', #3444, #1611, #1524, .T. ) ;
#2052 = DIRECTION ( 'NONE',  ( 0.000000000000000000, -0.000000000000000000, -1.000000000000000000 ) ) ;
#2053 = CIRCLE ( 'NONE', #365, 1.750000000000001554 ) ;
#2054 = ORIENTED_EDGE ( 'NONE', *, *, #1120, .F. ) ;
#2055 = EDGE_CURVE ( 'NONE', #1749, #3071, #513, .T. ) ;
#2056 = DIRECTION ( 'NONE',  ( -0.000000000000000000, -0.000000000000000000, -1.000000000000000000 ) ) ;
#2057 = PLANE ( 'NONE',  #2990 ) ;
#2058 = EDGE_LOOP ( 'NONE', ( #745, #1677, #2249, #2649 ) ) ;
#2059 = LINE ( 'NONE', #1165, #116 ) ;
#2060 = ORIENTED_EDGE ( 'NONE', *, *, #1338, .F. ) ;
#2061 = CARTESIAN_POINT ( 'NONE',  ( 30.00000000000001776, -38.00000000000002132, 5.000000000000000000 ) ) ;
#2062 = EDGE_LOOP ( 'NONE', ( #1441, #2029, #574, #325 ) ) ;
#2063 = LINE ( 'NONE', #1787, #3728 ) ;
#2064 = CYLINDRICAL_SURFACE ( 'NONE', #1612, 1.999999999999998224 ) ;
#2065 = AXIS2_PLACEMENT_3D ( 'NONE', #2213, #3385, #2248 ) ;
#2066 = CARTESIAN_POINT ( 'NONE',  ( -24.00000000000000355, -10.25000000000000000, -3.500000000000000444 ) ) ;
#2067 = CARTESIAN_POINT ( 'NONE',  ( 27.99999999999999645, 37.99999999999997868, 0.000000000000000000 ) ) ;
#2068 = EDGE_LOOP ( 'NONE', ( #1052, #479, #1198, #2185, #1296, #1733, #3090, #1774, #111, #3391, #2388, #1547, #1324, #446, #3218, #3520, #3360, #3655 ) ) ;
#2069 = LINE ( 'NONE', #378, #2695 ) ;
#2070 = EDGE_LOOP ( 'NONE', ( #1000, #224, #2887, #3285 ) ) ;
#2071 = CARTESIAN_POINT ( 'NONE',  ( 20.49999999999999645, -10.25000000000000000, 5.000000000000000000 ) ) ;
#2072 = DIRECTION ( 'NONE',  ( -1.000000000000000000, 0.000000000000000000, 0.000000000000000000 ) ) ;
#2073 = ORIENTED_EDGE ( 'NONE', *, *, #2174, .T. ) ;
#2074 = EDGE_CURVE ( 'NONE', #1767, #2886, #847, .T. ) ;
#2075 = DIRECTION ( 'NONE',  ( -0.000000000000000000, -0.000000000000000000, 1.000000000000000000 ) ) ;
#2076 = ADVANCED_FACE ( 'NONE', ( #912 ), #2064, .T. ) ;
#2077 = ORIENTED_EDGE ( 'NONE', *, *, #3602, .F. ) ;
#2078 = FACE_OUTER_BOUND ( 'NONE', #3187, .T. ) ;
#2079 = ORIENTED_EDGE ( 'NONE', *, *, #1104, .T. ) ;
#2080 = AXIS2_PLACEMENT_3D ( 'NONE', #3404, #1686, #1419 ) ;
#2081 = EDGE_CURVE ( 'NONE', #2015, #2603, #1271, .T. ) ;
#2082 = DIRECTION ( 'NONE',  ( -0.000000000000000000, -0.000000000000000000, -1.000000000000000000 ) ) ;
#2083 = EDGE_CURVE ( 'NONE', #2993, #2645, #1006, .T. ) ;
#2084 = ADVANCED_FACE ( 'NONE', ( #375 ), #1861, .F. ) ;
#2085 = ORIENTED_EDGE ( 'NONE', *, *, #2679, .F. ) ;
#2086 = AXIS2_PLACEMENT_3D ( 'NONE', #2139, #3191, #575 ) ;
#2087 = DIRECTION ( 'NONE',  ( -1.000000000000000000, 0.000000000000000000, 0.000000000000000000 ) ) ;
#2088 = DIRECTION ( 'NONE',  ( -1.000000000000000000, 0.000000000000000000, 0.000000000000000000 ) ) ;
#2089 = PLANE ( 'NONE',  #2840 ) ;
#2090 = EDGE_LOOP ( 'NONE', ( #1183, #1154, #3625, #1872 ) ) ;
#2091 = B_SPLINE_CURVE_WITH_KNOTS ( 'NONE', 3,
 ( #3076, #3368, #182, #1928 ),
 .UNSPECIFIED., .F., .F.,
 ( 4, 4 ),
 ( 0.000000000000000000, 0.0005029779592345088191 ),
 .UNSPECIFIED. ) ;
#2092 = DIRECTION ( 'NONE',  ( 1.000000000000000000, 0.000000000000000000, 0.000000000000000000 ) ) ;
#2093 = ORIENTED_EDGE ( 'NONE', *, *, #1500, .T. ) ;
#2094 = DIRECTION ( 'NONE',  ( 0.000000000000000000, 0.000000000000000000, 1.000000000000000000 ) ) ;
#2095 = DIRECTION ( 'NONE',  ( 0.000000000000000000, 0.000000000000000000, 1.000000000000000000 ) ) ;
#2096 = VERTEX_POINT ( 'NONE', #1541 ) ;
#2097 = FACE_OUTER_BOUND ( 'NONE', #1314, .T. ) ;
#2098 = VECTOR ( 'NONE', #3042, 1000.000000000000000 ) ;
#2099 = ORIENTED_EDGE ( 'NONE', *, *, #3366, .F. ) ;
#2100 = FACE_OUTER_BOUND ( 'NONE', #3123, .T. ) ;
#2101 = CARTESIAN_POINT ( 'NONE',  ( 9.999999999999996447, 19.99999999999998934, 5.000000000000000000 ) ) ;
#2102 = EDGE_LOOP ( 'NONE', ( #2664, #312, #2079 ) ) ;
#2103 = EDGE_CURVE ( 'NONE', #1360, #3511, #697, .T. ) ;
#2104 = DIRECTION ( 'NONE',  ( 1.000000000000000000, 0.000000000000000000, 0.000000000000000000 ) ) ;
#2105 = DIRECTION ( 'NONE',  ( -0.000000000000000000, -0.000000000000000000, -1.000000000000000000 ) ) ;
#2106 = DIRECTION ( 'NONE',  ( 1.000000000000000000, -0.000000000000000000, -0.000000000000000000 ) ) ;
#2107 = VERTEX_POINT ( 'NONE', #1842 ) ;
#2108 = VECTOR ( 'NONE', #625, 1000.000000000000000 ) ;
#2109 = VECTOR ( 'NONE', #2285, 1000.000000000000114 ) ;
#2110 = CYLINDRICAL_SURFACE ( 'NONE', #931, 1.750000000000005107 ) ;
#2111 = DIRECTION ( 'NONE',  ( -0.000000000000000000, -0.000000000000000000, 1.000000000000000000 ) ) ;
#2112 = VERTEX_POINT ( 'NONE', #659 ) ;
#2113 = CARTESIAN_POINT ( 'NONE',  ( 10.74999999999999645, -40.00000000000002132, 5.000000000000000000 ) ) ;
#2114 = DIRECTION ( 'NONE',  ( 0.000000000000000000, 0.000000000000000000, 1.000000000000000000 ) ) ;
#2115 = ORIENTED_EDGE ( 'NONE', *, *, #1965, .T. ) ;
#2116 = VECTOR ( 'NONE', #3610, 1000.000000000000000 ) ;
#2117 = AXIS2_PLACEMENT_3D ( 'NONE', #683, #362, #2677 ) ;
#2118 = ORIENTED_EDGE ( 'NONE', *, *, #1275, .F. ) ;
#2119 = LINE ( 'NONE', #711, #1696 ) ;
#2120 = AXIS2_PLACEMENT_3D ( 'NONE', #2713, #731, #3349 ) ;
#2121 = DIRECTION ( 'NONE',  ( -0.000000000000000000, -0.000000000000000000, -1.000000000000000000 ) ) ;
#2122 = EDGE_LOOP ( 'NONE', ( #3008, #1261, #890, #3569 ) ) ;
#2123 = DIRECTION ( 'NONE',  ( -0.000000000000000000, -0.000000000000000000, 1.000000000000000000 ) ) ;
#2124 = EDGE_CURVE ( 'NONE', #1432, #680, #2429, .T. ) ;
#2125 = DIRECTION ( 'NONE',  ( 0.000000000000000000, -1.000000000000000000, -2.177149865150850283E-16 ) ) ;
#2126 = ORIENTED_EDGE ( 'NONE', *, *, #2038, .T. ) ;
#2127 = ADVANCED_FACE ( 'NONE', ( #2983 ), #2675, .F. ) ;
#2128 = AXIS2_PLACEMENT_3D ( 'NONE', #3248, #921, #2341 ) ;
#2129 = DIRECTION ( 'NONE',  ( 1.000000000000000000, 0.000000000000000000, 0.000000000000000000 ) ) ;
#2130 = CARTESIAN_POINT ( 'NONE',  ( 28.00000000000000355, -40.00000000000002842, 5.000000000000000000 ) ) ;
#2131 = VERTEX_POINT ( 'NONE', #1235 ) ;
#2132 = EDGE_CURVE ( 'NONE', #3493, #374, #1826, .T. ) ;
#2133 = EDGE_CURVE ( 'NONE', #2678, #1767, #1497, .T. ) ;
#2134 = DIRECTION ( 'NONE',  ( 0.000000000000000000, 0.000000000000000000, 1.000000000000000000 ) ) ;
#2135 = LINE ( 'NONE', #1260, #1779 ) ;
#2136 = VERTEX_POINT ( 'NONE', #1027 ) ;
#2137 = AXIS2_PLACEMENT_3D ( 'NONE', #2313, #2027, #509 ) ;
#2138 = ORIENTED_EDGE ( 'NONE', *, *, #3276, .T. ) ;
#2139 = CARTESIAN_POINT ( 'NONE',  ( 23.83771324027146932, 7.500000000000000000, 2.500000000000000000 ) ) ;
#2140 = LINE ( 'NONE', #2748, #1521 ) ;
#2141 = FACE_OUTER_BOUND ( 'NONE', #2090, .T. ) ;
#2142 = ORIENTED_EDGE ( 'NONE', *, *, #3043, .T. ) ;
#2143 = CIRCLE ( 'NONE', #3173, 1.750000000000001554 ) ;
#2144 = DIRECTION ( 'NONE',  ( 0.000000000000000000, 0.000000000000000000, -1.000000000000000000 ) ) ;
#2145 = CARTESIAN_POINT ( 'NONE',  ( 0.000000000000000000, 0.000000000000000000, 0.000000000000000000 ) ) ;
#2146 = CARTESIAN_POINT ( 'NONE',  ( 13.25000000000000533, -40.00000000000002132, 2.500000000000000000 ) ) ;
#2147 = ORIENTED_EDGE ( 'NONE', *, *, #1832, .F. ) ;
#2148 = CIRCLE ( 'NONE', #1658, 7.375000000000000000 ) ;
#2149 = CARTESIAN_POINT ( 'NONE',  ( -5.000000000000000000, -45.25000000000000000, -3.500000000000000444 ) ) ;
#2150 = DIRECTION ( 'NONE',  ( -0.000000000000000000, -0.000000000000000000, 1.000000000000000000 ) ) ;
#2151 = ORIENTED_EDGE ( 'NONE', *, *, #1127, .F. ) ;
#2152 = LINE ( 'NONE', #2723, #3262 ) ;
#2153 = CARTESIAN_POINT ( 'NONE',  ( -24.00000000000000355, 10.25000000000000000, 2.499999999999999556 ) ) ;
#2154 = ORIENTED_EDGE ( 'NONE', *, *, #306, .F. ) ;
#2155 = VERTEX_POINT ( 'NONE', #430 ) ;
#2156 = VECTOR ( 'NONE', #229, 1000.000000000000000 ) ;
#2157 = FACE_OUTER_BOUND ( 'NONE', #2828, .T. ) ;
#2158 = CARTESIAN_POINT ( 'NONE',  ( 0.000000000000000000, -13.00000000000001066, 5.000000000000000000 ) ) ;
#2159 = CARTESIAN_POINT ( 'NONE',  ( 15.00000000000000000, 19.00000000000001066, -3.500000000000000888 ) ) ;
#2160 = VERTEX_POINT ( 'NONE', #447 ) ;
#2161 = CIRCLE ( 'NONE', #2880, 1.750000000000001554 ) ;
#2162 = EDGE_CURVE ( 'NONE', #3579, #3622, #1878, .T. ) ;
#2163 = CARTESIAN_POINT ( 'NONE',  ( 27.99999999999999645, 37.99999999999997868, 5.000000000000000000 ) ) ;
#2164 =( NAMED_UNIT ( * ) PLANE_ANGLE_UNIT ( ) SI_UNIT ( $, .RADIAN. ) );
#2165 = ORIENTED_EDGE ( 'NONE', *, *, #1406, .T. ) ;
#2166 = CARTESIAN_POINT ( 'NONE',  ( -19.07457351945705426, 10.25000000000000000, 0.000000000000000000 ) ) ;
#2167 = CARTESIAN_POINT ( 'NONE',  ( 9.000000000000000000, 17.49999999999999289, 2.500000000000000000 ) ) ;
#2168 = ORIENTED_EDGE ( 'NONE', *, *, #1513, .F. ) ;
#2169 = CARTESIAN_POINT ( 'NONE',  ( 28.00000000000000355, -40.00000000000002842, 5.000000000000000000 ) ) ;
#2170 = ADVANCED_FACE ( 'NONE', ( #2408 ), #2735, .F. ) ;
#2171 = CARTESIAN_POINT ( 'NONE',  ( 12.75000000000001421, -15.00000000000001954, 2.499999999999998668 ) ) ;
#2172 = CARTESIAN_POINT ( 'NONE',  ( -27.99999999999998579, -40.00000000000002132, 5.000000000000000000 ) ) ;
#2173 = ORIENTED_EDGE ( 'NONE', *, *, #1375, .T. ) ;
#2174 = EDGE_CURVE ( 'NONE', #3454, #1814, #3351, .T. ) ;
#2175 = ORIENTED_EDGE ( 'NONE', *, *, #1899, .F. ) ;
#2176 = FACE_OUTER_BOUND ( 'NONE', #1487, .T. ) ;
#2177 = ADVANCED_FACE ( 'NONE', ( #3564 ), #1895, .F. ) ;
#2178 = EDGE_CURVE ( 'NONE', #3592, #461, #2699, .T. ) ;
#2179 = FACE_OUTER_BOUND ( 'NONE', #1793, .T. ) ;
#2180 = VECTOR ( 'NONE', #1614, 1000.000000000000000 ) ;
#2181 = PRODUCT_DEFINITION_SHAPE ( 'NONE', 'NONE',  #1569 ) ;
#2182 = ORIENTED_EDGE ( 'NONE', *, *, #2973, .T. ) ;
#2183 = DIRECTION ( 'NONE',  ( -0.000000000000000000, -0.000000000000000000, -1.000000000000000000 ) ) ;
#2184 = AXIS2_PLACEMENT_3D ( 'NONE', #3059, #951, #3296 ) ;
#2185 = ORIENTED_EDGE ( 'NONE', *, *, #172, .F. ) ;
#2186 = LINE ( 'NONE', #466, #387 ) ;
#2187 = DIRECTION ( 'NONE',  ( -0.000000000000000000, 0.000000000000000000, 1.000000000000000000 ) ) ;
#2188 = EDGE_LOOP ( 'NONE', ( #2396, #2048, #636, #1593 ) ) ;
#2189 = DIRECTION ( 'NONE',  ( -0.000000000000000000, 0.7071067811865463515, 0.7071067811865487940 ) ) ;
#2190 = CARTESIAN_POINT ( 'NONE',  ( -9.500000000000000000, -20.00000000000000355, -1.821662113731688484E-15 ) ) ;
#2191 = PLANE ( 'NONE',  #2862 ) ;
#2192 = ORIENTED_EDGE ( 'NONE', *, *, #3331, .F. ) ;
#2193 = ORIENTED_EDGE ( 'NONE', *, *, #2480, .T. ) ;
#2194 = ADVANCED_FACE ( 'NONE', ( #3598 ), #3581, .T. ) ;
#2195 = EDGE_CURVE ( 'NONE', #2096, #762, #3001, .T. ) ;
#2196 = FACE_BOUND ( 'NONE', #1347, .T. ) ;
#2197 = ORIENTED_EDGE ( 'NONE', *, *, #424, .F. ) ;
#2198 = DIRECTION ( 'NONE',  ( 0.000000000000000000, 0.000000000000000000, -1.000000000000000000 ) ) ;
#2199 = AXIS2_PLACEMENT_3D ( 'NONE', #3195, #1401, #2618 ) ;
#2200 = VERTEX_POINT ( 'NONE', #3315 ) ;
#2201 = CIRCLE ( 'NONE', #1474, 5.000000000000000000 ) ;
#2202 = CARTESIAN_POINT ( 'NONE',  ( 22.25000000000000000, 10.24999999999999822, 2.499999999999999556 ) ) ;
#2203 = DIRECTION ( 'NONE',  ( 0.000000000000000000, -0.7071067811865474617, -0.7071067811865476838 ) ) ;
#2204 = VERTEX_POINT ( 'NONE', #804 ) ;
#2205 = CIRCLE ( 'NONE', #2869, 1.999999999999998224 ) ;
#2206 = CARTESIAN_POINT ( 'NONE',  ( 10.74999999999999645, -12.00000000000002132, 5.000000000000000000 ) ) ;
#2207 = LINE ( 'NONE', #2492, #3398 ) ;
#2208 = DIRECTION ( 'NONE',  ( -0.000000000000000000, -0.000000000000000000, -1.000000000000000000 ) ) ;
#2209 = VECTOR ( 'NONE', #1742, 1000.000000000000114 ) ;
#2210 = ORIENTED_EDGE ( 'NONE', *, *, #1016, .T. ) ;
#2211 = AXIS2_PLACEMENT_3D ( 'NONE', #2241, #2507, #3050 ) ;
#2212 = ORIENTED_EDGE ( 'NONE', *, *, #2458, .F. ) ;
#2213 = CARTESIAN_POINT ( 'NONE',  ( 20.66228675972852713, 12.99999999999999822, 2.500000000000000000 ) ) ;
#2214 = VERTEX_POINT ( 'NONE', #2772 ) ;
#2215 = CARTESIAN_POINT ( 'NONE',  ( -15.00000000000000000, 19.00000000000001066, -3.500000000000000888 ) ) ;
#2216 = VERTEX_POINT ( 'NONE', #462 ) ;
#2217 = VECTOR ( 'NONE', #2104, 1000.000000000000000 ) ;
#2218 = EDGE_CURVE ( 'NONE', #2773, #858, #1346, .T. ) ;
#2219 = CYLINDRICAL_SURFACE ( 'NONE', #1717, 2.000000000000001776 ) ;
#2220 = LINE ( 'NONE', #1078, #3570 ) ;
#2221 = ORIENTED_EDGE ( 'NONE', *, *, #818, .T. ) ;
#2222 = DIRECTION ( 'NONE',  ( -1.000000000000000000, 0.000000000000000000, 0.000000000000000000 ) ) ;
#2223 = LINE ( 'NONE', #2816, #3758 ) ;
#2224 = DIRECTION ( 'NONE',  ( 1.000000000000000000, 0.000000000000000000, 0.000000000000000000 ) ) ;
#2225 = ORIENTED_EDGE ( 'NONE', *, *, #2288, .F. ) ;
#2226 = ORIENTED_EDGE ( 'NONE', *, *, #2283, .T. ) ;
#2227 = CIRCLE ( 'NONE', #2894, 6.000000000000000000 ) ;
#2228 = AXIS2_PLACEMENT_3D ( 'NONE', #3186, #1756, #1472 ) ;
#2229 = DIRECTION ( 'NONE',  ( -0.000000000000000000, 1.000000000000000000, 0.000000000000000000 ) ) ;
#2230 = VERTEX_POINT ( 'NONE', #2215 ) ;
#2231 = DIRECTION ( 'NONE',  ( 1.000000000000000000, -0.000000000000000000, 0.000000000000000000 ) ) ;
#2232 = VECTOR ( 'NONE', #255, 1000.000000000000000 ) ;
#2233 = ORIENTED_EDGE ( 'NONE', *, *, #947, .T. ) ;
#2234 = AXIS2_PLACEMENT_3D ( 'NONE', #2344, #1207, #1475 ) ;
#2235 = DIRECTION ( 'NONE',  ( -1.000000000000000000, -0.000000000000000000, -8.462065736472229849E-17 ) ) ;
#2236 = CARTESIAN_POINT ( 'NONE',  ( 7.375000000000000000, 17.00000000000001776, 2.500000000000000000 ) ) ;
#2237 = EDGE_CURVE ( 'NONE', #885, #2204, #215, .T. ) ;
#2238 = VERTEX_POINT ( 'NONE', #2250 ) ;
#2239 = ADVANCED_FACE ( 'NONE', ( #752 ), #1631, .F. ) ;
#2240 = DIRECTION ( 'NONE',  ( 0.000000000000000000, 0.000000000000000000, 1.000000000000000000 ) ) ;
#2241 = CARTESIAN_POINT ( 'NONE',  ( 10.74999999999999645, -12.00000000000002132, 5.000000000000000000 ) ) ;
#2242 = DIRECTION ( 'NONE',  ( 1.000000000000000000, -0.000000000000000000, -0.000000000000000000 ) ) ;
#2243 = ORIENTED_EDGE ( 'NONE', *, *, #1225, .T. ) ;
#2244 = EDGE_CURVE ( 'NONE', #2993, #119, #2499, .T. ) ;
#2245 = EDGE_CURVE ( 'NONE', #1804, #2899, #3152, .T. ) ;
#2246 = PLANE ( 'NONE',  #1366 ) ;
#2247 = AXIS2_PLACEMENT_3D ( 'NONE', #3167, #2513, #3683 ) ;
#2248 = DIRECTION ( 'NONE',  ( 0.000000000000000000, -0.000000000000000000, 1.000000000000000000 ) ) ;
#2249 = ORIENTED_EDGE ( 'NONE', *, *, #1916, .T. ) ;
#2250 = CARTESIAN_POINT ( 'NONE',  ( 3.687499999999982236, -6.613062647089765100, 5.000000000000000000 ) ) ;
#2251 = ORIENTED_EDGE ( 'NONE', *, *, #1016, .F. ) ;
#2252 = CARTESIAN_POINT ( 'NONE',  ( 3.673940397442059868E-16, -7.000000000000009770, 2.500000000000000000 ) ) ;
#2253 = CARTESIAN_POINT ( 'NONE',  ( 5.000000000000000000, -47.00000000000000000, 5.000000000000000000 ) ) ;
#2254 = VERTEX_POINT ( 'NONE', #1913 ) ;
#2255 = CARTESIAN_POINT ( 'NONE',  ( -13.25000000000000533, -12.00000000000002132, 2.500000000000000000 ) ) ;
#2256 = LINE ( 'NONE', #1438, #1232 ) ;
#2257 = EDGE_LOOP ( 'NONE', ( #1501, #1583, #84, #2801, #2197, #2375, #2147 ) ) ;
#2258 = CARTESIAN_POINT ( 'NONE',  ( -20.66228675972852358, 7.499999999999998224, 2.500000000000000000 ) ) ;
#2259 = SURFACE_STYLE_USAGE ( .BOTH. , #3179 ) ;
#2260 = VECTOR ( 'NONE', #678, 1000.000000000000114 ) ;
#2261 = ORIENTED_EDGE ( 'NONE', *, *, #841, .T. ) ;
#2262 = VECTOR ( 'NONE', #3528, 1000.000000000000000 ) ;
#2263 = CIRCLE ( 'NONE', #2870, 7.625000000000000000 ) ;
#2264 = LINE ( 'NONE', #1697, #1186 ) ;
#2265 = FACE_OUTER_BOUND ( 'NONE', #684, .T. ) ;
#2266 = EDGE_LOOP ( 'NONE', ( #2413, #2380, #160, #2956, #186, #917, #1142 ) ) ;
#2267 = CARTESIAN_POINT ( 'NONE',  ( 24.00000000000000000, 10.24999999999999822, 5.000000000000000000 ) ) ;
#2268 = ORIENTED_EDGE ( 'NONE', *, *, #1578, .T. ) ;
#2269 = DIRECTION ( 'NONE',  ( -1.000000000000000000, -9.130123557772670799E-17, 0.000000000000000000 ) ) ;
#2270 = DIRECTION ( 'NONE',  ( -0.4999999999999959477, -0.8660254037844410391, -0.000000000000000000 ) ) ;
#2271 = AXIS2_PLACEMENT_3D ( 'NONE', #3453, #3720, #1105 ) ;
#2272 = CARTESIAN_POINT ( 'NONE',  ( 25.42542648054294574, -10.25000000000000533, 2.500000000000000000 ) ) ;
#2273 = PLANE ( 'NONE',  #2199 ) ;
#2274 = ORIENTED_EDGE ( 'NONE', *, *, #3749, .T. ) ;
#2275 = PLANE ( 'NONE',  #2137 ) ;
#2276 = CARTESIAN_POINT ( 'NONE',  ( 15.00000000000000000, 22.00000000000001421, -3.500000000000000888 ) ) ;
#2277 = ORIENTED_EDGE ( 'NONE', *, *, #3009, .T. ) ;
#2278 = EDGE_CURVE ( 'NONE', #2524, #3142, #1040, .T. ) ;
#2279 = CARTESIAN_POINT ( 'NONE',  ( 0.000000000000000000, 1.999999999999989564, 2.500000000000000000 ) ) ;
#2280 = ORIENTED_EDGE ( 'NONE', *, *, #63, .T. ) ;
#2281 = EDGE_CURVE ( 'NONE', #2587, #461, #1059, .T. ) ;
#2282 = LINE ( 'NONE', #3436, #606 ) ;
#2283 = EDGE_CURVE ( 'NONE', #816, #3681, #2839, .T. ) ;
#2284 = EDGE_CURVE ( 'NONE', #2725, #1691, #2091, .T. ) ;
#2285 = DIRECTION ( 'NONE',  ( 0.5000000000000002220, -0.8660254037844384856, 0.000000000000000000 ) ) ;
#2286 = ORIENTED_EDGE ( 'NONE', *, *, #3155, .T. ) ;
#2287 = EDGE_CURVE ( 'NONE', #1411, #3476, #1664, .T. ) ;
#2288 = EDGE_CURVE ( 'NONE', #1607, #3190, #1394, .T. ) ;
#2289 = CARTESIAN_POINT ( 'NONE',  ( 9.500000000000000000, -15.50000000000000178, 0.000000000000000000 ) ) ;
#2290 = VECTOR ( 'NONE', #472, 1000.000000000000000 ) ;
#2291 = FACE_OUTER_BOUND ( 'NONE', #2070, .T. ) ;
#2292 = LINE ( 'NONE', #3522, #341 ) ;
#2293 = VECTOR ( 'NONE', #1350, 1000.000000000000000 ) ;
#2294 = CARTESIAN_POINT ( 'NONE',  ( 5.000000000000000000, -45.25000000000000000, -3.500000000000000444 ) ) ;
#2295 = DIRECTION ( 'NONE',  ( 0.5000000000000041078, -0.8660254037844363761, 0.000000000000000000 ) ) ;
#2296 = CYLINDRICAL_SURFACE ( 'NONE', #3109, 1.750000000000001554 ) ;
#2297 = FACE_BOUND ( 'NONE', #757, .T. ) ;
#2298 = VECTOR ( 'NONE', #3019, 1000.000000000000000 ) ;
#2299 = ORIENTED_EDGE ( 'NONE', *, *, #1914, .F. ) ;
#2300 = ORIENTED_EDGE ( 'NONE', *, *, #109, .F. ) ;
#2301 = AXIS2_PLACEMENT_3D ( 'NONE', #1681, #3134, #786 ) ;
#2302 = CARTESIAN_POINT ( 'NONE',  ( 23.83771324027147642, -7.500000000000001776, 2.500000000000000000 ) ) ;
#2303 = VERTEX_POINT ( 'NONE', #766 ) ;
#2304 = DIRECTION ( 'NONE',  ( 1.000000000000000000, 0.000000000000000000, 0.000000000000000000 ) ) ;
#2305 = DIRECTION ( 'NONE',  ( 0.000000000000000000, 0.000000000000000000, -1.000000000000000000 ) ) ;
#2306 = ORIENTED_EDGE ( 'NONE', *, *, #1916, .F. ) ;
#2307 = CARTESIAN_POINT ( 'NONE',  ( 3.687499999999982236, -6.613062647089765100, 2.500000000000000000 ) ) ;
#2308 = DIRECTION ( 'NONE',  ( -0.000000000000000000, -0.000000000000000000, -1.000000000000000000 ) ) ;
#2309 = FACE_OUTER_BOUND ( 'NONE', #2876, .T. ) ;
#2310 = DIRECTION ( 'NONE',  ( 0.000000000000000000, 0.000000000000000000, 1.000000000000000000 ) ) ;
#2311 = FACE_OUTER_BOUND ( 'NONE', #147, .T. ) ;
#2312 = ORIENTED_EDGE ( 'NONE', *, *, #952, .T. ) ;
#2313 = CARTESIAN_POINT ( 'NONE',  ( 15.00000000000000000, 22.00000000000001421, -3.500000000000000888 ) ) ;
#2314 = CARTESIAN_POINT ( 'NONE',  ( -22.25000000000000000, 10.25000000000000000, 2.499999999999999556 ) ) ;
#2315 = ORIENTED_EDGE ( 'NONE', *, *, #2800, .F. ) ;
#2316 = STYLED_ITEM ( 'NONE', ( #227 ), #2919 ) ;
#2317 = DIRECTION ( 'NONE',  ( -0.000000000000000000, -0.000000000000000000, -1.000000000000000000 ) ) ;
#2318 = EDGE_LOOP ( 'NONE', ( #824, #1291, #66, #2193 ) ) ;
#2319 = DIRECTION ( 'NONE',  ( -0.000000000000000000, -0.000000000000000000, -1.000000000000000000 ) ) ;
#2320 = AXIS2_PLACEMENT_3D ( 'NONE', #2202, #3603, #1596 ) ;
#2321 = LINE ( 'NONE', #2586, #1628 ) ;
#2322 = ORIENTED_EDGE ( 'NONE', *, *, #1405, .T. ) ;
#2323 = CARTESIAN_POINT ( 'NONE',  ( 19.07457351945705781, -10.25000000000000355, 2.500000000000000000 ) ) ;
#2324 = ORIENTED_EDGE ( 'NONE', *, *, #1383, .T. ) ;
#2325 = CARTESIAN_POINT ( 'NONE',  ( 5.510910596163087583E-16, 10.99999999999998757, 5.000000000000000000 ) ) ;
#2326 = EDGE_CURVE ( 'NONE', #691, #3635, #3098, .T. ) ;
#2327 = ORIENTED_EDGE ( 'NONE', *, *, #1065, .F. ) ;
#2328 = CARTESIAN_POINT ( 'NONE',  ( 7.375000000000000000, -13.00000000000001066, 5.000000000000000000 ) ) ;
#2329 = DIRECTION ( 'NONE',  ( -0.000000000000000000, -0.000000000000000000, 1.000000000000000000 ) ) ;
#2330 = DIRECTION ( 'NONE',  ( 0.000000000000000000, 0.000000000000000000, 1.000000000000000000 ) ) ;
#2331 = EDGE_CURVE ( 'NONE', #1340, #2773, #3686, .T. ) ;
#2332 = CARTESIAN_POINT ( 'NONE',  ( 5.000000000000000000, -47.00000000000000000, -3.500000000000000444 ) ) ;
#2333 = DIRECTION ( 'NONE',  ( 0.000000000000000000, 0.000000000000000000, 1.000000000000000000 ) ) ;
#2334 = ORIENTED_EDGE ( 'NONE', *, *, #3580, .F. ) ;
#2335 = ADVANCED_FACE ( 'NONE', ( #1109 ), #1377, .F. ) ;
#2336 = VECTOR ( 'NONE', #477, 1000.000000000000000 ) ;
#2337 = VECTOR ( 'NONE', #2329, 1000.000000000000000 ) ;
#2338 = PLANE ( 'NONE',  #2271 ) ;
#2339 = PLANE ( 'NONE',  #2995 ) ;
#2340 = ORIENTED_EDGE ( 'NONE', *, *, #3276, .F. ) ;
#2341 = DIRECTION ( 'NONE',  ( 0.000000000000000000, 0.000000000000000000, 1.000000000000000000 ) ) ;
#2342 = LINE ( 'NONE', #3207, #2589 ) ;
#2343 = EDGE_LOOP ( 'NONE', ( #3003, #3672, #3075, #2838 ) ) ;
#2344 = CARTESIAN_POINT ( 'NONE',  ( 9.500000000000000000, -13.24999999999999645, -2.250000000000000000 ) ) ;
#2345 = EDGE_LOOP ( 'NONE', ( #203, #1345, #2300, #920 ) ) ;
#2346 = DIRECTION ( 'NONE',  ( 0.000000000000000000, 0.000000000000000000, 1.000000000000000000 ) ) ;
#2347 = EDGE_LOOP ( 'NONE', ( #3707, #3072, #2418, #2570 ) ) ;
#2348 = PLANE ( 'NONE',  #934 ) ;
#2349 = CARTESIAN_POINT ( 'NONE',  ( -5.000000000000000000, -45.25000000000000000, 5.000000000000000000 ) ) ;
#2350 =( NAMED_UNIT ( * ) PLANE_ANGLE_UNIT ( ) SI_UNIT ( $, .RADIAN. ) );
#2351 = PLANE ( 'NONE',  #1633 ) ;
#2352 = VERTEX_POINT ( 'NONE', #2267 ) ;
#2353 = ADVANCED_FACE ( 'NONE', ( #2534 ), #3702, .F. ) ;
#2354 = DIRECTION ( 'NONE',  ( 0.000000000000000000, 0.000000000000000000, 1.000000000000000000 ) ) ;
#2355 = ORIENTED_EDGE ( 'NONE', *, *, #3684, .T. ) ;
#2356 = EDGE_CURVE ( 'NONE', #3470, #3722, #163, .T. ) ;
#2357 = EDGE_CURVE ( 'NONE', #1989, #505, #2823, .T. ) ;
#2358 = AXIS2_PLACEMENT_3D ( 'NONE', #114, #2111, #2489 ) ;
#2359 = DIRECTION ( 'NONE',  ( -0.5000000000000001110, -0.8660254037844385966, 0.000000000000000000 ) ) ;
#2360 = CARTESIAN_POINT ( 'NONE',  ( 23.83771324027146932, 12.99999999999999822, 2.500000000000000000 ) ) ;
#2361 = AXIS2_PLACEMENT_3D ( 'NONE', #2158, #1003, #2425 ) ;
#2362 = EDGE_CURVE ( 'NONE', #3053, #2238, #270, .T. ) ;
#2363 = EDGE_LOOP ( 'NONE', ( #1957, #3222, #278, #2210 ) ) ;
#2364 = ADVANCED_FACE ( 'NONE', ( #311 ), #2917, .F. ) ;
#2365 = EDGE_CURVE ( 'NONE', #3665, #3493, #1189, .T. ) ;
#2366 = LINE ( 'NONE', #354, #302 ) ;
#2367 = VERTEX_POINT ( 'NONE', #3516 ) ;
#2368 = CARTESIAN_POINT ( 'NONE',  ( -20.66228675972852713, -13.00000000000000178, 0.000000000000000000 ) ) ;
#2369 = ORIENTED_EDGE ( 'NONE', *, *, #1552, .F. ) ;
#2370 = DIRECTION ( 'NONE',  ( 0.7071067811865489050, 0.000000000000000000, -0.7071067811865462405 ) ) ;
#2371 = VERTEX_POINT ( 'NONE', #3497 ) ;
#2372 = CARTESIAN_POINT ( 'NONE',  ( 10.25000000000000000, -48.75000000000000000, -1.821662113731688484E-15 ) ) ;
#2373 = DIRECTION ( 'NONE',  ( -0.000000000000000000, -0.000000000000000000, 1.000000000000000000 ) ) ;
#2374 = LINE ( 'NONE', #110, #413 ) ;
#2375 = ORIENTED_EDGE ( 'NONE', *, *, #2969, .F. ) ;
#2376 = CARTESIAN_POINT ( 'NONE',  ( -10.25000000000000000, -15.00000000000001954, 4.999999999999998224 ) ) ;
#2377 = ORIENTED_EDGE ( 'NONE', *, *, #2581, .T. ) ;
#2378 = CARTESIAN_POINT ( 'NONE',  ( -22.25000000000000000, -10.25000000000000000, -3.500000000000000444 ) ) ;
#2379 = CARTESIAN_POINT ( 'NONE',  ( -20.66228675972852358, -7.500000000000005329, 2.500000000000000000 ) ) ;
#2380 = ORIENTED_EDGE ( 'NONE', *, *, #2440, .T. ) ;
#2381 = VECTOR ( 'NONE', #2473, 1000.000000000000000 ) ;
#2382 = DIRECTION ( 'NONE',  ( 1.000000000000000000, 0.000000000000000000, 0.000000000000000000 ) ) ;
#2383 = ORIENTED_EDGE ( 'NONE', *, *, #2783, .F. ) ;
#2384 = LINE ( 'NONE', #2957, #1106 ) ;
#2385 = VERTEX_POINT ( 'NONE', #2368 ) ;
#2386 = VECTOR ( 'NONE', #544, 1000.000000000000000 ) ;
#2387 = FACE_OUTER_BOUND ( 'NONE', #1031, .T. ) ;
#2388 = ORIENTED_EDGE ( 'NONE', *, *, #3684, .F. ) ;
#2389 = AXIS2_PLACEMENT_3D ( 'NONE', #339, #3502, #3310 ) ;
#2390 = CARTESIAN_POINT ( 'NONE',  ( 9.500000000000000000, -20.00000000000000000, -9.797174393178823685E-16 ) ) ;
#2391 = CARTESIAN_POINT ( 'NONE',  ( 0.000000000000000000, 16.99999999999998579, 5.000000000000000000 ) ) ;
#2392 = CARTESIAN_POINT ( 'NONE',  ( 0.000000000000000000, -13.00000000000001066, 5.000000000000000000 ) ) ;
#2393 = ORIENTED_EDGE ( 'NONE', *, *, #3414, .T. ) ;
#2394 = AXIS2_PLACEMENT_3D ( 'NONE', #1494, #1755, #2912 ) ;
#2395 = FACE_OUTER_BOUND ( 'NONE', #1372, .T. ) ;
#2396 = ORIENTED_EDGE ( 'NONE', *, *, #3749, .F. ) ;
#2397 = CARTESIAN_POINT ( 'NONE',  ( 0.000000000000000000, -13.00000000000001066, 2.500000000000000000 ) ) ;
#2398 = CARTESIAN_POINT ( 'NONE',  ( 22.25000000000000000, -10.25000000000000000, 5.000000000000000000 ) ) ;
#2399 = EDGE_LOOP ( 'NONE', ( #1567, #1587, #1111, #1647 ) ) ;
#2400 = EDGE_CURVE ( 'NONE', #2131, #95, #2590, .T. ) ;
#2401 = EDGE_LOOP ( 'NONE', ( #2600, #2251, #3314, #3761 ) ) ;
#2402 = ADVANCED_FACE ( 'NONE', ( #532 ), #3762, .F. ) ;
#2403 = DIRECTION ( 'NONE',  ( -0.000000000000000000, -0.000000000000000000, 1.000000000000000000 ) ) ;
#2404 = EDGE_CURVE ( 'NONE', #647, #3099, #2571, .T. ) ;
#2405 = EDGE_CURVE ( 'NONE', #1376, #1814, #2059, .T. ) ;
#2406 = CARTESIAN_POINT ( 'NONE',  ( -12.75000000000000888, -15.00000000000001954, 2.499999999999998224 ) ) ;
#2407 = ORIENTED_EDGE ( 'NONE', *, *, #3754, .T. ) ;
#2408 = FACE_OUTER_BOUND ( 'NONE', #62, .T. ) ;
#2409 = ADVANCED_FACE ( 'NONE', ( #2877 ), #570, .F. ) ;
#2410 = EDGE_CURVE ( 'NONE', #3658, #702, #2053, .T. ) ;
#2411 = CARTESIAN_POINT ( 'NONE',  ( 6.000000000000000888, -13.00000000000001066, 5.000000000000000000 ) ) ;
#2412 = DIRECTION ( 'NONE',  ( -1.826024711554534160E-16, 1.000000000000000000, 0.000000000000000000 ) ) ;
#2413 = ORIENTED_EDGE ( 'NONE', *, *, #2288, .T. ) ;
#2414 = VECTOR ( 'NONE', #72, 1000.000000000000000 ) ;
#2415 = VECTOR ( 'NONE', #2673, 1000.000000000000000 ) ;
#2416 = LINE ( 'NONE', #893, #2448 ) ;
#2417 = DIRECTION ( 'NONE',  ( 0.000000000000000000, 0.000000000000000000, 1.000000000000000000 ) ) ;
#2418 = ORIENTED_EDGE ( 'NONE', *, *, #901, .F. ) ;
#2419 = LINE ( 'NONE', #3304, #2116 ) ;
#2420 = DIRECTION ( 'NONE',  ( 0.7071067811865489050, -0.000000000000000000, -0.7071067811865462405 ) ) ;
#2421 = VERTEX_POINT ( 'NONE', #5 ) ;
#2422 = VECTOR ( 'NONE', #1353, 1000.000000000000000 ) ;
#2423 = VECTOR ( 'NONE', #223, 1000.000000000000000 ) ;
#2424 = ORIENTED_EDGE ( 'NONE', *, *, #2762, .T. ) ;
#2425 = DIRECTION ( 'NONE',  ( 1.000000000000000000, 0.000000000000000000, 0.000000000000000000 ) ) ;
#2426 = VECTOR ( 'NONE', #2121, 1000.000000000000000 ) ;
#2427 = CARTESIAN_POINT ( 'NONE',  ( 15.00000000000000000, 18.25000000000000355, -2.749999999999999556 ) ) ;
#2428 = ORIENTED_EDGE ( 'NONE', *, *, #2689, .T. ) ;
#2429 = LINE ( 'NONE', #3021, #2217 ) ;
#2430 = CARTESIAN_POINT ( 'NONE',  ( -3.687499999999947597, 8.386937352910246446, 5.000000000000000000 ) ) ;
#2431 = ORIENTED_EDGE ( 'NONE', *, *, #3201, .F. ) ;
#2432 = CIRCLE ( 'NONE', #2916, 6.000000000000002665 ) ;
#2433 = FACE_BOUND ( 'NONE', #1188, .T. ) ;
#2434 = CARTESIAN_POINT ( 'NONE',  ( 24.00000000000000000, -10.25000000000000000, 2.499999999999999556 ) ) ;
#2435 = ORIENTED_EDGE ( 'NONE', *, *, #2133, .T. ) ;
#2436 = CARTESIAN_POINT ( 'NONE',  ( 0.000000000000000000, -13.00000000000001066, 2.500000000000000000 ) ) ;
#2437 = DIRECTION ( 'NONE',  ( 0.000000000000000000, -0.000000000000000000, -1.000000000000000000 ) ) ;
#2438 = VERTEX_POINT ( 'NONE', #3170 ) ;
#2439 = AXIS2_PLACEMENT_3D ( 'NONE', #1769, #3506, #891 ) ;
#2440 = EDGE_CURVE ( 'NONE', #3190, #1283, #1701, .T. ) ;
#2441 = EDGE_LOOP ( 'NONE', ( #2487, #2192 ) ) ;
#2442 = DIRECTION ( 'NONE',  ( 1.000000000000000000, 0.000000000000000000, 0.000000000000000000 ) ) ;
#2443 = DIRECTION ( 'NONE',  ( -1.000000000000000000, -0.000000000000000000, -0.000000000000000000 ) ) ;
#2444 = DIRECTION ( 'NONE',  ( 0.000000000000000000, 0.000000000000000000, 1.000000000000000000 ) ) ;
#2445 = ORIENTED_EDGE ( 'NONE', *, *, #336, .T. ) ;
#2446 = VECTOR ( 'NONE', #2493, 1000.000000000000000 ) ;
#2447 = DIRECTION ( 'NONE',  ( -1.000000000000000000, 0.000000000000000000, 0.000000000000000000 ) ) ;
#2448 = VECTOR ( 'NONE', #1829, 1000.000000000000000 ) ;
#2449 = EDGE_CURVE ( 'NONE', #1964, #468, #593, .T. ) ;
#2450 = ORIENTED_EDGE ( 'NONE', *, *, #1300, .F. ) ;
#2451 = VECTOR ( 'NONE', #2235, 1000.000000000000000 ) ;
#2452 = LINE ( 'NONE', #1042, #137 ) ;
#2453 = CARTESIAN_POINT ( 'NONE',  ( 7.608588896766601550, -12.50000000000001954, 2.500000000000000000 ) ) ;
#2454 = ORIENTED_EDGE ( 'NONE', *, *, #2682, .F. ) ;
#2455 = EDGE_CURVE ( 'NONE', #3647, #1393, #2653, .T. ) ;
#2456 = DIRECTION ( 'NONE',  ( 0.000000000000000000, 0.000000000000000000, -1.000000000000000000 ) ) ;
#2457 = PLANE ( 'NONE',  #2900 ) ;
#2458 = EDGE_CURVE ( 'NONE', #3071, #1749, #2537, .T. ) ;
#2459 = LINE ( 'NONE', #2172, #3613 ) ;
#2460 = ORIENTED_EDGE ( 'NONE', *, *, #944, .T. ) ;
#2461 = ORIENTED_EDGE ( 'NONE', *, *, #901, .T. ) ;
#2462 = AXIS2_PLACEMENT_3D ( 'NONE', #2279, #242, #303 ) ;
#2463 = LINE ( 'NONE', #425, #1960 ) ;
#2464 = DIRECTION ( 'NONE',  ( 0.4999999999999997780, 0.8660254037844387076, 0.000000000000000000 ) ) ;
#2465 = LINE ( 'NONE', #1555, #1330 ) ;
#2466 = VERTEX_POINT ( 'NONE', #332 ) ;
#2467 = DIRECTION ( 'NONE',  ( 0.000000000000000000, -0.000000000000000000, 1.000000000000000000 ) ) ;
#2468 =( LENGTH_UNIT ( ) NAMED_UNIT ( * ) SI_UNIT ( .MILLI., .METRE. ) );
#2469 = ORIENTED_EDGE ( 'NONE', *, *, #2756, .T. ) ;
#2470 = DIRECTION ( 'NONE',  ( -2.891205793294678696E-17, 1.000000000000000000, 0.000000000000000000 ) ) ;
#2471 = DIRECTION ( 'NONE',  ( -0.000000000000000000, -0.000000000000000000, 1.000000000000000000 ) ) ;
#2472 = EDGE_LOOP ( 'NONE', ( #3355, #359, #1241, #1215 ) ) ;
#2473 = DIRECTION ( 'NONE',  ( 0.000000000000000000, 0.7071067811865450192, 0.7071067811865500152 ) ) ;
#2474 = ADVANCED_FACE ( 'NONE', ( #2078 ), #1128, .F. ) ;
#2475 = LINE ( 'NONE', #2780, #285 ) ;
#2476 = CARTESIAN_POINT ( 'NONE',  ( -3.687499999999963141, 8.386937352910244670, 2.500000000000000000 ) ) ;
#2477 = ADVANCED_FACE ( 'NONE', ( #2896 ), #844, .F. ) ;
#2478 = ORIENTED_EDGE ( 'NONE', *, *, #3535, .T. ) ;
#2479 = CARTESIAN_POINT ( 'NONE',  ( 15.00000000000000000, 18.25000000000000355, -2.249999999999999556 ) ) ;
#2480 = EDGE_CURVE ( 'NONE', #816, #1102, #1453, .T. ) ;
#2481 = EDGE_CURVE ( 'NONE', #95, #337, #1032, .T. ) ;
#2482 = CARTESIAN_POINT ( 'NONE',  ( 20.66228675972852713, -13.00000000000000533, 2.500000000000000000 ) ) ;
#2483 = ORIENTED_EDGE ( 'NONE', *, *, #2684, .F. ) ;
#2484 = AXIS2_PLACEMENT_3D ( 'NONE', #3074, #180, #409 ) ;
#2485 = DIRECTION ( 'NONE',  ( -0.000000000000000000, -0.000000000000000000, -1.000000000000000000 ) ) ;
#2486 = VECTOR ( 'NONE', #1252, 1000.000000000000000 ) ;
#2487 = ORIENTED_EDGE ( 'NONE', *, *, #3518, .F. ) ;
#2488 = CARTESIAN_POINT ( 'NONE',  ( -10.25000000000000000, -55.00000000000002132, 4.999999999999998224 ) ) ;
#2489 = DIRECTION ( 'NONE',  ( 1.000000000000000000, 0.000000000000000000, 0.000000000000000000 ) ) ;
#2490 = ORIENTED_EDGE ( 'NONE', *, *, #2195, .F. ) ;
#2491 = CARTESIAN_POINT ( 'NONE',  ( 6.000000000000000000, -12.50000000000001954, 0.000000000000000000 ) ) ;
#2492 = CARTESIAN_POINT ( 'NONE',  ( 9.000000000000000000, 17.49999999999999289, 2.500000000000000000 ) ) ;
#2493 = DIRECTION ( 'NONE',  ( -0.000000000000000000, -0.000000000000000000, 1.000000000000000000 ) ) ;
#2494 = ORIENTED_EDGE ( 'NONE', *, *, #2481, .T. ) ;
#2495 = ORIENTED_EDGE ( 'NONE', *, *, #2074, .T. ) ;
#2496 = CARTESIAN_POINT ( 'NONE',  ( 8.986100377805716022, -12.50000000000001954, 2.500000000000000000 ) ) ;
#2497 = EDGE_CURVE ( 'NONE', #1506, #843, #3270, .T. ) ;
#2498 = ORIENTED_EDGE ( 'NONE', *, *, #3602, .T. ) ;
#2499 = LINE ( 'NONE', #2789, #2727 ) ;
#2500 = AXIS2_PLACEMENT_3D ( 'NONE', #2026, #2556, #1973 ) ;
#2501 = ORIENTED_EDGE ( 'NONE', *, *, #3155, .F. ) ;
#2502 = AXIS2_PLACEMENT_3D ( 'NONE', #392, #943, #2464 ) ;
#2503 = DIRECTION ( 'NONE',  ( -0.000000000000000000, -0.000000000000000000, -1.000000000000000000 ) ) ;
#2504 = DIRECTION ( 'NONE',  ( -1.000000000000000000, -0.000000000000000000, 0.000000000000000000 ) ) ;
#2505 = ORIENTED_EDGE ( 'NONE', *, *, #3757, .T. ) ;
#2506 = VECTOR ( 'NONE', #510, 1000.000000000000000 ) ;
#2507 = DIRECTION ( 'NONE',  ( 0.7071067811865462405, -0.000000000000000000, 0.7071067811865489050 ) ) ;
#2508 = PLANE ( 'NONE',  #1818 ) ;
#2509 = LINE ( 'NONE', #3089, #1297 ) ;
#2510 = ORIENTED_EDGE ( 'NONE', *, *, #2601, .T. ) ;
#2511 = AXIS2_PLACEMENT_3D ( 'NONE', #2604, #2075, #2382 ) ;
#2512 = VERTEX_POINT ( 'NONE', #1229 ) ;
#2513 = DIRECTION ( 'NONE',  ( -0.000000000000000000, -0.000000000000000000, -1.000000000000000000 ) ) ;
#2514 = EDGE_CURVE ( 'NONE', #1611, #3347, #3332, .T. ) ;
#2515 = ORIENTED_EDGE ( 'NONE', *, *, #383, .T. ) ;
#2516 = CIRCLE ( 'NONE', #3439, 7.375000000000000000 ) ;
#2517 = EDGE_CURVE ( 'NONE', #1989, #266, #1209, .T. ) ;
#2518 = CARTESIAN_POINT ( 'NONE',  ( -13.25000000000000533, -40.00000000000002132, 2.500000000000000000 ) ) ;
#2519 = ORIENTED_EDGE ( 'NONE', *, *, #2455, .T. ) ;
#2520 = VECTOR ( 'NONE', #50, 1000.000000000000000 ) ;
#2521 = EDGE_CURVE ( 'NONE', #1492, #1044, #2119, .T. ) ;
#2522 = LINE ( 'NONE', #555, #631 ) ;
#2523 = DIRECTION ( 'NONE',  ( 0.000000000000000000, 0.000000000000000000, -1.000000000000000000 ) ) ;
#2524 = VERTEX_POINT ( 'NONE', #653 ) ;
#2525 = ADVANCED_FACE ( 'NONE', ( #3617 ), #122, .F. ) ;
#2526 = CARTESIAN_POINT ( 'NONE',  ( -23.83771324027146932, -7.500000000000005329, 2.500000000000000000 ) ) ;
#2527 = LINE ( 'NONE', #1884, #936 ) ;
#2528 = CARTESIAN_POINT ( 'NONE',  ( -15.00000000000000000, 25.00000000000001421, 0.000000000000000000 ) ) ;
#2529 = CARTESIAN_POINT ( 'NONE',  ( -10.74999999999999645, -12.00000000000002132, 0.000000000000000000 ) ) ;
#2530 = VERTEX_POINT ( 'NONE', #3292 ) ;
#2531 = ORIENTED_EDGE ( 'NONE', *, *, #2521, .T. ) ;
#2532 = CARTESIAN_POINT ( 'NONE',  ( 0.000000000000000000, -15.00000000000001954, 0.000000000000000000 ) ) ;
#2533 = ORIENTED_EDGE ( 'NONE', *, *, #821, .F. ) ;
#2534 = FACE_OUTER_BOUND ( 'NONE', #2630, .T. ) ;
#2535 = AXIS2_PLACEMENT_3D ( 'NONE', #2392, #1790, #3002 ) ;
#2536 = ORIENTED_EDGE ( 'NONE', *, *, #1725, .F. ) ;
#2537 = CIRCLE ( 'NONE', #908, 1.750000000000001554 ) ;
#2538 = CARTESIAN_POINT ( 'NONE',  ( 7.608588896766601550, -12.50000000000001954, 2.500000000000000000 ) ) ;
#2539 = DIRECTION ( 'NONE',  ( 0.000000000000000000, -1.000000000000000000, 0.000000000000000000 ) ) ;
#2540 = VERTEX_POINT ( 'NONE', #1874 ) ;
#2541 = DIRECTION ( 'NONE',  ( 1.000000000000000000, 0.000000000000000000, 0.000000000000000000 ) ) ;
#2542 = CARTESIAN_POINT ( 'NONE',  ( 7.358031326380718440, -12.50000000000001954, 2.500000000000000000 ) ) ;
#2543 = ORIENTED_EDGE ( 'NONE', *, *, #3127, .F. ) ;
#2544 = DIRECTION ( 'NONE',  ( 0.000000000000000000, 0.000000000000000000, -1.000000000000000000 ) ) ;
#2545 = DIRECTION ( 'NONE',  ( 1.000000000000000000, 0.000000000000000000, -0.000000000000000000 ) ) ;
#2546 = EDGE_LOOP ( 'NONE', ( #1530, #1527, #3326, #3731 ) ) ;
#2547 = DIRECTION ( 'NONE',  ( 0.000000000000000000, 0.000000000000000000, 1.000000000000000000 ) ) ;
#2548 = LINE ( 'NONE', #1359, #1282 ) ;
#2549 = ORIENTED_EDGE ( 'NONE', *, *, #712, .F. ) ;
#2550 = DIRECTION ( 'NONE',  ( 1.000000000000000000, 0.000000000000000000, 0.000000000000000000 ) ) ;
#2551 = EDGE_LOOP ( 'NONE', ( #1516, #1637, #1643, #1011 ) ) ;
#2552 = DIRECTION ( 'NONE',  ( 0.000000000000000000, 0.000000000000000000, 1.000000000000000000 ) ) ;
#2553 = CARTESIAN_POINT ( 'NONE',  ( -15.00000000000000000, 20.50000000000000000, 0.000000000000000000 ) ) ;
#2554 = ADVANCED_FACE ( 'NONE', ( #982 ), #85, .T. ) ;
#2555 = CARTESIAN_POINT ( 'NONE',  ( -3.812499999999963585, 8.603443703856358482, 2.500000000000000000 ) ) ;
#2556 = DIRECTION ( 'NONE',  ( -0.000000000000000000, 1.000000000000000000, 0.000000000000000000 ) ) ;
#2557 = CARTESIAN_POINT ( 'NONE',  ( -20.66228675972852713, 13.00000000000000711, 2.500000000000000000 ) ) ;
#2558 = CARTESIAN_POINT ( 'NONE',  ( 10.25000000000000000, -45.25000000000000000, -1.821662113731688484E-15 ) ) ;
#2559 = EDGE_LOOP ( 'NONE', ( #2093, #2714, #1108, #1250 ) ) ;
#2560 = EDGE_CURVE ( 'NONE', #3496, #2214, #2140, .T. ) ;
#2561 = EDGE_CURVE ( 'NONE', #2958, #709, #2384, .T. ) ;
#2562 = AXIS2_PLACEMENT_3D ( 'NONE', #483, #2503, #3704 ) ;
#2563 = ADVANCED_FACE ( 'NONE', ( #2100 ), #3594, .T. ) ;
#2564 = ADVANCED_FACE ( 'NONE', ( #3559 ), #1309, .F. ) ;
#2565 = VECTOR ( 'NONE', #2881, 1000.000000000000000 ) ;
#2566 = CARTESIAN_POINT ( 'NONE',  ( -27.99999999999999645, 39.99999999999997868, 0.000000000000000000 ) ) ;
#2567 = ORIENTED_EDGE ( 'NONE', *, *, #2055, .F. ) ;
#2568 = FACE_OUTER_BOUND ( 'NONE', #1887, .T. ) ;
#2569 = CARTESIAN_POINT ( 'NONE',  ( 3.687500000000006661, 10.61306264708975888, 5.000000000000000000 ) ) ;
#2570 = ORIENTED_EDGE ( 'NONE', *, *, #1342, .T. ) ;
#2571 = LINE ( 'NONE', #248, #1638 ) ;
#2572 = LINE ( 'NONE', #2252, #748 ) ;
#2573 = DIRECTION ( 'NONE',  ( 0.000000000000000000, -0.000000000000000000, 1.000000000000000000 ) ) ;
#2574 = VECTOR ( 'NONE', #733, 1000.000000000000000 ) ;
#2575 = CARTESIAN_POINT ( 'NONE',  ( 9.000000000000000000, 19.99999999999998934, 5.000000000000000000 ) ) ;
#2576 = CARTESIAN_POINT ( 'NONE',  ( -3.116809680337662591, -4.684019929395301318, 5.000000000000000000 ) ) ;
#2577 = EDGE_LOOP ( 'NONE', ( #58, #780, #3102, #1386 ) ) ;
#2578 = DIRECTION ( 'NONE',  ( -0.000000000000000000, 1.000000000000000000, 0.000000000000000000 ) ) ;
#2579 = FILL_AREA_STYLE ('',( #3715 ) ) ;
#2580 = ORIENTED_EDGE ( 'NONE', *, *, #3253, .T. ) ;
#2581 = EDGE_CURVE ( 'NONE', #2784, #658, #3633, .T. ) ;
#2582 = EDGE_CURVE ( 'NONE', #3413, #2540, #1023, .T. ) ;
#2583 = DIRECTION ( 'NONE',  ( -0.000000000000000000, -0.000000000000000000, -1.000000000000000000 ) ) ;
#2584 = ORIENTED_EDGE ( 'NONE', *, *, #2734, .F. ) ;
#2585 = CYLINDRICAL_SURFACE ( 'NONE', #2703, 1.750000000000005107 ) ;
#2586 = CARTESIAN_POINT ( 'NONE',  ( -23.83771324027147287, 7.499999999999998224, 2.500000000000000000 ) ) ;
#2587 = VERTEX_POINT ( 'NONE', #1838 ) ;
#2588 = VECTOR ( 'NONE', #2639, 1000.000000000000000 ) ;
#2589 = VECTOR ( 'NONE', #1146, 1000.000000000000000 ) ;
#2590 = LINE ( 'NONE', #1496, #1145 ) ;
#2591 = AXIS2_PLACEMENT_3D ( 'NONE', #689, #3010, #996 ) ;
#2592 = PLANE ( 'NONE',  #2757 ) ;
#2593 = DIRECTION ( 'NONE',  ( 0.4226182617406999964, 0.9063077870366496036, 0.000000000000000000 ) ) ;
#2594 = CIRCLE ( 'NONE', #2535, 9.000000000000001776 ) ;
#2595 = DIRECTION ( 'NONE',  ( -1.000000000000000000, 0.000000000000000000, 0.000000000000000000 ) ) ;
#2596 = DIRECTION ( 'NONE',  ( -0.000000000000000000, -0.000000000000000000, 1.000000000000000000 ) ) ;
#2597 = CARTESIAN_POINT ( 'NONE',  ( 9.500000000000000000, -20.00000000000000000, -9.797174393178823685E-16 ) ) ;
#2598 = DIRECTION ( 'NONE',  ( -0.5000000000000001110, -0.8660254037844385966, 0.000000000000000000 ) ) ;
#2599 = VECTOR ( 'NONE', #3634, 1000.000000000000000 ) ;
#2600 = ORIENTED_EDGE ( 'NONE', *, *, #704, .F. ) ;
#2601 = EDGE_CURVE ( 'NONE', #2821, #3058, #135, .T. ) ;
#2602 = DIRECTION ( 'NONE',  ( -1.000000000000000000, 0.000000000000000000, 0.000000000000000000 ) ) ;
#2603 = VERTEX_POINT ( 'NONE', #637 ) ;
#2604 = CARTESIAN_POINT ( 'NONE',  ( 5.000000000000000000, -47.00000000000000000, -3.500000000000000444 ) ) ;
#2605 = CARTESIAN_POINT ( 'NONE',  ( -15.00000000000000000, 20.50000000000000355, 0.000000000000000000 ) ) ;
#2606 = VERTEX_POINT ( 'NONE', #1800 ) ;
#2607 = VECTOR ( 'NONE', #244, 1000.000000000000000 ) ;
#2608 = CARTESIAN_POINT ( 'NONE',  ( 23.83771324027147642, -7.500000000000001776, 2.500000000000000000 ) ) ;
#2609 = ORIENTED_EDGE ( 'NONE', *, *, #336, .F. ) ;
#2610 = ADVANCED_FACE ( 'NONE', ( #2997 ), #356, .F. ) ;
#2611 = FACE_OUTER_BOUND ( 'NONE', #1008, .T. ) ;
#2612 = ORIENTED_EDGE ( 'NONE', *, *, #1018, .F. ) ;
#2613 = EDGE_CURVE ( 'NONE', #3107, #2530, #3055, .T. ) ;
#2614 = CARTESIAN_POINT ( 'NONE',  ( 8.995461284679095115, -12.66823609758297842, 2.500000000000000000 ) ) ;
#2615 = DIRECTION ( 'NONE',  ( -1.000000000000000000, 0.000000000000000000, 0.000000000000000000 ) ) ;
#2616 = VECTOR ( 'NONE', #1974, 1000.000000000000000 ) ;
#2617 = LINE ( 'NONE', #2066, #3147 ) ;
#2618 = DIRECTION ( 'NONE',  ( 0.5000000000000004441, -0.8660254037844382635, 0.000000000000000000 ) ) ;
#2619 = ORIENTED_EDGE ( 'NONE', *, *, #3461, .T. ) ;
#2620 = DIRECTION ( 'NONE',  ( 0.000000000000000000, -0.000000000000000000, -1.000000000000000000 ) ) ;
#2621 = LINE ( 'NONE', #916, #2998 ) ;
#2622 = ORIENTED_EDGE ( 'NONE', *, *, #35, .T. ) ;
#2623 = AXIS2_PLACEMENT_3D ( 'NONE', #2379, #386, #61 ) ;
#2624 = CARTESIAN_POINT ( 'NONE',  ( 7.625000000000000000, -13.00000000000001066, 5.000000000000000000 ) ) ;
#2625 = DIRECTION ( 'NONE',  ( 0.000000000000000000, 0.000000000000000000, 1.000000000000000000 ) ) ;
#2626 = ORIENTED_EDGE ( 'NONE', *, *, #197, .T. ) ;
#2627 = CARTESIAN_POINT ( 'NONE',  ( 23.83771324027147642, -13.00000000000000533, 2.500000000000000000 ) ) ;
#2628 = VECTOR ( 'NONE', #3240, 1000.000000000000000 ) ;
#2629 = CARTESIAN_POINT ( 'NONE',  ( 0.000000000000000000, -15.00000000000001954, 0.000000000000000000 ) ) ;
#2630 = EDGE_LOOP ( 'NONE', ( #806, #3, #3298, #1191 ) ) ;
#2631 = CARTESIAN_POINT ( 'NONE',  ( 22.25000000000000000, -10.25000000000000000, 2.499999999999999556 ) ) ;
#2632 = ORIENTED_EDGE ( 'NONE', *, *, #2132, .T. ) ;
#2633 = CARTESIAN_POINT ( 'NONE',  ( 0.000000000000000000, 1.999999999999989564, 2.500000000000000000 ) ) ;
#2634 = ADVANCED_FACE ( 'NONE', ( #2176 ), #443, .F. ) ;
#2635 = ORIENTED_EDGE ( 'NONE', *, *, #2806, .T. ) ;
#2636 = EDGE_CURVE ( 'NONE', #1079, #1050, #608, .T. ) ;
#2637 = LINE ( 'NONE', #2372, #3557 ) ;
#2638 = DIRECTION ( 'NONE',  ( -1.000000000000000000, -2.891205793294678696E-17, 0.000000000000000000 ) ) ;
#2639 = DIRECTION ( 'NONE',  ( 0.000000000000000000, 1.000000000000000000, -1.445602896647339656E-16 ) ) ;
#2640 = CARTESIAN_POINT ( 'NONE',  ( -3.222464245772837632, -4.910596876154464496, 5.000000000000000000 ) ) ;
#2641 = ORIENTED_EDGE ( 'NONE', *, *, #1103, .T. ) ;
#2642 = ADVANCED_FACE ( 'NONE', ( #2708 ), #1222, .F. ) ;
#2643 = EDGE_CURVE ( 'NONE', #1809, #511, #1710, .T. ) ;
#2644 = LINE ( 'NONE', #1240, #1845 ) ;
#2645 = VERTEX_POINT ( 'NONE', #1834 ) ;
#2646 = VECTOR ( 'NONE', #599, 1000.000000000000000 ) ;
#2647 = CARTESIAN_POINT ( 'NONE',  ( -27.99999999999998579, 19.99999999999998934, 0.000000000000000000 ) ) ;
#2648 = DIRECTION ( 'NONE',  ( -0.000000000000000000, -0.000000000000000000, -1.000000000000000000 ) ) ;
#2649 = ORIENTED_EDGE ( 'NONE', *, *, #3177, .T. ) ;
#2650 = B_SPLINE_CURVE_WITH_KNOTS ( 'NONE', 3,
 ( #1904, #1045, #507, #2542 ),
 .UNSPECIFIED., .F., .F.,
 ( 4, 4 ),
 ( 0.000000000000000000, 0.0005028312062397251921 ),
 .UNSPECIFIED. ) ;
#2651 = CARTESIAN_POINT ( 'NONE',  ( 9.999999999999994671, -12.00000000000002132, 5.000000000000000000 ) ) ;
#2652 = LINE ( 'NONE', #3475, #464 ) ;
#2653 = LINE ( 'NONE', #2323, #1879 ) ;
#2654 = ORIENTED_EDGE ( 'NONE', *, *, #1399, .F. ) ;
#2655 = LINE ( 'NONE', #2406, #3286 ) ;
#2656 = ORIENTED_EDGE ( 'NONE', *, *, #2237, .F. ) ;
#2657 = DIRECTION ( 'NONE',  ( -0.4999999999999997780, -0.8660254037844387076, 0.000000000000000000 ) ) ;
#2658 = CARTESIAN_POINT ( 'NONE',  ( -3.116809680337662591, -4.684019929395301318, 2.500000000000000000 ) ) ;
#2659 = VECTOR ( 'NONE', #2240, 1000.000000000000000 ) ;
#2660 = LINE ( 'NONE', #3194, #2588 ) ;
#2661 = LINE ( 'NONE', #929, #471 ) ;
#2662 = EDGE_LOOP ( 'NONE', ( #3574, #2979, #6, #1255 ) ) ;
#2663 = CARTESIAN_POINT ( 'NONE',  ( 3.687499999999966249, -6.613062647089764212, 2.500000000000000000 ) ) ;
#2664 = ORIENTED_EDGE ( 'NONE', *, *, #1857, .F. ) ;
#2665 = DIRECTION ( 'NONE',  ( 0.8660254037844385966, -0.5000000000000001110, 0.000000000000000000 ) ) ;
#2666 = CARTESIAN_POINT ( 'NONE',  ( 7.375000000000000000, -13.00000000000001066, 2.500000000000000000 ) ) ;
#2667 = VECTOR ( 'NONE', #615, 1000.000000000000000 ) ;
#2668 = VERTEX_POINT ( 'NONE', #3551 ) ;
#2669 = LINE ( 'NONE', #611, #3229 ) ;
#2670 = ORIENTED_EDGE ( 'NONE', *, *, #3438, .T. ) ;
#2671 = DIRECTION ( 'NONE',  ( -1.000000000000000000, 0.000000000000000000, 0.000000000000000000 ) ) ;
#2672 = EDGE_LOOP ( 'NONE', ( #2632, #3049, #2505, #3204, #1281, #371, #288 ) ) ;
#2673 = DIRECTION ( 'NONE',  ( -0.000000000000000000, -0.000000000000000000, -1.000000000000000000 ) ) ;
#2674 = ORIENTED_EDGE ( 'NONE', *, *, #1682, .F. ) ;
#2675 = PLANE ( 'NONE',  #3741 ) ;
#2676 =( NAMED_UNIT ( * ) SI_UNIT ( $, .STERADIAN. ) SOLID_ANGLE_UNIT ( ) );
#2677 = DIRECTION ( 'NONE',  ( 1.000000000000000000, 0.000000000000000000, 0.000000000000000000 ) ) ;
#2678 = VERTEX_POINT ( 'NONE', #1795 ) ;
#2679 = EDGE_CURVE ( 'NONE', #3592, #2972, #2135, .T. ) ;
#2680 = DIRECTION ( 'NONE',  ( -0.8660254037844383745, -0.5000000000000004441, 0.000000000000000000 ) ) ;
#2681 = ORIENTED_EDGE ( 'NONE', *, *, #2051, .F. ) ;
#2682 = EDGE_CURVE ( 'NONE', #1506, #1037, #2953, .T. ) ;
#2683 = DIRECTION ( 'NONE',  ( -0.5000000000000005551, 0.8660254037844382635, 0.000000000000000000 ) ) ;
#2684 = EDGE_CURVE ( 'NONE', #3665, #762, #2992, .T. ) ;
#2685 = CARTESIAN_POINT ( 'NONE',  ( 23.83771324027147642, -13.00000000000000533, 2.500000000000000000 ) ) ;
#2686 = EDGE_CURVE ( 'NONE', #670, #209, #3242, .T. ) ;
#2687 = ORIENTED_EDGE ( 'NONE', *, *, #499, .F. ) ;
#2688 = CIRCLE ( 'NONE', #2861, 2.500000000000000000 ) ;
#2689 = EDGE_CURVE ( 'NONE', #2112, #3658, #2143, .T. ) ;
#2690 = EDGE_CURVE ( 'NONE', #2530, #41, #3306, .T. ) ;
#2691 = COLOUR_RGB ( '',0.7921568627450980005, 0.8196078431372548767, 0.9333333333333333481 ) ;
#2692 = ADVANCED_FACE ( 'NONE', ( #328 ), #3244, .F. ) ;
#2693 = EDGE_LOOP ( 'NONE', ( #3066, #1996, #1863, #1211 ) ) ;
#2694 = DIRECTION ( 'NONE',  ( -0.000000000000000000, -0.000000000000000000, -1.000000000000000000 ) ) ;
#2695 = VECTOR ( 'NONE', #1545, 1000.000000000000000 ) ;
#2696 = DIRECTION ( 'NONE',  ( 0.000000000000000000, 0.000000000000000000, 1.000000000000000000 ) ) ;
#2697 = ORIENTED_EDGE ( 'NONE', *, *, #2007, .T. ) ;
#2698 = CIRCLE ( 'NONE', #3426, 1.750000000000005107 ) ;
#2699 = LINE ( 'NONE', #107, #2486 ) ;
#2700 = DIRECTION ( 'NONE',  ( 1.000000000000000000, 0.000000000000000000, 0.000000000000000000 ) ) ;
#2701 = CYLINDRICAL_SURFACE ( 'NONE', #1140, 6.000000000000002665 ) ;
#2702 = ORIENTED_EDGE ( 'NONE', *, *, #3018, .T. ) ;
#2703 = AXIS2_PLACEMENT_3D ( 'NONE', #3755, #1144, #2304 ) ;
#2704 = FACE_OUTER_BOUND ( 'NONE', #1759, .T. ) ;
#2705 = CARTESIAN_POINT ( 'NONE',  ( 7.625000000000000000, -12.83485826882056635, 2.483199157502305354 ) ) ;
#2706 = ORIENTED_EDGE ( 'NONE', *, *, #1941, .T. ) ;
#2707 = DIRECTION ( 'NONE',  ( -0.8660254037844391517, 0.4999999999999992228, 0.000000000000000000 ) ) ;
#2708 = FACE_OUTER_BOUND ( 'NONE', #597, .T. ) ;
#2709 = VERTEX_POINT ( 'NONE', #19 ) ;
#2710 = AXIS2_PLACEMENT_3D ( 'NONE', #1289, #2123, #2752 ) ;
#2711 = VERTEX_POINT ( 'NONE', #2976 ) ;
#2712 = DIRECTION ( 'NONE',  ( -0.000000000000000000, -0.000000000000000000, 1.000000000000000000 ) ) ;
#2713 = CARTESIAN_POINT ( 'NONE',  ( 0.000000000000000000, -13.00000000000001066, 2.500000000000000000 ) ) ;
#2714 = ORIENTED_EDGE ( 'NONE', *, *, #2581, .F. ) ;
#2715 = DIRECTION ( 'NONE',  ( 0.5000000000000003331, 0.8660254037844383745, 0.000000000000000000 ) ) ;
#2716 =( NAMED_UNIT ( * ) SI_UNIT ( $, .STERADIAN. ) SOLID_ANGLE_UNIT ( ) );
#2717 = CARTESIAN_POINT ( 'NONE',  ( 20.66228675972852713, -13.00000000000000533, 2.500000000000000000 ) ) ;
#2718 = EDGE_LOOP ( 'NONE', ( #835, #2567, #1019, #196 ) ) ;
#2719 = AXIS2_PLACEMENT_3D ( 'NONE', #530, #2021, #3255 ) ;
#2720 = DIRECTION ( 'NONE',  ( 0.000000000000000000, -1.000000000000000000, 0.000000000000000000 ) ) ;
#2721 = DIRECTION ( 'NONE',  ( -1.000000000000000000, -0.000000000000000000, -0.000000000000000000 ) ) ;
#2722 = ORIENTED_EDGE ( 'NONE', *, *, #657, .F. ) ;
#2723 = CARTESIAN_POINT ( 'NONE',  ( -23.83771324027146932, -13.00000000000000000, 2.500000000000000000 ) ) ;
#2724 = DIRECTION ( 'NONE',  ( -1.000000000000000000, 0.000000000000000000, -0.000000000000000000 ) ) ;
#2725 = VERTEX_POINT ( 'NONE', #3591 ) ;
#2726 = VECTOR ( 'NONE', #2270, 1000.000000000000114 ) ;
#2727 = VECTOR ( 'NONE', #3443, 1000.000000000000000 ) ;
#2728 = VERTEX_POINT ( 'NONE', #1469 ) ;
#2729 = EDGE_CURVE ( 'NONE', #664, #3111, #690, .T. ) ;
#2730 = CARTESIAN_POINT ( 'NONE',  ( -3.222464245772837632, -4.910596876154464496, 2.500000000000000000 ) ) ;
#2731 = CARTESIAN_POINT ( 'NONE',  ( -22.25000000000000000, -10.25000000000000000, 2.499999999999999556 ) ) ;
#2732 = PLANE ( 'NONE',  #2788 ) ;
#2733 = ORIENTED_EDGE ( 'NONE', *, *, #538, .F. ) ;
#2734 = EDGE_CURVE ( 'NONE', #370, #783, #304, .T. ) ;
#2735 = CYLINDRICAL_SURFACE ( 'NONE', #2710, 7.625000000000000000 ) ;
#2736 = ORIENTED_EDGE ( 'NONE', *, *, #3177, .F. ) ;
#2737 = ADVANCED_FACE ( 'NONE', ( #1182 ), #2339, .T. ) ;
#2738 = VECTOR ( 'NONE', #65, 1000.000000000000000 ) ;
#2739 = LINE ( 'NONE', #2488, #1477 ) ;
#2740 = FACE_OUTER_BOUND ( 'NONE', #3264, .T. ) ;
#2741 = ORIENTED_EDGE ( 'NONE', *, *, #1300, .T. ) ;
#2742 = DIRECTION ( 'NONE',  ( 0.000000000000000000, -0.7071067811865487940, 0.7071067811865463515 ) ) ;
#2743 = CARTESIAN_POINT ( 'NONE',  ( 6.000000000000000888, -13.00000000000001066, 2.500000000000000000 ) ) ;
#2744 = CARTESIAN_POINT ( 'NONE',  ( -27.99999999999999645, 39.99999999999997868, 5.000000000000000000 ) ) ;
#2745 = ORIENTED_EDGE ( 'NONE', *, *, #2287, .F. ) ;
#2746 = ORIENTED_EDGE ( 'NONE', *, *, #2284, .T. ) ;
#2747 = CARTESIAN_POINT ( 'NONE',  ( -27.99999999999998579, -40.00000000000002132, 5.000000000000000000 ) ) ;
#2748 = CARTESIAN_POINT ( 'NONE',  ( -10.00000000000000355, 19.99999999999998934, 5.000000000000000000 ) ) ;
#2749 = DIRECTION ( 'NONE',  ( 1.000000000000000000, 0.000000000000000000, 0.000000000000000000 ) ) ;
#2750 = ORIENTED_EDGE ( 'NONE', *, *, #3205, .F. ) ;
#2751 = VECTOR ( 'NONE', #2934, 1000.000000000000000 ) ;
#2752 = DIRECTION ( 'NONE',  ( 1.000000000000000000, 0.000000000000000000, 0.000000000000000000 ) ) ;
#2753 = AXIS2_PLACEMENT_3D ( 'NONE', #1900, #1917, #3025 ) ;
#2754 = PRODUCT_CONTEXT ( 'NONE', #1775, 'mechanical' ) ;
#2755 = VERTEX_POINT ( 'NONE', #1245 ) ;
#2756 = EDGE_CURVE ( 'NONE', #3739, #2466, #2201, .T. ) ;
#2757 = AXIS2_PLACEMENT_3D ( 'NONE', #3767, #1150, #864 ) ;
#2758 = DIRECTION ( 'NONE',  ( 0.4999999999999991673, 0.8660254037844390407, 0.000000000000000000 ) ) ;
#2759 = CARTESIAN_POINT ( 'NONE',  ( -27.99999999999998579, -40.00000000000002132, 5.000000000000000000 ) ) ;
#2760 = ORIENTED_EDGE ( 'NONE', *, *, #3324, .F. ) ;
#2761 = CARTESIAN_POINT ( 'NONE',  ( -9.500000000000000000, -13.99999999999999112, -3.500000000000000444 ) ) ;
#2762 = EDGE_CURVE ( 'NONE', #531, #99, #40, .T. ) ;
#2763 = EDGE_CURVE ( 'NONE', #3054, #2728, #369, .T. ) ;
#2764 = EDGE_CURVE ( 'NONE', #1321, #1423, #2766, .T. ) ;
#2765 = CARTESIAN_POINT ( 'NONE',  ( 9.500000000000000000, -20.00000000000000000, -0.5000000000000009992 ) ) ;
#2766 = LINE ( 'NONE', #1906, #3483 ) ;
#2767 = VERTEX_POINT ( 'NONE', #2781 ) ;
#2768 = ORIENTED_EDGE ( 'NONE', *, *, #1720, .F. ) ;
#2769 = CIRCLE ( 'NONE', #1313, 2.000000000000008882 ) ;
#2770 = CARTESIAN_POINT ( 'NONE',  ( -23.83771324027146932, -12.99999999999999822, 0.000000000000000000 ) ) ;
#2771 = ORIENTED_EDGE ( 'NONE', *, *, #874, .T. ) ;
#2772 = CARTESIAN_POINT ( 'NONE',  ( -10.00000000000000355, 19.99999999999998934, 0.000000000000000000 ) ) ;
#2773 = VERTEX_POINT ( 'NONE', #1304 ) ;
#2774 = LINE ( 'NONE', #1864, #3245 ) ;
#2775 = LINE ( 'NONE', #129, #590 ) ;
#2776 = ORIENTED_EDGE ( 'NONE', *, *, #2497, .T. ) ;
#2777 = CARTESIAN_POINT ( 'NONE',  ( -9.500000000000000000, -16.99999999999998934, -3.500000000000000000 ) ) ;
#2778 = PRODUCT_DEFINITION_FORMATION_WITH_SPECIFIED_SOURCE ( 'ANY', '', #3345, .NOT_KNOWN. ) ;
#2779 = AXIS2_PLACEMENT_3D ( 'NONE', #946, #2696, #1456 ) ;
#2780 = CARTESIAN_POINT ( 'NONE',  ( -15.00000000000000000, 18.25000000000000355, -2.749999999999999556 ) ) ;
#2781 = CARTESIAN_POINT ( 'NONE',  ( 23.83771324027146932, 7.500000000000000000, 0.000000000000000000 ) ) ;
#2782 = ORIENTED_EDGE ( 'NONE', *, *, #1734, .T. ) ;
#2783 = EDGE_CURVE ( 'NONE', #3280, #1680, #2459, .T. ) ;
#2784 = VERTEX_POINT ( 'NONE', #3381 ) ;
#2785 = AXIS2_PLACEMENT_3D ( 'NONE', #991, #2417, #1582 ) ;
#2786 = DIRECTION ( 'NONE',  ( -1.000000000000000000, 0.000000000000000000, -0.000000000000000000 ) ) ;
#2787 = VERTEX_POINT ( 'NONE', #1623 ) ;
#2788 = AXIS2_PLACEMENT_3D ( 'NONE', #2159, #1343, #3040 ) ;
#2789 = CARTESIAN_POINT ( 'NONE',  ( 10.74999999999999645, -12.00000000000002132, 5.000000000000000000 ) ) ;
#2790 = VECTOR ( 'NONE', #1608, 1000.000000000000000 ) ;
#2791 = VERTEX_POINT ( 'NONE', #1922 ) ;
#2792 = CARTESIAN_POINT ( 'NONE',  ( -5.000000000000000000, -48.75000000000000000, -3.500000000000000444 ) ) ;
#2793 = PLANE ( 'NONE',  #96 ) ;
#2794 = ORIENTED_EDGE ( 'NONE', *, *, #2083, .F. ) ;
#2795 = DIRECTION ( 'NONE',  ( 0.000000000000000000, 0.000000000000000000, 1.000000000000000000 ) ) ;
#2796 = FACE_OUTER_BOUND ( 'NONE', #2032, .T. ) ;
#2797 = CARTESIAN_POINT ( 'NONE',  ( -27.99999999999998579, -40.00000000000002132, 5.000000000000000000 ) ) ;
#2798 = EDGE_LOOP ( 'NONE', ( #2808, #2483, #1737, #2010 ) ) ;
#2799 = ADVANCED_FACE ( 'NONE', ( #421 ), #3052, .T. ) ;
#2800 = EDGE_CURVE ( 'NONE', #2668, #2791, #743, .T. ) ;
#2801 = ORIENTED_EDGE ( 'NONE', *, *, #1507, .F. ) ;
#2802 = AXIS2_PLACEMENT_3D ( 'NONE', #1388, #2578, #3746 ) ;
#2803 = DIRECTION ( 'NONE',  ( -0.7071067811865489050, 0.000000000000000000, -0.7071067811865462405 ) ) ;
#2804 = ADVANCED_FACE ( 'NONE', ( #1586 ), #439, .F. ) ;
#2805 = ORIENTED_EDGE ( 'NONE', *, *, #1732, .F. ) ;
#2806 = EDGE_CURVE ( 'NONE', #3647, #2015, #779, .T. ) ;
#2807 = CARTESIAN_POINT ( 'NONE',  ( -20.66228675972852713, -13.00000000000000178, 2.500000000000000000 ) ) ;
#2808 = ORIENTED_EDGE ( 'NONE', *, *, #2195, .T. ) ;
#2809 = AXIS2_PLACEMENT_3D ( 'NONE', #1773, #959, #98 ) ;
#2810 = CARTESIAN_POINT ( 'NONE',  ( 20.66228675972853068, 7.500000000000000000, 2.500000000000000000 ) ) ;
#2811 = CARTESIAN_POINT ( 'NONE',  ( -1.102182119232617714E-15, -4.000000000000010658, 2.500000000000000000 ) ) ;
#2812 = ORIENTED_EDGE ( 'NONE', *, *, #2481, .F. ) ;
#2813 = CIRCLE ( 'NONE', #1783, 2.500000000000000000 ) ;
#2814 = CARTESIAN_POINT ( 'NONE',  ( 9.500000000000000000, -15.50000000000000178, 0.000000000000000000 ) ) ;
#2815 = FACE_OUTER_BOUND ( 'NONE', #2551, .T. ) ;
#2816 = CARTESIAN_POINT ( 'NONE',  ( 5.000000000000000000, -48.75000000000000000, -3.500000000000000444 ) ) ;
#2817 = CARTESIAN_POINT ( 'NONE',  ( -10.00000000000000178, -12.00000000000002132, 0.000000000000000000 ) ) ;
#2818 = ORIENTED_EDGE ( 'NONE', *, *, #1061, .F. ) ;
#2819 = FACE_OUTER_BOUND ( 'NONE', #1967, .T. ) ;
#2820 = CARTESIAN_POINT ( 'NONE',  ( 9.000000000000000000, 19.99999999999998934, 2.500000000000000000 ) ) ;
#2821 = VERTEX_POINT ( 'NONE', #2153 ) ;
#2822 = VECTOR ( 'NONE', #1181, 1000.000000000000000 ) ;
#2823 = LINE ( 'NONE', #45, #2977 ) ;
#2824 = EDGE_LOOP ( 'NONE', ( #650, #1228, #3680, #736 ) ) ;
#2825 = AXIS2_PLACEMENT_3D ( 'NONE', #2253, #3376, #467 ) ;
#2826 = CARTESIAN_POINT ( 'NONE',  ( 10.25000000000000000, -15.00000000000001954, -1.821662113731688484E-15 ) ) ;
#2827 = LINE ( 'NONE', #185, #1251 ) ;
#2828 = EDGE_LOOP ( 'NONE', ( #2771, #2151, #3128, #1071 ) ) ;
#2829 = CARTESIAN_POINT ( 'NONE',  ( -5.000000000000000000, -48.75000000000000000, -3.500000000000000444 ) ) ;
#2830 = CARTESIAN_POINT ( 'NONE',  ( -15.00000000000000000, 19.00000000000001066, -3.500000000000000888 ) ) ;
#2831 = ORIENTED_EDGE ( 'NONE', *, *, #1022, .F. ) ;
#2832 = PLANE ( 'NONE',  #1348 ) ;
#2833 = PLANE ( 'NONE',  #501 ) ;
#2834 = ORIENTED_EDGE ( 'NONE', *, *, #1803, .T. ) ;
#2835 = EDGE_LOOP ( 'NONE', ( #2890, #3396, #498, #200 ) ) ;
#2836 = LINE ( 'NONE', #3721, #3596 ) ;
#2837 = EDGE_CURVE ( 'NONE', #2303, #709, #2509, .T. ) ;
#2838 = ORIENTED_EDGE ( 'NONE', *, *, #3527, .T. ) ;
#2839 = LINE ( 'NONE', #233, #1823 ) ;
#2840 = AXIS2_PLACEMENT_3D ( 'NONE', #3524, #2985, #3600 ) ;
#2841 = ORIENTED_EDGE ( 'NONE', *, *, #1657, .T. ) ;
#2842 = EDGE_CURVE ( 'NONE', #2996, #2587, #725, .T. ) ;
#2843 = VECTOR ( 'NONE', #1265, 1000.000000000000114 ) ;
#2844 = CARTESIAN_POINT ( 'NONE',  ( 0.000000000000000000, 16.99999999999998579, 2.500000000000000000 ) ) ;
#2845 = LINE ( 'NONE', #236, #1190 ) ;
#2846 = EDGE_CURVE ( 'NONE', #1883, #482, #1641, .T. ) ;
#2847 = EDGE_CURVE ( 'NONE', #3541, #3180, #1335, .T. ) ;
#2848 = CARTESIAN_POINT ( 'NONE',  ( 3.687499999999982236, -6.613062647089765100, 2.500000000000000000 ) ) ;
#2849 = LINE ( 'NONE', #1153, #1409 ) ;
#2850 = ORIENTED_EDGE ( 'NONE', *, *, #1621, .F. ) ;
#2851 = FACE_OUTER_BOUND ( 'NONE', #2266, .T. ) ;
#2852 = ORIENTED_EDGE ( 'NONE', *, *, #3652, .T. ) ;
#2853 = FACE_BOUND ( 'NONE', #3605, .T. ) ;
#2854 = DIRECTION ( 'NONE',  ( -0.000000000000000000, -0.000000000000000000, -1.000000000000000000 ) ) ;
#2855 = DIRECTION ( 'NONE',  ( 1.000000000000000000, 0.000000000000000000, 0.000000000000000000 ) ) ;
#2856 = ORIENTED_EDGE ( 'NONE', *, *, #704, .T. ) ;
#2857 = CARTESIAN_POINT ( 'NONE',  ( 15.00000000000000000, 20.50000000000000000, 0.000000000000000000 ) ) ;
#2858 = PLANE ( 'NONE',  #1544 ) ;
#2859 = LINE ( 'NONE', #504, #3193 ) ;
#2860 = EDGE_CURVE ( 'NONE', #3444, #3691, #1048, .T. ) ;
#2861 = AXIS2_PLACEMENT_3D ( 'NONE', #3505, #1099, #3467 ) ;
#2862 = AXIS2_PLACEMENT_3D ( 'NONE', #133, #1068, #2724 ) ;
#2863 = ADVANCED_FACE ( 'NONE', ( #404, #190 ), #2191, .T. ) ;
#2864 = LINE ( 'NONE', #3174, #3273 ) ;
#2865 = DIRECTION ( 'NONE',  ( 0.000000000000000000, 0.000000000000000000, 1.000000000000000000 ) ) ;
#2866 = DIRECTION ( 'NONE',  ( 0.4999999999999993339, 0.8660254037844390407, 0.000000000000000000 ) ) ;
#2867 = DIRECTION ( 'NONE',  ( 0.000000000000000000, 0.000000000000000000, -1.000000000000000000 ) ) ;
#2868 = ORIENTED_EDGE ( 'NONE', *, *, #3527, .F. ) ;
#2869 = AXIS2_PLACEMENT_3D ( 'NONE', #300, #3568, #1486 ) ;
#2870 = AXIS2_PLACEMENT_3D ( 'NONE', #2844, #2552, #3171 ) ;
#2871 = FACE_BOUND ( 'NONE', #2188, .T. ) ;
#2872 = ORIENTED_EDGE ( 'NONE', *, *, #666, .T. ) ;
#2873 = VECTOR ( 'NONE', #3474, 1000.000000000000000 ) ;
#2874 = DIRECTION ( 'NONE',  ( 0.000000000000000000, 0.000000000000000000, 1.000000000000000000 ) ) ;
#2875 = DIRECTION ( 'NONE',  ( -0.000000000000000000, -0.000000000000000000, -1.000000000000000000 ) ) ;
#2876 = EDGE_LOOP ( 'NONE', ( #2431, #975, #3452, #1604 ) ) ;
#2877 = FACE_OUTER_BOUND ( 'NONE', #2798, .T. ) ;
#2878 = CARTESIAN_POINT ( 'NONE',  ( 9.000000000000005329, 19.99999999999998934, 5.000000000000000000 ) ) ;
#2879 = LINE ( 'NONE', #1130, #1975 ) ;
#2880 = AXIS2_PLACEMENT_3D ( 'NONE', #865, #3259, #1806 ) ;
#2881 = DIRECTION ( 'NONE',  ( -0.000000000000000000, 1.000000000000000000, -0.000000000000000000 ) ) ;
#2882 = CARTESIAN_POINT ( 'NONE',  ( -20.66228675972852358, 7.499999999999998224, 2.500000000000000000 ) ) ;
#2883 = VERTEX_POINT ( 'NONE', #1015 ) ;
#2884 = CARTESIAN_POINT ( 'NONE',  ( -20.66228675972852358, -7.500000000000005329, 2.500000000000000000 ) ) ;
#2885 = CARTESIAN_POINT ( 'NONE',  ( 13.25000000000000533, -12.00000000000002132, 2.500000000000000000 ) ) ;
#2886 = VERTEX_POINT ( 'NONE', #3395 ) ;
#2887 = ORIENTED_EDGE ( 'NONE', *, *, #2045, .T. ) ;
#2888 = CARTESIAN_POINT ( 'NONE',  ( 0.000000000000000000, -13.00000000000001066, 2.500000000000000000 ) ) ;
#2889 = ADVANCED_FACE ( 'NONE', ( #1566 ), #118, .F. ) ;
#2890 = ORIENTED_EDGE ( 'NONE', *, *, #1058, .T. ) ;
#2891 = LINE ( 'NONE', #1161, #562 ) ;
#2892 = CARTESIAN_POINT ( 'NONE',  ( 0.000000000000000000, -13.00000000000001066, 2.500000000000000000 ) ) ;
#2893 = ORIENTED_EDGE ( 'NONE', *, *, #538, .T. ) ;
#2894 = AXIS2_PLACEMENT_3D ( 'NONE', #296, #2105, #2927 ) ;
#2895 = VECTOR ( 'NONE', #1162, 1000.000000000000000 ) ;
#2896 = FACE_OUTER_BOUND ( 'NONE', #259, .T. ) ;
#2897 = VERTEX_POINT ( 'NONE', #3611 ) ;
#2898 = PLANE ( 'NONE',  #3765 ) ;
#2899 = VERTEX_POINT ( 'NONE', #1869 ) ;
#2900 = AXIS2_PLACEMENT_3D ( 'NONE', #3069, #3380, #188 ) ;
#2901 = CARTESIAN_POINT ( 'NONE',  ( 24.00000000000000000, 10.24999999999999822, 2.499999999999999556 ) ) ;
#2902 = CARTESIAN_POINT ( 'NONE',  ( 23.83771324027147642, -7.500000000000001776, 2.500000000000000000 ) ) ;
#2903 = VECTOR ( 'NONE', #756, 1000.000000000000000 ) ;
#2904 = CARTESIAN_POINT ( 'NONE',  ( 10.74999999999999645, -40.00000000000002132, 0.000000000000000000 ) ) ;
#2905 = EDGE_LOOP ( 'NONE', ( #2306, #2142, #1073, #3238, #1446, #948, #228, #930, #2856, #2498, #1785, #3231, #3359, #641, #2989, #2461, #3108, #2435, #2782, #54, #2226, #176, #1945, #2868, #3339, #1947, #241, #2165, #1230, #3558, #2138, #1831, #423, #3386, #1595, #410 ) ) ;
#2906 = CARTESIAN_POINT ( 'NONE',  ( -19.07457351945705781, -10.24999999999999645, 2.500000000000000000 ) ) ;
#2907 = CARTESIAN_POINT ( 'NONE',  ( -1.653273178848926275E-15, 7.999999999999989342, 5.000000000000000000 ) ) ;
#2908 = ORIENTED_EDGE ( 'NONE', *, *, #1898, .F. ) ;
#2909 = CYLINDRICAL_SURFACE ( 'NONE', #2462, 7.375000000000000000 ) ;
#2910 = ORIENTED_EDGE ( 'NONE', *, *, #2003, .T. ) ;
#2911 = EDGE_CURVE ( 'NONE', #3498, #2668, #706, .T. ) ;
#2912 = DIRECTION ( 'NONE',  ( -1.000000000000000000, 0.000000000000000000, 0.000000000000000000 ) ) ;
#2913 = EDGE_CURVE ( 'NONE', #3681, #3082, #3358, .T. ) ;
#2914 = DIRECTION ( 'NONE',  ( 0.5000000000000041078, -0.8660254037844363761, 0.000000000000000000 ) ) ;
#2915 = ORIENTED_EDGE ( 'NONE', *, *, #781, .T. ) ;
#2916 = AXIS2_PLACEMENT_3D ( 'NONE', #1517, #2319, #940 ) ;
#2917 = PLANE ( 'NONE',  #1086 ) ;
#2918 = ORIENTED_EDGE ( 'NONE', *, *, #3038, .F. ) ;
#2919 = MANIFOLD_SOLID_BREP ( 'Cut-Extrude12', #878 ) ;
#2920 = EDGE_CURVE ( 'NONE', #3622, #1883, #1440, .T. ) ;
#2921 = FACE_OUTER_BOUND ( 'NONE', #2693, .T. ) ;
#2922 = EDGE_CURVE ( 'NONE', #1607, #453, #240, .T. ) ;
#2923 = ORIENTED_EDGE ( 'NONE', *, *, #306, .T. ) ;
#2924 = CARTESIAN_POINT ( 'NONE',  ( 9.000000000000005329, -12.83490799333966770, 2.483189007527346615 ) ) ;
#2925 = CARTESIAN_POINT ( 'NONE',  ( 22.25000000000000000, -10.25000000000000000, 2.499999999999999556 ) ) ;
#2926 = VECTOR ( 'NONE', #833, 1000.000000000000114 ) ;
#2927 = DIRECTION ( 'NONE',  ( 1.000000000000000000, 0.000000000000000000, 0.000000000000000000 ) ) ;
#2928 = DIRECTION ( 'NONE',  ( -0.000000000000000000, -0.000000000000000000, 1.000000000000000000 ) ) ;
#2929 = VERTEX_POINT ( 'NONE', #2276 ) ;
#2930 = CARTESIAN_POINT ( 'NONE',  ( -22.25000000000000000, 10.25000000000000000, -3.500000000000000444 ) ) ;
#2931 = VERTEX_POINT ( 'NONE', #1707 ) ;
#2932 = VECTOR ( 'NONE', #2403, 1000.000000000000000 ) ;
#2933 = DIRECTION ( 'NONE',  ( 1.000000000000000000, 0.000000000000000000, 0.000000000000000000 ) ) ;
#2934 = DIRECTION ( 'NONE',  ( -1.000000000000000000, -0.000000000000000000, -8.462065736472229849E-17 ) ) ;
#2935 =( GEOMETRIC_REPRESENTATION_CONTEXT ( 3 ) GLOBAL_UNCERTAINTY_ASSIGNED_CONTEXT ( ( #3239 ) ) GLOBAL_UNIT_ASSIGNED_CONTEXT ( ( #1988, #2009, #1117 ) ) REPRESENTATION_CONTEXT ( 'NONE', 'WORKASPACE' ) );
#2936 = ORIENTED_EDGE ( 'NONE', *, *, #1490, .T. ) ;
#2937 = CYLINDRICAL_SURFACE ( 'NONE', #2511, 1.750000000000001554 ) ;
#2938 = AXIS2_PLACEMENT_3D ( 'NONE', #1762, #1284, #2442 ) ;
#2939 = FACE_OUTER_BOUND ( 'NONE', #3164, .T. ) ;
#2940 = DIRECTION ( 'NONE',  ( -0.000000000000000000, -0.000000000000000000, 1.000000000000000000 ) ) ;
#2941 = ORIENTED_EDGE ( 'NONE', *, *, #3709, .F. ) ;
#2942 = CARTESIAN_POINT ( 'NONE',  ( -25.42542648054294929, 10.25000000000000533, 0.000000000000000000 ) ) ;
#2943 = ORIENTED_EDGE ( 'NONE', *, *, #845, .T. ) ;
#2944 = DIRECTION ( 'NONE',  ( -0.000000000000000000, -1.000000000000000000, -0.000000000000000000 ) ) ;
#2945 = CARTESIAN_POINT ( 'NONE',  ( -23.83771324027146932, -7.500000000000005329, 0.000000000000000000 ) ) ;
#2946 = DIRECTION ( 'NONE',  ( -0.000000000000000000, -0.000000000000000000, 1.000000000000000000 ) ) ;
#2947 = DIRECTION ( 'NONE',  ( 1.000000000000000000, 0.000000000000000000, 0.000000000000000000 ) ) ;
#2948 = ORIENTED_EDGE ( 'NONE', *, *, #2561, .T. ) ;
#2949 = VECTOR ( 'NONE', #1815, 1000.000000000000114 ) ;
#2950 = LINE ( 'NONE', #3263, #3671 ) ;
#2951 = ORIENTED_EDGE ( 'NONE', *, *, #3719, .F. ) ;
#2952 = CARTESIAN_POINT ( 'NONE',  ( -25.42542648054293863, -10.25000000000000355, 0.000000000000000000 ) ) ;
#2953 = LINE ( 'NONE', #2360, #495 ) ;
#2954 = ORIENTED_EDGE ( 'NONE', *, *, #1734, .F. ) ;
#2955 = DIRECTION ( 'NONE',  ( 0.000000000000000000, 0.000000000000000000, 1.000000000000000000 ) ) ;
#2956 = ORIENTED_EDGE ( 'NONE', *, *, #807, .T. ) ;
#2957 = CARTESIAN_POINT ( 'NONE',  ( -25.42542648054294929, 10.25000000000000533, 2.500000000000000000 ) ) ;
#2958 = VERTEX_POINT ( 'NONE', #1370 ) ;
#2959 = DIRECTION ( 'NONE',  ( 1.000000000000000000, 0.000000000000000000, 0.000000000000000000 ) ) ;
#2960 = EDGE_CURVE ( 'NONE', #3071, #209, #3163, .T. ) ;
#2961 = VECTOR ( 'NONE', #2965, 1000.000000000000114 ) ;
#2962 = ORIENTED_EDGE ( 'NONE', *, *, #3153, .F. ) ;
#2963 = CARTESIAN_POINT ( 'NONE',  ( -5.250000000000000000, -50.00000000000002132, 0.000000000000000000 ) ) ;
#2964 = ADVANCED_FACE ( 'NONE', ( #3469 ), #2833, .T. ) ;
#2965 = DIRECTION ( 'NONE',  ( 0.000000000000000000, -0.7071067811865483499, 0.7071067811865465735 ) ) ;
#2966 = CARTESIAN_POINT ( 'NONE',  ( 14.99999999999999645, 25.00000000000000711, 0.000000000000000000 ) ) ;
#2967 = EDGE_LOOP ( 'NONE', ( #1429, #1665, #2722, #2407 ) ) ;
#2968 = ADVANCED_FACE ( 'NONE', ( #1938, #2297 ), #3451, .T. ) ;
#2969 = EDGE_CURVE ( 'NONE', #1060, #1208, #3696, .T. ) ;
#2970 = DIRECTION ( 'NONE',  ( 0.000000000000000000, 0.000000000000000000, -1.000000000000000000 ) ) ;
#2971 = EDGE_CURVE ( 'NONE', #138, #2993, #1403, .T. ) ;
#2972 = VERTEX_POINT ( 'NONE', #796 ) ;
#2973 = EDGE_CURVE ( 'NONE', #3058, #2821, #17, .T. ) ;
#2974 = AXIS2_PLACEMENT_3D ( 'NONE', #618, #2082, #2959 ) ;
#2975 = CARTESIAN_POINT ( 'NONE',  ( 20.66228675972853068, 7.500000000000000000, 0.000000000000000000 ) ) ;
#2976 = CARTESIAN_POINT ( 'NONE',  ( 10.25000000000000000, -50.00000000000002132, -1.821662113731688484E-15 ) ) ;
#2977 = VECTOR ( 'NONE', #3209, 1000.000000000000000 ) ;
#2978 = VERTEX_POINT ( 'NONE', #2817 ) ;
#2979 = ORIENTED_EDGE ( 'NONE', *, *, #2404, .F. ) ;
#2980 = CARTESIAN_POINT ( 'NONE',  ( -3.687499999999963141, 8.386937352910244670, 5.000000000000000000 ) ) ;
#2981 = DIRECTION ( 'NONE',  ( 0.000000000000000000, -1.000000000000000000, 0.000000000000000000 ) ) ;
#2982 = EDGE_LOOP ( 'NONE', ( #2077, #3403, #3500, #2173, #181 ) ) ;
#2983 = FACE_OUTER_BOUND ( 'NONE', #564, .T. ) ;
#2984 =( LENGTH_UNIT ( ) NAMED_UNIT ( * ) SI_UNIT ( .MILLI., .METRE. ) );
#2985 = DIRECTION ( 'NONE',  ( 1.000000000000000000, 0.000000000000000000, 0.000000000000000000 ) ) ;
#2986 = EDGE_LOOP ( 'NONE', ( #1169, #938, #2954, #2495 ) ) ;
#2987 = CARTESIAN_POINT ( 'NONE',  ( -23.83771324027146932, -13.00000000000000000, 0.000000000000000000 ) ) ;
#2988 = LINE ( 'NONE', #771, #2726 ) ;
#2989 = ORIENTED_EDGE ( 'NONE', *, *, #2783, .T. ) ;
#2990 = AXIS2_PLACEMENT_3D ( 'NONE', #2629, #1451, #1431 ) ;
#2991 = FACE_OUTER_BOUND ( 'NONE', #1028, .T. ) ;
#2992 = LINE ( 'NONE', #3532, #688 ) ;
#2993 = VERTEX_POINT ( 'NONE', #207 ) ;
#2994 = CIRCLE ( 'NONE', #926, 8.999999999999998224 ) ;
#2995 = AXIS2_PLACEMENT_3D ( 'NONE', #3510, #937, #2052 ) ;
#2996 = VERTEX_POINT ( 'NONE', #2529 ) ;
#2997 = FACE_OUTER_BOUND ( 'NONE', #2718, .T. ) ;
#2998 = VECTOR ( 'NONE', #646, 1000.000000000000000 ) ;
#2999 = CARTESIAN_POINT ( 'NONE',  ( 28.00000000000000355, -38.00000000000002132, 5.000000000000000000 ) ) ;
#3000 = ORIENTED_EDGE ( 'NONE', *, *, #3367, .F. ) ;
#3001 = LINE ( 'NONE', #396, #1272 ) ;
#3002 = DIRECTION ( 'NONE',  ( 1.000000000000000000, 0.000000000000000000, 0.000000000000000000 ) ) ;
#3003 = ORIENTED_EDGE ( 'NONE', *, *, #892, .F. ) ;
#3004 = AXIS2_PLACEMENT_3D ( 'NONE', #1920, #2189, #2742 ) ;
#3005 = ADVANCED_FACE ( 'NONE', ( #815 ), #1101, .F. ) ;
#3006 = CARTESIAN_POINT ( 'NONE',  ( 9.500000000000000000, -13.24999999999999645, -2.250000000000000000 ) ) ;
#3007 = DIRECTION ( 'NONE',  ( 1.000000000000000000, 0.000000000000000000, 0.000000000000000000 ) ) ;
#3008 = ORIENTED_EDGE ( 'NONE', *, *, #2920, .T. ) ;
#3009 = EDGE_CURVE ( 'NONE', #2136, #2112, #1694, .T. ) ;
#3010 = DIRECTION ( 'NONE',  ( 0.000000000000000000, 0.000000000000000000, 1.000000000000000000 ) ) ;
#3011 = DIRECTION ( 'NONE',  ( -0.5000000000000004441, 0.8660254037844383745, 0.000000000000000000 ) ) ;
#3012 = ORIENTED_EDGE ( 'NONE', *, *, #3652, .F. ) ;
#3013 = AXIS2_PLACEMENT_3D ( 'NONE', #3235, #887, #3768 ) ;
#3014 = EDGE_CURVE ( 'NONE', #2421, #2204, #3733, .T. ) ;
#3015 = ORIENTED_EDGE ( 'NONE', *, *, #728, .T. ) ;
#3016 = CARTESIAN_POINT ( 'NONE',  ( -25.42542648054294929, 10.25000000000000533, 0.000000000000000000 ) ) ;
#3017 = DIRECTION ( 'NONE',  ( -0.8660254037844410391, 0.4999999999999959477, 0.000000000000000000 ) ) ;
#3018 = EDGE_CURVE ( 'NONE', #858, #191, #1792, .T. ) ;
#3019 = DIRECTION ( 'NONE',  ( 0.7071067811865489050, 0.000000000000000000, 0.7071067811865462405 ) ) ;
#3020 = ORIENTED_EDGE ( 'NONE', *, *, #3518, .T. ) ;
#3021 = CARTESIAN_POINT ( 'NONE',  ( -27.99999999999998579, -40.00000000000002132, 0.000000000000000000 ) ) ;
#3022 = LINE ( 'NONE', #2146, #1205 ) ;
#3023 = ORIENTED_EDGE ( 'NONE', *, *, #3607, .F. ) ;
#3024 = VECTOR ( 'NONE', #1952, 1000.000000000000000 ) ;
#3025 = DIRECTION ( 'NONE',  ( 0.4999999999999995004, 0.8660254037844389297, 0.000000000000000000 ) ) ;
#3026 = CARTESIAN_POINT ( 'NONE',  ( 12.75000000000001421, -15.00000000000001954, 2.499999999999998668 ) ) ;
#3027 = ORIENTED_EDGE ( 'NONE', *, *, #2357, .T. ) ;
#3028 = PLANE ( 'NONE',  #258 ) ;
#3029 = CARTESIAN_POINT ( 'NONE',  ( 22.25000000000000000, -10.25000000000000000, -3.500000000000000444 ) ) ;
#3030 = CARTESIAN_POINT ( 'NONE',  ( -29.99999999999998579, -38.00000000000002132, 5.000000000000000000 ) ) ;
#3031 = EDGE_LOOP ( 'NONE', ( #1395, #3620, #1278, #1728, #3593 ) ) ;
#3032 = CIRCLE ( 'NONE', #2117, 7.375000000000000000 ) ;
#3033 = AXIS2_PLACEMENT_3D ( 'NONE', #1091, #3402, #1981 ) ;
#3034 = ORIENTED_EDGE ( 'NONE', *, *, #997, .T. ) ;
#3035 = EDGE_CURVE ( 'NONE', #2603, #309, #2950, .T. ) ;
#3036 = LINE ( 'NONE', #2328, #1242 ) ;
#3037 = DIRECTION ( 'NONE',  ( -0.4999999999999959477, -0.8660254037844410391, 0.000000000000000000 ) ) ;
#3038 = EDGE_CURVE ( 'NONE', #1844, #1754, #2621, .T. ) ;
#3039 = EDGE_CURVE ( 'NONE', #2216, #1964, #2813, .T. ) ;
#3040 = DIRECTION ( 'NONE',  ( 1.000000000000000000, 0.000000000000000000, -0.000000000000000000 ) ) ;
#3041 = ORIENTED_EDGE ( 'NONE', *, *, #2860, .F. ) ;
#3042 = DIRECTION ( 'NONE',  ( 0.000000000000000000, 0.000000000000000000, -1.000000000000000000 ) ) ;
#3043 = EDGE_CURVE ( 'NONE', #1754, #1376, #1903, .T. ) ;
#3044 = ADVANCED_FACE ( 'NONE', ( #2704 ), #2110, .F. ) ;
#3045 = EDGE_CURVE ( 'NONE', #1749, #670, #2069, .T. ) ;
#3046 = ORIENTED_EDGE ( 'NONE', *, *, #1221, .F. ) ;
#3047 = CARTESIAN_POINT ( 'NONE',  ( 15.00000000000000000, 20.50000000000000000, 0.000000000000000000 ) ) ;
#3048 = LINE ( 'NONE', #435, #2180 ) ;
#3049 = ORIENTED_EDGE ( 'NONE', *, *, #3324, .T. ) ;
#3050 = DIRECTION ( 'NONE',  ( 0.7071067811865489050, 0.000000000000000000, -0.7071067811865462405 ) ) ;
#3051 = CARTESIAN_POINT ( 'NONE',  ( 6.000000000000001776, 19.99999999999998934, 0.000000000000000000 ) ) ;
#3052 = PLANE ( 'NONE',  #1956 ) ;
#3053 = VERTEX_POINT ( 'NONE', #2663 ) ;
#3054 = VERTEX_POINT ( 'NONE', #366 ) ;
#3055 = LINE ( 'NONE', #3348, #319 ) ;
#3056 = AXIS2_PLACEMENT_3D ( 'NONE', #541, #2865, #3770 ) ;
#3057 = DIRECTION ( 'NONE',  ( 0.000000000000000000, 0.000000000000000000, -1.000000000000000000 ) ) ;
#3058 = VERTEX_POINT ( 'NONE', #1529 ) ;
#3059 = CARTESIAN_POINT ( 'NONE',  ( 20.66228675972853068, -7.500000000000001776, 2.500000000000000000 ) ) ;
#3060 = VECTOR ( 'NONE', #1327, 1000.000000000000000 ) ;
#3061 = SURFACE_STYLE_USAGE ( .BOTH. , #600 ) ;
#3062 = ORIENTED_EDGE ( 'NONE', *, *, #145, .T. ) ;
#3063 = VECTOR ( 'NONE', #1129, 1000.000000000000000 ) ;
#3064 = CARTESIAN_POINT ( 'NONE',  ( 14.99999999999999645, 20.50000000000000355, 0.000000000000000000 ) ) ;
#3065 = DIRECTION ( 'NONE',  ( 0.7071067811865456854, 0.000000000000000000, -0.7071067811865494601 ) ) ;
#3066 = ORIENTED_EDGE ( 'NONE', *, *, #2281, .F. ) ;
#3067 = AXIS2_PLACEMENT_3D ( 'NONE', #1584, #2795, #758 ) ;
#3068 = CARTESIAN_POINT ( 'NONE',  ( -20.66228675972852713, -13.00000000000000178, 2.500000000000000000 ) ) ;
#3069 = CARTESIAN_POINT ( 'NONE',  ( -25.42542648054294929, 10.25000000000000533, 2.500000000000000000 ) ) ;
#3070 = DIRECTION ( 'NONE',  ( -1.000000000000000000, 0.000000000000000000, 0.000000000000000000 ) ) ;
#3071 = VERTEX_POINT ( 'NONE', #348 ) ;
#3072 = ORIENTED_EDGE ( 'NONE', *, *, #3754, .F. ) ;
#3073 = AXIS2_PLACEMENT_3D ( 'NONE', #2163, #1594, #1576 ) ;
#3074 = CARTESIAN_POINT ( 'NONE',  ( 13.25000000000000533, -12.00000000000002132, 2.500000000000000000 ) ) ;
#3075 = ORIENTED_EDGE ( 'NONE', *, *, #2679, .T. ) ;
#3076 = CARTESIAN_POINT ( 'NONE',  ( 5.979130371550700040, -12.50000000000001954, 2.500000000000000000 ) ) ;
#3077 = ADVANCED_FACE ( 'NONE', ( #1770 ), #324, .F. ) ;
#3078 = ORIENTED_EDGE ( 'NONE', *, *, #3415, .T. ) ;
#3079 = DIRECTION ( 'NONE',  ( 0.4999999999999999445, -0.8660254037844387076, 0.000000000000000000 ) ) ;
#3080 = CARTESIAN_POINT ( 'NONE',  ( -20.66228675972852358, -7.500000000000005329, 2.500000000000000000 ) ) ;
#3081 = EDGE_CURVE ( 'NONE', #3681, #3541, #2205, .T. ) ;
#3082 = VERTEX_POINT ( 'NONE', #93 ) ;
#3083 = EDGE_CURVE ( 'NONE', #3058, #984, #2644, .T. ) ;
#3084 = ADVANCED_FACE ( 'NONE', ( #2395 ), #57, .F. ) ;
#3085 = DIRECTION ( 'NONE',  ( -0.000000000000000000, 0.7071067811865446862, 0.7071067811865504593 ) ) ;
#3086 = COLOUR_RGB ( '',0.7921568627450980005, 0.8196078431372548767, 0.9333333333333333481 ) ;
#3087 = CIRCLE ( 'NONE', #2719, 8.999999999999998224 ) ;
#3088 = FACE_OUTER_BOUND ( 'NONE', #3537, .T. ) ;
#3089 = CARTESIAN_POINT ( 'NONE',  ( -23.83771324027147287, 7.499999999999998224, 0.000000000000000000 ) ) ;
#3090 = ORIENTED_EDGE ( 'NONE', *, *, #1578, .F. ) ;
#3091 = EDGE_CURVE ( 'NONE', #3773, #301, #999, .T. ) ;
#3092 = EDGE_CURVE ( 'NONE', #1037, #2371, #2416, .T. ) ;
#3093 = CARTESIAN_POINT ( 'NONE',  ( -3.812499999999963141, 8.603443703856354929, 2.500000000000000000 ) ) ;
#3094 = CIRCLE ( 'NONE', #903, 1.750000000000005107 ) ;
#3095 = CARTESIAN_POINT ( 'NONE',  ( 3.673940397442059868E-16, -7.000000000000009770, 5.000000000000000000 ) ) ;
#3096 = ORIENTED_EDGE ( 'NONE', *, *, #3414, .F. ) ;
#3097 = AXIS2_PLACEMENT_3D ( 'NONE', #2482, #3313, #1266 ) ;
#3098 = LINE ( 'NONE', #480, #840 ) ;
#3099 = VERTEX_POINT ( 'NONE', #871 ) ;
#3100 = DIRECTION ( 'NONE',  ( -0.000000000000000000, -0.000000000000000000, -1.000000000000000000 ) ) ;
#3101 = CARTESIAN_POINT ( 'NONE',  ( 15.00000000000000000, 19.00000000000001066, -3.500000000000000888 ) ) ;
#3102 = ORIENTED_EDGE ( 'NONE', *, *, #1894, .F. ) ;
#3103 = CARTESIAN_POINT ( 'NONE',  ( 25.42542648054294574, -10.25000000000000533, 0.000000000000000000 ) ) ;
#3104 = DIRECTION ( 'NONE',  ( 1.000000000000000000, 1.301042606982607490E-15, -0.000000000000000000 ) ) ;
#3105 = VECTOR ( 'NONE', #548, 1000.000000000000000 ) ;
#3106 = DIRECTION ( 'NONE',  ( -0.000000000000000000, -0.000000000000000000, 1.000000000000000000 ) ) ;
#3107 = VERTEX_POINT ( 'NONE', #2376 ) ;
#3108 = ORIENTED_EDGE ( 'NONE', *, *, #657, .T. ) ;
#3109 = AXIS2_PLACEMENT_3D ( 'NONE', #2332, #814, #3771 ) ;
#3110 = CARTESIAN_POINT ( 'NONE',  ( -15.00000000000000000, 18.25000000000000355, -2.249999999999999556 ) ) ;
#3111 = VERTEX_POINT ( 'NONE', #3199 ) ;
#3112 = DIRECTION ( 'NONE',  ( -0.7071067811865489050, 0.000000000000000000, 0.7071067811865462405 ) ) ;
#3113 = EDGE_LOOP ( 'NONE', ( #1307, #1650, #1224, #494 ) ) ;
#3114 = VECTOR ( 'NONE', #2095, 1000.000000000000000 ) ;
#3115 = EDGE_CURVE ( 'NONE', #2200, #739, #932, .T. ) ;
#3116 = VECTOR ( 'NONE', #2598, 1000.000000000000114 ) ;
#3117 = CARTESIAN_POINT ( 'NONE',  ( 9.500000000000000000, -13.24999999999999645, -2.250000000000000000 ) ) ;
#3118 = CARTESIAN_POINT ( 'NONE',  ( 9.999999999999996447, 19.99999999999998934, 5.000000000000000000 ) ) ;
#3119 = ORIENTED_EDGE ( 'NONE', *, *, #3534, .T. ) ;
#3120 = AXIS2_PLACEMENT_3D ( 'NONE', #3221, #2680, #1179 ) ;
#3121 = PLANE ( 'NONE',  #326 ) ;
#3122 = CARTESIAN_POINT ( 'NONE',  ( 0.000000000000000000, 1.999999999999989564, 5.000000000000000000 ) ) ;
#3123 = EDGE_LOOP ( 'NONE', ( #1757, #2584, #3184, #29, #1203 ) ) ;
#3124 = DIRECTION ( 'NONE',  ( -0.000000000000000000, -0.000000000000000000, -1.000000000000000000 ) ) ;
#3125 = CARTESIAN_POINT ( 'NONE',  ( 0.000000000000000000, 0.000000000000000000, 2.500000000000000000 ) ) ;
#3126 = VERTEX_POINT ( 'NONE', #2907 ) ;
#3127 = EDGE_CURVE ( 'NONE', #1933, #1411, #1465, .T. ) ;
#3128 = ORIENTED_EDGE ( 'NONE', *, *, #1965, .F. ) ;
#3129 = CARTESIAN_POINT ( 'NONE',  ( -1.653273178848926275E-15, 7.999999999999989342, 2.500000000000000000 ) ) ;
#3130 = EDGE_CURVE ( 'NONE', #431, #2587, #36, .T. ) ;
#3131 = AXIS2_PLACEMENT_3D ( 'NONE', #1794, #2665, #1259 ) ;
#3132 = EDGE_LOOP ( 'NONE', ( #563, #355, #3154, #2736 ) ) ;
#3133 = ADVANCED_FACE ( 'NONE', ( #3337, #737, #1294, #2433, #1635, #3318 ), #1009, .F. ) ;
#3134 = DIRECTION ( 'NONE',  ( 1.000000000000000000, -2.891205793294678696E-17, 0.000000000000000000 ) ) ;
#3135 = VERTEX_POINT ( 'NONE', #166 ) ;
#3136 = VECTOR ( 'NONE', #144, 1000.000000000000000 ) ;
#3137 = DIRECTION ( 'NONE',  ( 0.000000000000000000, -0.7071067811865450192, -0.7071067811865501263 ) ) ;
#3138 = LINE ( 'NONE', #1918, #1426 ) ;
#3139 = ORIENTED_EDGE ( 'NONE', *, *, #2686, .F. ) ;
#3140 = CYLINDRICAL_SURFACE ( 'NONE', #1811, 8.999999999999998224 ) ;
#3141 = LINE ( 'NONE', #2882, #2012 ) ;
#3142 = VERTEX_POINT ( 'NONE', #2166 ) ;
#3143 = DIRECTION ( 'NONE',  ( 1.000000000000000000, 0.000000000000000000, 0.000000000000000000 ) ) ;
#3144 = CARTESIAN_POINT ( 'NONE',  ( -15.00000000000000000, 18.25000000000000355, -2.249999999999999556 ) ) ;
#3145 = ORIENTED_EDGE ( 'NONE', *, *, #260, .T. ) ;
#3146 = CARTESIAN_POINT ( 'NONE',  ( 15.00000000000000000, 18.25000000000000355, -2.249999999999999556 ) ) ;
#3147 = VECTOR ( 'NONE', #1173, 1000.000000000000000 ) ;
#3148 = DIRECTION ( 'NONE',  ( 0.7071067811865462405, 0.000000000000000000, -0.7071067811865489050 ) ) ;
#3149 = ADVANCED_FACE ( 'NONE', ( #1029 ), #184, .F. ) ;
#3150 = CARTESIAN_POINT ( 'NONE',  ( 5.000000000000000000, -48.75000000000000000, -1.821662113731688484E-15 ) ) ;
#3151 = EDGE_LOOP ( 'NONE', ( #416, #2626, #652, #1915, #3573, #3334 ) ) ;
#3152 = LINE ( 'NONE', #3723, #1990 ) ;
#3153 = EDGE_CURVE ( 'NONE', #1135, #1454, #1846, .T. ) ;
#3154 = ORIENTED_EDGE ( 'NONE', *, *, #2756, .F. ) ;
#3155 = EDGE_CURVE ( 'NONE', #3190, #627, #3375, .T. ) ;
#3156 = CARTESIAN_POINT ( 'NONE',  ( -19.07457351945705781, -10.24999999999999645, 2.500000000000000000 ) ) ;
#3157 = LINE ( 'NONE', #3690, #1730 ) ;
#3158 = ADVANCED_FACE ( 'NONE', ( #990 ), #1613, .F. ) ;
#3159 = CARTESIAN_POINT ( 'NONE',  ( 0.000000000000000000, 16.99999999999998579, 2.500000000000000000 ) ) ;
#3160 = DIRECTION ( 'NONE',  ( 1.000000000000000000, 0.000000000000000000, 0.000000000000000000 ) ) ;
#3161 = ORIENTED_EDGE ( 'NONE', *, *, #2449, .T. ) ;
#3162 = FACE_OUTER_BOUND ( 'NONE', #2345, .T. ) ;
#3163 = LINE ( 'NONE', #3772, #2386 ) ;
#3164 = EDGE_LOOP ( 'NONE', ( #2962, #587, #1616, #3352, #1992 ) ) ;
#3165 = LINE ( 'NONE', #875, #27 ) ;
#3166 = ORIENTED_EDGE ( 'NONE', *, *, #2971, .T. ) ;
#3167 = CARTESIAN_POINT ( 'NONE',  ( 0.000000000000000000, 16.99999999999998579, 2.500000000000000000 ) ) ;
#3168 = CARTESIAN_POINT ( 'NONE',  ( 0.000000000000000000, 1.999999999999989564, 2.500000000000000000 ) ) ;
#3169 = ORIENTED_EDGE ( 'NONE', *, *, #2561, .F. ) ;
#3170 = CARTESIAN_POINT ( 'NONE',  ( -24.00000000000000355, 10.25000000000000000, 5.000000000000000000 ) ) ;
#3171 = DIRECTION ( 'NONE',  ( 1.000000000000000000, 0.000000000000000000, 0.000000000000000000 ) ) ;
#3172 = DIRECTION ( 'NONE',  ( 2.891205793294678696E-17, -1.000000000000000000, 0.000000000000000000 ) ) ;
#3173 = AXIS2_PLACEMENT_3D ( 'NONE', #3288, #1550, #2072 ) ;
#3174 = CARTESIAN_POINT ( 'NONE',  ( 9.500000000000000000, -20.00000000000000000, -0.5000000000000009992 ) ) ;
#3175 = CARTESIAN_POINT ( 'NONE',  ( 30.00000000000000711, 37.99999999999997868, 0.000000000000000000 ) ) ;
#3176 = ORIENTED_EDGE ( 'NONE', *, *, #152, .T. ) ;
#3177 = EDGE_CURVE ( 'NONE', #301, #3739, #2774, .T. ) ;
#3178 = CARTESIAN_POINT ( 'NONE',  ( -10.25000000000000000, -40.00000000000002132, -1.821662113731688484E-15 ) ) ;
#3179 = SURFACE_SIDE_STYLE ('',( #834 ) ) ;
#3180 = VERTEX_POINT ( 'NONE', #3299 ) ;
#3181 = ORIENTED_EDGE ( 'NONE', *, *, #660, .T. ) ;
#3182 = VECTOR ( 'NONE', #1748, 1000.000000000000000 ) ;
#3183 = CYLINDRICAL_SURFACE ( 'NONE', #1668, 1.750000000000005107 ) ;
#3184 = ORIENTED_EDGE ( 'NONE', *, *, #1124, .T. ) ;
#3185 = CARTESIAN_POINT ( 'NONE',  ( -10.25000000000000000, -50.00000000000002132, 4.999999999999998224 ) ) ;
#3186 = CARTESIAN_POINT ( 'NONE',  ( 0.000000000000000000, 16.99999999999998579, 2.500000000000000000 ) ) ;
#3187 = EDGE_LOOP ( 'NONE', ( #1575, #3632, #322, #2286 ) ) ;
#3188 = DIRECTION ( 'NONE',  ( -0.000000000000000000, 1.445602896647339656E-16, 1.000000000000000000 ) ) ;
#3189 = PLANE ( 'NONE',  #3578 ) ;
#3190 = VERTEX_POINT ( 'NONE', #3064 ) ;
#3191 = DIRECTION ( 'NONE',  ( 0.000000000000000000, -1.000000000000000000, 0.000000000000000000 ) ) ;
#3192 = FACE_OUTER_BOUND ( 'NONE', #900, .T. ) ;
#3193 = VECTOR ( 'NONE', #1969, 1000.000000000000000 ) ;
#3194 = CARTESIAN_POINT ( 'NONE',  ( 9.500000000000000000, -16.99999999999998934, -3.500000000000000000 ) ) ;
#3195 = CARTESIAN_POINT ( 'NONE',  ( -23.83771324027146932, -13.00000000000000000, 2.500000000000000000 ) ) ;
#3196 = VERTEX_POINT ( 'NONE', #3006 ) ;
#3198 = EDGE_CURVE ( 'NONE', #1283, #2367, #2186, .T. ) ;
#3197 = LINE ( 'NONE', #2008, #681 ) ;
#3199 = CARTESIAN_POINT ( 'NONE',  ( 6.000000000000002665, 16.99999999999998579, 5.000000000000000000 ) ) ;
#3200 = ORIENTED_EDGE ( 'NONE', *, *, #3487, .F. ) ;
#3201 = EDGE_CURVE ( 'NONE', #2931, #3496, #1315, .T. ) ;
#3202 = FACE_BOUND ( 'NONE', #922, .T. ) ;
#3203 = EDGE_CURVE ( 'NONE', #3635, #3142, #2452, .T. ) ;
#3204 = ORIENTED_EDGE ( 'NONE', *, *, #316, .T. ) ;
#3205 = EDGE_CURVE ( 'NONE', #1804, #3441, #628, .T. ) ;
#3206 = CARTESIAN_POINT ( 'NONE',  ( 20.66228675972852713, 12.99999999999999822, 0.000000000000000000 ) ) ;
#3207 = CARTESIAN_POINT ( 'NONE',  ( -10.00000000000000178, -38.00000000000002132, 0.000000000000000000 ) ) ;
#3208 = ORIENTED_EDGE ( 'NONE', *, *, #497, .T. ) ;
#3209 = DIRECTION ( 'NONE',  ( -0.000000000000000000, -0.000000000000000000, 1.000000000000000000 ) ) ;
#3210 = ORIENTED_EDGE ( 'NONE', *, *, #3035, .F. ) ;
#3211 = CARTESIAN_POINT ( 'NONE',  ( 15.00000000000000000, 18.25000000000000355, -2.749999999999999556 ) ) ;
#3212 = ORIENTED_EDGE ( 'NONE', *, *, #2846, .T. ) ;
#3213 = CARTESIAN_POINT ( 'NONE',  ( 20.66228675972853068, -7.500000000000001776, 2.500000000000000000 ) ) ;
#3214 = CARTESIAN_POINT ( 'NONE',  ( 27.99999999999999289, 39.99999999999997868, 5.000000000000000000 ) ) ;
#3215 = VECTOR ( 'NONE', #1273, 1000.000000000000114 ) ;
#3216 = FILL_AREA_STYLE ('',( #1807 ) ) ;
#3217 = CYLINDRICAL_SURFACE ( 'NONE', #1574, 1.750000000000005107 ) ;
#3218 = ORIENTED_EDGE ( 'NONE', *, *, #1999, .T. ) ;
#3219 = VECTOR ( 'NONE', #3112, 1000.000000000000000 ) ;
#3220 = CARTESIAN_POINT ( 'NONE',  ( 6.000000000000003553, -15.00000000000000711, 5.000000000000000000 ) ) ;
#3221 = CARTESIAN_POINT ( 'NONE',  ( -23.83771324027147287, 7.499999999999998224, 2.500000000000000000 ) ) ;
#3222 = ORIENTED_EDGE ( 'NONE', *, *, #260, .F. ) ;
#3223 = DIRECTION ( 'NONE',  ( -1.000000000000000000, -0.000000000000000000, -0.000000000000000000 ) ) ;
#3224 = DIRECTION ( 'NONE',  ( 0.000000000000000000, -1.000000000000000000, 0.000000000000000000 ) ) ;
#3225 = ORIENTED_EDGE ( 'NONE', *, *, #1898, .T. ) ;
#3226 = DIRECTION ( 'NONE',  ( -1.000000000000000000, 0.000000000000000000, 0.000000000000000000 ) ) ;
#3227 = LINE ( 'NONE', #1206, #2895 ) ;
#3228 = ORIENTED_EDGE ( 'NONE', *, *, #3692, .T. ) ;
#3229 = VECTOR ( 'NONE', #877, 1000.000000000000000 ) ;
#3230 = DIRECTION ( 'NONE',  ( 0.8660254037844390407, 0.4999999999999993339, -0.000000000000000000 ) ) ;
#3231 = ORIENTED_EDGE ( 'NONE', *, *, #825, .T. ) ;
#3232 = DIRECTION ( 'NONE',  ( 0.000000000000000000, -0.000000000000000000, -1.000000000000000000 ) ) ;
#3233 = ORIENTED_EDGE ( 'NONE', *, *, #1341, .T. ) ;
#3234 = CARTESIAN_POINT ( 'NONE',  ( 9.000000000000000000, 16.99999999999998579, 2.500000000000000000 ) ) ;
#3235 = CARTESIAN_POINT ( 'NONE',  ( -5.000000000000000000, -47.00000000000000000, 5.000000000000000000 ) ) ;
#3236 = LINE ( 'NONE', #1504, #3577 ) ;
#3237 = DIRECTION ( 'NONE',  ( 0.000000000000000000, 0.000000000000000000, 1.000000000000000000 ) ) ;
#3238 = ORIENTED_EDGE ( 'NONE', *, *, #613, .F. ) ;
#3239 = UNCERTAINTY_MEASURE_WITH_UNIT (LENGTH_MEASURE( 1.000000000000000082E-05 ), #1988, 'distance_accuracy_value', 'NONE');
#3240 = DIRECTION ( 'NONE',  ( -0.000000000000000000, -0.000000000000000000, -1.000000000000000000 ) ) ;
#3241 = ORIENTED_EDGE ( 'NONE', *, *, #2860, .T. ) ;
#3242 = CIRCLE ( 'NONE', #1540, 1.750000000000001554 ) ;
#3243 = FACE_OUTER_BOUND ( 'NONE', #1473, .T. ) ;
#3244 = PLANE ( 'NONE',  #2623 ) ;
#3245 = VECTOR ( 'NONE', #1881, 1000.000000000000000 ) ;
#3246 = ORIENTED_EDGE ( 'NONE', *, *, #1341, .F. ) ;
#3247 = EDGE_CURVE ( 'NONE', #2540, #2421, #700, .T. ) ;
#3248 = CARTESIAN_POINT ( 'NONE',  ( 6.000000000000003553, 17.49999999999999289, 0.000000000000000000 ) ) ;
#3249 = AXIS2_PLACEMENT_3D ( 'NONE', #1704, #1721, #1133 ) ;
#3250 = ORIENTED_EDGE ( 'NONE', *, *, #1053, .F. ) ;
#3251 = DIRECTION ( 'NONE',  ( -0.000000000000000000, -0.000000000000000000, 1.000000000000000000 ) ) ;
#3252 = ORIENTED_EDGE ( 'NONE', *, *, #385, .F. ) ;
#3253 = EDGE_CURVE ( 'NONE', #2238, #1512, #2148, .T. ) ;
#3254 = EDGE_CURVE ( 'NONE', #3773, #1321, #2739, .T. ) ;
#3255 = DIRECTION ( 'NONE',  ( 1.000000000000000000, 0.000000000000000000, 0.000000000000000000 ) ) ;
#3256 = ADVANCED_FACE ( 'NONE', ( #128 ), #755, .F. ) ;
#3257 = VERTEX_POINT ( 'NONE', #1276 ) ;
#3258 = EDGE_CURVE ( 'NONE', #2421, #1506, #3353, .T. ) ;
#3259 = DIRECTION ( 'NONE',  ( 0.000000000000000000, 0.000000000000000000, 1.000000000000000000 ) ) ;
#3260 = DIRECTION ( 'NONE',  ( 0.000000000000000000, 0.000000000000000000, 1.000000000000000000 ) ) ;
#3261 = ORIENTED_EDGE ( 'NONE', *, *, #1058, .F. ) ;
#3262 = VECTOR ( 'NONE', #2683, 1000.000000000000114 ) ;
#3263 = CARTESIAN_POINT ( 'NONE',  ( 20.66228675972853068, -7.500000000000001776, 0.000000000000000000 ) ) ;
#3264 = EDGE_LOOP ( 'NONE', ( #3724, #2741, #1924, #2073 ) ) ;
#3265 = LINE ( 'NONE', #60, #335 ) ;
#3266 = CARTESIAN_POINT ( 'NONE',  ( 6.000000000000003553, 19.99999999999998934, 2.500000000000000000 ) ) ;
#3267 = ORIENTED_EDGE ( 'NONE', *, *, #391, .F. ) ;
#3268 = LINE ( 'NONE', #1449, #3378 ) ;
#3269 = ORIENTED_EDGE ( 'NONE', *, *, #1725, .T. ) ;
#3270 = LINE ( 'NONE', #408, #722 ) ;
#3271 = CARTESIAN_POINT ( 'NONE',  ( 6.000000000000003553, 16.99999999999998579, 2.500000000000000000 ) ) ;
#3272 = ADVANCED_FACE ( 'NONE', ( #2291 ), #3423, .F. ) ;
#3273 = VECTOR ( 'NONE', #558, 1000.000000000000000 ) ;
#3274 = AXIS2_PLACEMENT_3D ( 'NONE', #879, #331, #2305 ) ;
#3275 = ORIENTED_EDGE ( 'NONE', *, *, #2449, .F. ) ;
#3276 = EDGE_CURVE ( 'NONE', #989, #3736, #441, .T. ) ;
#3277 = CARTESIAN_POINT ( 'NONE',  ( 10.25000000000000000, -40.00000000000002132, 4.999999999999998224 ) ) ;
#3278 = DIRECTION ( 'NONE',  ( 0.000000000000000000, 0.000000000000000000, -1.000000000000000000 ) ) ;
#3279 = LINE ( 'NONE', #2717, #3699 ) ;
#3280 = VERTEX_POINT ( 'NONE', #808 ) ;
#3281 = VECTOR ( 'NONE', #1034, 1000.000000000000114 ) ;
#3282 = CIRCLE ( 'NONE', #1082, 2.000000000000008882 ) ;
#3283 = DIRECTION ( 'NONE',  ( 1.000000000000000000, 0.000000000000000000, 0.000000000000000000 ) ) ;
#3284 = CARTESIAN_POINT ( 'NONE',  ( -15.00000000000000000, 22.00000000000001421, -3.500000000000000888 ) ) ;
#3285 = ORIENTED_EDGE ( 'NONE', *, *, #1963, .T. ) ;
#3286 = VECTOR ( 'NONE', #1192, 1000.000000000000000 ) ;
#3287 = CYLINDRICAL_SURFACE ( 'NONE', #2591, 9.000000000000001776 ) ;
#3288 = CARTESIAN_POINT ( 'NONE',  ( 5.000000000000000000, -47.00000000000000000, -1.734723475976807094E-15 ) ) ;
#3289 = AXIS2_PLACEMENT_3D ( 'NONE', #3538, #3188, #1716 ) ;
#3290 = ORIENTED_EDGE ( 'NONE', *, *, #1022, .T. ) ;
#3291 = ORIENTED_EDGE ( 'NONE', *, *, #2497, .F. ) ;
#3292 = CARTESIAN_POINT ( 'NONE',  ( -12.75000000000000888, -15.00000000000001954, 2.499999999999998224 ) ) ;
#3293 = LINE ( 'NONE', #679, #1092 ) ;
#3294 = EDGE_CURVE ( 'NONE', #1050, #468, #770, .T. ) ;
#3295 = VERTEX_POINT ( 'NONE', #1363 ) ;
#3296 = DIRECTION ( 'NONE',  ( 0.000000000000000000, -0.000000000000000000, 1.000000000000000000 ) ) ;
#3297 = DIRECTION ( 'NONE',  ( 1.000000000000000000, 1.826024711554534160E-16, -0.000000000000000000 ) ) ;
#3298 = ORIENTED_EDGE ( 'NONE', *, *, #1782, .F. ) ;
#3299 = CARTESIAN_POINT ( 'NONE',  ( -10.74999999999999645, -40.00000000000002132, 5.000000000000000000 ) ) ;
#3300 = CARTESIAN_POINT ( 'NONE',  ( 6.000000000000000888, -13.00000000000001066, 2.449489742783180546 ) ) ;
#3301 = ORIENTED_EDGE ( 'NONE', *, *, #987, .T. ) ;
#3302 = VECTOR ( 'NONE', #1987, 1000.000000000000114 ) ;
#3303 = ADVANCED_FACE ( 'NONE', ( #201 ), #2858, .F. ) ;
#3304 = CARTESIAN_POINT ( 'NONE',  ( -10.25000000000000000, -55.00000000000002132, 0.000000000000000000 ) ) ;
#3305 = ADVANCED_FACE ( 'NONE', ( #3726 ), #3673, .F. ) ;
#3306 = LINE ( 'NONE', #351, #2013 ) ;
#3307 = EDGE_LOOP ( 'NONE', ( #440, #1853, #3685, #298 ) ) ;
#3308 = MECHANICAL_DESIGN_GEOMETRIC_PRESENTATION_REPRESENTATION (  '', ( #2316 ), #2935 ) ;
#3309 = VERTEX_POINT ( 'NONE', #2878 ) ;
#3310 = DIRECTION ( 'NONE',  ( 1.000000000000000000, -5.462962177226035441E-16, 0.000000000000000000 ) ) ;
#3311 = DIRECTION ( 'NONE',  ( -0.000000000000000000, -0.000000000000000000, -1.000000000000000000 ) ) ;
#3312 = AXIS2_PLACEMENT_3D ( 'NONE', #685, #3623, #113 ) ;
#3313 = DIRECTION ( 'NONE',  ( -0.8660254037844388186, -0.4999999999999998335, 0.000000000000000000 ) ) ;
#3314 = ORIENTED_EDGE ( 'NONE', *, *, #673, .T. ) ;
#3315 = CARTESIAN_POINT ( 'NONE',  ( 12.75000000000001421, -15.00000000000001954, 2.499999999999998668 ) ) ;
#3316 = CARTESIAN_POINT ( 'NONE',  ( -5.000000000000000000, -45.25000000000000000, 5.000000000000000000 ) ) ;
#3317 = EDGE_LOOP ( 'NONE', ( #1147, #876, #449, #3020 ) ) ;
#3318 = FACE_OUTER_BOUND ( 'NONE', #2068, .T. ) ;
#3319 = LINE ( 'NONE', #701, #1819 ) ;
#3320 = EDGE_LOOP ( 'NONE', ( #1976, #1727, #3027, #3343 ) ) ;
#3321 = EDGE_CURVE ( 'NONE', #2958, #1539, #235, .T. ) ;
#3322 = CARTESIAN_POINT ( 'NONE',  ( -30.00000000000000000, 37.99999999999997868, 0.000000000000000000 ) ) ;
#3323 = VECTOR ( 'NONE', #3223, 1000.000000000000000 ) ;
#3324 = EDGE_CURVE ( 'NONE', #374, #2755, #250, .T. ) ;
#3325 = DIRECTION ( 'NONE',  ( -0.000000000000000000, -0.000000000000000000, -1.000000000000000000 ) ) ;
#3326 = ORIENTED_EDGE ( 'NONE', *, *, #1805, .F. ) ;
#3327 = VECTOR ( 'NONE', #3674, 1000.000000000000000 ) ;
#3328 = EDGE_CURVE ( 'NONE', #162, #989, #2572, .T. ) ;
#3329 = VERTEX_POINT ( 'NONE', #2538 ) ;
#3330 = CARTESIAN_POINT ( 'NONE',  ( -3.687499999999963141, 8.386937352910244670, 2.500000000000000000 ) ) ;
#3331 = EDGE_CURVE ( 'NONE', #2438, #984, #2698, .T. ) ;
#3332 = LINE ( 'NONE', #2980, #2843 ) ;
#3333 = DIRECTION ( 'NONE',  ( -1.000000000000000000, 0.000000000000000000, 0.000000000000000000 ) ) ;
#3334 = ORIENTED_EDGE ( 'NONE', *, *, #3361, .T. ) ;
#3335 = CARTESIAN_POINT ( 'NONE',  ( 13.25000000000000533, -12.00000000000002132, 2.500000000000000000 ) ) ;
#3336 = ORIENTED_EDGE ( 'NONE', *, *, #939, .T. ) ;
#3337 = FACE_BOUND ( 'NONE', #1930, .T. ) ;
#3338 = DIRECTION ( 'NONE',  ( -0.000000000000000000, -0.000000000000000000, -1.000000000000000000 ) ) ;
#3339 = ORIENTED_EDGE ( 'NONE', *, *, #346, .T. ) ;
#3340 = LINE ( 'NONE', #3662, #1057 ) ;
#3341 = DIRECTION ( 'NONE',  ( -0.000000000000000000, -0.000000000000000000, 1.000000000000000000 ) ) ;
#3342 = CARTESIAN_POINT ( 'NONE',  ( 23.83771324027147642, -13.00000000000000533, 0.000000000000000000 ) ) ;
#3343 = ORIENTED_EDGE ( 'NONE', *, *, #580, .T. ) ;
#3344 = AXIS2_PLACEMENT_3D ( 'NONE', #626, #662, #1505 ) ;
#3345 = PRODUCT ( '1-Relay-Module_DIN-Mount', '1-Relay-Module_DIN-Mount', '', ( #2754 ) ) ;
#3346 = AXIS2_PLACEMENT_3D ( 'NONE', #2731, #1519, #2671 ) ;
#3347 = VERTEX_POINT ( 'NONE', #1077 ) ;
#3348 = CARTESIAN_POINT ( 'NONE',  ( -12.75000000000000888, -15.00000000000001954, 2.499999999999998224 ) ) ;
#3349 = DIRECTION ( 'NONE',  ( 1.000000000000000000, 0.000000000000000000, 0.000000000000000000 ) ) ;
#3350 = ORIENTED_EDGE ( 'NONE', *, *, #620, .T. ) ;
#3351 = LINE ( 'NONE', #3277, #2574 ) ;
#3352 = ORIENTED_EDGE ( 'NONE', *, *, #2613, .F. ) ;
#3353 = LINE ( 'NONE', #973, #3614 ) ;
#3354 = LINE ( 'NONE', #400, #51 ) ;
#3355 = ORIENTED_EDGE ( 'NONE', *, *, #577, .F. ) ;
#3356 = LINE ( 'NONE', #2761, #2381 ) ;
#3357 = CARTESIAN_POINT ( 'NONE',  ( 3.812499999999979128, -6.396556296143655729, 5.000000000000000000 ) ) ;
#3358 = LINE ( 'NONE', #3030, #3363 ) ;
#3359 = ORIENTED_EDGE ( 'NONE', *, *, #841, .F. ) ;
#3360 = ORIENTED_EDGE ( 'NONE', *, *, #671, .T. ) ;
#3361 = EDGE_CURVE ( 'NONE', #647, #1340, #3445, .T. ) ;
#3362 = CIRCLE ( 'NONE', #3548, 7.625000000000000000 ) ;
#3363 = VECTOR ( 'NONE', #3325, 1000.000000000000000 ) ;
#3364 = FACE_OUTER_BOUND ( 'NONE', #3661, .T. ) ;
#3365 = ORIENTED_EDGE ( 'NONE', *, *, #2132, .F. ) ;
#3366 = EDGE_CURVE ( 'NONE', #3196, #2096, #1983, .T. ) ;
#3367 = EDGE_CURVE ( 'NONE', #2784, #1933, #2263, .T. ) ;
#3368 = CARTESIAN_POINT ( 'NONE',  ( 5.993185195299350454, -12.66807124708472188, 2.500000000000000000 ) ) ;
#3369 = VECTOR ( 'NONE', #148, 1000.000000000000000 ) ;
#3370 = ORIENTED_EDGE ( 'NONE', *, *, #825, .F. ) ;
#3371 = EDGE_CURVE ( 'NONE', #1454, #3107, #272, .T. ) ;
#3372 = EDGE_CURVE ( 'NONE', #309, #3622, #846, .T. ) ;
#3373 = AXIS2_PLACEMENT_3D ( 'NONE', #2024, #1308, #139 ) ;
#3374 = EDGE_CURVE ( 'NONE', #2931, #2978, #2522, .T. ) ;
#3375 = LINE ( 'NONE', #3047, #3369 ) ;
#3376 = DIRECTION ( 'NONE',  ( 0.000000000000000000, 0.000000000000000000, 1.000000000000000000 ) ) ;
#3377 = ORIENTED_EDGE ( 'NONE', *, *, #2244, .T. ) ;
#3378 = VECTOR ( 'NONE', #1777, 1000.000000000000000 ) ;
#3379 = CARTESIAN_POINT ( 'NONE',  ( 9.500000000000000000, -16.99999999999998934, -3.500000000000000000 ) ) ;
#3380 = DIRECTION ( 'NONE',  ( -0.8660254037844388186, 0.4999999999999998335, 0.000000000000000000 ) ) ;
#3381 = CARTESIAN_POINT ( 'NONE',  ( 3.812500000000011990, 10.39655629614364685, 2.500000000000000000 ) ) ;
#3382 = ORIENTED_EDGE ( 'NONE', *, *, #2003, .F. ) ;
#3383 = EDGE_LOOP ( 'NONE', ( #3208, #2099, #3023, #1378 ) ) ;
#3384 = VECTOR ( 'NONE', #2203, 1000.000000000000000 ) ;
#3385 = DIRECTION ( 'NONE',  ( 0.000000000000000000, 1.000000000000000000, 0.000000000000000000 ) ) ;
#3386 = ORIENTED_EDGE ( 'NONE', *, *, #1889, .T. ) ;
#3387 = CARTESIAN_POINT ( 'NONE',  ( -23.83771324027146932, -13.00000000000000000, 2.500000000000000000 ) ) ;
#3388 = ORIENTED_EDGE ( 'NONE', *, *, #2331, .F. ) ;
#3389 = CARTESIAN_POINT ( 'NONE',  ( -27.99999999999999645, 37.99999999999997868, 5.000000000000000000 ) ) ;
#3390 = CARTESIAN_POINT ( 'NONE',  ( 7.625000000000000000, 17.00000000000001776, 2.500000000000000000 ) ) ;
#3391 = ORIENTED_EDGE ( 'NONE', *, *, #2124, .F. ) ;
#3392 = PLANE ( 'NONE',  #3004 ) ;
#3393 = AXIS2_PLACEMENT_3D ( 'NONE', #287, #2875, #2855 ) ;
#3394 = DIRECTION ( 'NONE',  ( -0.000000000000000000, -0.000000000000000000, 1.000000000000000000 ) ) ;
#3395 = CARTESIAN_POINT ( 'NONE',  ( 27.99999999999999289, 39.99999999999997868, 0.000000000000000000 ) ) ;
#3396 = ORIENTED_EDGE ( 'NONE', *, *, #2762, .F. ) ;
#3397 = ORIENTED_EDGE ( 'NONE', *, *, #1270, .F. ) ;
#3398 = VECTOR ( 'NONE', #2242, 1000.000000000000000 ) ;
#3399 = LINE ( 'NONE', #1678, #1588 ) ;
#3400 = VECTOR ( 'NONE', #2485, 1000.000000000000000 ) ;
#3401 = ORIENTED_EDGE ( 'NONE', *, *, #2400, .T. ) ;
#3402 = DIRECTION ( 'NONE',  ( 0.000000000000000000, 1.000000000000000000, -0.000000000000000000 ) ) ;
#3403 = ORIENTED_EDGE ( 'NONE', *, *, #3442, .F. ) ;
#3404 = CARTESIAN_POINT ( 'NONE',  ( 22.25000000000000000, 10.24999999999999822, -3.500000000000000444 ) ) ;
#3405 = CARTESIAN_POINT ( 'NONE',  ( 23.83771324027147642, -13.00000000000000533, 0.000000000000000000 ) ) ;
#3406 = ADVANCED_FACE ( 'NONE', ( #1062 ), #2219, .T. ) ;
#3407 = ORIENTED_EDGE ( 'NONE', *, *, #2517, .T. ) ;
#3408 = CARTESIAN_POINT ( 'NONE',  ( -29.99999999999998579, -38.00000000000002132, 5.000000000000000000 ) ) ;
#3409 = DIRECTION ( 'NONE',  ( 0.5000000000000002220, -0.8660254037844384856, 0.000000000000000000 ) ) ;
#3410 = CIRCLE ( 'NONE', #1764, 7.375000000000000000 ) ;
#3411 = CARTESIAN_POINT ( 'NONE',  ( -27.99999999999998579, 19.99999999999998934, 0.000000000000000000 ) ) ;
#3412 = DIRECTION ( 'NONE',  ( 0.000000000000000000, 0.000000000000000000, 1.000000000000000000 ) ) ;
#3413 = VERTEX_POINT ( 'NONE', #2810 ) ;
#3414 = EDGE_CURVE ( 'NONE', #68, #3454, #1666, .T. ) ;
#3415 = EDGE_CURVE ( 'NONE', #1393, #2603, #1171, .T. ) ;
#3416 = CYLINDRICAL_SURFACE ( 'NONE', #3501, 2.000000000000008882 ) ;
#3417 = PLANE ( 'NONE',  #481 ) ;
#3418 = ORIENTED_EDGE ( 'NONE', *, *, #2601, .F. ) ;
#3419 = CARTESIAN_POINT ( 'NONE',  ( 15.00000000000000000, 25.00000000000001421, 0.000000000000000000 ) ) ;
#3420 = EDGE_LOOP ( 'NONE', ( #2850, #349, #3062, #1382 ) ) ;
#3421 = VECTOR ( 'NONE', #158, 1000.000000000000000 ) ;
#3422 = VECTOR ( 'NONE', #3431, 1000.000000000000000 ) ;
#3423 = CYLINDRICAL_SURFACE ( 'NONE', #2080, 1.750000000000001554 ) ;
#3424 = DIRECTION ( 'NONE',  ( -0.000000000000000000, 1.000000000000000000, 0.000000000000000000 ) ) ;
#3425 = VERTEX_POINT ( 'NONE', #1856 ) ;
#3426 = AXIS2_PLACEMENT_3D ( 'NONE', #829, #1396, #3464 ) ;
#3427 = DIRECTION ( 'NONE',  ( -0.000000000000000000, -1.000000000000000000, -0.000000000000000000 ) ) ;
#3428 = FACE_OUTER_BOUND ( 'NONE', #1425, .T. ) ;
#3429 = EDGE_LOOP ( 'NONE', ( #364, #2818, #1741, #1097 ) ) ;
#3430 = DIRECTION ( 'NONE',  ( -0.000000000000000000, -0.000000000000000000, 1.000000000000000000 ) ) ;
#3431 = DIRECTION ( 'NONE',  ( 0.7071067811865489050, -0.000000000000000000, 0.7071067811865462405 ) ) ;
#3432 = ORIENTED_EDGE ( 'NONE', *, *, #1450, .T. ) ;
#3433 = ADVANCED_FACE ( 'NONE', ( #886 ), #1570, .F. ) ;
#3434 = ADVANCED_FACE ( 'NONE', ( #2157 ), #9, .F. ) ;
#3435 = FACE_BOUND ( 'NONE', #2441, .T. ) ;
#3436 = CARTESIAN_POINT ( 'NONE',  ( 30.00000000000000711, 37.99999999999997868, 5.000000000000000000 ) ) ;
#3437 = EDGE_CURVE ( 'NONE', #1964, #1085, #799, .T. ) ;
#3438 = EDGE_CURVE ( 'NONE', #709, #691, #30, .T. ) ;
#3439 = AXIS2_PLACEMENT_3D ( 'NONE', #2888, #2583, #282 ) ;
#3440 = CARTESIAN_POINT ( 'NONE',  ( -23.83771324027147998, 13.00000000000000711, 0.000000000000000000 ) ) ;
#3441 = VERTEX_POINT ( 'NONE', #2901 ) ;
#3442 = EDGE_CURVE ( 'NONE', #2606, #910, #3481, .T. ) ;
#3443 = DIRECTION ( 'NONE',  ( -0.7071067811865489050, -0.000000000000000000, 0.7071067811865462405 ) ) ;
#3444 = VERTEX_POINT ( 'NONE', #3330 ) ;
#3445 = LINE ( 'NONE', #3156, #1417 ) ;
#3446 = FACE_OUTER_BOUND ( 'NONE', #1982, .T. ) ;
#3447 = FACE_OUTER_BOUND ( 'NONE', #216, .T. ) ;
#3448 = LINE ( 'NONE', #1705, #2232 ) ;
#3449 = VERTEX_POINT ( 'NONE', #1502 ) ;
#3450 = LINE ( 'NONE', #1673, #2926 ) ;
#3451 = PLANE ( 'NONE',  #1357 ) ;
#3452 = ORIENTED_EDGE ( 'NONE', *, *, #671, .F. ) ;
#3453 = CARTESIAN_POINT ( 'NONE',  ( 0.000000000000000000, -12.00000000000002132, 0.000000000000000000 ) ) ;
#3454 = VERTEX_POINT ( 'NONE', #622 ) ;
#3455 = LINE ( 'NONE', #3129, #2607 ) ;
#3456 = VECTOR ( 'NONE', #2134, 1000.000000000000000 ) ;
#3457 = AXIS2_PLACEMENT_3D ( 'NONE', #1597, #738, #3007 ) ;
#3458 = CYLINDRICAL_SURFACE ( 'NONE', #4, 7.375000000000000000 ) ;
#3459 = ORIENTED_EDGE ( 'NONE', *, *, #3203, .F. ) ;
#3460 = CARTESIAN_POINT ( 'NONE',  ( 15.00000000000000000, 20.50000000000000000, 0.000000000000000000 ) ) ;
#3461 = EDGE_CURVE ( 'NONE', #1512, #95, #3036, .T. ) ;
#3462 = VECTOR ( 'NONE', #713, 1000.000000000000000 ) ;
#3463 = VECTOR ( 'NONE', #500, 1000.000000000000000 ) ;
#3464 = DIRECTION ( 'NONE',  ( 1.000000000000000000, 0.000000000000000000, 0.000000000000000000 ) ) ;
#3465 = DIRECTION ( 'NONE',  ( -1.000000000000000000, 0.000000000000000000, 0.000000000000000000 ) ) ;
#3466 = FACE_BOUND ( 'NONE', #726, .T. ) ;
#3467 = DIRECTION ( 'NONE',  ( 0.000000000000000000, 0.000000000000000000, -1.000000000000000000 ) ) ;
#3468 = DIRECTION ( 'NONE',  ( 0.000000000000000000, 0.000000000000000000, 1.000000000000000000 ) ) ;
#3469 = FACE_OUTER_BOUND ( 'NONE', #2982, .T. ) ;
#3470 = VERTEX_POINT ( 'NONE', #1481 ) ;
#3471 = ORIENTED_EDGE ( 'NONE', *, *, #1344, .F. ) ;
#3472 = LINE ( 'NONE', #1468, #2156 ) ;
#3473 = ORIENTED_EDGE ( 'NONE', *, *, #1622, .T. ) ;
#3474 = DIRECTION ( 'NONE',  ( -0.000000000000000000, 0.000000000000000000, 1.000000000000000000 ) ) ;
#3475 = CARTESIAN_POINT ( 'NONE',  ( 6.750000000000001776, -47.00000000000000000, -3.500000000000000444 ) ) ;
#3476 = VERTEX_POINT ( 'NONE', #1212 ) ;
#3477 = VECTOR ( 'NONE', #3430, 1000.000000000000000 ) ;
#3478 = DIRECTION ( 'NONE',  ( -0.000000000000000000, -0.000000000000000000, -1.000000000000000000 ) ) ;
#3479 = EDGE_CURVE ( 'NONE', #702, #2709, #2637, .T. ) ;
#3480 = ADVANCED_FACE ( 'NONE', ( #49 ), #2348, .F. ) ;
#3481 = LINE ( 'NONE', #3234, #1110 ) ;
#3482 = LINE ( 'NONE', #2902, #3504 ) ;
#3483 = VECTOR ( 'NONE', #457, 1000.000000000000000 ) ;
#3484 = DIRECTION ( 'NONE',  ( -0.000000000000000000, 0.000000000000000000, -1.000000000000000000 ) ) ;
#3485 = DIRECTION ( 'NONE',  ( 1.000000000000000000, 0.000000000000000000, 0.000000000000000000 ) ) ;
#3486 = ORIENTED_EDGE ( 'NONE', *, *, #588, .F. ) ;
#3487 = EDGE_CURVE ( 'NONE', #2371, #2767, #294, .T. ) ;
#3488 = CARTESIAN_POINT ( 'NONE',  ( 9.000000000000001776, -13.00000000000000888, 5.000000000000000000 ) ) ;
#3489 = EDGE_CURVE ( 'NONE', #2385, #858, #2041, .T. ) ;
#3490 = DIRECTION ( 'NONE',  ( -0.000000000000000000, -0.000000000000000000, 1.000000000000000000 ) ) ;
#3491 = ORIENTED_EDGE ( 'NONE', *, *, #2356, .F. ) ;
#3492 = CARTESIAN_POINT ( 'NONE',  ( 10.74999999999999645, -12.00000000000002132, 5.000000000000000000 ) ) ;
#3493 = VERTEX_POINT ( 'NONE', #3542 ) ;
#3494 = CARTESIAN_POINT ( 'NONE',  ( 6.000000000000003553, -15.00000000000001954, -1.821662113731688484E-15 ) ) ;
#3495 = CARTESIAN_POINT ( 'NONE',  ( 24.00000000000000000, -10.25000000000000000, 5.000000000000000000 ) ) ;
#3496 = VERTEX_POINT ( 'NONE', #693 ) ;
#3497 = CARTESIAN_POINT ( 'NONE',  ( 25.42542648054293863, 10.25000000000000000, 0.000000000000000000 ) ) ;
#3498 = VERTEX_POINT ( 'NONE', #2730 ) ;
#3499 = DIRECTION ( 'NONE',  ( 0.7071067811865456854, 0.000000000000000000, 0.7071067811865493491 ) ) ;
#3500 = ORIENTED_EDGE ( 'NONE', *, *, #1732, .T. ) ;
#3501 = AXIS2_PLACEMENT_3D ( 'NONE', #1961, #512, #2602 ) ;
#3502 = DIRECTION ( 'NONE',  ( -5.462962177226035441E-16, -1.000000000000000000, 0.000000000000000000 ) ) ;
#3503 = DIRECTION ( 'NONE',  ( -0.000000000000000000, -0.000000000000000000, 1.000000000000000000 ) ) ;
#3504 = VECTOR ( 'NONE', #295, 1000.000000000000227 ) ;
#3505 = CARTESIAN_POINT ( 'NONE',  ( 9.000000000000000000, 17.49999999999999289, 0.000000000000000000 ) ) ;
#3506 = DIRECTION ( 'NONE',  ( 0.000000000000000000, 0.000000000000000000, 1.000000000000000000 ) ) ;
#3507 = CARTESIAN_POINT ( 'NONE',  ( 7.375000000000000000, 17.00000000000001776, 2.500000000000000000 ) ) ;
#3508 = ORIENTED_EDGE ( 'NONE', *, *, #3205, .T. ) ;
#3509 = LINE ( 'NONE', #819, #3627 ) ;
#3510 = CARTESIAN_POINT ( 'NONE',  ( 0.000000000000000000, -55.00000000000002132, 0.000000000000000000 ) ) ;
#3511 = VERTEX_POINT ( 'NONE', #121 ) ;
#3512 = CARTESIAN_POINT ( 'NONE',  ( 0.000000000000000000, -40.00000000000002132, 0.000000000000000000 ) ) ;
#3513 = DIRECTION ( 'NONE',  ( -0.000000000000000000, -0.000000000000000000, 1.000000000000000000 ) ) ;
#3514 = ORIENTED_EDGE ( 'NONE', *, *, #2081, .T. ) ;
#3515 = VECTOR ( 'NONE', #3427, 1000.000000000000000 ) ;
#3516 = CARTESIAN_POINT ( 'NONE',  ( 15.00000000000000000, 18.25000000000000355, -2.749999999999999556 ) ) ;
#3517 = ORIENTED_EDGE ( 'NONE', *, *, #2455, .F. ) ;
#3518 = EDGE_CURVE ( 'NONE', #984, #2438, #557, .T. ) ;
#3519 = DIRECTION ( 'NONE',  ( 1.000000000000000000, 0.000000000000000000, 0.000000000000000000 ) ) ;
#3520 = ORIENTED_EDGE ( 'NONE', *, *, #265, .T. ) ;
#3521 = CARTESIAN_POINT ( 'NONE',  ( -27.99999999999998579, -40.00000000000002132, 5.000000000000000000 ) ) ;
#3522 = CARTESIAN_POINT ( 'NONE',  ( 24.00000000000000000, 10.24999999999999822, -3.500000000000000444 ) ) ;
#3523 = DIRECTION ( 'NONE',  ( -0.000000000000000000, -0.000000000000000000, 1.000000000000000000 ) ) ;
#3524 = CARTESIAN_POINT ( 'NONE',  ( -15.00000000000000000, 0.000000000000000000, 0.000000000000000000 ) ) ;
#3525 = ORIENTED_EDGE ( 'NONE', *, *, #2237, .T. ) ;
#3526 = AXIS2_PLACEMENT_3D ( 'NONE', #1997, #2036, #289 ) ;
#3527 = EDGE_CURVE ( 'NONE', #2972, #3180, #2063, .T. ) ;
#3528 = DIRECTION ( 'NONE',  ( 1.000000000000000000, 0.000000000000000000, 0.000000000000000000 ) ) ;
#3529 = ORIENTED_EDGE ( 'NONE', *, *, #217, .F. ) ;
#3530 = DIRECTION ( 'NONE',  ( 0.000000000000000000, 0.000000000000000000, 1.000000000000000000 ) ) ;
#3531 = ADVANCED_FACE ( 'NONE', ( #3616 ), #2592, .F. ) ;
#3532 = CARTESIAN_POINT ( 'NONE',  ( 9.500000000000000000, -15.50000000000000178, 0.000000000000000000 ) ) ;
#3533 = ORIENTED_EDGE ( 'NONE', *, *, #3258, .F. ) ;
#3534 = EDGE_CURVE ( 'NONE', #658, #2787, #3618, .T. ) ;
#3535 = EDGE_CURVE ( 'NONE', #305, #2254, #2463, .T. ) ;
#3536 = DIRECTION ( 'NONE',  ( 0.000000000000000000, -0.000000000000000000, 1.000000000000000000 ) ) ;
#3537 = EDGE_LOOP ( 'NONE', ( #2670, #547, #1087, #2948 ) ) ;
#3538 = CARTESIAN_POINT ( 'NONE',  ( 9.500000000000000000, -16.99999999999998934, -3.500000000000000000 ) ) ;
#3539 = ORIENTED_EDGE ( 'NONE', *, *, #2643, .F. ) ;
#3540 = CARTESIAN_POINT ( 'NONE',  ( 6.000000000000003553, 19.99999999999998934, 5.000000000000000000 ) ) ;
#3541 = VERTEX_POINT ( 'NONE', #2747 ) ;
#3542 = CARTESIAN_POINT ( 'NONE',  ( 9.500000000000000000, -20.00000000000000000, -9.797174393178823685E-16 ) ) ;
#3543 = PLANE ( 'NONE',  #2030 ) ;
#3544 = DIRECTION ( 'NONE',  ( 1.000000000000000000, 0.000000000000000000, 0.000000000000000000 ) ) ;
#3545 = CARTESIAN_POINT ( 'NONE',  ( -23.83771324027147998, 13.00000000000000711, 2.500000000000000000 ) ) ;
#3546 = VERTEX_POINT ( 'NONE', #3729 ) ;
#3547 = DIRECTION ( 'NONE',  ( -0.000000000000000000, -0.000000000000000000, 1.000000000000000000 ) ) ;
#3548 = AXIS2_PLACEMENT_3D ( 'NONE', #1115, #1385, #3160 ) ;
#3549 = EDGE_LOOP ( 'NONE', ( #1739, #927, #1888, #3567 ) ) ;
#3550 = CARTESIAN_POINT ( 'NONE',  ( -25.42542648054293863, -10.25000000000000355, 2.500000000000000000 ) ) ;
#3551 = CARTESIAN_POINT ( 'NONE',  ( -3.116809680337662591, -4.684019929395301318, 2.500000000000000000 ) ) ;
#3552 = VECTOR ( 'NONE', #1380, 1000.000000000000000 ) ;
#3553 = EDGE_LOOP ( 'NONE', ( #3583, #3612, #3041, #605 ) ) ;
#3554 = ADVANCED_FACE ( 'NONE', ( #3744, #3466, #222 ), #3121, .T. ) ;
#3555 = DIRECTION ( 'NONE',  ( 1.000000000000000000, 0.000000000000000000, 0.000000000000000000 ) ) ;
#3556 = EDGE_CURVE ( 'NONE', #3329, #1598, #805, .T. ) ;
#3557 = VECTOR ( 'NONE', #710, 1000.000000000000000 ) ;
#3558 = ORIENTED_EDGE ( 'NONE', *, *, #1447, .T. ) ;
#3559 = FACE_OUTER_BOUND ( 'NONE', #3429, .T. ) ;
#3560 = EDGE_LOOP ( 'NONE', ( #2115, #1630, #3675, #1233, #687, #3473 ) ) ;
#3561 = AXIS2_PLACEMENT_3D ( 'NONE', #1471, #2016, #1735 ) ;
#3562 = CARTESIAN_POINT ( 'NONE',  ( 10.25000000000000000, -15.00000000000001954, 5.000000000000000000 ) ) ;
#3563 = EDGE_LOOP ( 'NONE', ( #2383, #3529, #566, #1001, #583 ) ) ;
#3564 = FACE_OUTER_BOUND ( 'NONE', #924, .T. ) ;
#3565 = FACE_OUTER_BOUND ( 'NONE', #1561, .T. ) ;
#3566 = CARTESIAN_POINT ( 'NONE',  ( -22.25000000000000000, -10.25000000000000000, 2.499999999999999556 ) ) ;
#3567 = ORIENTED_EDGE ( 'NONE', *, *, #59, .T. ) ;
#3568 = DIRECTION ( 'NONE',  ( 0.000000000000000000, 0.000000000000000000, 1.000000000000000000 ) ) ;
#3569 = ORIENTED_EDGE ( 'NONE', *, *, #2162, .T. ) ;
#3570 = VECTOR ( 'NONE', #2539, 1000.000000000000000 ) ;
#3571 = FACE_OUTER_BOUND ( 'NONE', #3630, .T. ) ;
#3572 = DIRECTION ( 'NONE',  ( 0.5000000000000002220, -0.8660254037844384856, 0.000000000000000000 ) ) ;
#3573 = ORIENTED_EDGE ( 'NONE', *, *, #1302, .T. ) ;
#3574 = ORIENTED_EDGE ( 'NONE', *, *, #619, .T. ) ;
#3575 = CARTESIAN_POINT ( 'NONE',  ( 20.66228675972853068, 7.500000000000000000, 2.500000000000000000 ) ) ;
#3576 = DIRECTION ( 'NONE',  ( 0.000000000000000000, 0.000000000000000000, 1.000000000000000000 ) ) ;
#3577 = VECTOR ( 'NONE', #1483, 1000.000000000000000 ) ;
#3578 = AXIS2_PLACEMENT_3D ( 'NONE', #639, #1210, #3232 ) ;
#3579 = VERTEX_POINT ( 'NONE', #2272 ) ;
#3580 = EDGE_CURVE ( 'NONE', #696, #191, #1437, .T. ) ;
#3581 = PLANE ( 'NONE',  #595 ) ;
#3582 = FACE_OUTER_BOUND ( 'NONE', #2318, .T. ) ;
#3583 = ORIENTED_EDGE ( 'NONE', *, *, #2514, .T. ) ;
#3584 = VECTOR ( 'NONE', #173, 1000.000000000000000 ) ;
#3585 = VECTOR ( 'NONE', #698, 1000.000000000000000 ) ;
#3586 = DIRECTION ( 'NONE',  ( 0.000000000000000000, -0.000000000000000000, -1.000000000000000000 ) ) ;
#3587 = DIRECTION ( 'NONE',  ( -1.000000000000000000, 0.000000000000000000, 0.000000000000000000 ) ) ;
#3588 = EDGE_LOOP ( 'NONE', ( #699, #2450, #34, #2918 ) ) ;
#3589 = VECTOR ( 'NONE', #47, 1000.000000000000114 ) ;
#3590 = FACE_OUTER_BOUND ( 'NONE', #2122, .T. ) ;
#3591 = CARTESIAN_POINT ( 'NONE',  ( 5.979130371550700040, -12.50000000000001954, 2.500000000000000000 ) ) ;
#3592 = VERTEX_POINT ( 'NONE', #2255 ) ;
#3593 = ORIENTED_EDGE ( 'NONE', *, *, #3130, .T. ) ;
#3594 = PLANE ( 'NONE',  #1049 ) ;
#3595 = PLANE ( 'NONE',  #2484 ) ;
#3596 = VECTOR ( 'NONE', #1089, 1000.000000000000000 ) ;
#3597 = ORIENTED_EDGE ( 'NONE', *, *, #2922, .F. ) ;
#3598 = FACE_OUTER_BOUND ( 'NONE', #2672, .T. ) ;
#3599 = EDGE_CURVE ( 'NONE', #2112, #3135, #204, .T. ) ;
#3600 = DIRECTION ( 'NONE',  ( 0.000000000000000000, 0.000000000000000000, -1.000000000000000000 ) ) ;
#3601 = ORIENTED_EDGE ( 'NONE', *, *, #772, .T. ) ;
#3602 = EDGE_CURVE ( 'NONE', #910, #3309, #1972, .T. ) ;
#3603 = DIRECTION ( 'NONE',  ( -0.000000000000000000, -0.000000000000000000, 1.000000000000000000 ) ) ;
#3604 = LINE ( 'NONE', #3641, #777 ) ;
#3605 = EDGE_LOOP ( 'NONE', ( #2812, #367, #1362, #143 ) ) ;
#3606 = VECTOR ( 'NONE', #603, 1000.000000000000000 ) ;
#3607 = EDGE_CURVE ( 'NONE', #3470, #3196, #1114, .T. ) ;
#3608 = APPLICATION_CONTEXT ( 'automotive_design' ) ;
#3609 = ADVANCED_FACE ( 'NONE', ( #1098 ), #3140, .T. ) ;
#3610 = DIRECTION ( 'NONE',  ( -0.000000000000000000, 1.000000000000000000, -0.000000000000000000 ) ) ;
#3611 = CARTESIAN_POINT ( 'NONE',  ( 9.999999999999994671, -12.00000000000002132, 0.000000000000000000 ) ) ;
#3612 = ORIENTED_EDGE ( 'NONE', *, *, #35, .F. ) ;
#3613 = VECTOR ( 'NONE', #2224, 1000.000000000000000 ) ;
#3614 = VECTOR ( 'NONE', #2129, 1000.000000000000000 ) ;
#3615 = EDGE_LOOP ( 'NONE', ( #2299, #2243, #1880, #2469, #1912, #1605, #3301, #2943, #1356, #2393 ) ) ;
#3616 = FACE_OUTER_BOUND ( 'NONE', #2062, .T. ) ;
#3617 = FACE_OUTER_BOUND ( 'NONE', #3642, .T. ) ;
#3618 = CIRCLE ( 'NONE', #3373, 7.625000000000000000 ) ;
#3619 = CARTESIAN_POINT ( 'NONE',  ( -27.99999999999999645, 37.99999999999997868, 5.000000000000000000 ) ) ;
#3620 = ORIENTED_EDGE ( 'NONE', *, *, #892, .T. ) ;
#3621 = CARTESIAN_POINT ( 'NONE',  ( 19.07457351945705781, -10.25000000000000355, 0.000000000000000000 ) ) ;
#3622 = VERTEX_POINT ( 'NONE', #3103 ) ;
#3623 = DIRECTION ( 'NONE',  ( 0.000000000000000000, 0.000000000000000000, 1.000000000000000000 ) ) ;
#3624 = CARTESIAN_POINT ( 'NONE',  ( 7.625000000000000000, -13.00000000000001066, 2.449489742783180546 ) ) ;
#3625 = ORIENTED_EDGE ( 'NONE', *, *, #56, .F. ) ;
#3626 = DIRECTION ( 'NONE',  ( -0.7071067811865489050, 0.000000000000000000, 0.7071067811865462405 ) ) ;
#3627 = VECTOR ( 'NONE', #897, 1000.000000000000227 ) ;
#3628 = LINE ( 'NONE', #3645, #2290 ) ;
#3629 = DIRECTION ( 'NONE',  ( -0.4999999999999959477, 0.8660254037844410391, 0.000000000000000000 ) ) ;
#3630 = EDGE_LOOP ( 'NONE', ( #406, #3275, #422, #25, #3145 ) ) ;
#3631 = VECTOR ( 'NONE', #71, 1000.000000000000000 ) ;
#3632 = ORIENTED_EDGE ( 'NONE', *, *, #63, .F. ) ;
#3633 = LINE ( 'NONE', #1536, #2932 ) ;
#3634 = DIRECTION ( 'NONE',  ( -1.000000000000000000, -0.000000000000000000, -0.000000000000000000 ) ) ;
#3635 = VERTEX_POINT ( 'NONE', #1421 ) ;
#3636 = DIRECTION ( 'NONE',  ( 0.000000000000000000, 1.000000000000000000, 0.000000000000000000 ) ) ;
#3637 = AXIS2_PLACEMENT_3D ( 'NONE', #90, #3544, #3278 ) ;
#3638 = APPLICATION_PROTOCOL_DEFINITION ( 'draft international standard', 'automotive_design', 1998, #3608 ) ;
#3639 = ORIENTED_EDGE ( 'NONE', *, *, #3556, .F. ) ;
#3640 = DIRECTION ( 'NONE',  ( -0.000000000000000000, 1.000000000000000000, -0.000000000000000000 ) ) ;
#3641 = CARTESIAN_POINT ( 'NONE',  ( 3.687500000000009770, 10.61306264708975888, 2.500000000000000000 ) ) ;
#3642 = EDGE_LOOP ( 'NONE', ( #2834, #1175, #20, #2040 ) ) ;
#3643 = FACE_OUTER_BOUND ( 'NONE', #3113, .T. ) ;
#3644 = EDGE_CURVE ( 'NONE', #1026, #2784, #2005, .T. ) ;
#3645 = CARTESIAN_POINT ( 'NONE',  ( 7.625000000000000000, -13.00000000000001066, 2.449489742783180546 ) ) ;
#3646 = CARTESIAN_POINT ( 'NONE',  ( -3.687499999999963141, 8.386937352910244670, 2.500000000000000000 ) ) ;
#3647 = VERTEX_POINT ( 'NONE', #1651 ) ;
#3648 = EDGE_CURVE ( 'NONE', #1598, #3053, #254, .T. ) ;
#3649 = EDGE_CURVE ( 'NONE', #99, #2303, #486, .T. ) ;
#3650 = AXIS2_PLACEMENT_3D ( 'NONE', #426, #67, #1248 ) ;
#3651 = DIRECTION ( 'NONE',  ( -0.000000000000000000, 1.000000000000000000, 0.000000000000000000 ) ) ;
#3652 = EDGE_CURVE ( 'NONE', #374, #2254, #2864, .T. ) ;
#3653 = EDGE_CURVE ( 'NONE', #3498, #1642, #520, .T. ) ;
#3654 = CARTESIAN_POINT ( 'NONE',  ( 30.00000000000001776, -38.00000000000002132, 0.000000000000000000 ) ) ;
#3655 = ORIENTED_EDGE ( 'NONE', *, *, #1663, .T. ) ;
#3656 = CARTESIAN_POINT ( 'NONE',  ( 19.07457351945706137, 10.24999999999999822, 0.000000000000000000 ) ) ;
#3657 = PRESENTATION_STYLE_ASSIGNMENT (( #3061 ) ) ;
#3658 = VERTEX_POINT ( 'NONE', #3769 ) ;
#3659 = DIRECTION ( 'NONE',  ( 0.000000000000000000, -0.000000000000000000, 1.000000000000000000 ) ) ;
#3660 = CARTESIAN_POINT ( 'NONE',  ( 5.249999999999999112, -55.00000000000002132, 4.999999999999998224 ) ) ;
#3661 = EDGE_LOOP ( 'NONE', ( #3697, #2794, #1005, #2355 ) ) ;
#3662 = CARTESIAN_POINT ( 'NONE',  ( -23.83771324027147287, 7.499999999999998224, 2.500000000000000000 ) ) ;
#3663 = DIRECTION ( 'NONE',  ( 0.000000000000000000, 0.7071067811865503483, -0.7071067811865445751 ) ) ;
#3664 = CARTESIAN_POINT ( 'NONE',  ( -12.75000000000000888, -15.00000000000001954, 2.499999999999998224 ) ) ;
#3665 = VERTEX_POINT ( 'NONE', #2814 ) ;
#3666 = ORIENTED_EDGE ( 'NONE', *, *, #383, .F. ) ;
#3667 = VECTOR ( 'NONE', #2596, 1000.000000000000000 ) ;
#3668 = FACE_OUTER_BOUND ( 'NONE', #3687, .T. ) ;
#3669 = ORIENTED_EDGE ( 'NONE', *, *, #807, .F. ) ;
#3670 = DIRECTION ( 'NONE',  ( 0.000000000000000000, -1.000000000000000000, 0.000000000000000000 ) ) ;
#3671 = VECTOR ( 'NONE', #2092, 1000.000000000000000 ) ;
#3672 = ORIENTED_EDGE ( 'NONE', *, *, #2178, .F. ) ;
#3673 = PLANE ( 'NONE',  #802 ) ;
#3674 = DIRECTION ( 'NONE',  ( 0.000000000000000000, 1.000000000000000000, 0.000000000000000000 ) ) ;
#3675 = ORIENTED_EDGE ( 'NONE', *, *, #3247, .T. ) ;
#3676 = AXIS2_PLACEMENT_3D ( 'NONE', #21, #2056, #3226 ) ;
#3677 = PLANE ( 'NONE',  #2211 ) ;
#3678 = CARTESIAN_POINT ( 'NONE',  ( 0.000000000000000000, 1.999999999999989564, 2.500000000000000000 ) ) ;
#3679 = DIRECTION ( 'NONE',  ( -0.7071067811865462405, 0.000000000000000000, 0.7071067811865489050 ) ) ;
#3680 = ORIENTED_EDGE ( 'NONE', *, *, #2244, .F. ) ;
#3681 = VERTEX_POINT ( 'NONE', #3408 ) ;
#3682 = VECTOR ( 'NONE', #2183, 1000.000000000000000 ) ;
#3683 = DIRECTION ( 'NONE',  ( 1.000000000000000000, 0.000000000000000000, 0.000000000000000000 ) ) ;
#3684 = EDGE_CURVE ( 'NONE', #138, #1432, #1367, .T. ) ;
#3685 = ORIENTED_EDGE ( 'NONE', *, *, #389, .T. ) ;
#3686 = LINE ( 'NONE', #2807, #3766 ) ;
#3687 = EDGE_LOOP ( 'NONE', ( #773, #3291, #3533, #1892 ) ) ;
#3688 = EDGE_CURVE ( 'NONE', #100, #3295, #1400, .T. ) ;
#3689 = DIRECTION ( 'NONE',  ( 9.130123557772670799E-17, -1.000000000000000000, 0.000000000000000000 ) ) ;
#3690 = CARTESIAN_POINT ( 'NONE',  ( -10.25000000000000000, -15.00000000000001954, 4.999999999999998224 ) ) ;
#3691 = VERTEX_POINT ( 'NONE', #2555 ) ;
#3692 = EDGE_CURVE ( 'NONE', #2709, #2107, #792, .T. ) ;
#3693 = DIRECTION ( 'NONE',  ( -0.000000000000000000, -0.000000000000000000, 1.000000000000000000 ) ) ;
#3694 = CARTESIAN_POINT ( 'NONE',  ( 7.375000000000000000, -13.00000000000001066, 2.449489742783180546 ) ) ;
#3695 = DIRECTION ( 'NONE',  ( 0.5000000000000001110, 0.8660254037844385966, 0.000000000000000000 ) ) ;
#3696 = LINE ( 'NONE', #3144, #863 ) ;
#3697 = ORIENTED_EDGE ( 'NONE', *, *, #1661, .T. ) ;
#3698 = EDGE_LOOP ( 'NONE', ( #2706, #2687, #542, #1626 ) ) ;
#3699 = VECTOR ( 'NONE', #1484, 1000.000000000000000 ) ;
#3700 = CARTESIAN_POINT ( 'NONE',  ( 25.42542648054293863, 10.25000000000000000, 2.500000000000000000 ) ) ;
#3701 = ORIENTED_EDGE ( 'NONE', *, *, #3479, .T. ) ;
#3702 = PLANE ( 'NONE',  #3033 ) ;
#3703 = ORIENTED_EDGE ( 'NONE', *, *, #2055, .T. ) ;
#3704 = DIRECTION ( 'NONE',  ( 1.000000000000000000, 0.000000000000000000, 0.000000000000000000 ) ) ;
#3705 = DIRECTION ( 'NONE',  ( 0.000000000000000000, -1.000000000000000000, 0.000000000000000000 ) ) ;
#3706 = ADVANCED_FACE ( 'NONE', ( #3447 ), #831, .T. ) ;
#3707 = ORIENTED_EDGE ( 'NONE', *, *, #195, .T. ) ;
#3708 = ADVANCED_FACE ( 'NONE', ( #3565 ), #320, .F. ) ;
#3709 = EDGE_CURVE ( 'NONE', #2897, #1479, #1196, .T. ) ;
#3710 = DIRECTION ( 'NONE',  ( 0.5000000000000041078, -0.8660254037844363761, 0.000000000000000000 ) ) ;
#3711 = CARTESIAN_POINT ( 'NONE',  ( -5.000000000000000000, -45.25000000000000000, -3.500000000000000444 ) ) ;
#3712 = ORIENTED_EDGE ( 'NONE', *, *, #1399, .T. ) ;
#3713 = AXIS2_PLACEMENT_3D ( 'NONE', #2532, #2229, #801 ) ;
#3714 = FACE_OUTER_BOUND ( 'NONE', #853, .T. ) ;
#3715 = FILL_AREA_STYLE_COLOUR ( '', #2691 ) ;
#3716 = ORIENTED_EDGE ( 'NONE', *, *, #1999, .F. ) ;
#3717 = EDGE_CURVE ( 'NONE', #266, #798, #2617, .T. ) ;
#3718 = EDGE_CURVE ( 'NONE', #3196, #3665, #1789, .T. ) ;
#3719 = EDGE_CURVE ( 'NONE', #1492, #1607, #643, .T. ) ;
#3720 = DIRECTION ( 'NONE',  ( 0.000000000000000000, 1.000000000000000000, 0.000000000000000000 ) ) ;
#3721 = CARTESIAN_POINT ( 'NONE',  ( -19.07457351945705426, 10.25000000000000000, 0.000000000000000000 ) ) ;
#3722 = VERTEX_POINT ( 'NONE', #913 ) ;
#3723 = CARTESIAN_POINT ( 'NONE',  ( 20.49999999999999645, 10.24999999999999822, -3.500000000000000444 ) ) ;
#3724 = ORIENTED_EDGE ( 'NONE', *, *, #2405, .F. ) ;
#3725 = VECTOR ( 'NONE', #2028, 1000.000000000000114 ) ;
#3726 = FACE_OUTER_BOUND ( 'NONE', #77, .T. ) ;
#3727 = LINE ( 'NONE', #1687, #2903 ) ;
#3728 = VECTOR ( 'NONE', #2944, 1000.000000000000000 ) ;
#3729 = CARTESIAN_POINT ( 'NONE',  ( -20.66228675972852713, 13.00000000000000711, 2.500000000000000000 ) ) ;
#3730 = CARTESIAN_POINT ( 'NONE',  ( -12.75000000000000888, -40.00000000000002132, 2.499999999999998224 ) ) ;
#3731 = ORIENTED_EDGE ( 'NONE', *, *, #493, .T. ) ;
#3732 = CARTESIAN_POINT ( 'NONE',  ( -9.500000000000000000, -13.24999999999999645, -2.750000000000000000 ) ) ;
#3733 = LINE ( 'NONE', #1674, #2628 ) ;
#3734 = ORIENTED_EDGE ( 'NONE', *, *, #2729, .F. ) ;
#3735 = FACE_BOUND ( 'NONE', #837, .T. ) ;
#3736 = VERTEX_POINT ( 'NONE', #2411 ) ;
#3737 = CARTESIAN_POINT ( 'NONE',  ( 0.000000000000000000, 1.999999999999989564, 2.500000000000000000 ) ) ;
#3738 = CARTESIAN_POINT ( 'NONE',  ( 9.500000000000000000, -13.99999999999999112, -3.500000000000000444 ) ) ;
#3739 = VERTEX_POINT ( 'NONE', #953 ) ;
#3740 = DIRECTION ( 'NONE',  ( -0.000000000000000000, -0.000000000000000000, 1.000000000000000000 ) ) ;
#3741 = AXIS2_PLACEMENT_3D ( 'NONE', #411, #715, #1312 ) ;
#3742 = DIRECTION ( 'NONE',  ( 0.000000000000000000, -0.7071067811865501263, 0.7071067811865450192 ) ) ;
#3743 = CARTESIAN_POINT ( 'NONE',  ( 9.000000000000001776, -13.00000000000000888, 2.449489742783180990 ) ) ;
#3744 = FACE_BOUND ( 'NONE', #357, .T. ) ;
#3745 = LINE ( 'NONE', #1462, #1751 ) ;
#3746 = DIRECTION ( 'NONE',  ( 0.000000000000000000, -0.000000000000000000, 1.000000000000000000 ) ) ;
#3747 = CARTESIAN_POINT ( 'NONE',  ( 15.00000000000000000, 25.00000000000001421, 0.000000000000000000 ) ) ;
#3748 = ORIENTED_EDGE ( 'NONE', *, *, #2613, .T. ) ;
#3749 = EDGE_CURVE ( 'NONE', #3476, #616, #225, .T. ) ;
#3750 = AXIS2_PLACEMENT_3D ( 'NONE', #3159, #3523, #2700 ) ;
#3751 = VECTOR ( 'NONE', #909, 1000.000000000000000 ) ;
#3752 = FACE_BOUND ( 'NONE', #2399, .T. ) ;
#3753 = ORIENTED_EDGE ( 'NONE', *, *, #3372, .T. ) ;
#3754 = EDGE_CURVE ( 'NONE', #716, #915, #866, .T. ) ;
#3755 = CARTESIAN_POINT ( 'NONE',  ( -22.25000000000000000, 10.25000000000000000, -3.500000000000000444 ) ) ;
#3756 = EDGE_CURVE ( 'NONE', #3441, #1804, #44, .T. ) ;
#3757 = EDGE_CURVE ( 'NONE', #2755, #3449, #2660, .T. ) ;
#3758 = VECTOR ( 'NONE', #3394, 1000.000000000000000 ) ;
#3759 = VECTOR ( 'NONE', #1843, 1000.000000000000114 ) ;
#3760 = DIRECTION ( 'NONE',  ( -0.5000000000000004441, 0.8660254037844383745, 0.000000000000000000 ) ) ;
#3761 = ORIENTED_EDGE ( 'NONE', *, *, #3442, .T. ) ;
#3762 = PLANE ( 'NONE',  #3289 ) ;
#3763 = EDGE_CURVE ( 'NONE', #162, #2725, #2227, .T. ) ;
#3764 = EDGE_CURVE ( 'NONE', #2929, #1791, #3236, .T. ) ;
#3765 = AXIS2_PLACEMENT_3D ( 'NONE', #3562, #3499, #26 ) ;
#3766 = VECTOR ( 'NONE', #198, 1000.000000000000000 ) ;
#3767 = CARTESIAN_POINT ( 'NONE',  ( 20.66228675972853068, 7.500000000000000000, 2.500000000000000000 ) ) ;
#3768 = DIRECTION ( 'NONE',  ( 1.000000000000000000, 0.000000000000000000, 0.000000000000000000 ) ) ;
#3769 = CARTESIAN_POINT ( 'NONE',  ( 6.750000000000001776, -47.00000000000000000, -1.734723475976807094E-15 ) ) ;
#3770 = DIRECTION ( 'NONE',  ( 1.000000000000000000, 0.000000000000000000, 0.000000000000000000 ) ) ;
#3771 = DIRECTION ( 'NONE',  ( 1.000000000000000000, 0.000000000000000000, 0.000000000000000000 ) ) ;
#3772 = CARTESIAN_POINT ( 'NONE',  ( 20.49999999999999645, -10.25000000000000000, -3.500000000000000444 ) ) ;
#3773 = VERTEX_POINT ( 'NONE', #661 ) ;
#3774 = CIRCLE ( 'NONE', #2128, 2.500000000000000000 ) ;
#3775 = CARTESIAN_POINT ( 'NONE',  ( -23.83771324027146932, -7.500000000000005329, 2.500000000000000000 ) ) ;
#3776 = ORIENTED_EDGE ( 'NONE', *, *, #774, .T. ) ;
ENDSEC;
END-ISO-10303-21;
