ISO-10303-21;
HEADER;
FILE_DESCRIPTION (( 'STEP AP214' ),
    '1' );
FILE_NAME ('Enclosure_Front.STEP',
    '2025-08-13T16:43:06',
    ( '' ),
    ( '' ),
    'SwSTEP 2.0',
    'SolidWorks 2021',
    '' );
FILE_SCHEMA (( 'AUTOMOTIVE_DESIGN' ));
ENDSEC;

DATA;
#1 = VERTEX_POINT ( 'NONE', #366 ) ;
#2 = CARTESIAN_POINT ( 'NONE',  ( -40.00000000000001421, 75.00000000000001421, 45.00000000000000000 ) ) ;
#3 = EDGE_CURVE ( 'NONE', #2543, #861, #1378, .T. ) ;
#4 = CYLINDRICAL_SURFACE ( 'NONE', #2981, 1.250000000000007994 ) ;
#5 = ORIENTED_EDGE ( 'NONE', *, *, #2107, .F. ) ;
#6 = DIRECTION ( 'NONE',  ( 1.000000000000000000, 0.000000000000000000, -0.000000000000000000 ) ) ;
#7 = AXIS2_PLACEMENT_3D ( 'NONE', #1275, #643, #571 ) ;
#8 = DIRECTION ( 'NONE',  ( 0.000000000000000000, 0.000000000000000000, 1.000000000000000000 ) ) ;
#9 = EDGE_LOOP ( 'NONE', ( #3181, #1360 ) ) ;
#10 = VECTOR ( 'NONE', #1863, 1000.000000000000000 ) ;
#11 = CARTESIAN_POINT ( 'NONE',  ( -31.24999999999999645, 62.00000000000000711, 65.00000000000000000 ) ) ;
#12 = DIRECTION ( 'NONE',  ( 1.000000000000000000, 0.000000000000000000, 0.000000000000000000 ) ) ;
#13 = VECTOR ( 'NONE', #318, 1000.000000000000000 ) ;
#14 = CARTESIAN_POINT ( 'NONE',  ( 46.49999999999998579, 75.00000000000001421, 0.000000000000000000 ) ) ;
#15 = DIRECTION ( 'NONE',  ( -1.000000000000000000, 0.000000000000000000, 0.000000000000000000 ) ) ;
#16 = EDGE_LOOP ( 'NONE', ( #1764, #1005, #1848, #4365 ) ) ;
#17 = EDGE_LOOP ( 'NONE', ( #180, #2925, #3784, #1215 ) ) ;
#18 = AXIS2_PLACEMENT_3D ( 'NONE', #222, #2621, #3227 ) ;
#19 = ADVANCED_FACE ( 'NONE', ( #1059 ), #4352, .T. ) ;
#20 = FACE_OUTER_BOUND ( 'NONE', #1268, .T. ) ;
#21 = LINE ( 'NONE', #4129, #452 ) ;
#22 = VECTOR ( 'NONE', #3261, 1000.000000000000000 ) ;
#23 = CARTESIAN_POINT ( 'NONE',  ( 37.31940628959608830, 51.50000000000000711, 64.50000000000000000 ) ) ;
#24 = EDGE_LOOP ( 'NONE', ( #1318, #4259, #3954, #3151 ) ) ;
#25 = PLANE ( 'NONE',  #3858 ) ;
#26 = EDGE_CURVE ( 'NONE', #3457, #1341, #638, .T. ) ;
#27 = VECTOR ( 'NONE', #1844, 1000.000000000000000 ) ;
#28 = AXIS2_PLACEMENT_3D ( 'NONE', #3888, #470, #1538 ) ;
#29 = CARTESIAN_POINT ( 'NONE',  ( -40.00000000000001421, 81.49999999999998579, 45.00000000000000000 ) ) ;
#30 =( GEOMETRIC_REPRESENTATION_CONTEXT ( 3 ) GLOBAL_UNCERTAINTY_ASSIGNED_CONTEXT ( ( #3385 ) ) GLOBAL_UNIT_ASSIGNED_CONTEXT ( ( #131, #795, #3831 ) ) REPRESENTATION_CONTEXT ( 'NONE', 'WORKASPACE' ) );
#31 = AXIS2_PLACEMENT_3D ( 'NONE', #2359, #1083, #3346 ) ;
#32 = ORIENTED_EDGE ( 'NONE', *, *, #445, .T. ) ;
#33 = ADVANCED_FACE ( 'NONE', ( #3340 ), #2689, .T. ) ;
#34 = CARTESIAN_POINT ( 'NONE',  ( -41.22223636655932921, 40.02631482776503447, 51.38429958549050980 ) ) ;
#35 = CIRCLE ( 'NONE', #1456, 5.436125533969767609 ) ;
#36 = CARTESIAN_POINT ( 'NONE',  ( 39.99999999999999289, 75.00000000000001421, 45.00000000000000000 ) ) ;
#37 = EDGE_CURVE ( 'NONE', #1648, #811, #1102, .T. ) ;
#38 = ORIENTED_EDGE ( 'NONE', *, *, #3509, .T. ) ;
#39 = DIRECTION ( 'NONE',  ( -9.251858538542971581E-17, 1.000000000000000000, -0.000000000000000000 ) ) ;
#40 = DIRECTION ( 'NONE',  ( -1.000000000000000000, 0.000000000000000000, 0.000000000000000000 ) ) ;
#41 = FACE_OUTER_BOUND ( 'NONE', #2888, .T. ) ;
#42 = DIRECTION ( 'NONE',  ( -0.000000000000000000, 1.000000000000000000, 0.000000000000000000 ) ) ;
#43 = VERTEX_POINT ( 'NONE', #1774 ) ;
#44 = CARTESIAN_POINT ( 'NONE',  ( 37.50000000000001421, 70.50000000000000000, 42.49999999999999289 ) ) ;
#45 = CARTESIAN_POINT ( 'NONE',  ( 37.50000000000000000, 39.50000000000000000, 50.49999999999999289 ) ) ;
#46 = ORIENTED_EDGE ( 'NONE', *, *, #802, .T. ) ;
#47 = ORIENTED_EDGE ( 'NONE', *, *, #1628, .F. ) ;
#48 = DIRECTION ( 'NONE',  ( -1.000000000000000000, 0.000000000000000000, 0.000000000000000000 ) ) ;
#49 = CARTESIAN_POINT ( 'NONE',  ( 35.83059371040390317, 50.50000000000000000, 55.00000000000000000 ) ) ;
#50 = ORIENTED_EDGE ( 'NONE', *, *, #299, .T. ) ;
#51 = CARTESIAN_POINT ( 'NONE',  ( 37.50000000000000000, 39.50000000000000000, 42.49999999999999289 ) ) ;
#52 = DIRECTION ( 'NONE',  ( 0.000000000000000000, 0.000000000000000000, 1.000000000000000000 ) ) ;
#53 = FACE_OUTER_BOUND ( 'NONE', #2503, .T. ) ;
#54 = ADVANCED_FACE ( 'NONE', ( #1755 ), #2753, .F. ) ;
#55 = EDGE_LOOP ( 'NONE', ( #1980, #2882 ) ) ;
#56 = ORIENTED_EDGE ( 'NONE', *, *, #2907, .T. ) ;
#57 = CARTESIAN_POINT ( 'NONE',  ( 6.250000000000000000, -19.99999999999999645, 54.00000000000000000 ) ) ;
#58 = EDGE_CURVE ( 'NONE', #2480, #170, #977, .T. ) ;
#59 = DIRECTION ( 'NONE',  ( -0.9889363528682973969, 0.000000000000000000, -0.1483404529302453090 ) ) ;
#60 = ORIENTED_EDGE ( 'NONE', *, *, #1899, .T. ) ;
#61 = CARTESIAN_POINT ( 'NONE',  ( 34.81940628959608830, 51.50000000000000711, 55.00000000000000000 ) ) ;
#62 = DIRECTION ( 'NONE',  ( 0.000000000000000000, 1.000000000000000000, 0.000000000000000000 ) ) ;
#63 = CARTESIAN_POINT ( 'NONE',  ( 39.68059371033653093, 51.23746530844346125, 55.00000000000000000 ) ) ;
#64 = CARTESIAN_POINT ( 'NONE',  ( -35.69493698296069795, 51.00000000000000711, 55.48052774247356211 ) ) ;
#65 = ORIENTED_EDGE ( 'NONE', *, *, #622, .F. ) ;
#66 = CARTESIAN_POINT ( 'NONE',  ( -37.50000000000000000, 70.50000000000000000, 50.49999999999999289 ) ) ;
#67 = CYLINDRICAL_SURFACE ( 'NONE', #1385, 0.5000000000000004441 ) ;
#68 = CARTESIAN_POINT ( 'NONE',  ( -40.00000000000001421, 81.49999999999998579, 0.000000000000000000 ) ) ;
#69 = CARTESIAN_POINT ( 'NONE',  ( 35.30276733638197584, 50.60777312689968710, 55.00000000000000000 ) ) ;
#70 = VERTEX_POINT ( 'NONE', #115 ) ;
#71 = DIRECTION ( 'NONE',  ( 0.000000000000000000, 0.000000000000000000, -1.000000000000000000 ) ) ;
#72 = CARTESIAN_POINT ( 'NONE',  ( 37.18059371040391881, 51.50000000000000711, 65.00000000000000000 ) ) ;
#73 = EDGE_LOOP ( 'NONE', ( #1278, #1605, #1435, #87 ) ) ;
#74 = VERTEX_POINT ( 'NONE', #4154 ) ;
#75 = ORIENTED_EDGE ( 'NONE', *, *, #1281, .F. ) ;
#76 = DIRECTION ( 'NONE',  ( 0.000000000000000000, 0.000000000000000000, -1.000000000000000000 ) ) ;
#77 = EDGE_CURVE ( 'NONE', #2074, #1726, #182, .T. ) ;
#78 = PLANE ( 'NONE',  #1170 ) ;
#79 = EDGE_LOOP ( 'NONE', ( #469, #2033, #2818, #410 ) ) ;
#80 = CARTESIAN_POINT ( 'NONE',  ( 38.66940628959610393, 50.50000000000000000, 55.50000000000000000 ) ) ;
#81 = PLANE ( 'NONE',  #1962 ) ;
#82 = DIRECTION ( 'NONE',  ( 0.000000000000000000, 0.000000000000000000, -1.000000000000000000 ) ) ;
#83 = VECTOR ( 'NONE', #2478, 1000.000000000000000 ) ;
#84 = ORIENTED_EDGE ( 'NONE', *, *, #4318, .F. ) ;
#85 = DIRECTION ( 'NONE',  ( 0.000000000000000000, -0.000000000000000000, -1.000000000000000000 ) ) ;
#86 = DIRECTION ( 'NONE',  ( 0.000000000000000000, 0.000000000000000000, 1.000000000000000000 ) ) ;
#87 = ORIENTED_EDGE ( 'NONE', *, *, #641, .F. ) ;
#88 = CIRCLE ( 'NONE', #3624, 2.250000000000000444 ) ;
#89 = DIRECTION ( 'NONE',  ( -0.000000000000000000, -0.000000000000000000, 1.000000000000000000 ) ) ;
#90 = DIRECTION ( 'NONE',  ( -1.000000000000000000, -0.000000000000000000, 0.000000000000000000 ) ) ;
#91 = EDGE_CURVE ( 'NONE', #806, #3737, #768, .T. ) ;
#92 = VECTOR ( 'NONE', #2467, 1000.000000000000000 ) ;
#93 = ORIENTED_EDGE ( 'NONE', *, *, #2242, .T. ) ;
#94 = CARTESIAN_POINT ( 'NONE',  ( 39.99999999999999289, 84.99999999999998579, 45.00000000000000000 ) ) ;
#95 = VECTOR ( 'NONE', #939, 1000.000000000000000 ) ;
#96 = CARTESIAN_POINT ( 'NONE',  ( -2.250000000000000000, 10.00000000000000888, -0.001000000000001000089 ) ) ;
#97 = EDGE_LOOP ( 'NONE', ( #3136, #213, #931, #569 ) ) ;
#98 = AXIS2_PLACEMENT_3D ( 'NONE', #295, #1910, #3925 ) ;
#99 = AXIS2_PLACEMENT_3D ( 'NONE', #574, #3285, #3259 ) ;
#100 = ORIENTED_EDGE ( 'NONE', *, *, #1819, .T. ) ;
#101 = DIRECTION ( 'NONE',  ( 1.000000000000000000, 0.000000000000000000, 0.000000000000000000 ) ) ;
#102 = AXIS2_PLACEMENT_3D ( 'NONE', #2896, #1856, #3199 ) ;
#103 = LINE ( 'NONE', #3517, #3491 ) ;
#104 = VERTEX_POINT ( 'NONE', #3813 ) ;
#105 = AXIS2_PLACEMENT_3D ( 'NONE', #275, #2265, #2965 ) ;
#106 = CARTESIAN_POINT ( 'NONE',  ( 41.22223636655933632, 69.97368517223497975, 51.38429958549050980 ) ) ;
#107 = AXIS2_PLACEMENT_3D ( 'NONE', #3585, #2798, #2447 ) ;
#108 = B_SPLINE_CURVE_WITH_KNOTS ( 'NONE', 3,
 ( #2701, #315, #3072, #2065, #2310, #3721, #3314, #4028, #1024, #2371 ),
 .UNSPECIFIED., .F., .F.,
 ( 4, 2, 2, 2, 4 ),
 ( 1.962615573354718958E-17, 0.0007854208725104736997, 0.001570841745020927884, 0.002356262617531381959, 0.003141683490041835818 ),
 .UNSPECIFIED. ) ;
#109 = LINE ( 'NONE', #4149, #746 ) ;
#110 = CIRCLE ( 'NONE', #1461, 0.5000000000000004441 ) ;
#111 = EDGE_CURVE ( 'NONE', #2125, #1047, #1422, .T. ) ;
#112 = AXIS2_PLACEMENT_3D ( 'NONE', #532, #808, #3909 ) ;
#113 = EDGE_CURVE ( 'NONE', #2480, #375, #4104, .T. ) ;
#114 = ORIENTED_EDGE ( 'NONE', *, *, #584, .F. ) ;
#115 = CARTESIAN_POINT ( 'NONE',  ( -35.25000000000000711, 46.74999999999999289, 51.50000000000000000 ) ) ;
#116 = CARTESIAN_POINT ( 'NONE',  ( -34.81940628959608830, 51.50000000000000711, 55.00000000000000000 ) ) ;
#117 = EDGE_LOOP ( 'NONE', ( #3834, #1977 ) ) ;
#118 = DIRECTION ( 'NONE',  ( 0.000000000000000000, 0.000000000000000000, -1.000000000000000000 ) ) ;
#119 = EDGE_CURVE ( 'NONE', #2626, #785, #1078, .T. ) ;
#120 = DIRECTION ( 'NONE',  ( -0.000000000000000000, -0.1483404529302447539, -0.9889363528682976190 ) ) ;
#121 = ORIENTED_EDGE ( 'NONE', *, *, #1992, .F. ) ;
#122 = DIRECTION ( 'NONE',  ( 0.000000000000000000, 0.000000000000000000, -1.000000000000000000 ) ) ;
#123 = CARTESIAN_POINT ( 'NONE',  ( -39.68059371040392591, 51.50000000000000711, 55.00000000000000000 ) ) ;
#124 = ORIENTED_EDGE ( 'NONE', *, *, #1136, .T. ) ;
#125 = CARTESIAN_POINT ( 'NONE',  ( 0.000000000000000000, 10.00000000000000888, 54.00000000000000000 ) ) ;
#126 = CARTESIAN_POINT ( 'NONE',  ( 45.28364918297906883, 51.50000000000000711, 11.40504737744686636 ) ) ;
#127 = ORIENTED_EDGE ( 'NONE', *, *, #1597, .T. ) ;
#128 = CYLINDRICAL_SURFACE ( 'NONE', #2599, 0.5000000000000004441 ) ;
#129 = AXIS2_PLACEMENT_3D ( 'NONE', #2958, #329, #3286 ) ;
#130 = PLANE ( 'NONE',  #2785 ) ;
#131 =( LENGTH_UNIT ( ) NAMED_UNIT ( * ) SI_UNIT ( .MILLI., .METRE. ) );
#132 = EDGE_LOOP ( 'NONE', ( #2539, #3333, #3722, #1236 ) ) ;
#133 = FACE_OUTER_BOUND ( 'NONE', #206, .T. ) ;
#134 = EDGE_CURVE ( 'NONE', #3388, #3248, #2819, .T. ) ;
#135 = EDGE_CURVE ( 'NONE', #598, #2277, #3478, .T. ) ;
#136 = CARTESIAN_POINT ( 'NONE',  ( 32.50000000000000711, 61.50000000000001421, 54.50000000000000000 ) ) ;
#137 = LINE ( 'NONE', #2492, #3344 ) ;
#138 = ORIENTED_EDGE ( 'NONE', *, *, #450, .F. ) ;
#139 = FACE_OUTER_BOUND ( 'NONE', #3861, .T. ) ;
#140 = LINE ( 'NONE', #3530, #740 ) ;
#141 = ORIENTED_EDGE ( 'NONE', *, *, #1854, .F. ) ;
#142 = EDGE_CURVE ( 'NONE', #43, #1323, #2244, .T. ) ;
#143 = CARTESIAN_POINT ( 'NONE',  ( 40.00000000000002132, 73.29508497187475768, 51.50000000000000000 ) ) ;
#144 = CARTESIAN_POINT ( 'NONE',  ( 37.50000000000001421, 70.50000000000000000, 50.49999999999999289 ) ) ;
#145 = ORIENTED_EDGE ( 'NONE', *, *, #1131, .T. ) ;
#146 = LINE ( 'NONE', #1072, #481 ) ;
#147 = FACE_OUTER_BOUND ( 'NONE', #3703, .T. ) ;
#148 = B_SPLINE_CURVE_WITH_KNOTS ( 'NONE', 3,
 ( #3547, #3321, #3971, #1257, #3280, #4358, #952, #1623, #4017, #281 ),
 .UNSPECIFIED., .F., .F.,
 ( 4, 2, 2, 2, 4 ),
 ( 0.003141683490041835818, 0.003927172502600792189, 0.004712661515159748994, 0.005498150527718705799, 0.006283639540277661736 ),
 .UNSPECIFIED. ) ;
#149 = ORIENTED_EDGE ( 'NONE', *, *, #1823, .T. ) ;
#150 = DIRECTION ( 'NONE',  ( -0.000000000000000000, -0.000000000000000000, -1.000000000000000000 ) ) ;
#151 = ORIENTED_EDGE ( 'NONE', *, *, #3743, .F. ) ;
#152 = VECTOR ( 'NONE', #1339, 1000.000000000000000 ) ;
#153 = CARTESIAN_POINT ( 'NONE',  ( 31.50000000000000711, 62.50000000000001421, -0.001000000000001000089 ) ) ;
#154 = ORIENTED_EDGE ( 'NONE', *, *, #3939, .F. ) ;
#155 = LINE ( 'NONE', #1507, #828 ) ;
#156 = EDGE_CURVE ( 'NONE', #1171, #2133, #1127, .T. ) ;
#157 = VERTEX_POINT ( 'NONE', #899 ) ;
#158 = CIRCLE ( 'NONE', #3768, 1.000000000000000888 ) ;
#159 = LINE ( 'NONE', #3188, #3071 ) ;
#160 = CIRCLE ( 'NONE', #595, 1.250000000000007994 ) ;
#161 = ADVANCED_FACE ( 'NONE', ( #2419 ), #558, .T. ) ;
#162 = ADVANCED_FACE ( 'NONE', ( #4251 ), #3501, .F. ) ;
#163 = ORIENTED_EDGE ( 'NONE', *, *, #3885, .F. ) ;
#164 = DIRECTION ( 'NONE',  ( 1.000000000000000000, 0.000000000000000000, 0.000000000000000000 ) ) ;
#165 = AXIS2_PLACEMENT_3D ( 'NONE', #2737, #4087, #1062 ) ;
#166 = DIRECTION ( 'NONE',  ( 1.000000000000000000, -0.000000000000000000, -0.000000000000000000 ) ) ;
#167 = DIRECTION ( 'NONE',  ( -1.000000000000000000, -0.000000000000000000, 0.000000000000000000 ) ) ;
#168 = VECTOR ( 'NONE', #3077, 1000.000000000000000 ) ;
#169 = ADVANCED_FACE ( 'NONE', ( #1883 ), #2097, .T. ) ;
#170 = VERTEX_POINT ( 'NONE', #3101 ) ;
#171 = FACE_OUTER_BOUND ( 'NONE', #1116, .T. ) ;
#172 = CIRCLE ( 'NONE', #3212, 6.250000000000000000 ) ;
#173 = ADVANCED_FACE ( 'NONE', ( #4126 ), #3793, .F. ) ;
#174 = CARTESIAN_POINT ( 'NONE',  ( 0.000000000000000000, -81.50000000000001421, 7.250000000000000888 ) ) ;
#175 = DIRECTION ( 'NONE',  ( 1.000000000000000000, 0.000000000000000000, 0.000000000000000000 ) ) ;
#176 = ORIENTED_EDGE ( 'NONE', *, *, #4281, .F. ) ;
#177 = CIRCLE ( 'NONE', #3998, 2.250000000000000000 ) ;
#178 = CIRCLE ( 'NONE', #2236, 6.499999999999999112 ) ;
#179 = LINE ( 'NONE', #3986, #2171 ) ;
#180 = ORIENTED_EDGE ( 'NONE', *, *, #962, .T. ) ;
#181 = CIRCLE ( 'NONE', #767, 0.5000000000000004441 ) ;
#182 = CIRCLE ( 'NONE', #2731, 1.250000000000007994 ) ;
#183 = LINE ( 'NONE', #2471, #4340 ) ;
#184 = CARTESIAN_POINT ( 'NONE',  ( 31.24999999999999645, 66.00000000000000000, 55.00000000000000000 ) ) ;
#185 = ORIENTED_EDGE ( 'NONE', *, *, #2745, .F. ) ;
#186 = DIRECTION ( 'NONE',  ( 0.000000000000000000, -1.000000000000000000, -0.000000000000000000 ) ) ;
#187 = DIRECTION ( 'NONE',  ( -1.000000000000000000, 0.000000000000000000, 0.000000000000000000 ) ) ;
#188 = ORIENTED_EDGE ( 'NONE', *, *, #4207, .F. ) ;
#189 = MANIFOLD_SOLID_BREP ( 'Boss-Extrude4', #260 ) ;
#190 = ORIENTED_EDGE ( 'NONE', *, *, #3097, .F. ) ;
#191 = CYLINDRICAL_SURFACE ( 'NONE', #3361, 2.000000000000001776 ) ;
#192 = TOROIDAL_SURFACE ( 'NONE', #2813, 5.930593710403915253, 0.5000000000000000000 ) ;
#193 = EDGE_CURVE ( 'NONE', #1870, #1160, #3930, .T. ) ;
#194 = EDGE_CURVE ( 'NONE', #2563, #1870, #600, .T. ) ;
#195 = EDGE_CURVE ( 'NONE', #2626, #1431, #2376, .T. ) ;
#196 = CARTESIAN_POINT ( 'NONE',  ( 33.24999999999997158, 65.25000000000000000, 51.50000000000000000 ) ) ;
#197 = DIRECTION ( 'NONE',  ( 0.000000000000000000, 0.000000000000000000, -1.000000000000000000 ) ) ;
#198 = ORIENTED_EDGE ( 'NONE', *, *, #2907, .F. ) ;
#199 = DIRECTION ( 'NONE',  ( -0.000000000000000000, -1.000000000000000000, -0.000000000000000000 ) ) ;
#200 = DIRECTION ( 'NONE',  ( -0.000000000000000000, -0.000000000000000000, -1.000000000000000000 ) ) ;
#201 = EDGE_CURVE ( 'NONE', #1870, #4332, #4024, .T. ) ;
#202 = CARTESIAN_POINT ( 'NONE',  ( -50.00000000000000000, -75.00000000000001421, 45.00000000000000000 ) ) ;
#203 = EDGE_LOOP ( 'NONE', ( #1326, #2815, #3536, #1669 ) ) ;
#204 = EDGE_CURVE ( 'NONE', #3207, #2898, #2315, .T. ) ;
#205 = LINE ( 'NONE', #1596, #904 ) ;
#206 = EDGE_LOOP ( 'NONE', ( #1369, #3819, #2289, #2631 ) ) ;
#207 = FACE_OUTER_BOUND ( 'NONE', #3866, .T. ) ;
#208 = VERTEX_POINT ( 'NONE', #1560 ) ;
#209 = CARTESIAN_POINT ( 'NONE',  ( 40.00000000000000000, 81.49999999999998579, 55.00000000000000000 ) ) ;
#210 = ORIENTED_EDGE ( 'NONE', *, *, #4036, .F. ) ;
#211 = DIRECTION ( 'NONE',  ( -1.000000000000000000, 0.000000000000000000, 0.000000000000000000 ) ) ;
#212 = DIRECTION ( 'NONE',  ( 0.9889363528682975080, 0.000000000000000000, 0.1483404529302447261 ) ) ;
#213 = ORIENTED_EDGE ( 'NONE', *, *, #2399, .F. ) ;
#214 = EDGE_LOOP ( 'NONE', ( #2647, #1793, #1265, #823 ) ) ;
#215 = DIRECTION ( 'NONE',  ( -0.000000000000000000, -0.000000000000000000, -1.000000000000000000 ) ) ;
#216 = CARTESIAN_POINT ( 'NONE',  ( -37.81387446603024216, 51.50000000000000711, 64.57417022646512805 ) ) ;
#217 = CARTESIAN_POINT ( 'NONE',  ( -31.24999999999999645, 62.00000000000000711, 64.50000000000000000 ) ) ;
#218 = ORIENTED_EDGE ( 'NONE', *, *, #2894, .F. ) ;
#219 = ADVANCED_FACE ( 'NONE', ( #287, #985 ), #649, .T. ) ;
#220 = DIRECTION ( 'NONE',  ( 1.000000000000000000, 0.000000000000000000, 0.000000000000000000 ) ) ;
#221 = CARTESIAN_POINT ( 'NONE',  ( -37.50000000000000000, 39.50000000000000000, 51.50000000000000000 ) ) ;
#222 = CARTESIAN_POINT ( 'NONE',  ( 40.00000000000001421, -75.00000000000001421, 45.00000000000000000 ) ) ;
#223 = VECTOR ( 'NONE', #2405, 1000.000000000000000 ) ;
#224 = VERTEX_POINT ( 'NONE', #1244 ) ;
#225 = DIRECTION ( 'NONE',  ( 1.000000000000000000, 0.000000000000000000, 0.000000000000000000 ) ) ;
#226 = CARTESIAN_POINT ( 'NONE',  ( -31.24999999999999645, 62.00000000000000711, 55.42582977353487905 ) ) ;
#227 = MANIFOLD_SOLID_BREP ( 'Cut-Extrude5', #2939 ) ;
#228 = VECTOR ( 'NONE', #1761, 999.9999999999998863 ) ;
#229 = DIRECTION ( 'NONE',  ( -0.000000000000000000, -0.000000000000000000, -1.000000000000000000 ) ) ;
#230 = EDGE_LOOP ( 'NONE', ( #426, #2060, #1399, #1415 ) ) ;
#231 = EDGE_CURVE ( 'NONE', #43, #1237, #2961, .T. ) ;
#232 = ORIENTED_EDGE ( 'NONE', *, *, #4105, .T. ) ;
#233 = CARTESIAN_POINT ( 'NONE',  ( -40.81497756451971526, 72.27294840604726289, 51.44962907304034161 ) ) ;
#234 = DIRECTION ( 'NONE',  ( 1.347358039593636966E-16, -1.000000000000000000, 0.000000000000000000 ) ) ;
#235 = EDGE_CURVE ( 'NONE', #564, #3041, #1954, .T. ) ;
#237 = ORIENTED_EDGE ( 'NONE', *, *, #1624, .F. ) ;
#236 = AXIS2_PLACEMENT_3D ( 'NONE', #2931, #212, #1963 ) ;
#238 = EDGE_LOOP ( 'NONE', ( #1915, #3964, #1493, #47 ) ) ;
#239 = CARTESIAN_POINT ( 'NONE',  ( 39.68059371040393302, 51.00000000000001421, 55.00000000000000000 ) ) ;
#240 = CIRCLE ( 'NONE', #3129, 3.750000000000010214 ) ;
#241 = LINE ( 'NONE', #3956, #2463 ) ;
#242 = PLANE ( 'NONE',  #2509 ) ;
#243 = ORIENTED_EDGE ( 'NONE', *, *, #2528, .T. ) ;
#244 = AXIS2_PLACEMENT_3D ( 'NONE', #2390, #3736, #3754 ) ;
#245 = DIRECTION ( 'NONE',  ( 0.000000000000000000, -1.000000000000000000, 0.000000000000000000 ) ) ;
#246 = VECTOR ( 'NONE', #2763, 1000.000000000000000 ) ;
#247 = CARTESIAN_POINT ( 'NONE',  ( -38.66940628959610393, 50.50000000000000000, 55.00000000000000000 ) ) ;
#248 = EDGE_LOOP ( 'NONE', ( #4045, #1993, #870, #883 ) ) ;
#249 = AXIS2_PLACEMENT_3D ( 'NONE', #2223, #2166, #3184 ) ;
#250 = VECTOR ( 'NONE', #2761, 1000.000000000000000 ) ;
#251 = DIRECTION ( 'NONE',  ( 1.850371707708594316E-16, -1.000000000000000000, 0.000000000000000000 ) ) ;
#252 = EDGE_CURVE ( 'NONE', #2220, #1171, #3078, .T. ) ;
#253 = ADVANCED_FACE ( 'NONE', ( #1068, #4094, #1346, #2461 ), #1432, .T. ) ;
#254 = CARTESIAN_POINT ( 'NONE',  ( 32.50000000000000711, 61.50000000000001421, -0.001000000000001000089 ) ) ;
#255 = CIRCLE ( 'NONE', #2866, 2.000000000000001776 ) ;
#256 = ORIENTED_EDGE ( 'NONE', *, *, #3053, .F. ) ;
#257 = ORIENTED_EDGE ( 'NONE', *, *, #511, .F. ) ;
#258 = LINE ( 'NONE', #2316, #397 ) ;
#259 = VECTOR ( 'NONE', #2642, 1000.000000000000000 ) ;
#260 = CLOSED_SHELL ( 'NONE', ( #1449, #1311, #3215, #2769, #3295, #3161 ) ) ;
#261 = EDGE_CURVE ( 'NONE', #1672, #1546, #2433, .T. ) ;
#262 = DIRECTION ( 'NONE',  ( -1.000000000000000000, 0.000000000000000000, 0.000000000000000000 ) ) ;
#263 = ORIENTED_EDGE ( 'NONE', *, *, #113, .F. ) ;
#264 = VECTOR ( 'NONE', #653, 1000.000000000000000 ) ;
#265 = AXIS2_PLACEMENT_3D ( 'NONE', #2296, #918, #621 ) ;
#266 = ORIENTED_EDGE ( 'NONE', *, *, #3551, .F. ) ;
#267 = DIRECTION ( 'NONE',  ( 0.000000000000000000, -1.000000000000000000, 0.000000000000000000 ) ) ;
#268 = DIRECTION ( 'NONE',  ( 0.000000000000000000, 0.000000000000000000, -1.000000000000000000 ) ) ;
#269 = DIRECTION ( 'NONE',  ( -1.000000000000000000, 0.000000000000000000, 0.000000000000000000 ) ) ;
#270 = ORIENTED_EDGE ( 'NONE', *, *, #2871, .T. ) ;
#271 = DIRECTION ( 'NONE',  ( 0.000000000000000000, 0.000000000000000000, -1.000000000000000000 ) ) ;
#272 = DIRECTION ( 'NONE',  ( -1.347358039593636966E-16, 1.000000000000000000, 0.000000000000000000 ) ) ;
#273 = CARTESIAN_POINT ( 'NONE',  ( -37.50000000000000000, 39.50000000000000000, 50.49999999999999289 ) ) ;
#274 = ORIENTED_EDGE ( 'NONE', *, *, #2007, .F. ) ;
#275 = CARTESIAN_POINT ( 'NONE',  ( 0.000000000000000000, -49.99999999999998579, 54.00000000000000000 ) ) ;
#276 = DIRECTION ( 'NONE',  ( 0.000000000000000000, 0.000000000000000000, 1.000000000000000000 ) ) ;
#277 = DIRECTION ( 'NONE',  ( -0.9889363528682973969, 0.000000000000000000, 0.1483404529302453090 ) ) ;
#278 = ORIENTED_EDGE ( 'NONE', *, *, #77, .T. ) ;
#279 = EDGE_CURVE ( 'NONE', #4093, #2999, #404, .T. ) ;
#280 = CARTESIAN_POINT ( 'NONE',  ( 41.25000000000000711, 39.50000000000000000, 51.37867541108653313 ) ) ;
#281 = CARTESIAN_POINT ( 'NONE',  ( 40.00000000000002132, 36.70491502812526363, 51.50000000000000000 ) ) ;
#282 = ORIENTED_EDGE ( 'NONE', *, *, #2307, .F. ) ;
#283 = FACE_OUTER_BOUND ( 'NONE', #1541, .T. ) ;
#284 = LINE ( 'NONE', #3619, #1176 ) ;
#285 = DIRECTION ( 'NONE',  ( 0.000000000000000000, 0.000000000000000000, 1.000000000000000000 ) ) ;
#286 = ORIENTED_EDGE ( 'NONE', *, *, #2043, .F. ) ;
#287 = FACE_OUTER_BOUND ( 'NONE', #1709, .T. ) ;
#288 = LINE ( 'NONE', #335, #687 ) ;
#289 = DIRECTION ( 'NONE',  ( -1.000000000000000000, 0.000000000000000000, 0.000000000000000000 ) ) ;
#290 = EDGE_CURVE ( 'NONE', #2260, #4018, #765, .T. ) ;
#291 = VERTEX_POINT ( 'NONE', #57 ) ;
#292 = CARTESIAN_POINT ( 'NONE',  ( -41.25000000000000711, 39.50000000000000000, 42.49999999999999289 ) ) ;
#293 = CARTESIAN_POINT ( 'NONE',  ( -35.25000000000001421, 63.25000000000000000, 51.50000000000000000 ) ) ;
#294 = DIRECTION ( 'NONE',  ( 0.000000000000000000, 0.000000000000000000, -1.000000000000000000 ) ) ;
#295 = CARTESIAN_POINT ( 'NONE',  ( -37.31940628959609541, 51.50000000000000711, 64.50000000000000000 ) ) ;
#296 = EDGE_LOOP ( 'NONE', ( #4132, #576, #1345, #300, #1304, #522, #648, #548 ) ) ;
#297 = FACE_OUTER_BOUND ( 'NONE', #2627, .T. ) ;
#298 = DIRECTION ( 'NONE',  ( -1.000000000000000000, -1.347358039593636966E-16, 0.000000000000000000 ) ) ;
#299 = EDGE_CURVE ( 'NONE', #489, #2277, #1045, .T. ) ;
#300 = ORIENTED_EDGE ( 'NONE', *, *, #1698, .T. ) ;
#301 = CARTESIAN_POINT ( 'NONE',  ( 0.000000000000000000, -82.15000000000001990, 7.250000000000000888 ) ) ;
#302 = DIRECTION ( 'NONE',  ( 9.251858538542971581E-17, -1.000000000000000000, 0.000000000000000000 ) ) ;
#303 = AXIS2_PLACEMENT_3D ( 'NONE', #414, #3769, #2101 ) ;
#304 = ADVANCED_FACE ( 'NONE', ( #4069 ), #3806, .F. ) ;
#305 = AXIS2_PLACEMENT_3D ( 'NONE', #3559, #2529, #2915 ) ;
#306 = EDGE_CURVE ( 'NONE', #2860, #3031, #1411, .T. ) ;
#307 = ORIENTED_EDGE ( 'NONE', *, *, #450, .T. ) ;
#308 =( LENGTH_UNIT ( ) NAMED_UNIT ( * ) SI_UNIT ( .MILLI., .METRE. ) );
#309 = VECTOR ( 'NONE', #3967, 1000.000000000000000 ) ;
#310 = LINE ( 'NONE', #3002, #2589 ) ;
#311 = EDGE_CURVE ( 'NONE', #416, #2563, #4065, .T. ) ;
#312 = DIRECTION ( 'NONE',  ( 0.000000000000000000, 0.000000000000000000, 1.000000000000000000 ) ) ;
#313 = AXIS2_PLACEMENT_3D ( 'NONE', #1055, #2067, #3404 ) ;
#314 = ORIENTED_EDGE ( 'NONE', *, *, #1281, .T. ) ;
#315 = CARTESIAN_POINT ( 'NONE',  ( 40.19805287707364272, 42.11794109336432257, 51.49999999999999289 ) ) ;
#316 = AXIS2_PLACEMENT_3D ( 'NONE', #1967, #3122, #2102 ) ;
#317 = FACE_OUTER_BOUND ( 'NONE', #3313, .T. ) ;
#318 = DIRECTION ( 'NONE',  ( -0.000000000000000000, 1.000000000000000000, -0.000000000000000000 ) ) ;
#319 = CARTESIAN_POINT ( 'NONE',  ( -35.83059371040390317, 51.00000000000000711, 54.99999999999999289 ) ) ;
#320 = AXIS2_PLACEMENT_3D ( 'NONE', #3633, #3592, #3948 ) ;
#321 = ORIENTED_EDGE ( 'NONE', *, *, #135, .F. ) ;
#322 = DIRECTION ( 'NONE',  ( 1.000000000000000000, 0.000000000000000000, 0.000000000000000000 ) ) ;
#323 = VECTOR ( 'NONE', #2404, 1000.000000000000000 ) ;
#324 = VECTOR ( 'NONE', #3670, 1000.000000000000000 ) ;
#325 = DIRECTION ( 'NONE',  ( -0.1483404529302447261, 0.000000000000000000, -0.9889363528682975080 ) ) ;
#326 = ORIENTED_EDGE ( 'NONE', *, *, #3185, .F. ) ;
#327 = PRESENTATION_LAYER_ASSIGNMENT (  '', '', ( #2240 ) ) ;
#328 = DIRECTION ( 'NONE',  ( 0.000000000000000000, 0.000000000000000000, -1.000000000000000000 ) ) ;
#329 = DIRECTION ( 'NONE',  ( 0.000000000000000000, 1.000000000000000000, 0.000000000000000000 ) ) ;
#330 = AXIS2_PLACEMENT_3D ( 'NONE', #3381, #1695, #3401 ) ;
#331 = AXIS2_PLACEMENT_3D ( 'NONE', #1607, #3955, #1916 ) ;
#332 = ORIENTED_EDGE ( 'NONE', *, *, #279, .F. ) ;
#333 = LINE ( 'NONE', #3451, #4076 ) ;
#334 = EDGE_CURVE ( 'NONE', #2984, #465, #3348, .T. ) ;
#335 = CARTESIAN_POINT ( 'NONE',  ( -50.00000000000000000, -75.00000000000001421, 55.00000000000000000 ) ) ;
#336 = PRODUCT_RELATED_PRODUCT_CATEGORY ( 'part', '', ( #3989 ) ) ;
#337 = ORIENTED_EDGE ( 'NONE', *, *, #2278, .T. ) ;
#338 = DIRECTION ( 'NONE',  ( 0.000000000000000000, 1.000000000000000000, -0.000000000000000000 ) ) ;
#339 = ORIENTED_EDGE ( 'NONE', *, *, #398, .T. ) ;
#340 = EDGE_CURVE ( 'NONE', #1336, #2325, #333, .T. ) ;
#341 = FACE_OUTER_BOUND ( 'NONE', #2347, .T. ) ;
#342 = CYLINDRICAL_SURFACE ( 'NONE', #2663, 1.250000000000007994 ) ;
#343 = DIRECTION ( 'NONE',  ( 0.000000000000000000, 0.000000000000000000, -1.000000000000000000 ) ) ;
#344 = CARTESIAN_POINT ( 'NONE',  ( -37.50000000000000000, 81.49999999999998579, 0.000000000000000000 ) ) ;
#345 = EDGE_LOOP ( 'NONE', ( #3797, #2009 ) ) ;
#346 = EDGE_CURVE ( 'NONE', #3268, #2960, #3022, .T. ) ;
#347 = EDGE_LOOP ( 'NONE', ( #2693, #780, #2732, #980 ) ) ;
#348 = CARTESIAN_POINT ( 'NONE',  ( 22.49999999999998934, 31.50000000000000000, 55.00000000000000000 ) ) ;
#349 = CARTESIAN_POINT ( 'NONE',  ( 37.18059371040391170, 51.00000000000000711, 64.50000000000000000 ) ) ;
#350 = VERTEX_POINT ( 'NONE', #402 ) ;
#351 = DIRECTION ( 'NONE',  ( 1.850371707708594316E-16, -1.000000000000000000, 0.000000000000000000 ) ) ;
#352 = CARTESIAN_POINT ( 'NONE',  ( -39.99999999999999289, -85.00000000000001421, 45.00000000000000000 ) ) ;
#353 = ORIENTED_EDGE ( 'NONE', *, *, #1011, .T. ) ;
#354 = CARTESIAN_POINT ( 'NONE',  ( 38.75000000000000711, 39.50000000000000000, 50.49999999999999289 ) ) ;
#355 = CARTESIAN_POINT ( 'NONE',  ( 22.49999999999999289, 31.50000000000000000, 55.00000000000000000 ) ) ;
#356 = EDGE_CURVE ( 'NONE', #1247, #4042, #3639, .T. ) ;
#357 = ORIENTED_EDGE ( 'NONE', *, *, #1077, .T. ) ;
#358 = ORIENTED_EDGE ( 'NONE', *, *, #2043, .T. ) ;
#359 = DIRECTION ( 'NONE',  ( 1.000000000000000000, 0.000000000000000000, 0.000000000000000000 ) ) ;
#360 = ORIENTED_EDGE ( 'NONE', *, *, #1046, .F. ) ;
#361 = FACE_OUTER_BOUND ( 'NONE', #3997, .T. ) ;
#362 = DIRECTION ( 'NONE',  ( 0.000000000000000000, 0.2425356250363328026, -0.9701425001453319874 ) ) ;
#363 = CARTESIAN_POINT ( 'NONE',  ( -31.49999999999999289, 48.49999999999999289, -0.001000000000001000089 ) ) ;
#364 = EDGE_CURVE ( 'NONE', #4042, #291, #4385, .T. ) ;
#365 = ORIENTED_EDGE ( 'NONE', *, *, #1383, .F. ) ;
#366 = CARTESIAN_POINT ( 'NONE',  ( 22.50000000000000355, -71.49999999999998579, 55.00000000000000000 ) ) ;
#367 = CARTESIAN_POINT ( 'NONE',  ( -31.49999999999999289, 47.49999999999999289, 55.00000000000000000 ) ) ;
#368 = DIRECTION ( 'NONE',  ( -0.000000000000000000, -0.000000000000000000, 1.000000000000000000 ) ) ;
#369 = EDGE_CURVE ( 'NONE', #3515, #224, #3332, .T. ) ;
#370 = DIRECTION ( 'NONE',  ( 0.000000000000000000, -1.000000000000000000, 0.000000000000000000 ) ) ;
#371 = ORIENTED_EDGE ( 'NONE', *, *, #2921, .F. ) ;
#372 = CYLINDRICAL_SURFACE ( 'NONE', #2934, 6.499999999999999112 ) ;
#373 = EDGE_CURVE ( 'NONE', #1870, #1477, #696, .T. ) ;
#374 = DIRECTION ( 'NONE',  ( -0.000000000000000000, -1.000000000000000000, -0.000000000000000000 ) ) ;
#375 = VERTEX_POINT ( 'NONE', #444 ) ;
#376 = ORIENTED_EDGE ( 'NONE', *, *, #1880, .F. ) ;
#377 = CARTESIAN_POINT ( 'NONE',  ( -39.99999999999999289, -75.00000000000001421, 55.00000000000000000 ) ) ;
#378 = TOROIDAL_SURFACE ( 'NONE', #1928, 8.430593710403918806, 0.5000000000000000000 ) ;
#379 = LINE ( 'NONE', #2328, #528 ) ;
#380 = ORIENTED_EDGE ( 'NONE', *, *, #3599, .T. ) ;
#381 = CIRCLE ( 'NONE', #1858, 6.499999999999992006 ) ;
#382 = SPHERICAL_SURFACE ( 'NONE', #2666, 0.5000000000000000000 ) ;
#383 = DIRECTION ( 'NONE',  ( 1.000000000000000000, 0.000000000000000000, 0.000000000000000000 ) ) ;
#384 = VECTOR ( 'NONE', #3331, 1000.000000000000000 ) ;
#385 = LINE ( 'NONE', #3075, #3270 ) ;
#386 = DIRECTION ( 'NONE',  ( 0.000000000000000000, 0.000000000000000000, 1.000000000000000000 ) ) ;
#387 = ORIENTED_EDGE ( 'NONE', *, *, #445, .F. ) ;
#388 = ORIENTED_EDGE ( 'NONE', *, *, #662, .F. ) ;
#389 = CIRCLE ( 'NONE', #4134, 1.250000000000007994 ) ;
#390 = DIRECTION ( 'NONE',  ( -0.000000000000000000, -1.000000000000000000, -0.000000000000000000 ) ) ;
#391 = ADVANCED_FACE ( 'NONE', ( #852 ), #4247, .T. ) ;
#392 = CARTESIAN_POINT ( 'NONE',  ( 0.000000000000000000, 10.00000000000000888, -0.001000000000001000089 ) ) ;
#393 = VECTOR ( 'NONE', #587, 1000.000000000000000 ) ;
#394 = CARTESIAN_POINT ( 'NONE',  ( 35.32119223093216931, 51.20513004984767491, 55.00000000000092371 ) ) ;
#395 = ORIENTED_EDGE ( 'NONE', *, *, #4072, .T. ) ;
#396 = FACE_BOUND ( 'NONE', #117, .T. ) ;
#397 = VECTOR ( 'NONE', #1979, 1000.000000000000000 ) ;
#398 = EDGE_CURVE ( 'NONE', #3607, #2264, #482, .T. ) ;
#399 = CARTESIAN_POINT ( 'NONE',  ( 0.000000000000000000, -81.50000000000001421, 10.00000000000000000 ) ) ;
#400 = AXIS2_PLACEMENT_3D ( 'NONE', #2858, #3814, #485 ) ;
#401 = ORIENTED_EDGE ( 'NONE', *, *, #633, .T. ) ;
#402 = CARTESIAN_POINT ( 'NONE',  ( -37.18059371040390459, 51.00000000000000711, 64.50000000000000000 ) ) ;
#403 = AXIS2_PLACEMENT_3D ( 'NONE', #500, #2919, #1860 ) ;
#404 = CIRCLE ( 'NONE', #2367, 2.000000000000001776 ) ;
#405 = DIRECTION ( 'NONE',  ( 1.000000000000000000, 0.000000000000000000, 0.000000000000000000 ) ) ;
#406 = ORIENTED_EDGE ( 'NONE', *, *, #4035, .T. ) ;
#407 = CARTESIAN_POINT ( 'NONE',  ( 37.18059371040391881, 62.00000000000000711, 64.50000000000000000 ) ) ;
#408 = DIRECTION ( 'NONE',  ( 0.1483404529302447261, 0.000000000000000000, 0.9889363528682975080 ) ) ;
#409 = DIRECTION ( 'NONE',  ( 0.000000000000000000, -0.000000000000000000, 1.000000000000000000 ) ) ;
#410 = ORIENTED_EDGE ( 'NONE', *, *, #1821, .T. ) ;
#411 = VECTOR ( 'NONE', #2414, 1000.000000000000000 ) ;
#412 = DIRECTION ( 'NONE',  ( 0.9889363528682975080, 0.000000000000000000, 0.1483404529302447261 ) ) ;
#413 = DIRECTION ( 'NONE',  ( 0.000000000000000000, 0.000000000000000000, 1.000000000000000000 ) ) ;
#414 = CARTESIAN_POINT ( 'NONE',  ( -40.00000000000001421, 81.49999999999998579, 55.00000000000000000 ) ) ;
#415 = LINE ( 'NONE', #1107, #961 ) ;
#416 = VERTEX_POINT ( 'NONE', #1813 ) ;
#417 = FACE_OUTER_BOUND ( 'NONE', #3328, .T. ) ;
#418 = DIRECTION ( 'NONE',  ( 1.000000000000000000, -0.000000000000000000, 0.000000000000000000 ) ) ;
#419 = ORIENTED_EDGE ( 'NONE', *, *, #156, .F. ) ;
#420 = ADVANCED_FACE ( 'NONE', ( #2890 ), #1119, .F. ) ;
#421 = ORIENTED_EDGE ( 'NONE', *, *, #1159, .F. ) ;
#422 = CARTESIAN_POINT ( 'NONE',  ( -50.00000000000001421, 75.00000000000001421, 55.00000000000000000 ) ) ;
#423 = CIRCLE ( 'NONE', #2053, 1.250000000000007994 ) ;
#424 = ADVANCED_FACE ( 'NONE', ( #3173 ), #2165, .F. ) ;
#425 = DIRECTION ( 'NONE',  ( 0.1483404529302447261, 0.000000000000000000, -0.9889363528682976190 ) ) ;
#426 = ORIENTED_EDGE ( 'NONE', *, *, #661, .T. ) ;
#427 = CARTESIAN_POINT ( 'NONE',  ( -31.49999999999999289, 62.50000000000000000, -0.001000000000001000089 ) ) ;
#428 = DIRECTION ( 'NONE',  ( 1.000000000000000000, 0.000000000000000000, 0.000000000000000000 ) ) ;
#429 = ADVANCED_FACE ( 'NONE', ( #2565 ), #4185, .F. ) ;
#430 = CARTESIAN_POINT ( 'NONE',  ( -22.49999999999999645, -71.49999999999998579, 55.00000000000000000 ) ) ;
#431 = SURFACE_STYLE_FILL_AREA ( #1822 ) ;
#432 = ORIENTED_EDGE ( 'NONE', *, *, #802, .F. ) ;
#433 = CARTESIAN_POINT ( 'NONE',  ( -39.99999999999999289, 50.49999999999998579, 55.00000000000000000 ) ) ;
#434 = FACE_BOUND ( 'NONE', #296, .T. ) ;
#435 = DIRECTION ( 'NONE',  ( -0.000000000000000000, -0.000000000000000000, 1.000000000000000000 ) ) ;
#436 = CARTESIAN_POINT ( 'NONE',  ( 34.92838511981832994, 50.97801331072722775, 55.00000000000000000 ) ) ;
#437 = EDGE_LOOP ( 'NONE', ( #2874, #4212 ) ) ;
#438 = ORIENTED_EDGE ( 'NONE', *, *, #2794, .T. ) ;
#439 = DIRECTION ( 'NONE',  ( 0.000000000000000000, -1.000000000000000000, 0.000000000000000000 ) ) ;
#440 = DIRECTION ( 'NONE',  ( -1.000000000000000000, 0.000000000000000000, 0.000000000000000000 ) ) ;
#441 = ORIENTED_EDGE ( 'NONE', *, *, #3024, .T. ) ;
#442 = ORIENTED_EDGE ( 'NONE', *, *, #4157, .F. ) ;
#443 = ORIENTED_EDGE ( 'NONE', *, *, #3174, .T. ) ;
#444 = CARTESIAN_POINT ( 'NONE',  ( -39.99999999999999289, -85.00000000000001421, 0.000000000000000000 ) ) ;
#445 = EDGE_CURVE ( 'NONE', #552, #375, #1251, .T. ) ;
#446 = EDGE_CURVE ( 'NONE', #2358, #3803, #1157, .T. ) ;
#447 = CYLINDRICAL_SURFACE ( 'NONE', #3699, 3.750000000000010214 ) ;
#448 = EDGE_LOOP ( 'NONE', ( #3253, #3541, #1504, #2128 ) ) ;
#449 = CARTESIAN_POINT ( 'NONE',  ( 33.24999999999997158, 44.74999999999998579, 51.50000000000000000 ) ) ;
#450 = EDGE_CURVE ( 'NONE', #4042, #1247, #2721, .T. ) ;
#451 = FACE_OUTER_BOUND ( 'NONE', #2281, .T. ) ;
#452 = VECTOR ( 'NONE', #1105, 1000.000000000000000 ) ;
#453 = ORIENTED_EDGE ( 'NONE', *, *, #4178, .T. ) ;
#454 = CARTESIAN_POINT ( 'NONE',  ( -40.00000000000001421, 84.99999999999998579, 0.000000000000000000 ) ) ;
#455 = CARTESIAN_POINT ( 'NONE',  ( -6.250000000000000000, -19.99999999999999645, 51.50000000000000000 ) ) ;
#456 = AXIS2_PLACEMENT_3D ( 'NONE', #3740, #3433, #2750 ) ;
#457 = CARTESIAN_POINT ( 'NONE',  ( 37.50000000000001421, 70.50000000000000000, 50.49999999999999289 ) ) ;
#458 = DIRECTION ( 'NONE',  ( -1.000000000000000000, 0.000000000000000000, 0.000000000000000000 ) ) ;
#459 = AXIS2_PLACEMENT_3D ( 'NONE', #790, #2464, #3093 ) ;
#460 = EDGE_LOOP ( 'NONE', ( #3949, #948, #442, #3368 ) ) ;
#461 = CARTESIAN_POINT ( 'NONE',  ( -36.24999999999999289, 39.50000000000000000, 42.49999999999999289 ) ) ;
#462 = CIRCLE ( 'NONE', #892, 6.500000000000005329 ) ;
#463 = CARTESIAN_POINT ( 'NONE',  ( -39.18612553396976494, 62.00000000000000711, 55.42582977353487905 ) ) ;
#464 = ORIENTED_EDGE ( 'NONE', *, *, #2441, .F. ) ;
#465 = VERTEX_POINT ( 'NONE', #2523 ) ;
#466 = CIRCLE ( 'NONE', #4204, 8.430593710403920582 ) ;
#467 = CIRCLE ( 'NONE', #4351, 1.250000000000007994 ) ;
#468 = AXIS2_PLACEMENT_3D ( 'NONE', #2408, #3781, #2719 ) ;
#469 = ORIENTED_EDGE ( 'NONE', *, *, #2718, .F. ) ;
#470 = DIRECTION ( 'NONE',  ( -0.000000000000000000, -0.000000000000000000, 1.000000000000000000 ) ) ;
#471 = VECTOR ( 'NONE', #2126, 1000.000000000000000 ) ;
#472 = CIRCLE ( 'NONE', #3213, 0.5000000000000004441 ) ;
#473 = LINE ( 'NONE', #3452, #246 ) ;
#474 = VERTEX_POINT ( 'NONE', #3870 ) ;
#475 = ADVANCED_FACE ( 'NONE', ( #3532 ), #191, .F. ) ;
#476 = ADVANCED_FACE ( 'NONE', ( #3516 ), #1216, .F. ) ;
#477 = VECTOR ( 'NONE', #3146, 1000.000000000000000 ) ;
#478 = CARTESIAN_POINT ( 'NONE',  ( 35.24999999999997868, 63.25000000000000000, 51.50000000000000000 ) ) ;
#479 = MECHANICAL_DESIGN_GEOMETRIC_PRESENTATION_REPRESENTATION (  '', ( #3715 ), #4071 ) ;
#480 = DIRECTION ( 'NONE',  ( 0.000000000000000000, 1.000000000000000000, 0.000000000000000000 ) ) ;
#481 = VECTOR ( 'NONE', #3757, 1000.000000000000000 ) ;
#482 = CIRCLE ( 'NONE', #683, 0.5000000000000004441 ) ;
#483 = ORIENTED_EDGE ( 'NONE', *, *, #1698, .F. ) ;
#484 = EDGE_CURVE ( 'NONE', #1365, #2017, #3706, .T. ) ;
#485 = DIRECTION ( 'NONE',  ( 1.000000000000000000, 0.000000000000000000, 0.000000000000000000 ) ) ;
#486 = DIRECTION ( 'NONE',  ( -0.000000000000000000, -0.000000000000000000, -1.000000000000000000 ) ) ;
#487 = EDGE_CURVE ( 'NONE', #1294, #4080, #1338, .T. ) ;
#488 = LINE ( 'NONE', #1208, #27 ) ;
#489 = VERTEX_POINT ( 'NONE', #2149 ) ;
#490 = CARTESIAN_POINT ( 'NONE',  ( -31.49999999999999289, 47.49999999999999289, -0.001000000000001000089 ) ) ;
#491 = CARTESIAN_POINT ( 'NONE',  ( -38.66940628959609683, 50.50000000000000000, 55.00000000000000000 ) ) ;
#492 = ORIENTED_EDGE ( 'NONE', *, *, #2357, .T. ) ;
#493 = CARTESIAN_POINT ( 'NONE',  ( -37.31940628959608830, 62.00000000000000711, 65.00000000000000000 ) ) ;
#494 = DIRECTION ( 'NONE',  ( -1.000000000000000000, 0.000000000000000000, -0.000000000000000000 ) ) ;
#495 = EDGE_LOOP ( 'NONE', ( #3293, #4267, #3015, #395, #2587, #3018, #3197, #827, #3918, #2148 ) ) ;
#496 = CARTESIAN_POINT ( 'NONE',  ( 22.49999999999998934, 31.50000000000000000, 54.00000000000000000 ) ) ;
#497 = EDGE_CURVE ( 'NONE', #2251, #2991, #2174, .T. ) ;
#498 = PLANE ( 'NONE',  #1937 ) ;
#499 = ORIENTED_EDGE ( 'NONE', *, *, #1282, .T. ) ;
#500 = CARTESIAN_POINT ( 'NONE',  ( -37.50000000000000000, 39.50000000000000000, 42.49999999999999289 ) ) ;
#501 = ORIENTED_EDGE ( 'NONE', *, *, #4262, .F. ) ;
#502 = EDGE_CURVE ( 'NONE', #1638, #4048, #1279, .T. ) ;
#503 = ADVANCED_FACE ( 'NONE', ( #4000 ), #1261, .T. ) ;
#504 = LINE ( 'NONE', #520, #2640 ) ;
#505 = DIRECTION ( 'NONE',  ( -0.000000000000000000, -0.000000000000000000, -1.000000000000000000 ) ) ;
#506 = ORIENTED_EDGE ( 'NONE', *, *, #1264, .T. ) ;
#507 = CARTESIAN_POINT ( 'NONE',  ( -40.00000000000001421, -75.00000000000001421, 51.50000000000000000 ) ) ;
#508 = EDGE_CURVE ( 'NONE', #3756, #1201, #2807, .T. ) ;
#509 = FACE_OUTER_BOUND ( 'NONE', #448, .T. ) ;
#510 = ORIENTED_EDGE ( 'NONE', *, *, #2202, .F. ) ;
#511 = EDGE_CURVE ( 'NONE', #1914, #104, #2654, .T. ) ;
#512 = CARTESIAN_POINT ( 'NONE',  ( -40.00000000000001421, 75.00000000000001421, 45.00000000000000000 ) ) ;
#513 = CYLINDRICAL_SURFACE ( 'NONE', #825, 0.5000000000000004441 ) ;
#514 = ORIENTED_EDGE ( 'NONE', *, *, #2007, .T. ) ;
#515 = CARTESIAN_POINT ( 'NONE',  ( -39.99999999999999289, -81.50000000000001421, 55.00000000000000000 ) ) ;
#516 = LINE ( 'NONE', #3098, #2576 ) ;
#517 = EDGE_LOOP ( 'NONE', ( #1272, #3616, #388, #2955 ) ) ;
#518 = CARTESIAN_POINT ( 'NONE',  ( 46.49999999999999289, 75.00000000000001421, 55.00000000000000000 ) ) ;
#519 = CIRCLE ( 'NONE', #2002, 10.00000000000000888 ) ;
#520 = CARTESIAN_POINT ( 'NONE',  ( -31.24999999999999645, 68.50000000000000000, 65.00000000000000000 ) ) ;
#521 = DIRECTION ( 'NONE',  ( -1.000000000000000000, 0.000000000000000000, 0.000000000000000000 ) ) ;
#522 = ORIENTED_EDGE ( 'NONE', *, *, #2971, .T. ) ;
#523 = AXIS2_PLACEMENT_3D ( 'NONE', #4193, #1168, #2511 ) ;
#524 = ADVANCED_FACE ( 'NONE', ( #283 ), #981, .F. ) ;
#525 = CARTESIAN_POINT ( 'NONE',  ( 37.50000000000001421, 70.50000000000000000, 42.49999999999999289 ) ) ;
#526 = ADVANCED_FACE ( 'NONE', ( #645 ), #3618, .F. ) ;
#527 = DIRECTION ( 'NONE',  ( -1.850371707708594316E-16, 1.000000000000000000, 0.000000000000000000 ) ) ;
#528 = VECTOR ( 'NONE', #2664, 1000.000000000000000 ) ;
#529 = ORIENTED_EDGE ( 'NONE', *, *, #2745, .T. ) ;
#530 = ORIENTED_EDGE ( 'NONE', *, *, #2474, .T. ) ;
#531 = ADVANCED_FACE ( 'NONE', ( #1644 ), #2678, .T. ) ;
#532 = CARTESIAN_POINT ( 'NONE',  ( -30.75000000000000000, 51.00000000000000711, 0.000000000000000000 ) ) ;
#533 = AXIS2_PLACEMENT_3D ( 'NONE', #126, #425, #59 ) ;
#534 = CARTESIAN_POINT ( 'NONE',  ( 31.24999999999999645, 67.93059371040391170, 65.00000000000000000 ) ) ;
#535 = DIRECTION ( 'NONE',  ( -1.000000000000000000, 0.000000000000000000, 0.000000000000000000 ) ) ;
#536 = CIRCLE ( 'NONE', #1799, 2.000000000000001776 ) ;
#537 = ORIENTED_EDGE ( 'NONE', *, *, #839, .T. ) ;
#538 = CARTESIAN_POINT ( 'NONE',  ( -37.50000000000000000, 70.50000000000000000, 50.49999999999999289 ) ) ;
#539 = CYLINDRICAL_SURFACE ( 'NONE', #3434, 6.500000000000012434 ) ;
#540 = FACE_OUTER_BOUND ( 'NONE', #3843, .T. ) ;
#541 = ORIENTED_EDGE ( 'NONE', *, *, #4157, .T. ) ;
#542 = VECTOR ( 'NONE', #2470, 1000.000000000000000 ) ;
#543 = VECTOR ( 'NONE', #3051, 1000.000000000000000 ) ;
#544 = CARTESIAN_POINT ( 'NONE',  ( 32.50000000000000711, 61.50000000000001421, -0.001000000000001000089 ) ) ;
#545 = CIRCLE ( 'NONE', #3511, 4.063874466030227062 ) ;
#546 = CARTESIAN_POINT ( 'NONE',  ( 41.25000000000002132, 70.50000000000000000, 42.49999999999999289 ) ) ;
#547 = CARTESIAN_POINT ( 'NONE',  ( -36.24999999999999289, 39.50000000000000000, 50.49999999999999289 ) ) ;
#548 = ORIENTED_EDGE ( 'NONE', *, *, #3450, .T. ) ;
#549 = CYLINDRICAL_SURFACE ( 'NONE', #3995, 10.00000000000000888 ) ;
#550 = CARTESIAN_POINT ( 'NONE',  ( -41.11197379763670767, 38.45800092551690597, 51.40442490436818446 ) ) ;
#551 = EDGE_CURVE ( 'NONE', #775, #1277, #3304, .T. ) ;
#552 = VERTEX_POINT ( 'NONE', #4296 ) ;
#553 = ORIENTED_EDGE ( 'NONE', *, *, #728, .F. ) ;
#554 = LINE ( 'NONE', #1898, #2735 ) ;
#555 = CARTESIAN_POINT ( 'NONE',  ( 37.18059371040391881, 51.50000000000000711, 64.50000000000000000 ) ) ;
#556 = DIRECTION ( 'NONE',  ( 0.000000000000000000, 0.000000000000000000, 1.000000000000000000 ) ) ;
#557 = ORIENTED_EDGE ( 'NONE', *, *, #1524, .T. ) ;
#558 = SPHERICAL_SURFACE ( 'NONE', #1595, 10.00000000000000000 ) ;
#559 = CARTESIAN_POINT ( 'NONE',  ( -37.31940628959609541, 51.00000000000000711, 64.50000000000000000 ) ) ;
#560 = EDGE_CURVE ( 'NONE', #1421, #1744, #2237, .T. ) ;
#561 = FACE_OUTER_BOUND ( 'NONE', #1514, .T. ) ;
#562 = ORIENTED_EDGE ( 'NONE', *, *, #990, .F. ) ;
#563 = LINE ( 'NONE', #969, #3287 ) ;
#564 = VERTEX_POINT ( 'NONE', #301 ) ;
#565 = EDGE_CURVE ( 'NONE', #3457, #3765, #1815, .T. ) ;
#566 = DIRECTION ( 'NONE',  ( 1.000000000000000000, 0.000000000000000000, 0.000000000000000000 ) ) ;
#567 = DIRECTION ( 'NONE',  ( 1.000000000000000000, 0.000000000000000000, 0.000000000000000000 ) ) ;
#568 = ORIENTED_EDGE ( 'NONE', *, *, #4008, .T. ) ;
#569 = ORIENTED_EDGE ( 'NONE', *, *, #1155, .T. ) ;
#570 = CARTESIAN_POINT ( 'NONE',  ( -41.22178056198124807, 71.02849456585275334, 51.38438304582031435 ) ) ;
#571 = DIRECTION ( 'NONE',  ( 0.000000000000000000, 0.000000000000000000, -1.000000000000000000 ) ) ;
#572 = ORIENTED_EDGE ( 'NONE', *, *, #1412, .F. ) ;
#573 = ORIENTED_EDGE ( 'NONE', *, *, #1444, .T. ) ;
#574 = CARTESIAN_POINT ( 'NONE',  ( 0.000000000000000000, 10.00000000000000888, -0.001000000000001000089 ) ) ;
#575 = LINE ( 'NONE', #1647, #1589 ) ;
#576 = ORIENTED_EDGE ( 'NONE', *, *, #4318, .T. ) ;
#577 = ORIENTED_EDGE ( 'NONE', *, *, #991, .F. ) ;
#578 = ADVANCED_FACE ( 'NONE', ( #2957 ), #3325, .T. ) ;
#579 = EDGE_CURVE ( 'NONE', #1703, #3567, #2996, .T. ) ;
#580 = DIRECTION ( 'NONE',  ( 1.000000000000000000, 1.347358039593636966E-16, 0.000000000000000000 ) ) ;
#581 = ADVANCED_FACE ( 'NONE', ( #956 ), #1556, .F. ) ;
#582 = CARTESIAN_POINT ( 'NONE',  ( -39.17880776906783069, 51.20513004984766070, 55.00000000000091660 ) ) ;
#583 = EDGE_LOOP ( 'NONE', ( #1310, #2603, #4205, #1571 ) ) ;
#584 = EDGE_CURVE ( 'NONE', #1526, #3802, #4020, .T. ) ;
#585 = DIRECTION ( 'NONE',  ( -0.000000000000000000, -0.000000000000000000, 1.000000000000000000 ) ) ;
#586 = CARTESIAN_POINT ( 'NONE',  ( 35.31387446603021374, 51.20710678118653192, 55.42582977353487905 ) ) ;
#587 = DIRECTION ( 'NONE',  ( -0.000000000000000000, -0.000000000000000000, 1.000000000000000000 ) ) ;
#588 = ORIENTED_EDGE ( 'NONE', *, *, #2462, .T. ) ;
#589 = LINE ( 'NONE', #1574, #1728 ) ;
#590 = VECTOR ( 'NONE', #527, 1000.000000000000000 ) ;
#591 = CARTESIAN_POINT ( 'NONE',  ( 37.81387446603024216, 51.50000000000000711, 64.57417022646512805 ) ) ;
#592 = EDGE_LOOP ( 'NONE', ( #387, #4312, #3941, #2430, #2569, #734, #1762, #3375 ) ) ;
#593 = EDGE_LOOP ( 'NONE', ( #4319, #3464, #2417, #836 ) ) ;
#594 = DIRECTION ( 'NONE',  ( -0.000000000000000000, -0.000000000000000000, 1.000000000000000000 ) ) ;
#595 = AXIS2_PLACEMENT_3D ( 'NONE', #2855, #3140, #1442 ) ;
#596 = CARTESIAN_POINT ( 'NONE',  ( -36.75000000000000000, 62.00000000000000711, 65.00000000000000000 ) ) ;
#597 = CARTESIAN_POINT ( 'NONE',  ( -40.00000000000001421, 75.00000000000001421, 45.00000000000000000 ) ) ;
#598 = VERTEX_POINT ( 'NONE', #3665 ) ;
#599 = AXIS2_PLACEMENT_3D ( 'NONE', #273, #1562, #3652 ) ;
#600 = LINE ( 'NONE', #1614, #905 ) ;
#601 = CARTESIAN_POINT ( 'NONE',  ( 35.25000000000000000, 62.00000000000000711, 55.00000000000000000 ) ) ;
#602 = AXIS2_PLACEMENT_3D ( 'NONE', #3976, #2402, #3747 ) ;
#603 = VECTOR ( 'NONE', #3646, 1000.000000000000000 ) ;
#604 = AXIS2_PLACEMENT_3D ( 'NONE', #3264, #4275, #3961 ) ;
#605 = DIRECTION ( 'NONE',  ( -1.000000000000000000, -1.850371707708594316E-16, 0.000000000000000000 ) ) ;
#606 = ORIENTED_EDGE ( 'NONE', *, *, #2691, .F. ) ;
#607 = VECTOR ( 'NONE', #1300, 1000.000000000000000 ) ;
#608 = CARTESIAN_POINT ( 'NONE',  ( 37.31940628959608830, 51.50000000000000711, 65.00000000000000000 ) ) ;
#609 = DIRECTION ( 'NONE',  ( -1.000000000000000000, 0.000000000000000000, 0.000000000000000000 ) ) ;
#610 = AXIS2_PLACEMENT_3D ( 'NONE', #1232, #976, #1912 ) ;
#611 = CYLINDRICAL_SURFACE ( 'NONE', #682, 3.750000000000010214 ) ;
#612 = AXIS2_PLACEMENT_3D ( 'NONE', #4049, #3011, #40 ) ;
#613 = ORIENTED_EDGE ( 'NONE', *, *, #1545, .F. ) ;
#614 = ORIENTED_EDGE ( 'NONE', *, *, #1330, .F. ) ;
#615 = FACE_OUTER_BOUND ( 'NONE', #1023, .T. ) ;
#616 = AXIS2_PLACEMENT_3D ( 'NONE', #3016, #390, #4016 ) ;
#617 = AXIS2_PLACEMENT_3D ( 'NONE', #2344, #3423, #2086 ) ;
#618 =( BOUNDED_SURFACE ( )  B_SPLINE_SURFACE ( 3, 2, ( 
 ( #2705, #319, #1701 ),
 ( #64, #1029, #3049 ),
 ( #748, #706, #4031 ),
 ( #3435, #3695, #1099 ),
 ( #1009, #1374, #1661 ),
 ( #2351, #2375, #4375 ) ),
 .UNSPECIFIED., .F., .F., .F. ) 
 B_SPLINE_SURFACE_WITH_KNOTS ( ( 4, 2, 4 ),
 ( 3, 3 ),
 ( 4.712388980384689674, 5.497787143782137953, 6.283185307179586232 ),
 ( 0.000000000000000000, 1.000000000000000000 ),
 .UNSPECIFIED. ) 
 GEOMETRIC_REPRESENTATION_ITEM ( )  RATIONAL_B_SPLINE_SURFACE ( (
 ( 1.000000000000000000, 0.7071067811865376918, 1.000000000000000000),
 ( 1.000000000000000000, 0.7208924369588352032, 1.000000000000000000),
 ( 1.000000000000000000, 0.7340307785317987666, 1.000000000000000000),
 ( 1.000000000000000000, 0.7525038091527584960, 1.000000000000000000),
 ( 1.000000000000000000, 0.7578165731570131181, 1.000000000000000000),
 ( 1.000000000000000000, 0.7577402104053313492, 1.000000000000000000) ) ) 
 REPRESENTATION_ITEM ( '' )  SURFACE ( )  );
#619 = CARTESIAN_POINT ( 'NONE',  ( -33.74999999999998579, 39.50000000000000000, 42.49999999999999289 ) ) ;
#620 = ORIENTED_EDGE ( 'NONE', *, *, #91, .T. ) ;
#621 = DIRECTION ( 'NONE',  ( 0.000000000000000000, -0.000000000000000000, -1.000000000000000000 ) ) ;
#622 = EDGE_CURVE ( 'NONE', #2556, #1365, #554, .T. ) ;
#623 = CARTESIAN_POINT ( 'NONE',  ( 38.75000000000000711, 39.50000000000000000, 50.49999999999999289 ) ) ;
#624 = CARTESIAN_POINT ( 'NONE',  ( 34.81940628966346907, 51.23746530844336888, 55.00000000000000000 ) ) ;
#625 = ORIENTED_EDGE ( 'NONE', *, *, #3060, .T. ) ;
#626 = AXIS2_PLACEMENT_3D ( 'NONE', #555, #893, #745 ) ;
#627 = ORIENTED_EDGE ( 'NONE', *, *, #364, .T. ) ;
#628 =( NAMED_UNIT ( * ) PLANE_ANGLE_UNIT ( ) SI_UNIT ( $, .RADIAN. ) );
#629 = DIRECTION ( 'NONE',  ( -1.000000000000000000, 0.000000000000000000, 0.000000000000000000 ) ) ;
#630 = DIRECTION ( 'NONE',  ( 0.000000000000000000, 0.000000000000000000, -1.000000000000000000 ) ) ;
#631 = EDGE_LOOP ( 'NONE', ( #326, #3642, #807, #3397 ) ) ;
#632 = DIRECTION ( 'NONE',  ( -0.000000000000000000, -0.000000000000000000, -1.000000000000000000 ) ) ;
#633 = EDGE_CURVE ( 'NONE', #721, #1047, #4268, .T. ) ;
#634 = DIRECTION ( 'NONE',  ( -0.000000000000000000, 0.000000000000000000, -1.000000000000000000 ) ) ;
#635 = CARTESIAN_POINT ( 'NONE',  ( -35.25000000000000711, 46.74999999999999289, 54.50000000000000000 ) ) ;
#636 = DIRECTION ( 'NONE',  ( -0.000000000000000000, -1.000000000000000000, -0.000000000000000000 ) ) ;
#637 = EDGE_LOOP ( 'NONE', ( #506, #1429, #738, #2832 ) ) ;
#638 = LINE ( 'NONE', #3318, #2025 ) ;
#639 = CARTESIAN_POINT ( 'NONE',  ( -41.25000000000000711, 70.50000000000000000, 51.37867541108653313 ) ) ;
#640 = ORIENTED_EDGE ( 'NONE', *, *, #1628, .T. ) ;
#641 = EDGE_CURVE ( 'NONE', #3567, #1348, #2777, .T. ) ;
#642 = ADVANCED_FACE ( 'NONE', ( #3393 ), #3087, .T. ) ;
#643 = DIRECTION ( 'NONE',  ( 1.000000000000000000, 0.000000000000000000, 0.000000000000000000 ) ) ;
#644 = VERTEX_POINT ( 'NONE', #3416 ) ;
#645 = FACE_OUTER_BOUND ( 'NONE', #3531, .T. ) ;
#646 = EDGE_CURVE ( 'NONE', #4054, #721, #1032, .T. ) ;
#647 = CARTESIAN_POINT ( 'NONE',  ( 39.99999999999999289, 75.00000000000001421, 45.00000000000000000 ) ) ;
#648 = ORIENTED_EDGE ( 'NONE', *, *, #2708, .T. ) ;
#649 = PLANE ( 'NONE',  #3004 ) ;
#650 = DIRECTION ( 'NONE',  ( 0.000000000000000000, -0.000000000000000000, 1.000000000000000000 ) ) ;
#651 = CARTESIAN_POINT ( 'NONE',  ( 0.000000000000000000, -19.99999999999999645, 54.00000000000000000 ) ) ;
#652 = ORIENTED_EDGE ( 'NONE', *, *, #1842, .F. ) ;
#653 = DIRECTION ( 'NONE',  ( -0.000000000000000000, 1.000000000000000000, -0.000000000000000000 ) ) ;
#654 = CYLINDRICAL_SURFACE ( 'NONE', #1878, 2.749999999999999112 ) ;
#655 = CARTESIAN_POINT ( 'NONE',  ( -37.50000000000000000, 0.000000000000000000, 0.000000000000000000 ) ) ;
#656 = DIRECTION ( 'NONE',  ( -1.000000000000000000, 0.000000000000000000, 0.000000000000000000 ) ) ;
#657 = VERTEX_POINT ( 'NONE', #1760 ) ;
#658 = DIRECTION ( 'NONE',  ( -0.000000000000000000, 0.000000000000000000, 1.000000000000000000 ) ) ;
#659 = VERTEX_POINT ( 'NONE', #3059 ) ;
#660 = CARTESIAN_POINT ( 'NONE',  ( 31.24999999999999645, 66.06387446603024216, 55.42582977353487905 ) ) ;
#661 = EDGE_CURVE ( 'NONE', #1919, #3684, #686, .T. ) ;
#662 = EDGE_CURVE ( 'NONE', #1648, #1426, #2658, .T. ) ;
#663 = VERTEX_POINT ( 'NONE', #3682 ) ;
#664 = FACE_BOUND ( 'NONE', #9, .T. ) ;
#665 = DIRECTION ( 'NONE',  ( -0.000000000000000000, -0.000000000000000000, -1.000000000000000000 ) ) ;
#666 = AXIS2_PLACEMENT_3D ( 'NONE', #868, #1808, #2209 ) ;
#667 = ADVANCED_FACE ( 'NONE', ( #396, #2057 ), #25, .T. ) ;
#668 = EDGE_LOOP ( 'NONE', ( #3778, #2232, #4082, #3523 ) ) ;
#669 = DIRECTION ( 'NONE',  ( -1.000000000000000000, 0.000000000000000000, -0.000000000000000000 ) ) ;
#670 = CIRCLE ( 'NONE', #3194, 3.750000000000010214 ) ;
#671 = DIRECTION ( 'NONE',  ( 0.000000000000000000, 0.000000000000000000, -1.000000000000000000 ) ) ;
#672 = ADVANCED_FACE ( 'NONE', ( #664, #417 ), #1342, .T. ) ;
#673 = CARTESIAN_POINT ( 'NONE',  ( 33.24999999999997158, 63.25000000000000000, 51.50000000000000000 ) ) ;
#674 = AXIS2_PLACEMENT_3D ( 'NONE', #925, #2945, #965 ) ;
#675 = ORIENTED_EDGE ( 'NONE', *, *, #502, .F. ) ;
#676 = CARTESIAN_POINT ( 'NONE',  ( 37.31940628959608830, 51.50000000000000711, 64.50000000000000000 ) ) ;
#677 = CIRCLE ( 'NONE', #2088, 10.00000000000000178 ) ;
#678 = CARTESIAN_POINT ( 'NONE',  ( 35.74446817643413965, 51.00000000000000711, 54.92582977353489326 ) ) ;
#679 = CARTESIAN_POINT ( 'NONE',  ( 0.000000000000000000, 67.93059371040391170, 64.50000000000000000 ) ) ;
#680 = LINE ( 'NONE', #2024, #168 ) ;
#681 = ORIENTED_EDGE ( 'NONE', *, *, #4376, .F. ) ;
#682 = AXIS2_PLACEMENT_3D ( 'NONE', #2606, #2333, #1637 ) ;
#683 = AXIS2_PLACEMENT_3D ( 'NONE', #871, #2212, #3490 ) ;
#684 = ORIENTED_EDGE ( 'NONE', *, *, #2975, .T. ) ;
#685 = DIRECTION ( 'NONE',  ( -1.000000000000000000, -0.000000000000000000, -0.000000000000000000 ) ) ;
#686 = CIRCLE ( 'NONE', #31, 2.000000000000001776 ) ;
#687 = VECTOR ( 'NONE', #2428, 1000.000000000000000 ) ;
#688 = LINE ( 'NONE', #4397, #2282 ) ;
#689 = ORIENTED_EDGE ( 'NONE', *, *, #2266, .F. ) ;
#690 = AXIS2_PLACEMENT_3D ( 'NONE', #3589, #2249, #1290 ) ;
#691 =( GEOMETRIC_REPRESENTATION_CONTEXT ( 3 ) GLOBAL_UNCERTAINTY_ASSIGNED_CONTEXT ( ( #1057 ) ) GLOBAL_UNIT_ASSIGNED_CONTEXT ( ( #308, #628, #3310 ) ) REPRESENTATION_CONTEXT ( 'NONE', 'WORKASPACE' ) );
#692 = LINE ( 'NONE', #1427, #3782 ) ;
#693 = ADVANCED_FACE ( 'NONE', ( #2757 ), #1711, .F. ) ;
#694 = CARTESIAN_POINT ( 'NONE',  ( 39.99999999999999289, 75.00000000000001421, 45.00000000000000000 ) ) ;
#695 = AXIS2_PLACEMENT_3D ( 'NONE', #2438, #4145, #1482 ) ;
#696 = CIRCLE ( 'NONE', #2381, 6.500000000000012434 ) ;
#697 = ORIENTED_EDGE ( 'NONE', *, *, #3847, .T. ) ;
#698 = CARTESIAN_POINT ( 'NONE',  ( -40.19807636410558871, 42.11792008592432524, 51.50000000000000000 ) ) ;
#699 = DIRECTION ( 'NONE',  ( -1.000000000000000000, -2.202823461557850588E-16, 0.000000000000000000 ) ) ;
#700 =( BOUNDED_CURVE ( )  B_SPLINE_CURVE ( 3, ( #4389, #2331, #2727, #1658 ),
 .UNSPECIFIED., .F., .F. ) 
 B_SPLINE_CURVE_WITH_KNOTS ( ( 4, 4 ),
 ( 4.712388980384682569, 6.283185307179586232 ),
 .UNSPECIFIED. ) 
 CURVE ( )  GEOMETRIC_REPRESENTATION_ITEM ( )  RATIONAL_B_SPLINE_CURVE ( ( 1.000000000000000000, 0.8047378541243632721, 0.8047378541243632721, 1.000000000000000000 ) ) 
 REPRESENTATION_ITEM ( '' )  );
#701 = EDGE_LOOP ( 'NONE', ( #922, #1134 ) ) ;
#702 = FACE_OUTER_BOUND ( 'NONE', #2851, .T. ) ;
#703 = EDGE_CURVE ( 'NONE', #1638, #3457, #4067, .T. ) ;
#704 = DIRECTION ( 'NONE',  ( 0.000000000000000000, -1.000000000000000000, 0.000000000000000000 ) ) ;
#705 = PLANE ( 'NONE',  #3979 ) ;
#706 = CARTESIAN_POINT ( 'NONE',  ( -35.54564688967609243, 51.01831270161760301, 54.99999999999907629 ) ) ;
#707 = ORIENTED_EDGE ( 'NONE', *, *, #2922, .F. ) ;
#708 = EDGE_LOOP ( 'NONE', ( #2707, #742, #2596, #572 ) ) ;
#709 = EDGE_CURVE ( 'NONE', #1782, #3684, #999, .T. ) ;
#710 = CARTESIAN_POINT ( 'NONE',  ( -31.24999999999999645, 62.00000000000000711, 64.57417022646512805 ) ) ;
#711 = ORIENTED_EDGE ( 'NONE', *, *, #2686, .F. ) ;
#712 = DIRECTION ( 'NONE',  ( -0.000000000000000000, -0.000000000000000000, -1.000000000000000000 ) ) ;
#713 = CARTESIAN_POINT ( 'NONE',  ( 35.56512193277627176, 50.50000000006355805, 55.00000000000000000 ) ) ;
#714 = EDGE_LOOP ( 'NONE', ( #218, #1354, #3123 ) ) ;
#715 = CARTESIAN_POINT ( 'NONE',  ( -39.99999999999999289, -81.50000000000001421, 0.000000000000000000 ) ) ;
#716 = DIRECTION ( 'NONE',  ( -1.000000000000000000, 0.000000000000000000, 0.000000000000000000 ) ) ;
#717 = VERTEX_POINT ( 'NONE', #3106 ) ;
#718 = ORIENTED_EDGE ( 'NONE', *, *, #3743, .T. ) ;
#719 = DIRECTION ( 'NONE',  ( -1.000000000000000000, 0.000000000000000000, 0.000000000000000000 ) ) ;
#720 = FACE_OUTER_BOUND ( 'NONE', #214, .T. ) ;
#721 = VERTEX_POINT ( 'NONE', #2694 ) ;
#722 = EDGE_CURVE ( 'NONE', #3207, #3756, #692, .T. ) ;
#723 = CYLINDRICAL_SURFACE ( 'NONE', #1043, 9.999999999999987566 ) ;
#724 = PLANE ( 'NONE',  #4361 ) ;
#725 = DIRECTION ( 'NONE',  ( 1.000000000000000000, 0.000000000000000000, 0.000000000000000000 ) ) ;
#726 = CARTESIAN_POINT ( 'NONE',  ( -40.68384441074713465, 68.50119680913736886, 51.46581188687895292 ) ) ;
#727 = ORIENTED_EDGE ( 'NONE', *, *, #3678, .T. ) ;
#728 = EDGE_CURVE ( 'NONE', #2260, #1299, #1806, .T. ) ;
#729 = ORIENTED_EDGE ( 'NONE', *, *, #4235, .T. ) ;
#730 = DIRECTION ( 'NONE',  ( -0.000000000000000000, -0.000000000000000000, -1.000000000000000000 ) ) ;
#731 = ORIENTED_EDGE ( 'NONE', *, *, #2242, .F. ) ;
#732 = LINE ( 'NONE', #4380, #1786 ) ;
#733 = FACE_OUTER_BOUND ( 'NONE', #4117, .T. ) ;
#734 = ORIENTED_EDGE ( 'NONE', *, *, #860, .F. ) ;
#735 = DIRECTION ( 'NONE',  ( 0.000000000000000000, 0.000000000000000000, -1.000000000000000000 ) ) ;
#736 = CARTESIAN_POINT ( 'NONE',  ( 37.50000000000001421, 70.50000000000000000, 50.49999999999999289 ) ) ;
#737 = ORIENTED_EDGE ( 'NONE', *, *, #1932, .F. ) ;
#738 = ORIENTED_EDGE ( 'NONE', *, *, #839, .F. ) ;
#739 = CARTESIAN_POINT ( 'NONE',  ( -33.25000000000001421, 46.74999999999999289, 54.50000000000000000 ) ) ;
#740 = VECTOR ( 'NONE', #3841, 1000.000000000000000 ) ;
#741 = LINE ( 'NONE', #3472, #1791 ) ;
#742 = ORIENTED_EDGE ( 'NONE', *, *, #4105, .F. ) ;
#743 = AXIS2_PLACEMENT_3D ( 'NONE', #2822, #1776, #1448 ) ;
#744 = CARTESIAN_POINT ( 'NONE',  ( -36.68612553396976494, 62.00000000000000711, 64.57417022646512805 ) ) ;
#745 = DIRECTION ( 'NONE',  ( 0.000000000000000000, 0.000000000000000000, 1.000000000000000000 ) ) ;
#746 = VECTOR ( 'NONE', #3810, 1000.000000000000000 ) ;
#747 = CARTESIAN_POINT ( 'NONE',  ( -36.75000000000000711, 62.00000000000000711, 65.00000000000000000 ) ) ;
#748 = CARTESIAN_POINT ( 'NONE',  ( -35.56087314274942202, 51.05388656345017040, 55.46128412904487703 ) ) ;
#749 = VERTEX_POINT ( 'NONE', #2739 ) ;
#750 = DIRECTION ( 'NONE',  ( 0.000000000000000000, 1.000000000000000000, 0.000000000000000000 ) ) ;
#751 = VECTOR ( 'NONE', #3209, 1000.000000000000114 ) ;
#752 = CARTESIAN_POINT ( 'NONE',  ( -35.31387446603023506, 51.50000000000000711, 55.42582977353487905 ) ) ;
#753 = PLANE ( 'NONE',  #951 ) ;
#754 = VECTOR ( 'NONE', #90, 1000.000000000000000 ) ;
#755 = CARTESIAN_POINT ( 'NONE',  ( 35.56087314274992650, 51.05388656344968012, 55.46128412904494809 ) ) ;
#756 = ORIENTED_EDGE ( 'NONE', *, *, #1563, .T. ) ;
#757 = CARTESIAN_POINT ( 'NONE',  ( -33.25000000000001421, 65.25000000000000000, 54.50000000000000000 ) ) ;
#758 = ADVANCED_FACE ( 'NONE', ( #3373 ), #372, .F. ) ;
#759 = VECTOR ( 'NONE', #1830, 1000.000000000000000 ) ;
#760 = CARTESIAN_POINT ( 'NONE',  ( 37.31940628959609541, 51.00000000000000711, 64.50000000000000000 ) ) ;
#761 = VECTOR ( 'NONE', #585, 1000.000000000000000 ) ;
#762 = CIRCLE ( 'NONE', #2305, 3.569406289596076753 ) ;
#763 = EDGE_LOOP ( 'NONE', ( #4187, #1289, #1175, #2363 ) ) ;
#764 = ORIENTED_EDGE ( 'NONE', *, *, #484, .F. ) ;
#765 = LINE ( 'NONE', #354, #1585 ) ;
#766 = EDGE_CURVE ( 'NONE', #2639, #2339, #4356, .T. ) ;
#767 = AXIS2_PLACEMENT_3D ( 'NONE', #407, #792, #3786 ) ;
#768 = CIRCLE ( 'NONE', #1662, 5.599999999999999645 ) ;
#769 = DIRECTION ( 'NONE',  ( 0.1483404529302447261, 0.000000000000000000, -0.9889363528682976190 ) ) ;
#770 = ORIENTED_EDGE ( 'NONE', *, *, #1961, .T. ) ;
#771 = CARTESIAN_POINT ( 'NONE',  ( 41.25000000000002132, 70.50000000000000000, 51.37867541108653313 ) ) ;
#772 = DIRECTION ( 'NONE',  ( 0.000000000000000000, 0.000000000000000000, -1.000000000000000000 ) ) ;
#773 = CARTESIAN_POINT ( 'NONE',  ( 38.95435311032289150, 51.01831270161752485, 54.99999999999906208 ) ) ;
#774 = DIRECTION ( 'NONE',  ( 0.000000000000000000, 0.000000000000000000, -1.000000000000000000 ) ) ;
#775 = VERTEX_POINT ( 'NONE', #3749 ) ;
#776 = CARTESIAN_POINT ( 'NONE',  ( -39.99999999999999289, -75.00000000000001421, 45.00000000000000000 ) ) ;
#777 = DIRECTION ( 'NONE',  ( 1.850371707708594316E-16, -1.000000000000000000, 0.000000000000000000 ) ) ;
#778 = FACE_OUTER_BOUND ( 'NONE', #701, .T. ) ;
#779 = CARTESIAN_POINT ( 'NONE',  ( 35.54564688967705877, 51.01831270161757459, 54.99999999999906919 ) ) ;
#780 = ORIENTED_EDGE ( 'NONE', *, *, #1474, .F. ) ;
#781 = EDGE_CURVE ( 'NONE', #2553, #1601, #3732, .T. ) ;
#782 = CARTESIAN_POINT ( 'NONE',  ( -36.68612553396977205, 51.50000000000000711, 64.57417022646512805 ) ) ;
#783 = EDGE_CURVE ( 'NONE', #1606, #2702, #1094, .T. ) ;
#784 = LINE ( 'NONE', #29, #1986 ) ;
#785 = VERTEX_POINT ( 'NONE', #1453 ) ;
#786 = ORIENTED_EDGE ( 'NONE', *, *, #1356, .T. ) ;
#787 = ORIENTED_EDGE ( 'NONE', *, *, #1490, .T. ) ;
#788 = EDGE_CURVE ( 'NONE', #1130, #3734, #1135, .T. ) ;
#789 = CARTESIAN_POINT ( 'NONE',  ( -31.24999999999999645, 67.50000000000000000, 65.00000000000000000 ) ) ;
#790 = CARTESIAN_POINT ( 'NONE',  ( -37.18059371040391170, 51.50000000000000711, 64.50000000000000000 ) ) ;
#791 = VERTEX_POINT ( 'NONE', #461 ) ;
#792 = DIRECTION ( 'NONE',  ( 0.000000000000000000, 1.000000000000000000, -0.000000000000000000 ) ) ;
#793 = CARTESIAN_POINT ( 'NONE',  ( 38.80506301703933048, 51.00000000000000711, 55.48052774247263130 ) ) ;
#794 = PRODUCT_DEFINITION_SHAPE ( 'NONE', 'NONE',  #4061 ) ;
#795 =( NAMED_UNIT ( * ) PLANE_ANGLE_UNIT ( ) SI_UNIT ( $, .RADIAN. ) );
#796 = ORIENTED_EDGE ( 'NONE', *, *, #2318, .T. ) ;
#797 = DIRECTION ( 'NONE',  ( 0.000000000000000000, 0.000000000000000000, -1.000000000000000000 ) ) ;
#798 = CARTESIAN_POINT ( 'NONE',  ( 31.24999999999999645, 68.06940628959610251, 65.00000000000000000 ) ) ;
#799 = CARTESIAN_POINT ( 'NONE',  ( 37.50000000000000000, 77.49999999999998579, 3.000000000000000000 ) ) ;
#800 = CARTESIAN_POINT ( 'NONE',  ( -50.00000000000001421, 75.00000000000001421, 45.00000000000000000 ) ) ;
#801 = ORIENTED_EDGE ( 'NONE', *, *, #4370, .F. ) ;
#802 = EDGE_CURVE ( 'NONE', #4048, #2532, #3208, .T. ) ;
#803 = LINE ( 'NONE', #886, #2000 ) ;
#804 = ORIENTED_EDGE ( 'NONE', *, *, #2039, .T. ) ;
#805 = EDGE_CURVE ( 'NONE', #2377, #1108, #1949, .T. ) ;
#806 = VERTEX_POINT ( 'NONE', #2207 ) ;
#807 = ORIENTED_EDGE ( 'NONE', *, *, #497, .F. ) ;
#808 = DIRECTION ( 'NONE',  ( -0.000000000000000000, 1.000000000000000000, 0.000000000000000000 ) ) ;
#809 = ADVANCED_FACE ( 'NONE', ( #1846 ), #1473, .T. ) ;
#810 = LINE ( 'NONE', #2153, #1305 ) ;
#811 = VERTEX_POINT ( 'NONE', #782 ) ;
#812 = LINE ( 'NONE', #3430, #1814 ) ;
#813 = ADVANCED_FACE ( 'NONE', ( #139 ), #3546, .F. ) ;
#814 = CARTESIAN_POINT ( 'NONE',  ( -41.25000000000000711, 70.50000000000000000, 51.37867541108653313 ) ) ;
#815 = AXIS2_PLACEMENT_3D ( 'NONE', #1913, #2629, #1322 ) ;
#816 = ORIENTED_EDGE ( 'NONE', *, *, #3818, .T. ) ;
#817 = CARTESIAN_POINT ( 'NONE',  ( 31.24999999999999645, 67.50000000000000000, 65.00000000000000000 ) ) ;
#818 = CARTESIAN_POINT ( 'NONE',  ( -39.68059371040392591, 62.00000000000000711, 55.50000000000000000 ) ) ;
#819 = VECTOR ( 'NONE', #1568, 1000.000000000000000 ) ;
#820 = CARTESIAN_POINT ( 'NONE',  ( 40.00000000000002132, 42.29508497187473637, 51.50000000000000000 ) ) ;
#821 = CARTESIAN_POINT ( 'NONE',  ( 31.50000000000000711, 62.50000000000001421, 54.50000000000000000 ) ) ;
#822 = CIRCLE ( 'NONE', #4059, 1.250000000000007994 ) ;
#823 = ORIENTED_EDGE ( 'NONE', *, *, #2337, .F. ) ;
#824 = DIRECTION ( 'NONE',  ( -0.000000000000000000, 1.000000000000000000, -0.000000000000000000 ) ) ;
#825 = AXIS2_PLACEMENT_3D ( 'NONE', #3582, #535, #894 ) ;
#826 = DIRECTION ( 'NONE',  ( 1.000000000000000000, 0.000000000000000000, -0.000000000000000000 ) ) ;
#827 = ORIENTED_EDGE ( 'NONE', *, *, #4313, .F. ) ;
#828 = VECTOR ( 'NONE', #882, 1000.000000000000000 ) ;
#829 = AXIS2_PLACEMENT_3D ( 'NONE', #1875, #3470, #3552 ) ;
#830 = ORIENTED_EDGE ( 'NONE', *, *, #1282, .F. ) ;
#831 = CARTESIAN_POINT ( 'NONE',  ( 41.22229537139984501, 71.02596003088935106, 51.38428837908943336 ) ) ;
#832 = EDGE_CURVE ( 'NONE', #1421, #1754, #2861, .T. ) ;
#833 = VECTOR ( 'NONE', #3867, 999.9999999999998863 ) ;
#834 = AXIS2_PLACEMENT_3D ( 'NONE', #1350, #3046, #2066 ) ;
#835 = CYLINDRICAL_SURFACE ( 'NONE', #3631, 0.5000000000000012212 ) ;
#836 = ORIENTED_EDGE ( 'NONE', *, *, #2262, .F. ) ;
#837 = CIRCLE ( 'NONE', #3647, 9.999999999999991118 ) ;
#838 = CARTESIAN_POINT ( 'NONE',  ( -31.24999999999999645, 69.93612553396977205, 55.42582977353487905 ) ) ;
#839 = EDGE_CURVE ( 'NONE', #3130, #3063, #4133, .T. ) ;
#840 = CARTESIAN_POINT ( 'NONE',  ( -40.00000000000001421, 75.00000000000001421, 55.00000000000000000 ) ) ;
#841 = AXIS2_PLACEMENT_3D ( 'NONE', #3828, #3852, #1818 ) ;
#842 = ORIENTED_EDGE ( 'NONE', *, *, #2695, .F. ) ;
#843 = EDGE_CURVE ( 'NONE', #2294, #2543, #849, .T. ) ;
#844 = DIRECTION ( 'NONE',  ( 0.000000000000000000, -0.000000000000000000, -1.000000000000000000 ) ) ;
#845 = DIRECTION ( 'NONE',  ( -0.000000000000000000, -0.000000000000000000, 1.000000000000000000 ) ) ;
#846 = LINE ( 'NONE', #1150, #2013 ) ;
#847 = ADVANCED_FACE ( 'NONE', ( #3465 ), #4140, .T. ) ;
#848 = VERTEX_POINT ( 'NONE', #94 ) ;
#849 = LINE ( 'NONE', #3211, #833 ) ;
#850 = DIRECTION ( 'NONE',  ( -0.9889363528682973969, 0.000000000000000000, 0.1483404529302453090 ) ) ;
#851 = EDGE_LOOP ( 'NONE', ( #2129, #3262, #3408, #1140, #3415 ) ) ;
#852 = FACE_OUTER_BOUND ( 'NONE', #3069, .T. ) ;
#853 = LINE ( 'NONE', #3534, #1126 ) ;
#854 = DIRECTION ( 'NONE',  ( -0.000000000000000000, 0.000000000000000000, 1.000000000000000000 ) ) ;
#855 = ORIENTED_EDGE ( 'NONE', *, *, #3349, .F. ) ;
#856 = DIRECTION ( 'NONE',  ( 0.000000000000000000, 0.000000000000000000, 1.000000000000000000 ) ) ;
#857 = CARTESIAN_POINT ( 'NONE',  ( 35.24999999999997868, 63.25000000000000000, 54.50000000000000000 ) ) ;
#858 = EDGE_CURVE ( 'NONE', #2532, #3457, #1867, .T. ) ;
#859 = SURFACE_STYLE_USAGE ( .BOTH. , #3811 ) ;
#860 = EDGE_CURVE ( 'NONE', #465, #2898, #2144, .T. ) ;
#861 = VERTEX_POINT ( 'NONE', #2825 ) ;
#862 = DIRECTION ( 'NONE',  ( -1.000000000000000000, 0.000000000000000000, -0.000000000000000000 ) ) ;
#863 = ORIENTED_EDGE ( 'NONE', *, *, #2389, .T. ) ;
#864 = DIRECTION ( 'NONE',  ( 0.000000000000000000, 0.000000000000000000, 1.000000000000000000 ) ) ;
#865 = EDGE_CURVE ( 'NONE', #1409, #2639, #2998, .T. ) ;
#866 = LINE ( 'NONE', #2645, #2512 ) ;
#867 = ORIENTED_EDGE ( 'NONE', *, *, #3641, .T. ) ;
#868 = CARTESIAN_POINT ( 'NONE',  ( 37.50000000000000000, 39.50000000000000000, 50.49999999999999289 ) ) ;
#869 = ORIENTED_EDGE ( 'NONE', *, *, #2871, .F. ) ;
#870 = ORIENTED_EDGE ( 'NONE', *, *, #346, .T. ) ;
#871 = CARTESIAN_POINT ( 'NONE',  ( 37.18059371040391881, 51.50000000000000711, 64.50000000000000000 ) ) ;
#872 = CARTESIAN_POINT ( 'NONE',  ( -31.24999999999999645, 68.06940628959610251, 64.50000000000000000 ) ) ;
#873 = DIRECTION ( 'NONE',  ( 0.000000000000000000, 0.000000000000000000, -1.000000000000000000 ) ) ;
#874 = VERTEX_POINT ( 'NONE', #2842 ) ;
#875 = CARTESIAN_POINT ( 'NONE',  ( -38.75000000000000711, 70.50000000000000000, 50.49999999999999289 ) ) ;
#876 = CARTESIAN_POINT ( 'NONE',  ( 37.18059371040391881, 51.50000000000000711, 64.50000000000000000 ) ) ;
#877 = VERTEX_POINT ( 'NONE', #4222 ) ;
#878 = DIRECTION ( 'NONE',  ( -1.000000000000000000, -0.000000000000000000, 0.000000000000000000 ) ) ;
#879 = EDGE_CURVE ( 'NONE', #2320, #224, #159, .T. ) ;
#880 = CIRCLE ( 'NONE', #2776, 1.250000000000007994 ) ;
#881 = CARTESIAN_POINT ( 'NONE',  ( 40.00000000000002132, -85.00000000000001421, 0.000000000000000000 ) ) ;
#882 = DIRECTION ( 'NONE',  ( 1.000000000000000000, 0.000000000000000000, 0.000000000000000000 ) ) ;
#883 = ORIENTED_EDGE ( 'NONE', *, *, #1081, .T. ) ;
#884 = AXIS2_PLACEMENT_3D ( 'NONE', #4156, #435, #3507 ) ;
#885 = DIRECTION ( 'NONE',  ( 0.1483404529302447261, -0.000000000000000000, 0.9889363528682975080 ) ) ;
#886 = CARTESIAN_POINT ( 'NONE',  ( -35.25000000000000000, 62.00000000000000711, 55.00000000000000000 ) ) ;
#887 = CIRCLE ( 'NONE', #3061, 3.750000000000010214 ) ;
#888 = EDGE_LOOP ( 'NONE', ( #1258, #3064, #441, #625, #1086 ) ) ;
#889 = VERTEX_POINT ( 'NONE', #2540 ) ;
#890 = EDGE_CURVE ( 'NONE', #4216, #2031, #3529, .T. ) ;
#891 = DIRECTION ( 'NONE',  ( 0.000000000000000000, 0.000000000000000000, 1.000000000000000000 ) ) ;
#892 = AXIS2_PLACEMENT_3D ( 'NONE', #2849, #3849, #3158 ) ;
#893 = DIRECTION ( 'NONE',  ( 1.000000000000000000, 0.000000000000000000, -0.000000000000000000 ) ) ;
#894 = DIRECTION ( 'NONE',  ( 0.000000000000000000, 0.000000000000000000, 1.000000000000000000 ) ) ;
#895 = AXIS2_PLACEMENT_3D ( 'NONE', #1316, #930, #2950 ) ;
#896 = AXIS2_PLACEMENT_3D ( 'NONE', #422, #1716, #3042 ) ;
#897 = ORIENTED_EDGE ( 'NONE', *, *, #898, .F. ) ;
#898 = EDGE_CURVE ( 'NONE', #2358, #3844, #2019, .T. ) ;
#899 = CARTESIAN_POINT ( 'NONE',  ( 2.250000000000000444, -49.99999999999998579, 54.00000000000000000 ) ) ;
#900 = DIRECTION ( 'NONE',  ( 1.000000000000000000, 0.000000000000000000, 0.000000000000000000 ) ) ;
#901 = AXIS2_PLACEMENT_3D ( 'NONE', #3692, #1635, #4011 ) ;
#902 = CARTESIAN_POINT ( 'NONE',  ( -39.25000000000001421, 51.49999999999999289, 54.99999999999999289 ) ) ;
#903 = ORIENTED_EDGE ( 'NONE', *, *, #1413, .F. ) ;
#904 = VECTOR ( 'NONE', #1548, 1000.000000000000000 ) ;
#905 = VECTOR ( 'NONE', #1947, 1000.000000000000000 ) ;
#906 = LINE ( 'NONE', #2947, #3147 ) ;
#907 = CIRCLE ( 'NONE', #2175, 6.069406289596082971 ) ;
#908 = AXIS2_PLACEMENT_3D ( 'NONE', #1850, #1177, #1784 ) ;
#909 = DIRECTION ( 'NONE',  ( 1.000000000000000000, 0.000000000000000000, -0.000000000000000000 ) ) ;
#910 = LINE ( 'NONE', #3968, #1242 ) ;
#911 = ORIENTED_EDGE ( 'NONE', *, *, #1603, .F. ) ;
#912 = CARTESIAN_POINT ( 'NONE',  ( 33.24999999999997158, 65.25000000000000000, 54.50000000000000000 ) ) ;
#913 = CARTESIAN_POINT ( 'NONE',  ( -32.49999999999999289, 48.49999999999998579, -0.001000000000001000089 ) ) ;
#914 = ORIENTED_EDGE ( 'NONE', *, *, #4035, .F. ) ;
#915 = EDGE_CURVE ( 'NONE', #474, #2556, #3643, .T. ) ;
#916 = EDGE_CURVE ( 'NONE', #2200, #1526, #2291, .T. ) ;
#917 = EDGE_LOOP ( 'NONE', ( #3228, #640, #2522, #3901 ) ) ;
#918 = DIRECTION ( 'NONE',  ( 0.000000000000000000, -1.000000000000000000, 0.000000000000000000 ) ) ;
#919 = FACE_BOUND ( 'NONE', #1759, .T. ) ;
#920 = CARTESIAN_POINT ( 'NONE',  ( 37.18059371040391881, 62.00000000000000711, 64.50000000000000000 ) ) ;
#921 = EDGE_CURVE ( 'NONE', #861, #2143, #3235, .T. ) ;
#922 = ORIENTED_EDGE ( 'NONE', *, *, #898, .T. ) ;
#923 = PRESENTATION_STYLE_ASSIGNMENT (( #3942 ) ) ;
#924 = FACE_OUTER_BOUND ( 'NONE', #3275, .T. ) ;
#925 = CARTESIAN_POINT ( 'NONE',  ( -39.99999999999999289, -75.00000000000001421, 45.00000000000000000 ) ) ;
#926 = ORIENTED_EDGE ( 'NONE', *, *, #3966, .T. ) ;
#927 = CARTESIAN_POINT ( 'NONE',  ( 36.24999999999999289, 39.50000000000000000, 50.49999999999999289 ) ) ;
#928 = AXIS2_PLACEMENT_3D ( 'NONE', #2342, #3683, #1985 ) ;
#929 = CARTESIAN_POINT ( 'NONE',  ( -37.31940628959608830, 51.50000000000000711, 65.00000000000000000 ) ) ;
#930 = DIRECTION ( 'NONE',  ( -0.000000000000000000, -0.000000000000000000, 1.000000000000000000 ) ) ;
#931 = ORIENTED_EDGE ( 'NONE', *, *, #3928, .F. ) ;
#932 = DIRECTION ( 'NONE',  ( 1.000000000000000000, 0.000000000000000000, 0.000000000000000000 ) ) ;
#933 = DIRECTION ( 'NONE',  ( 0.000000000000000000, 0.000000000000000000, 1.000000000000000000 ) ) ;
#934 = ORIENTED_EDGE ( 'NONE', *, *, #252, .T. ) ;
#935 = EDGE_LOOP ( 'NONE', ( #1654, #3448, #176, #3163 ) ) ;
#936 = CARTESIAN_POINT ( 'NONE',  ( 33.75000000000000000, 70.50000000000000000, 42.49999999999999289 ) ) ;
#937 = ADVANCED_FACE ( 'NONE', ( #3902 ), #549, .T. ) ;
#938 = DIRECTION ( 'NONE',  ( 0.000000000000000000, 0.000000000000000000, -1.000000000000000000 ) ) ;
#939 = DIRECTION ( 'NONE',  ( -0.000000000000000000, -0.000000000000000000, -1.000000000000000000 ) ) ;
#940 = ORIENTED_EDGE ( 'NONE', *, *, #373, .F. ) ;
#941 = DIRECTION ( 'NONE',  ( -0.000000000000000000, 0.000000000000000000, -1.000000000000000000 ) ) ;
#942 = CARTESIAN_POINT ( 'NONE',  ( -38.80226157079665228, 50.98092984694807939, 55.00000000000270006 ) ) ;
#943 = ORIENTED_EDGE ( 'NONE', *, *, #1819, .F. ) ;
#944 = EDGE_CURVE ( 'NONE', #3268, #1853, #1590, .T. ) ;
#945 = CARTESIAN_POINT ( 'NONE',  ( -33.25000000000001421, 63.25000000000000000, 54.50000000000000000 ) ) ;
#946 = CARTESIAN_POINT ( 'NONE',  ( -37.50000000000000000, 70.50000000000000000, 51.50000000000000000 ) ) ;
#947 = FACE_BOUND ( 'NONE', #4327, .T. ) ;
#948 = ORIENTED_EDGE ( 'NONE', *, *, #2708, .F. ) ;
#949 = EDGE_LOOP ( 'NONE', ( #1933, #2468, #557, #1572 ) ) ;
#950 = LINE ( 'NONE', #3637, #2169 ) ;
#951 = AXIS2_PLACEMENT_3D ( 'NONE', #3033, #2032, #1424 ) ;
#952 = CARTESIAN_POINT ( 'NONE',  ( 40.68225330582851029, 37.49895830006636288, 51.46594881208510941 ) ) ;
#954 = EDGE_LOOP ( 'NONE', ( #93, #711, #707, #243 ) ) ;
#953 = CIRCLE ( 'NONE', #3842, 6.499999999999999112 ) ;
#955 = ORIENTED_EDGE ( 'NONE', *, *, #766, .F. ) ;
#956 = FACE_OUTER_BOUND ( 'NONE', #1014, .T. ) ;
#957 = CIRCLE ( 'NONE', #1235, 6.499999999999999112 ) ;
#958 = DIRECTION ( 'NONE',  ( -4.205390244792257367E-16, 1.000000000000000000, 0.000000000000000000 ) ) ;
#959 = DIRECTION ( 'NONE',  ( 1.000000000000000000, 0.000000000000000000, 0.000000000000000000 ) ) ;
#960 = ORIENTED_EDGE ( 'NONE', *, *, #3085, .F. ) ;
#961 = VECTOR ( 'NONE', #370, 1000.000000000000000 ) ;
#962 = EDGE_CURVE ( 'NONE', #350, #1783, #950, .T. ) ;
#963 = CARTESIAN_POINT ( 'NONE',  ( 0.000000000000000000, -49.99999999999998579, 54.00000000000000000 ) ) ;
#964 = AXIS2_PLACEMENT_3D ( 'NONE', #3297, #1930, #656 ) ;
#965 = DIRECTION ( 'NONE',  ( 1.000000000000000000, 0.000000000000000000, 0.000000000000000000 ) ) ;
#966 = ORIENTED_EDGE ( 'NONE', *, *, #1392, .F. ) ;
#967 = ADVANCED_FACE ( 'NONE', ( #1210 ), #1960, .F. ) ;
#968 = ADVANCED_FACE ( 'NONE', ( #2561 ), #4329, .F. ) ;
#969 = CARTESIAN_POINT ( 'NONE',  ( -37.50000000000000000, 77.49999999999998579, 0.000000000000000000 ) ) ;
#970 = CARTESIAN_POINT ( 'NONE',  ( 33.24999999999997158, 65.25000000000000000, 54.50000000000000000 ) ) ;
#971 = CARTESIAN_POINT ( 'NONE',  ( -31.24999999999999645, 70.43059371040391170, 55.50000000000000000 ) ) ;
#972 = VECTOR ( 'NONE', #166, 1000.000000000000000 ) ;
#973 = EDGE_LOOP ( 'NONE', ( #2308, #2653, #1459, #786 ) ) ;
#974 = EDGE_CURVE ( 'NONE', #170, #1201, #589, .T. ) ;
#975 = VERTEX_POINT ( 'NONE', #2650 ) ;
#976 = DIRECTION ( 'NONE',  ( 1.000000000000000000, 0.000000000000000000, -0.000000000000000000 ) ) ;
#977 = CIRCLE ( 'NONE', #107, 10.00000000000000178 ) ;
#978 = FACE_OUTER_BOUND ( 'NONE', #1254, .T. ) ;
#979 = ADVANCED_FACE ( 'NONE', ( #297 ), #2905, .T. ) ;
#980 = ORIENTED_EDGE ( 'NONE', *, *, #3, .F. ) ;
#981 = CYLINDRICAL_SURFACE ( 'NONE', #3933, 2.000000000000005329 ) ;
#982 = LINE ( 'NONE', #1428, #2513 ) ;
#983 = CARTESIAN_POINT ( 'NONE',  ( 0.000000000000000000, -19.99999999999999645, -0.001000000000001000089 ) ) ;
#984 = ORIENTED_EDGE ( 'NONE', *, *, #142, .F. ) ;
#985 = FACE_BOUND ( 'NONE', #3281, .T. ) ;
#986 = CARTESIAN_POINT ( 'NONE',  ( -31.24999999999999645, 65.56940628959608830, 55.00000000000000000 ) ) ;
#987 = DIRECTION ( 'NONE',  ( -1.000000000000000000, 0.000000000000000000, 0.000000000000000000 ) ) ;
#988 = ORIENTED_EDGE ( 'NONE', *, *, #1383, .T. ) ;
#989 = DIRECTION ( 'NONE',  ( 0.000000000000000000, 0.000000000000000000, 1.000000000000000000 ) ) ;
#990 = EDGE_CURVE ( 'NONE', #4055, #3172, #258, .T. ) ;
#991 = EDGE_CURVE ( 'NONE', #4245, #1859, #3283, .T. ) ;
#992 = DIRECTION ( 'NONE',  ( 0.000000000000000000, 0.000000000000000000, -1.000000000000000000 ) ) ;
#993 = FACE_OUTER_BOUND ( 'NONE', #3977, .T. ) ;
#994 = EDGE_LOOP ( 'NONE', ( #2078, #2048, #606, #4300 ) ) ;
#995 = DIRECTION ( 'NONE',  ( 1.000000000000000000, 0.000000000000000000, 0.000000000000000000 ) ) ;
#996 = ADVANCED_FACE ( 'NONE', ( #615 ), #4243, .F. ) ;
#997 = CARTESIAN_POINT ( 'NONE',  ( -40.19805287707364272, 36.88205890663569164, 51.49999999999999289 ) ) ;
#998 = VERTEX_POINT ( 'NONE', #280 ) ;
#999 = LINE ( 'NONE', #757, #323 ) ;
#1000 = PLANE ( 'NONE',  #2879 ) ;
#1001 = ORIENTED_EDGE ( 'NONE', *, *, #962, .F. ) ;
#1002 = DIRECTION ( 'NONE',  ( -0.000000000000000000, -0.000000000000000000, -1.000000000000000000 ) ) ;
#1003 = DIRECTION ( 'NONE',  ( -1.000000000000000000, 0.000000000000000000, 0.000000000000000000 ) ) ;
#1004 = FACE_BOUND ( 'NONE', #2027, .T. ) ;
#1005 = ORIENTED_EDGE ( 'NONE', *, *, #2953, .T. ) ;
#1006 = CARTESIAN_POINT ( 'NONE',  ( -50.00000000000001421, 75.00000000000001421, 45.00000000000000000 ) ) ;
#1007 = DIRECTION ( 'NONE',  ( -0.000000000000000000, -0.000000000000000000, -1.000000000000000000 ) ) ;
#1008 = CYLINDRICAL_SURFACE ( 'NONE', #1501, 0.5000000000000004441 ) ;
#1009 = CARTESIAN_POINT ( 'NONE',  ( -35.31387446603139324, 51.36873265422179458, 55.42582977354276608 ) ) ;
#1010 = ORIENTED_EDGE ( 'NONE', *, *, #2135, .F. ) ;
#1011 = EDGE_CURVE ( 'NONE', #3248, #2031, #4084, .T. ) ;
#1012 = LINE ( 'NONE', #348, #2304 ) ;
#1013 = LINE ( 'NONE', #349, #152 ) ;
#1014 = EDGE_LOOP ( 'NONE', ( #756, #286, #3636, #3959 ) ) ;
#1015 = CARTESIAN_POINT ( 'NONE',  ( 39.68059371040391881, 62.00000000000000711, 55.50000000000000000 ) ) ;
#1016 = LINE ( 'NONE', #1112, #223 ) ;
#1017 = ORIENTED_EDGE ( 'NONE', *, *, #4125, .F. ) ;
#1018 = ADVANCED_FACE ( 'NONE', ( #2628 ), #1248, .F. ) ;
#1019 = CARTESIAN_POINT ( 'NONE',  ( -40.81631666988042895, 41.27016445585366000, 51.44944543328563924 ) ) ;
#1020 = CARTESIAN_POINT ( 'NONE',  ( -37.31940628959608830, 62.00000000000000711, 64.50000000000000000 ) ) ;
#1021 = EDGE_CURVE ( 'NONE', #489, #861, #1990, .T. ) ;
#1022 = AXIS2_PLACEMENT_3D ( 'NONE', #1090, #2786, #2131 ) ;
#1023 = EDGE_LOOP ( 'NONE', ( #4137, #2646, #4221, #1939 ) ) ;
#1024 = CARTESIAN_POINT ( 'NONE',  ( 41.25000000000001421, 39.76173240960276445, 51.37867541108654024 ) ) ;
#1025 = AXIS2_PLACEMENT_3D ( 'NONE', #2259, #3621, #2241 ) ;
#1026 = EDGE_LOOP ( 'NONE', ( #114, #2630, #4097, #2273 ) ) ;
#1027 = DIRECTION ( 'NONE',  ( 1.000000000000000000, -0.000000000000000000, -0.000000000000000000 ) ) ;
#1028 = CARTESIAN_POINT ( 'NONE',  ( 39.99999999999999289, 75.00000000000001421, 45.00000000000000000 ) ) ;
#1029 = CARTESIAN_POINT ( 'NONE',  ( -35.69773842920393037, 50.98092984694894625, 55.00000000000270717 ) ) ;
#1030 = EDGE_LOOP ( 'NONE', ( #541, #1952, #2485, #1924 ) ) ;
#1031 = CIRCLE ( 'NONE', #3066, 0.5000000000000004441 ) ;
#1032 = CIRCLE ( 'NONE', #4283, 9.999999999999987566 ) ;
#1033 = EDGE_LOOP ( 'NONE', ( #2248, #3634, #2072, #357 ) ) ;
#1034 = CARTESIAN_POINT ( 'NONE',  ( -38.66940628959609683, 51.00000000000000711, 55.50000000000000000 ) ) ;
#1035 = AXIS2_PLACEMENT_3D ( 'NONE', #3306, #2275, #958 ) ;
#1036 = AXIS2_PLACEMENT_3D ( 'NONE', #3513, #1804, #3485 ) ;
#1037 = AXIS2_PLACEMENT_3D ( 'NONE', #2345, #3651, #629 ) ;
#1038 = CARTESIAN_POINT ( 'NONE',  ( 39.99999999999999289, 84.99999999999998579, 55.00000000000000000 ) ) ;
#1039 = ORIENTED_EDGE ( 'NONE', *, *, #502, .T. ) ;
#1040 = AXIS2_PLACEMENT_3D ( 'NONE', #4255, #2899, #3204 ) ;
#1041 = DIRECTION ( 'NONE',  ( 0.1483404529302453090, 0.000000000000000000, -0.9889363528682975080 ) ) ;
#1042 = LINE ( 'NONE', #1065, #3614 ) ;
#1043 = AXIS2_PLACEMENT_3D ( 'NONE', #4371, #1994, #3335 ) ;
#1044 = EDGE_CURVE ( 'NONE', #657, #291, #172, .T. ) ;
#1045 = CIRCLE ( 'NONE', #3577, 0.5000000000000004441 ) ;
#1046 = EDGE_CURVE ( 'NONE', #1546, #1532, #3745, .T. ) ;
#1047 = VERTEX_POINT ( 'NONE', #1337 ) ;
#1048 = CARTESIAN_POINT ( 'NONE',  ( -31.49999999999999289, 47.49999999999999289, -0.001000000000001000089 ) ) ;
#1049 = EDGE_CURVE ( 'NONE', #1, #3567, #1012, .T. ) ;
#1050 = AXIS2_PLACEMENT_3D ( 'NONE', #3455, #3871, #772 ) ;
#1051 = DIRECTION ( 'NONE',  ( -1.000000000000000000, 0.000000000000000000, 0.000000000000000000 ) ) ;
#1052 = EDGE_LOOP ( 'NONE', ( #198, #4168, #568, #3731 ) ) ;
#1053 = DIRECTION ( 'NONE',  ( 0.000000000000000000, 0.000000000000000000, -1.000000000000000000 ) ) ;
#1054 = CYLINDRICAL_SURFACE ( 'NONE', #901, 0.5000000000000004441 ) ;
#1055 = CARTESIAN_POINT ( 'NONE',  ( -45.28364918297906883, 51.50000000000000711, 11.40504737744686636 ) ) ;
#1056 = CYLINDRICAL_SURFACE ( 'NONE', #1308, 1.000000000000000888 ) ;
#1057 = UNCERTAINTY_MEASURE_WITH_UNIT (LENGTH_MEASURE( 1.000000000000000082E-05 ), #308, 'distance_accuracy_value', 'NONE');
#1058 = ORIENTED_EDGE ( 'NONE', *, *, #2278, .F. ) ;
#1059 = FACE_OUTER_BOUND ( 'NONE', #851, .T. ) ;
#1060 = DIRECTION ( 'NONE',  ( -0.000000000000000000, -0.000000000000000000, -1.000000000000000000 ) ) ;
#1061 = LINE ( 'NONE', #1687, #3263 ) ;
#1062 = DIRECTION ( 'NONE',  ( -1.000000000000000000, 0.000000000000000000, 0.000000000000000000 ) ) ;
#1063 = ORIENTED_EDGE ( 'NONE', *, *, #3526, .T. ) ;
#1064 = DIRECTION ( 'NONE',  ( -0.000000000000000000, -0.000000000000000000, -1.000000000000000000 ) ) ;
#1065 = CARTESIAN_POINT ( 'NONE',  ( 40.00000000000002132, -75.00000000000001421, 51.50000000000000000 ) ) ;
#1066 = ORIENTED_EDGE ( 'NONE', *, *, #3935, .F. ) ;
#1067 = VERTEX_POINT ( 'NONE', #3081 ) ;
#1068 = FACE_OUTER_BOUND ( 'NONE', #3353, .T. ) ;
#1069 = ADVANCED_FACE ( 'NONE', ( #20 ), #3714, .F. ) ;
#1070 = DIRECTION ( 'NONE',  ( -9.251858538542971581E-17, 1.000000000000000000, 0.000000000000000000 ) ) ;
#1071 = ORIENTED_EDGE ( 'NONE', *, *, #2157, .T. ) ;
#1072 = CARTESIAN_POINT ( 'NONE',  ( 33.24999999999997158, 65.25000000000000000, 54.50000000000000000 ) ) ;
#1073 = FACE_BOUND ( 'NONE', #345, .T. ) ;
#1074 = DIRECTION ( 'NONE',  ( 0.000000000000000000, -0.1483404529302447261, -0.9889363528682975080 ) ) ;
#1075 = CARTESIAN_POINT ( 'NONE',  ( -40.19662209599740521, 67.88077917713673060, 51.49999999999998579 ) ) ;
#1076 = ORIENTED_EDGE ( 'NONE', *, *, #4148, .T. ) ;
#1077 = EDGE_CURVE ( 'NONE', #1138, #1341, #2865, .T. ) ;
#1078 = LINE ( 'NONE', #2469, #1886 ) ;
#1079 = LINE ( 'NONE', #1038, #2844 ) ;
#1080 = CARTESIAN_POINT ( 'NONE',  ( -37.50000000000000000, 70.50000000000000000, 50.49999999999999289 ) ) ;
#1081 = EDGE_CURVE ( 'NONE', #2960, #1648, #35, .T. ) ;
#1082 = EDGE_LOOP ( 'NONE', ( #2782, #588, #2683, #1674 ) ) ;
#1083 = DIRECTION ( 'NONE',  ( -0.000000000000000000, 0.000000000000000000, -1.000000000000000000 ) ) ;
#1084 = CARTESIAN_POINT ( 'NONE',  ( -37.50000000000000000, 39.50000000000000000, 51.50000000000000000 ) ) ;
#1085 = DIRECTION ( 'NONE',  ( -1.000000000000000000, 0.000000000000000000, -0.000000000000000000 ) ) ;
#1086 = ORIENTED_EDGE ( 'NONE', *, *, #4313, .T. ) ;
#1087 = EDGE_LOOP ( 'NONE', ( #1331, #3751, #1146 ) ) ;
#1088 = CARTESIAN_POINT ( 'NONE',  ( -41.25000000000000000, 39.76175511648478533, 51.37867541108652603 ) ) ;
#1089 = CIRCLE ( 'NONE', #1641, 0.5000000000000004441 ) ;
#1090 = CARTESIAN_POINT ( 'NONE',  ( -39.68059371040391881, 62.00000000000000711, 55.50000000000000000 ) ) ;
#1091 = ORIENTED_EDGE ( 'NONE', *, *, #2283, .F. ) ;
#1092 = AXIS2_PLACEMENT_3D ( 'NONE', #1909, #2644, #566 ) ;
#1093 = DIRECTION ( 'NONE',  ( -1.000000000000000000, 0.000000000000000000, 0.000000000000000000 ) ) ;
#1094 =( BOUNDED_CURVE ( )  B_SPLINE_CURVE ( 3, ( #1109, #3169, #3883, #3153 ),
 .UNSPECIFIED., .F., .F. ) 
 B_SPLINE_CURVE_WITH_KNOTS ( ( 4, 4 ),
 ( 3.141592653589793116, 4.712388980384689674 ),
 .UNSPECIFIED. ) 
 CURVE ( )  GEOMETRIC_REPRESENTATION_ITEM ( )  RATIONAL_B_SPLINE_CURVE ( ( 1.000000000000000000, 0.8047378541243649375, 0.8047378541243649375, 1.000000000000000000 ) ) 
 REPRESENTATION_ITEM ( '' )  );
#1095 = SPHERICAL_SURFACE ( 'NONE', #2112, 6.500000000000000888 ) ;
#1096 = AXIS2_PLACEMENT_3D ( 'NONE', #3982, #605, #2263 ) ;
#1097 = CARTESIAN_POINT ( 'NONE',  ( 39.19723266361902603, 50.60777312689976526, 55.00000000000000000 ) ) ;
#1098 = ADVANCED_FACE ( 'NONE', ( #2420 ), #4033, .F. ) ;
#1099 = CARTESIAN_POINT ( 'NONE',  ( -34.92838511981932470, 50.97801331072714248, 55.00000000000000000 ) ) ;
#1100 = EDGE_CURVE ( 'NONE', #1108, #2941, #4289, .T. ) ;
#1101 = ORIENTED_EDGE ( 'NONE', *, *, #1159, .T. ) ;
#1102 = LINE ( 'NONE', #1542, #2869 ) ;
#1103 = CIRCLE ( 'NONE', #316, 1.000000000000000888 ) ;
#1104 = CARTESIAN_POINT ( 'NONE',  ( 33.24999999999997158, 65.25000000000000000, 54.50000000000000000 ) ) ;
#1105 = DIRECTION ( 'NONE',  ( -0.000000000000000000, 1.000000000000000000, -0.000000000000000000 ) ) ;
#1106 = EDGE_CURVE ( 'NONE', #2991, #659, #3342, .T. ) ;
#1107 = CARTESIAN_POINT ( 'NONE',  ( -32.49999999999999289, 61.50000000000000000, 55.00000000000000000 ) ) ;
#1108 = VERTEX_POINT ( 'NONE', #4083 ) ;
#1109 = CARTESIAN_POINT ( 'NONE',  ( 34.81940628959608830, 51.50000000000000711, 55.00000000000000000 ) ) ;
#1110 = VECTOR ( 'NONE', #186, 1000.000000000000000 ) ;
#1111 = CIRCLE ( 'NONE', #1050, 0.5000000000000004441 ) ;
#1112 = CARTESIAN_POINT ( 'NONE',  ( -31.49999999999999289, 47.49999999999999289, 54.50000000000000000 ) ) ;
#1113 = ORIENTED_EDGE ( 'NONE', *, *, #3980, .F. ) ;
#1114 = CIRCLE ( 'NONE', #2374, 1.000000000000000888 ) ;
#1115 = COLOUR_RGB ( '',0.7921568627450980005, 0.8196078431372548767, 0.9333333333333333481 ) ;
#1116 = EDGE_LOOP ( 'NONE', ( #2697, #2764, #3391, #3672 ) ) ;
#1117 = DIRECTION ( 'NONE',  ( -0.000000000000000000, 1.000000000000000000, -0.000000000000000000 ) ) ;
#1118 = CIRCLE ( 'NONE', #2104, 0.5000000000000004441 ) ;
#1119 = TOROIDAL_SURFACE ( 'NONE', #1377, 3.569406289596079862, 0.5000000000000000000 ) ;
#1120 = CARTESIAN_POINT ( 'NONE',  ( 37.18059371040391881, 51.00000000000000711, 64.50000000000000000 ) ) ;
#1121 = ORIENTED_EDGE ( 'NONE', *, *, #1905, .T. ) ;
#1122 = DIRECTION ( 'NONE',  ( -1.000000000000000000, 0.000000000000000000, 0.000000000000000000 ) ) ;
#1123 = FACE_OUTER_BOUND ( 'NONE', #1353, .T. ) ;
#1124 = CARTESIAN_POINT ( 'NONE',  ( 38.66940628959610393, 50.50000000000000000, 55.00000000000000000 ) ) ;
#1125 = ORIENTED_EDGE ( 'NONE', *, *, #646, .F. ) ;
#1126 = VECTOR ( 'NONE', #1199, 999.9999999999998863 ) ;
#1127 = LINE ( 'NONE', #817, #2172 ) ;
#1128 = PLANE ( 'NONE',  #1315 ) ;
#1129 = EDGE_CURVE ( 'NONE', #2967, #3324, #3862, .T. ) ;
#1130 = VERTEX_POINT ( 'NONE', #752 ) ;
#1131 = EDGE_CURVE ( 'NONE', #1521, #2960, #1319, .T. ) ;
#1132 = DIRECTION ( 'NONE',  ( 1.000000000000000000, 0.000000000000000000, 0.000000000000000000 ) ) ;
#1133 = CARTESIAN_POINT ( 'NONE',  ( 32.50000000000000711, 61.50000000000001421, 55.00000000000000000 ) ) ;
#1134 = ORIENTED_EDGE ( 'NONE', *, *, #3635, .T. ) ;
#1135 = LINE ( 'NONE', #3820, #471 ) ;
#1136 = EDGE_CURVE ( 'NONE', #1426, #2860, #3573, .T. ) ;
#1137 = CARTESIAN_POINT ( 'NONE',  ( 37.50000000000000000, 77.49999999999998579, 3.000000000000000000 ) ) ;
#1138 = VERTEX_POINT ( 'NONE', #2734 ) ;
#1139 = EDGE_CURVE ( 'NONE', #2556, #474, #177, .T. ) ;
#1140 = ORIENTED_EDGE ( 'NONE', *, *, #1608, .T. ) ;
#1141 = CARTESIAN_POINT ( 'NONE',  ( 41.03067626818838676, 71.79059247408989108, 51.41867563436252908 ) ) ;
#1142 = FACE_OUTER_BOUND ( 'NONE', #1617, .T. ) ;
#1143 = ORIENTED_EDGE ( 'NONE', *, *, #2552, .T. ) ;
#1144 = CARTESIAN_POINT ( 'NONE',  ( 40.19807636410558160, 67.88207991407566055, 51.50000000000000000 ) ) ;
#1145 = LINE ( 'NONE', #2117, #1717 ) ;
#1146 = ORIENTED_EDGE ( 'NONE', *, *, #2530, .F. ) ;
#1147 = CARTESIAN_POINT ( 'NONE',  ( -39.99999999999999289, -85.00000000000001421, 55.00000000000000000 ) ) ;
#1148 = CARTESIAN_POINT ( 'NONE',  ( -22.49999999999999645, -71.49999999999998579, 55.00000000000000000 ) ) ;
#1149 = CARTESIAN_POINT ( 'NONE',  ( 35.24999999999997868, 63.25000000000000000, 51.50000000000000000 ) ) ;
#1150 = CARTESIAN_POINT ( 'NONE',  ( -40.00000000000001421, 81.50000000000000000, 55.00000000000000000 ) ) ;
#1151 = ADVANCED_FACE ( 'NONE', ( #2400 ), #2073, .T. ) ;
#1152 = VERTEX_POINT ( 'NONE', #3767 ) ;
#1153 = CARTESIAN_POINT ( 'NONE',  ( 31.24999999999999645, 62.00000000000000711, 64.50000000000000000 ) ) ;
#1154 = DIRECTION ( 'NONE',  ( 1.000000000000000000, 0.000000000000000000, 0.000000000000000000 ) ) ;
#1155 = EDGE_CURVE ( 'NONE', #2999, #70, #2098, .T. ) ;
#1156 = ORIENTED_EDGE ( 'NONE', *, *, #3001, .T. ) ;
#1157 = LINE ( 'NONE', #4201, #4152 ) ;
#1158 = CARTESIAN_POINT ( 'NONE',  ( -31.49999999999999289, 62.50000000000000000, -0.001000000000001000089 ) ) ;
#1159 = EDGE_CURVE ( 'NONE', #1853, #775, #1877, .T. ) ;
#1160 = VERTEX_POINT ( 'NONE', #2163 ) ;
#1161 = DIRECTION ( 'NONE',  ( 4.205390244792257860E-16, -1.000000000000000000, 0.000000000000000000 ) ) ;
#1162 = ADVANCED_FACE ( 'NONE', ( #434, #1775 ), #2771, .F. ) ;
#1163 = FACE_OUTER_BOUND ( 'NONE', #3205, .T. ) ;
#1164 = CIRCLE ( 'NONE', #4269, 3.750000000000010214 ) ;
#1165 = ORIENTED_EDGE ( 'NONE', *, *, #3885, .T. ) ;
#1166 = CARTESIAN_POINT ( 'NONE',  ( -37.50000000000000000, 81.49999999999998579, 0.000000000000000000 ) ) ;
#1167 = VECTOR ( 'NONE', #3830, 1000.000000000000000 ) ;
#1168 = DIRECTION ( 'NONE',  ( -1.000000000000000000, 6.123233995736766036E-17, -0.000000000000000000 ) ) ;
#1169 = DIRECTION ( 'NONE',  ( 0.000000000000000000, 0.000000000000000000, -1.000000000000000000 ) ) ;
#1170 = AXIS2_PLACEMENT_3D ( 'NONE', #1158, #1835, #3175 ) ;
#1171 = VERTEX_POINT ( 'NONE', #798 ) ;
#1172 = CARTESIAN_POINT ( 'NONE',  ( 39.18612553396977205, 62.00000000000000000, 55.42582977353487905 ) ) ;
#1173 = CIRCLE ( 'NONE', #2854, 9.999999999999991118 ) ;
#1174 = LINE ( 'NONE', #3821, #590 ) ;
#1175 = ORIENTED_EDGE ( 'NONE', *, *, #2742, .T. ) ;
#1176 = VECTOR ( 'NONE', #302, 1000.000000000000000 ) ;
#1177 = DIRECTION ( 'NONE',  ( -0.000000000000000000, -0.000000000000000000, -1.000000000000000000 ) ) ;
#1178 = ADVANCED_FACE ( 'NONE', ( #1756 ), #2490, .F. ) ;
#1179 = VECTOR ( 'NONE', #4288, 1000.000000000000114 ) ;
#1180 = CIRCLE ( 'NONE', #1037, 1.250000000000007994 ) ;
#1181 = SPHERICAL_SURFACE ( 'NONE', #3135, 6.500000000000000888 ) ;
#1182 = ORIENTED_EDGE ( 'NONE', *, *, #1802, .T. ) ;
#1183 = VECTOR ( 'NONE', #685, 1000.000000000000000 ) ;
#1184 = CARTESIAN_POINT ( 'NONE',  ( 32.50000000000000711, 48.50000000000000711, 55.00000000000000000 ) ) ;
#1185 = AXIS2_PLACEMENT_3D ( 'NONE', #3735, #3753, #2744 ) ;
#1186 = EDGE_CURVE ( 'NONE', #848, #3207, #837, .T. ) ;
#1187 = DIRECTION ( 'NONE',  ( 0.000000000000000000, 1.000000000000000000, 0.000000000000000000 ) ) ;
#1188 = UNCERTAINTY_MEASURE_WITH_UNIT (LENGTH_MEASURE( 1.000000000000000082E-05 ), #1921, 'distance_accuracy_value', 'NONE');
#1189 = ORIENTED_EDGE ( 'NONE', *, *, #2362, .F. ) ;
#1190 = DIRECTION ( 'NONE',  ( 1.000000000000000000, 0.000000000000000000, -0.000000000000000000 ) ) ;
#1191 = CARTESIAN_POINT ( 'NONE',  ( -31.24999999999999645, 69.93612553396977205, 55.42582977353487905 ) ) ;
#1192 = ORIENTED_EDGE ( 'NONE', *, *, #231, .F. ) ;
#1193 = CARTESIAN_POINT ( 'NONE',  ( -33.74999999999998579, 70.50000000000000000, 42.49999999999999289 ) ) ;
#1194 = ORIENTED_EDGE ( 'NONE', *, *, #3300, .F. ) ;
#1195 = DIRECTION ( 'NONE',  ( -1.000000000000000000, 0.000000000000000000, 0.000000000000000000 ) ) ;
#1196 = CARTESIAN_POINT ( 'NONE',  ( 39.99999999999999289, 67.70491502812524232, 51.50000000000000000 ) ) ;
#1197 = ORIENTED_EDGE ( 'NONE', *, *, #3467, .F. ) ;
#1198 = DIRECTION ( 'NONE',  ( 0.000000000000000000, 0.000000000000000000, 1.000000000000000000 ) ) ;
#1199 = DIRECTION ( 'NONE',  ( 0.000000000000000000, -0.7071067811865482389, -0.7071067811865469066 ) ) ;
#1200 = DIRECTION ( 'NONE',  ( 0.000000000000000000, 0.000000000000000000, 1.000000000000000000 ) ) ;
#1201 = VERTEX_POINT ( 'NONE', #4215 ) ;
#1202 = ADVANCED_FACE ( 'NONE', ( #3524 ), #67, .T. ) ;
#1203 = LINE ( 'NONE', #2572, #1591 ) ;
#1204 = CARTESIAN_POINT ( 'NONE',  ( -39.18612553396978626, 51.50000000000000711, 55.42582977353488616 ) ) ;
#1205 = ORIENTED_EDGE ( 'NONE', *, *, #1444, .F. ) ;
#1206 = CARTESIAN_POINT ( 'NONE',  ( -31.24999999999999645, 62.00000000000000711, 64.57417022646514226 ) ) ;
#1207 = DIRECTION ( 'NONE',  ( 0.1483404529302453090, 2.058637329081030636E-15, -0.9889363528682975080 ) ) ;
#1208 = CARTESIAN_POINT ( 'NONE',  ( 38.75000000000002132, 70.50000000000000000, 50.49999999999999289 ) ) ;
#1209 = ORIENTED_EDGE ( 'NONE', *, *, #2524, .F. ) ;
#1210 = FACE_OUTER_BOUND ( 'NONE', #3449, .T. ) ;
#1211 = CARTESIAN_POINT ( 'NONE',  ( -31.24999999999999645, 62.00000000000000711, 55.42582977353487905 ) ) ;
#1212 = ADVANCED_FACE ( 'NONE', ( #3503 ), #3833, .T. ) ;
#1213 = ORIENTED_EDGE ( 'NONE', *, *, #135, .T. ) ;
#1214 = VECTOR ( 'NONE', #1085, 1000.000000000000000 ) ;
#1215 = ORIENTED_EDGE ( 'NONE', *, *, #3249, .T. ) ;
#1216 = CYLINDRICAL_SURFACE ( 'NONE', #829, 6.250000000000000000 ) ;
#1217 = CARTESIAN_POINT ( 'NONE',  ( 37.50000000000000000, 81.49999999999998579, 0.000000000000000000 ) ) ;
#1218 = DIRECTION ( 'NONE',  ( -1.000000000000000000, 0.000000000000000000, 0.000000000000000000 ) ) ;
#1219 = ORIENTED_EDGE ( 'NONE', *, *, #306, .T. ) ;
#1220 = DIRECTION ( 'NONE',  ( -0.000000000000000000, -0.000000000000000000, -1.000000000000000000 ) ) ;
#1221 = CARTESIAN_POINT ( 'NONE',  ( 40.00000000000001421, -75.00000000000001421, 55.00000000000000000 ) ) ;
#1222 = DIRECTION ( 'NONE',  ( 0.000000000000000000, 0.000000000000000000, -1.000000000000000000 ) ) ;
#1223 = ORIENTED_EDGE ( 'NONE', *, *, #2742, .F. ) ;
#1224 = LINE ( 'NONE', #2623, #2729 ) ;
#1225 = ADVANCED_FACE ( 'NONE', ( #3878 ), #1128, .T. ) ;
#1226 = EDGE_CURVE ( 'NONE', #1782, #2967, #2799, .T. ) ;
#1227 = PLANE ( 'NONE',  #2219 ) ;
#1228 = CARTESIAN_POINT ( 'NONE',  ( 37.18059371040391881, 51.50000000000000711, 64.50000000000000000 ) ) ;
#1229 = ORIENTED_EDGE ( 'NONE', *, *, #2393, .F. ) ;
#1230 = ORIENTED_EDGE ( 'NONE', *, *, #487, .T. ) ;
#1231 = AXIS2_PLACEMENT_3D ( 'NONE', #655, #3675, #3365 ) ;
#1232 = CARTESIAN_POINT ( 'NONE',  ( -39.99999999999999289, 75.00000000000001421, 45.00000000000000000 ) ) ;
#1233 = EDGE_CURVE ( 'NONE', #717, #1489, #1114, .T. ) ;
#1234 = DIRECTION ( 'NONE',  ( -1.000000000000000000, 0.000000000000000000, 0.000000000000000000 ) ) ;
#1235 = AXIS2_PLACEMENT_3D ( 'NONE', #3043, #2722, #8 ) ;
#1236 = ORIENTED_EDGE ( 'NONE', *, *, #584, .T. ) ;
#1237 = VERTEX_POINT ( 'NONE', #1148 ) ;
#1238 = CARTESIAN_POINT ( 'NONE',  ( -40.00000000000001421, 85.00000000000000000, 55.00000000000000000 ) ) ;
#1239 = AXIS2_PLACEMENT_3D ( 'NONE', #1080, #1381, #2773 ) ;
#1240 = DIRECTION ( 'NONE',  ( 1.000000000000000000, 0.000000000000000000, 0.000000000000000000 ) ) ;
#1241 = DIRECTION ( 'NONE',  ( 1.000000000000000000, 0.000000000000000000, -0.000000000000000000 ) ) ;
#1242 = VECTOR ( 'NONE', #229, 1000.000000000000000 ) ;
#1243 = ORIENTED_EDGE ( 'NONE', *, *, #4207, .T. ) ;
#1244 = CARTESIAN_POINT ( 'NONE',  ( -40.00000000000001421, 42.29508497187474347, 51.50000000000000000 ) ) ;
#1245 = CYLINDRICAL_SURFACE ( 'NONE', #102, 2.250000000000000444 ) ;
#1246 = DIRECTION ( 'NONE',  ( 1.000000000000000000, 9.251858538542971581E-17, -0.000000000000000000 ) ) ;
#1247 = VERTEX_POINT ( 'NONE', #455 ) ;
#1248 = CONICAL_SURFACE ( 'NONE', #616, 5.599999999999999645, 0.7853981633974473908 ) ;
#1249 = DIRECTION ( 'NONE',  ( -0.000000000000000000, -0.000000000000000000, -1.000000000000000000 ) ) ;
#1250 = VECTOR ( 'NONE', #2852, 1000.000000000000000 ) ;
#1251 = CIRCLE ( 'NONE', #3139, 10.00000000000000888 ) ;
#1252 = DIRECTION ( 'NONE',  ( -0.000000000000000000, -1.000000000000000000, -0.000000000000000000 ) ) ;
#1253 = CYLINDRICAL_SURFACE ( 'NONE', #895, 3.750000000000010214 ) ;
#1254 = EDGE_LOOP ( 'NONE', ( #2878, #1192, #365, #4229 ) ) ;
#1255 = ADVANCED_FACE ( 'NONE', ( #2199 ), #2448, .F. ) ;
#1256 = CARTESIAN_POINT ( 'NONE',  ( -40.37495719069733724, 72.92190682915337163, 51.49102234263700950 ) ) ;
#1257 = CARTESIAN_POINT ( 'NONE',  ( 41.11193480383936816, 38.45789739503446469, 51.40443158485160779 ) ) ;
#1258 = ORIENTED_EDGE ( 'NONE', *, *, #134, .F. ) ;
#1259 = ORIENTED_EDGE ( 'NONE', *, *, #3957, .T. ) ;
#1260 = ADVANCED_FACE ( 'NONE', ( #133 ), #1446, .T. ) ;
#1261 = PLANE ( 'NONE',  #331 ) ;
#1262 = CARTESIAN_POINT ( 'NONE',  ( -36.24999999999999289, 39.50000000000000000, 50.49999999999999289 ) ) ;
#1263 = FACE_OUTER_BOUND ( 'NONE', #3596, .T. ) ;
#1264 = EDGE_CURVE ( 'NONE', #4381, #3668, #1486, .T. ) ;
#1265 = ORIENTED_EDGE ( 'NONE', *, *, #58, .F. ) ;
#1266 = DIRECTION ( 'NONE',  ( 0.000000000000000000, 0.000000000000000000, -1.000000000000000000 ) ) ;
#1267 = CARTESIAN_POINT ( 'NONE',  ( 41.25000000000000711, 39.50000000000000000, 42.49999999999999289 ) ) ;
#1268 = EDGE_LOOP ( 'NONE', ( #4160, #3303, #3159, #3653 ) ) ;
#1269 = LINE ( 'NONE', #1527, #259 ) ;
#1270 = CARTESIAN_POINT ( 'NONE',  ( -31.24999999999999645, 68.06940628959608830, 65.00000000000000000 ) ) ;
#1271 = CARTESIAN_POINT ( 'NONE',  ( 0.000000000000000000, 68.56387446603024216, 64.57417022646512805 ) ) ;
#1272 = ORIENTED_EDGE ( 'NONE', *, *, #3716, .T. ) ;
#1273 = VERTEX_POINT ( 'NONE', #2510 ) ;
#1274 = CARTESIAN_POINT ( 'NONE',  ( -40.00000000000000711, 73.29508497187475768, 51.50000000000000000 ) ) ;
#1275 = CARTESIAN_POINT ( 'NONE',  ( 30.75000000000000000, 51.50000000000000711, 64.50000000000000000 ) ) ;
#1276 = EDGE_CURVE ( 'NONE', #717, #1532, #3860, .T. ) ;
#1277 = VERTEX_POINT ( 'NONE', #116 ) ;
#1278 = ORIENTED_EDGE ( 'NONE', *, *, #1049, .F. ) ;
#1279 = LINE ( 'NONE', #239, #607 ) ;
#1280 = PLANE ( 'NONE',  #129 ) ;
#1281 = EDGE_CURVE ( 'NONE', #1431, #2626, #2309, .T. ) ;
#1282 = EDGE_CURVE ( 'NONE', #3756, #1152, #2938, .T. ) ;
#1283 = DIRECTION ( 'NONE',  ( -1.000000000000000000, 0.000000000000000000, 0.000000000000000000 ) ) ;
#1284 = EDGE_LOOP ( 'NONE', ( #4265, #278 ) ) ;
#1285 = DIRECTION ( 'NONE',  ( -0.000000000000000000, -0.000000000000000000, 1.000000000000000000 ) ) ;
#1286 = CARTESIAN_POINT ( 'NONE',  ( -40.00000000000001421, 75.00000000000001421, 45.00000000000000000 ) ) ;
#1287 = ADVANCED_FACE ( 'NONE', ( #1618 ), #4236, .T. ) ;
#1288 = DIRECTION ( 'NONE',  ( -9.251858538542971581E-17, 1.000000000000000000, 0.000000000000000000 ) ) ;
#1289 = ORIENTED_EDGE ( 'NONE', *, *, #3322, .T. ) ;
#1290 = DIRECTION ( 'NONE',  ( 0.000000000000000000, 0.000000000000000000, 1.000000000000000000 ) ) ;
#1291 = EDGE_CURVE ( 'NONE', #2956, #4245, #1955, .T. ) ;
#1292 = CARTESIAN_POINT ( 'NONE',  ( -31.49999999999999289, 62.50000000000000000, 54.50000000000000000 ) ) ;
#1293 = LINE ( 'NONE', #209, #2720 ) ;
#1294 = VERTEX_POINT ( 'NONE', #3250 ) ;
#1295 = DIRECTION ( 'NONE',  ( 1.000000000000000000, -0.000000000000000000, 0.000000000000000000 ) ) ;
#1296 = VECTOR ( 'NONE', #1576, 1000.000000000000000 ) ;
#1297 = PLANE ( 'NONE',  #2710 ) ;
#1298 = AXIS2_PLACEMENT_3D ( 'NONE', #2312, #4256, #276 ) ;
#1299 = VERTEX_POINT ( 'NONE', #927 ) ;
#1300 = DIRECTION ( 'NONE',  ( 0.000000000000000000, -1.000000000000000000, 0.000000000000000000 ) ) ;
#1301 = CIRCLE ( 'NONE', #1645, 3.750000000000010214 ) ;
#1302 = DIRECTION ( 'NONE',  ( -0.000000000000000000, -0.000000000000000000, -1.000000000000000000 ) ) ;
#1303 = CARTESIAN_POINT ( 'NONE',  ( -35.25000000000001421, 63.25000000000000000, 54.50000000000000000 ) ) ;
#1304 = ORIENTED_EDGE ( 'NONE', *, *, #2496, .T. ) ;
#1305 = VECTOR ( 'NONE', #1748, 1000.000000000000114 ) ;
#1306 = EDGE_CURVE ( 'NONE', #2559, #157, #1594, .T. ) ;
#1307 = CARTESIAN_POINT ( 'NONE',  ( -41.25000000000000711, 39.50000000000000000, 42.49999999999999289 ) ) ;
#1308 = AXIS2_PLACEMENT_3D ( 'NONE', #363, #2730, #1420 ) ;
#1309 = LINE ( 'NONE', #4026, #384 ) ;
#1310 = ORIENTED_EDGE ( 'NONE', *, *, #290, .F. ) ;
#1311 = ADVANCED_FACE ( 'NONE', ( #3229 ), #4280, .F. ) ;
#1312 = DIRECTION ( 'NONE',  ( 1.000000000000000000, 0.000000000000000000, 0.000000000000000000 ) ) ;
#1313 = CARTESIAN_POINT ( 'NONE',  ( -31.24999999999999645, 62.00000000000000711, 55.00000000000000000 ) ) ;
#1314 = CARTESIAN_POINT ( 'NONE',  ( 0.000000000000000000, 66.00000000000000000, 55.00000000000000000 ) ) ;
#1315 = AXIS2_PLACEMENT_3D ( 'NONE', #1840, #2121, #862 ) ;
#1316 = CARTESIAN_POINT ( 'NONE',  ( 37.50000000000000000, 39.50000000000000000, 42.49999999999999289 ) ) ;
#1317 = AXIS2_PLACEMENT_3D ( 'NONE', #4252, #580, #272 ) ;
#1318 = ORIENTED_EDGE ( 'NONE', *, *, #843, .T. ) ;
#1319 = LINE ( 'NONE', #3052, #1183 ) ;
#1320 = VECTOR ( 'NONE', #878, 1000.000000000000000 ) ;
#1321 = AXIS2_PLACEMENT_3D ( 'NONE', #4173, #3766, #85 ) ;
#1322 = DIRECTION ( 'NONE',  ( 1.000000000000000000, 0.000000000000000000, 0.000000000000000000 ) ) ;
#1323 = VERTEX_POINT ( 'NONE', #1927 ) ;
#1324 = CARTESIAN_POINT ( 'NONE',  ( -34.81940628959608830, 50.99999999999999289, 55.00000000000000000 ) ) ;
#1325 = FACE_OUTER_BOUND ( 'NONE', #17, .T. ) ;
#1326 = ORIENTED_EDGE ( 'NONE', *, *, #2774, .F. ) ;
#1327 = DIRECTION ( 'NONE',  ( 0.000000000000000000, 0.000000000000000000, -1.000000000000000000 ) ) ;
#1328 = PLANE ( 'NONE',  #3859 ) ;
#1329 = CYLINDRICAL_SURFACE ( 'NONE', #3133, 1.250000000000007994 ) ;
#1330 = EDGE_CURVE ( 'NONE', #2775, #157, #205, .T. ) ;
#1331 = ORIENTED_EDGE ( 'NONE', *, *, #2826, .F. ) ;
#1332 = LINE ( 'NONE', #3654, #4364 ) ;
#1333 = DIRECTION ( 'NONE',  ( 1.000000000000000000, 0.000000000000000000, 0.000000000000000000 ) ) ;
#1334 = DIRECTION ( 'NONE',  ( -0.000000000000000000, -1.000000000000000000, -0.000000000000000000 ) ) ;
#1335 = DIRECTION ( 'NONE',  ( 1.000000000000000000, 0.000000000000000000, 0.000000000000000000 ) ) ;
#1336 = VERTEX_POINT ( 'NONE', #3609 ) ;
#1337 = CARTESIAN_POINT ( 'NONE',  ( -40.00000000000001421, 85.00000000000000000, 0.000000000000000000 ) ) ;
#1338 = B_SPLINE_CURVE_WITH_KNOTS ( 'NONE', 3,
 ( #143, #3845, #1460, #2812, #4165, #1141, #2483, #831, #1834, #3825 ),
 .UNSPECIFIED., .F., .F.,
 ( 4, 2, 2, 2, 4 ),
 ( 5.003707553108400597E-17, 0.0007854208725105129478, 0.001570841745020975806, 0.002356262617531438338, 0.003141683490041901304 ),
 .UNSPECIFIED. ) ;
#1339 = DIRECTION ( 'NONE',  ( -1.000000000000000000, -0.000000000000000000, 0.000000000000000000 ) ) ;
#1340 = EDGE_CURVE ( 'NONE', #2294, #74, #3356, .T. ) ;
#1341 = VERTEX_POINT ( 'NONE', #4324 ) ;
#1342 = PLANE ( 'NONE',  #1874 ) ;
#1343 = EDGE_CURVE ( 'NONE', #1521, #2133, #2023, .T. ) ;
#1344 = DIRECTION ( 'NONE',  ( 0.000000000000000000, 0.000000000000000000, -1.000000000000000000 ) ) ;
#1345 = ORIENTED_EDGE ( 'NONE', *, *, #781, .T. ) ;
#1346 = FACE_BOUND ( 'NONE', #73, .T. ) ;
#1347 = CARTESIAN_POINT ( 'NONE',  ( -41.25000000000000711, 39.50000000000000000, 51.37867541108653313 ) ) ;
#1348 = VERTEX_POINT ( 'NONE', #4306 ) ;
#1349 = DIRECTION ( 'NONE',  ( 0.000000000000000000, 0.000000000000000000, 1.000000000000000000 ) ) ;
#1350 = CARTESIAN_POINT ( 'NONE',  ( -35.25000000000001421, 63.25000000000000000, 54.50000000000000000 ) ) ;
#1351 = CARTESIAN_POINT ( 'NONE',  ( -32.49999999999999289, 61.50000000000000000, 55.00000000000000000 ) ) ;
#1352 = CARTESIAN_POINT ( 'NONE',  ( 46.50000000000002132, -75.00000000000001421, 0.000000000000000000 ) ) ;
#1353 = EDGE_LOOP ( 'NONE', ( #339, #3824, #2564 ) ) ;
#1354 = ORIENTED_EDGE ( 'NONE', *, *, #1766, .T. ) ;
#1355 = CARTESIAN_POINT ( 'NONE',  ( 33.24999999999997158, 63.25000000000000000, 54.50000000000000000 ) ) ;
#1356 = EDGE_CURVE ( 'NONE', #375, #2984, #906, .T. ) ;
#1357 = EDGE_CURVE ( 'NONE', #2325, #170, #3269, .T. ) ;
#1358 = CARTESIAN_POINT ( 'NONE',  ( -37.50000000000000000, 70.50000000000000000, 50.49999999999999289 ) ) ;
#1359 = ORIENTED_EDGE ( 'NONE', *, *, #560, .T. ) ;
#1360 = ORIENTED_EDGE ( 'NONE', *, *, #4390, .F. ) ;
#1361 = DIRECTION ( 'NONE',  ( 1.000000000000000000, 0.000000000000000000, 0.000000000000000000 ) ) ;
#1362 = EDGE_CURVE ( 'NONE', #1477, #1601, #179, .T. ) ;
#1363 = DIRECTION ( 'NONE',  ( 0.000000000000000000, 0.000000000000000000, 1.000000000000000000 ) ) ;
#1364 = AXIS2_PLACEMENT_3D ( 'NONE', #3083, #1757, #2422 ) ;
#1365 = VERTEX_POINT ( 'NONE', #2554 ) ;
#1366 = CARTESIAN_POINT ( 'NONE',  ( 39.99999999999999289, 75.00000000000001421, 45.00000000000000000 ) ) ;
#1367 = VECTOR ( 'NONE', #2923, 1000.000000000000000 ) ;
#1368 = FACE_OUTER_BOUND ( 'NONE', #2317, .T. ) ;
#1369 = ORIENTED_EDGE ( 'NONE', *, *, #508, .F. ) ;
#1370 = CARTESIAN_POINT ( 'NONE',  ( 32.50000000000000711, 48.50000000000000711, 54.50000000000000000 ) ) ;
#1371 = CIRCLE ( 'NONE', #3418, 1.000000000000000888 ) ;
#1372 = CARTESIAN_POINT ( 'NONE',  ( -2.250000000000000444, -49.99999999999998579, 51.50000000000000000 ) ) ;
#1373 = FACE_OUTER_BOUND ( 'NONE', #2780, .T. ) ;
#1374 = CARTESIAN_POINT ( 'NONE',  ( -35.25000000005936585, 51.35134424482377113, 55.00000000000000000 ) ) ;
#1375 = ORIENTED_EDGE ( 'NONE', *, *, #2715, .F. ) ;
#1376 = AXIS2_PLACEMENT_3D ( 'NONE', #3117, #3856, #774 ) ;
#1377 = AXIS2_PLACEMENT_3D ( 'NONE', #1516, #3157, #2847 ) ;
#1378 = LINE ( 'NONE', #3080, #543 ) ;
#1379 = CARTESIAN_POINT ( 'NONE',  ( -31.24999999999999645, 62.00000000000000711, 65.00000000000000000 ) ) ;
#1380 = CARTESIAN_POINT ( 'NONE',  ( 2.250000000000000444, -49.99999999999998579, 51.50000000000000000 ) ) ;
#1381 = DIRECTION ( 'NONE',  ( 0.000000000000000000, 0.000000000000000000, -1.000000000000000000 ) ) ;
#1382 = EDGE_CURVE ( 'NONE', #1726, #1273, #1269, .T. ) ;
#1383 = EDGE_CURVE ( 'NONE', #749, #43, #1224, .T. ) ;
#1384 = ORIENTED_EDGE ( 'NONE', *, *, #4036, .T. ) ;
#1385 = AXIS2_PLACEMENT_3D ( 'NONE', #3794, #1825, #1503 ) ;
#1386 = VECTOR ( 'NONE', #1285, 1000.000000000000000 ) ;
#1387 = DIRECTION ( 'NONE',  ( 0.000000000000000000, 0.000000000000000000, 1.000000000000000000 ) ) ;
#1388 = DIRECTION ( 'NONE',  ( -0.000000000000000000, -0.000000000000000000, 1.000000000000000000 ) ) ;
#1389 = ORIENTED_EDGE ( 'NONE', *, *, #1021, .T. ) ;
#1390 = ORIENTED_EDGE ( 'NONE', *, *, #487, .F. ) ;
#1391 = DIRECTION ( 'NONE',  ( 0.000000000000000000, 0.000000000000000000, -1.000000000000000000 ) ) ;
#1392 = EDGE_CURVE ( 'NONE', #3257, #4381, #563, .T. ) ;
#1393 = DIRECTION ( 'NONE',  ( 0.000000000000000000, 0.000000000000000000, 1.000000000000000000 ) ) ;
#1394 = ORIENTED_EDGE ( 'NONE', *, *, #334, .T. ) ;
#1395 = CARTESIAN_POINT ( 'NONE',  ( 31.24999999999999645, 67.43612553396977205, 64.57417022646512805 ) ) ;
#1396 = DIRECTION ( 'NONE',  ( -1.000000000000000000, 0.000000000000000000, -0.000000000000000000 ) ) ;
#1397 = CARTESIAN_POINT ( 'NONE',  ( -37.18059371040391170, 51.50000000000000711, 64.50000000000000000 ) ) ;
#1398 = CARTESIAN_POINT ( 'NONE',  ( 36.24999999999999289, 39.50000000000000000, 42.49999999999999289 ) ) ;
#1399 = ORIENTED_EDGE ( 'NONE', *, *, #1905, .F. ) ;
#1400 = DIRECTION ( 'NONE',  ( 1.000000000000000000, 0.000000000000000000, 0.000000000000000000 ) ) ;
#1401 = CARTESIAN_POINT ( 'NONE',  ( -31.24999999999999645, 67.50000000000000000, 65.00000000000000000 ) ) ;
#1402 = PLANE ( 'NONE',  #303 ) ;
#1403 = DIRECTION ( 'NONE',  ( -4.205390244792257860E-16, 1.000000000000000000, -0.000000000000000000 ) ) ;
#1404 = EDGE_LOOP ( 'NONE', ( #307, #438, #4009, #1781 ) ) ;
#1405 = DIRECTION ( 'NONE',  ( -1.000000000000000000, 0.000000000000000000, -0.000000000000000000 ) ) ;
#1406 = CARTESIAN_POINT ( 'NONE',  ( -34.81940628959608830, 51.50000000000000711, 55.50000000000000000 ) ) ;
#1407 = ADVANCED_FACE ( 'NONE', ( #2880 ), #1908, .F. ) ;
#1408 = DIRECTION ( 'NONE',  ( 0.000000000000000000, 1.000000000000000000, 0.000000000000000000 ) ) ;
#1409 = VERTEX_POINT ( 'NONE', #608 ) ;
#1410 = ORIENTED_EDGE ( 'NONE', *, *, #4060, .T. ) ;
#1411 = LINE ( 'NONE', #789, #250 ) ;
#1412 = EDGE_CURVE ( 'NONE', #4136, #2702, #3540, .T. ) ;
#1413 = EDGE_CURVE ( 'NONE', #2143, #2991, #3789, .T. ) ;
#1414 = CYLINDRICAL_SURFACE ( 'NONE', #3916, 10.00000000000000888 ) ;
#1415 = ORIENTED_EDGE ( 'NONE', *, *, #2399, .T. ) ;
#1416 = CARTESIAN_POINT ( 'NONE',  ( 39.68059371040393302, 62.00000000000000711, 55.00000000000000000 ) ) ;
#1417 = EDGE_CURVE ( 'NONE', #1138, #1171, #110, .T. ) ;
#1418 = PLANE ( 'NONE',  #4357 ) ;
#1419 = CARTESIAN_POINT ( 'NONE',  ( 38.66940628959610393, 51.00000000000000711, 55.50000000000000000 ) ) ;
#1420 = DIRECTION ( 'NONE',  ( 1.000000000000000000, 0.000000000000000000, 0.000000000000000000 ) ) ;
#1421 = VERTEX_POINT ( 'NONE', #3362 ) ;
#1422 = LINE ( 'NONE', #454, #2668 ) ;
#1423 = DIRECTION ( 'NONE',  ( 1.000000000000000000, -0.000000000000000000, -0.000000000000000000 ) ) ;
#1424 = DIRECTION ( 'NONE',  ( 0.000000000000000000, -0.000000000000000000, 1.000000000000000000 ) ) ;
#1425 = CARTESIAN_POINT ( 'NONE',  ( -40.00000000000001421, 75.00000000000001421, 0.000000000000000000 ) ) ;
#1426 = VERTEX_POINT ( 'NONE', #2726 ) ;
#1427 = CARTESIAN_POINT ( 'NONE',  ( 50.00000000000002132, -75.00000000000001421, 45.00000000000000000 ) ) ;
#1428 = CARTESIAN_POINT ( 'NONE',  ( -39.99999999999999289, -81.50000000000001421, 45.00000000000000000 ) ) ;
#1429 = ORIENTED_EDGE ( 'NONE', *, *, #3439, .F. ) ;
#1430 = ORIENTED_EDGE ( 'NONE', *, *, #2853, .F. ) ;
#1431 = VERTEX_POINT ( 'NONE', #292 ) ;
#1432 = PLANE ( 'NONE',  #3648 ) ;
#1433 = DIRECTION ( 'NONE',  ( -0.000000000000000000, -0.000000000000000000, 1.000000000000000000 ) ) ;
#1434 = ADVANCED_FACE ( 'NONE', ( #341 ), #723, .T. ) ;
#1435 = ORIENTED_EDGE ( 'NONE', *, *, #2845, .F. ) ;
#1436 = CIRCLE ( 'NONE', #3910, 0.5000000000000004441 ) ;
#1437 = EDGE_CURVE ( 'NONE', #2334, #4314, #545, .T. ) ;
#1438 = EDGE_CURVE ( 'NONE', #2941, #998, #108, .T. ) ;
#1439 = DIRECTION ( 'NONE',  ( 0.000000000000000000, 0.000000000000000000, 1.000000000000000000 ) ) ;
#1440 = SPHERICAL_SURFACE ( 'NONE', #626, 0.5000000000000000000 ) ;
#1441 = AXIS2_PLACEMENT_3D ( 'NONE', #36, #1051, #1393 ) ;
#1442 = DIRECTION ( 'NONE',  ( -1.000000000000000000, 0.000000000000000000, 0.000000000000000000 ) ) ;
#1443 = ORIENTED_EDGE ( 'NONE', *, *, #1608, .F. ) ;
#1444 = EDGE_CURVE ( 'NONE', #3031, #2251, #907, .T. ) ;
#1445 = DIRECTION ( 'NONE',  ( -0.000000000000000000, -0.000000000000000000, 1.000000000000000000 ) ) ;
#1446 = CYLINDRICAL_SURFACE ( 'NONE', #2239, 10.00000000000000178 ) ;
#1447 = ORIENTED_EDGE ( 'NONE', *, *, #1490, .F. ) ;
#1448 = DIRECTION ( 'NONE',  ( -1.000000000000000000, 0.000000000000000000, 0.000000000000000000 ) ) ;
#1449 = ADVANCED_FACE ( 'NONE', ( #702 ), #3045, .F. ) ;
#1450 = VECTOR ( 'NONE', #2130, 999.9999999999998863 ) ;
#1451 = DIRECTION ( 'NONE',  ( -1.000000000000000000, 0.000000000000000000, -0.000000000000000000 ) ) ;
#1452 = ORIENTED_EDGE ( 'NONE', *, *, #3060, .F. ) ;
#1453 = CARTESIAN_POINT ( 'NONE',  ( -33.74999999999998579, 39.50000000000000000, 51.50000000000000000 ) ) ;
#1454 = AXIS2_PLACEMENT_3D ( 'NONE', #2426, #3019, #4382 ) ;
#1455 = CARTESIAN_POINT ( 'NONE',  ( -39.99999999999999289, 75.00000000000001421, 45.00000000000000000 ) ) ;
#1456 = AXIS2_PLACEMENT_3D ( 'NONE', #710, #2353, #4395 ) ;
#1457 = MECHANICAL_DESIGN_GEOMETRIC_PRESENTATION_REPRESENTATION (  '', ( #2240 ), #691 ) ;
#1458 = ORIENTED_EDGE ( 'NONE', *, *, #1362, .F. ) ;
#1459 = ORIENTED_EDGE ( 'NONE', *, *, #113, .T. ) ;
#1460 = CARTESIAN_POINT ( 'NONE',  ( 40.37372584922907492, 72.92336869028174817, 51.49109598579523350 ) ) ;
#1461 = AXIS2_PLACEMENT_3D ( 'NONE', #3026, #359, #2020 ) ;
#1462 = DIRECTION ( 'NONE',  ( -1.000000000000000000, 0.000000000000000000, 0.000000000000000000 ) ) ;
#1463 = EDGE_LOOP ( 'NONE', ( #2190, #376, #2183, #926 ) ) ;
#1464 = CARTESIAN_POINT ( 'NONE',  ( 41.11193480383938237, 69.45789739503443627, 51.40443158485160779 ) ) ;
#1465 = EDGE_CURVE ( 'NONE', #1532, #1705, #3007, .T. ) ;
#1466 = CARTESIAN_POINT ( 'NONE',  ( -46.50000000000000000, -75.00000000000001421, 55.00000000000000000 ) ) ;
#1467 = DIRECTION ( 'NONE',  ( 0.000000000000000000, 0.000000000000000000, 1.000000000000000000 ) ) ;
#1468 = ORIENTED_EDGE ( 'NONE', *, *, #306, .F. ) ;
#1469 = DIRECTION ( 'NONE',  ( 0.000000000000000000, -1.000000000000000000, 0.000000000000000000 ) ) ;
#1470 = DIRECTION ( 'NONE',  ( -1.000000000000000000, 0.000000000000000000, 0.000000000000000000 ) ) ;
#1471 = CARTESIAN_POINT ( 'NONE',  ( 38.75000000000000711, 39.50000000000000000, 42.49999999999999289 ) ) ;
#1472 = ORIENTED_EDGE ( 'NONE', *, *, #134, .T. ) ;
#1473 = CYLINDRICAL_SURFACE ( 'NONE', #3568, 0.5000000000000004441 ) ;
#1474 = EDGE_CURVE ( 'NONE', #3588, #208, #1973, .T. ) ;
#1475 = CARTESIAN_POINT ( 'NONE',  ( -46.50000000000000000, -75.00000000000001421, 45.00000000000000000 ) ) ;
#1476 = ORIENTED_EDGE ( 'NONE', *, *, #119, .T. ) ;
#1477 = VERTEX_POINT ( 'NONE', #2670 ) ;
#1478 = CARTESIAN_POINT ( 'NONE',  ( 31.24999999999999645, 62.00000000000000711, 55.50000000000000000 ) ) ;
#1479 = EDGE_CURVE ( 'NONE', #4183, #3202, #1332, .T. ) ;
#1480 = DIRECTION ( 'NONE',  ( -1.000000000000000000, 0.000000000000000000, 0.000000000000000000 ) ) ;
#1481 = ORIENTED_EDGE ( 'NONE', *, *, #1796, .F. ) ;
#1482 = DIRECTION ( 'NONE',  ( 0.000000000000000000, 0.000000000000000000, -1.000000000000000000 ) ) ;
#1483 = DIRECTION ( 'NONE',  ( -1.000000000000000000, 0.000000000000000000, 0.000000000000000000 ) ) ;
#1484 = ORIENTED_EDGE ( 'NONE', *, *, #2412, .T. ) ;
#1485 =( BOUNDED_SURFACE ( )  B_SPLINE_SURFACE ( 3, 2, ( 
 ( #2634, #4003, #4337 ),
 ( #2077, #3413, #624 ),
 ( #3462, #394, #436 ),
 ( #755, #779, #69 ),
 ( #1627, #3084, #713 ),
 ( #2324, #2298, #49 ) ),
 .UNSPECIFIED., .F., .F., .F. ) 
 B_SPLINE_SURFACE_WITH_KNOTS ( ( 4, 2, 4 ),
 ( 3, 3 ),
 ( 3.141592653589793116, 3.926990816987241395, 4.712388980384689674 ),
 ( 0.000000000000000000, 1.000000000000000000 ),
 .UNSPECIFIED. ) 
 GEOMETRIC_REPRESENTATION_ITEM ( )  RATIONAL_B_SPLINE_SURFACE ( (
 ( 1.000000000000000000, 0.7577402104053313492, 1.000000000000000000),
 ( 1.000000000000000000, 0.7578165731570074559, 1.000000000000000000),
 ( 1.000000000000000000, 0.7525038091527656015, 1.000000000000000000),
 ( 1.000000000000000000, 0.7340307785317976563, 1.000000000000000000),
 ( 1.000000000000000000, 0.7208924369588349812, 1.000000000000000000),
 ( 1.000000000000000000, 0.7071067811865376918, 1.000000000000000000) ) ) 
 REPRESENTATION_ITEM ( '' )  SURFACE ( )  );
#1486 = LINE ( 'NONE', #1166, #4218 ) ;
#1487 = CARTESIAN_POINT ( 'NONE',  ( -39.99999999999999289, -75.00000000000001421, 45.00000000000000000 ) ) ;
#1488 = CARTESIAN_POINT ( 'NONE',  ( 31.24999999999999645, 62.00000000000000711, 55.00000000000000000 ) ) ;
#1489 = VERTEX_POINT ( 'NONE', #1370 ) ;
#1490 = EDGE_CURVE ( 'NONE', #3428, #4054, #2684, .T. ) ;
#1491 = DIRECTION ( 'NONE',  ( 0.000000000000000000, 0.000000000000000000, -1.000000000000000000 ) ) ;
#1492 = DIRECTION ( 'NONE',  ( -0.000000000000000000, -0.000000000000000000, -1.000000000000000000 ) ) ;
#1493 = ORIENTED_EDGE ( 'NONE', *, *, #4235, .F. ) ;
#1494 = EDGE_CURVE ( 'NONE', #2532, #2146, #1534, .T. ) ;
#1495 = DIRECTION ( 'NONE',  ( 1.000000000000000000, 0.000000000000000000, 0.000000000000000000 ) ) ;
#1496 = DIRECTION ( 'NONE',  ( 0.1483404529302447261, -0.000000000000000000, -0.9889363528682975080 ) ) ;
#1497 = ORIENTED_EDGE ( 'NONE', *, *, #2039, .F. ) ;
#1498 = VECTOR ( 'NONE', #89, 1000.000000000000000 ) ;
#1499 = DIRECTION ( 'NONE',  ( 0.000000000000000000, 0.000000000000000000, -1.000000000000000000 ) ) ;
#1500 = DIRECTION ( 'NONE',  ( 1.000000000000000000, 0.000000000000000000, 0.000000000000000000 ) ) ;
#1501 = AXIS2_PLACEMENT_3D ( 'NONE', #679, #4374, #343 ) ;
#1502 = ORIENTED_EDGE ( 'NONE', *, *, #3770, .F. ) ;
#1503 = DIRECTION ( 'NONE',  ( 0.000000000000000000, 0.000000000000000000, -1.000000000000000000 ) ) ;
#1504 = ORIENTED_EDGE ( 'NONE', *, *, #1465, .T. ) ;
#1505 = AXIS2_PLACEMENT_3D ( 'NONE', #4386, #1070, #987 ) ;
#1506 = LINE ( 'NONE', #2203, #10 ) ;
#1507 = CARTESIAN_POINT ( 'NONE',  ( -30.75000000000000000, 51.00000000000000711, 55.50000000000000000 ) ) ;
#1508 = AXIS2_PLACEMENT_3D ( 'NONE', #2193, #1540, #556 ) ;
#1509 = ORIENTED_EDGE ( 'NONE', *, *, #3897, .T. ) ;
#1510 = DIRECTION ( 'NONE',  ( 2.202823461557850588E-16, -1.000000000000000000, 0.000000000000000000 ) ) ;
#1511 = AXIS2_PLACEMENT_3D ( 'NONE', #2924, #2901, #1958 ) ;
#1512 = FACE_OUTER_BOUND ( 'NONE', #55, .T. ) ;
#1513 = ADVANCED_FACE ( 'NONE', ( #4345 ), #382, .T. ) ;
#1514 = EDGE_LOOP ( 'NONE', ( #3156, #3086, #3128, #1389 ) ) ;
#1515 = VECTOR ( 'NONE', #4197, 1000.000000000000000 ) ;
#1516 = CARTESIAN_POINT ( 'NONE',  ( -31.24999999999999645, 62.00000000000000711, 55.50000000000000000 ) ) ;
#1517 = CARTESIAN_POINT ( 'NONE',  ( -33.25000000000001421, 44.75000000000000000, 54.50000000000000000 ) ) ;
#1518 = AXIS2_PLACEMENT_3D ( 'NONE', #45, #1686, #3032 ) ;
#1519 = AXIS2_PLACEMENT_3D ( 'NONE', #1084, #671, #2637 ) ;
#1520 = LINE ( 'NONE', #2595, #1649 ) ;
#1521 = VERTEX_POINT ( 'NONE', #1395 ) ;
#1522 = CIRCLE ( 'NONE', #841, 9.999999999999994671 ) ;
#1523 = FACE_OUTER_BOUND ( 'NONE', #1702, .T. ) ;
#1524 = EDGE_CURVE ( 'NONE', #3932, #2334, #3152, .T. ) ;
#1525 = CARTESIAN_POINT ( 'NONE',  ( -38.93487806722377087, 50.50000000006355805, 55.00000000000000000 ) ) ;
#1526 = VERTEX_POINT ( 'NONE', #1769 ) ;
#1527 = CARTESIAN_POINT ( 'NONE',  ( -38.75000000000000711, 70.50000000000000000, 50.49999999999999289 ) ) ;
#1528 = ORIENTED_EDGE ( 'NONE', *, *, #1139, .F. ) ;
#1529 = EDGE_CURVE ( 'NONE', #3094, #3891, #1837, .T. ) ;
#1530 = DIRECTION ( 'NONE',  ( -1.000000000000000000, 0.000000000000000000, 0.000000000000000000 ) ) ;
#1531 = CARTESIAN_POINT ( 'NONE',  ( -39.99999999999999289, 75.00000000000001421, 51.50000000000000000 ) ) ;
#1532 = VERTEX_POINT ( 'NONE', #3474 ) ;
#1533 = CARTESIAN_POINT ( 'NONE',  ( 37.50000000000001421, 70.50000000000000000, 50.49999999999999289 ) ) ;
#1534 =( BOUNDED_CURVE ( )  B_SPLINE_CURVE ( 3, ( #1634, #4388, #3738, #2986 ),
 .UNSPECIFIED., .F., .F. ) 
 B_SPLINE_CURVE_WITH_KNOTS ( ( 4, 4 ),
 ( 0.000000000000000000, 1.570796326794896558 ),
 .UNSPECIFIED. ) 
 CURVE ( )  GEOMETRIC_REPRESENTATION_ITEM ( )  RATIONAL_B_SPLINE_CURVE ( ( 1.000000000000000000, 0.8047378541243649375, 0.8047378541243649375, 1.000000000000000000 ) ) 
 REPRESENTATION_ITEM ( '' )  );
#1535 = CYLINDRICAL_SURFACE ( 'NONE', #1710, 10.00000000000000178 ) ;
#1536 = ORIENTED_EDGE ( 'NONE', *, *, #2774, .T. ) ;
#1537 = ORIENTED_EDGE ( 'NONE', *, *, #508, .T. ) ;
#1538 = DIRECTION ( 'NONE',  ( 1.000000000000000000, 0.000000000000000000, 0.000000000000000000 ) ) ;
#1539 = CARTESIAN_POINT ( 'NONE',  ( 0.000000000000000000, 0.000000000000000000, 54.00000000000000000 ) ) ;
#1540 = DIRECTION ( 'NONE',  ( -1.000000000000000000, 0.000000000000000000, 0.000000000000000000 ) ) ;
#1541 = EDGE_LOOP ( 'NONE', ( #3894, #2154, #1897, #4164 ) ) ;
#1542 = CARTESIAN_POINT ( 'NONE',  ( -36.68612553396977205, 62.00000000000000711, 64.57417022646512805 ) ) ;
#1543 = ADVANCED_FACE ( 'NONE', ( #3113 ), #128, .F. ) ;
#1544 = CYLINDRICAL_SURFACE ( 'NONE', #604, 0.5000000000000004441 ) ;
#1545 = EDGE_CURVE ( 'NONE', #4136, #2146, #1118, .T. ) ;
#1546 = VERTEX_POINT ( 'NONE', #3519 ) ;
#1547 = EDGE_CURVE ( 'NONE', #1323, #1703, #2765, .T. ) ;
#1548 = DIRECTION ( 'NONE',  ( -0.000000000000000000, -0.000000000000000000, 1.000000000000000000 ) ) ;
#1549 = CARTESIAN_POINT ( 'NONE',  ( 0.000000000000000000, -85.00000000000001421, 10.00000000000000000 ) ) ;
#1550 = LINE ( 'NONE', #1271, #4138 ) ;
#1551 = ORIENTED_EDGE ( 'NONE', *, *, #2132, .T. ) ;
#1552 = DIRECTION ( 'NONE',  ( -1.000000000000000000, 0.000000000000000000, 0.000000000000000000 ) ) ;
#1553 = DIRECTION ( 'NONE',  ( 1.000000000000000000, 0.000000000000000000, 0.000000000000000000 ) ) ;
#1554 = VERTEX_POINT ( 'NONE', #449 ) ;
#1555 = ORIENTED_EDGE ( 'NONE', *, *, #3939, .T. ) ;
#1556 = PLANE ( 'NONE',  #265 ) ;
#1557 = CARTESIAN_POINT ( 'NONE',  ( 38.66940628959610393, 51.00000000000000711, 55.50000000000000000 ) ) ;
#1558 = CARTESIAN_POINT ( 'NONE',  ( -37.50000000000000000, 70.50000000000000000, 42.49999999999999289 ) ) ;
#1559 = ORIENTED_EDGE ( 'NONE', *, *, #1357, .F. ) ;
#1560 = CARTESIAN_POINT ( 'NONE',  ( -39.68059371040391881, 62.00000000000000711, 55.00000000000000000 ) ) ;
#1561 = DIRECTION ( 'NONE',  ( 1.000000000000000000, 0.000000000000000000, 0.000000000000000000 ) ) ;
#1562 = DIRECTION ( 'NONE',  ( -0.000000000000000000, -0.000000000000000000, -1.000000000000000000 ) ) ;
#1563 = EDGE_CURVE ( 'NONE', #1554, #4172, #812, .T. ) ;
#1564 = ADVANCED_FACE ( 'NONE', ( #2789 ), #3809, .T. ) ;
#1565 = ORIENTED_EDGE ( 'NONE', *, *, #3678, .F. ) ;
#1566 = CARTESIAN_POINT ( 'NONE',  ( -39.99999999999999289, -75.00000000000001421, 55.00000000000000000 ) ) ;
#1567 = AXIS2_PLACEMENT_3D ( 'NONE', #392, #2772, #3412 ) ;
#1568 = DIRECTION ( 'NONE',  ( -0.000000000000000000, -0.000000000000000000, 1.000000000000000000 ) ) ;
#1569 = EDGE_CURVE ( 'NONE', #2031, #2829, #4075, .T. ) ;
#1570 = CARTESIAN_POINT ( 'NONE',  ( -39.99999999999999289, -85.00000000000001421, 55.00000000000000000 ) ) ;
#1571 = ORIENTED_EDGE ( 'NONE', *, *, #4297, .T. ) ;
#1572 = ORIENTED_EDGE ( 'NONE', *, *, #2793, .F. ) ;
#1573 = AXIS2_PLACEMENT_3D ( 'NONE', #3296, #1207, #1636 ) ;
#1574 = CARTESIAN_POINT ( 'NONE',  ( 40.00000000000002132, -75.00000000000001421, 55.00000000000000000 ) ) ;
#1575 = EDGE_CURVE ( 'NONE', #1201, #1336, #2156, .T. ) ;
#1576 = DIRECTION ( 'NONE',  ( -0.000000000000000000, -0.000000000000000000, 1.000000000000000000 ) ) ;
#1577 = CIRCLE ( 'NONE', #3558, 2.000000000000001776 ) ;
#1578 = ORIENTED_EDGE ( 'NONE', *, *, #2903, .F. ) ;
#1579 = ORIENTED_EDGE ( 'NONE', *, *, #3880, .F. ) ;
#1580 = DIRECTION ( 'NONE',  ( 0.1483404529302447261, 0.000000000000000000, 0.9889363528682976190 ) ) ;
#1581 = VECTOR ( 'NONE', #3837, 1000.000000000000000 ) ;
#1582 = DIRECTION ( 'NONE',  ( -1.000000000000000000, 0.000000000000000000, 0.000000000000000000 ) ) ;
#1583 = LINE ( 'NONE', #3288, #95 ) ;
#1584 = CIRCLE ( 'NONE', #1944, 3.750000000000010214 ) ;
#1585 = VECTOR ( 'NONE', #1692, 1000.000000000000000 ) ;
#1586 = ORIENTED_EDGE ( 'NONE', *, *, #646, .T. ) ;
#1587 =( BOUNDED_CURVE ( )  B_SPLINE_CURVE ( 3, ( #123, #2843, #2519, #491 ),
 .UNSPECIFIED., .F., .F. ) 
 B_SPLINE_CURVE_WITH_KNOTS ( ( 4, 4 ),
 ( 3.141592653589793116, 4.712388980384696779 ),
 .UNSPECIFIED. ) 
 CURVE ( )  GEOMETRIC_REPRESENTATION_ITEM ( )  RATIONAL_B_SPLINE_CURVE ( ( 1.000000000000000000, 0.8047378541243632721, 0.8047378541243632721, 1.000000000000000000 ) ) 
 REPRESENTATION_ITEM ( '' )  );
#1588 = DIRECTION ( 'NONE',  ( 0.000000000000000000, 0.000000000000000000, -1.000000000000000000 ) ) ;
#1589 = VECTOR ( 'NONE', #4363, 1000.000000000000000 ) ;
#1590 = CIRCLE ( 'NONE', #2518, 0.5000000000000004441 ) ;
#1591 = VECTOR ( 'NONE', #1615, 1000.000000000000000 ) ;
#1592 = CARTESIAN_POINT ( 'NONE',  ( 0.000000000000000000, -49.99999999999998579, 51.50000000000000000 ) ) ;
#1593 = ORIENTED_EDGE ( 'NONE', *, *, #446, .F. ) ;
#1594 = CIRCLE ( 'NONE', #105, 2.250000000000000444 ) ;
#1595 = AXIS2_PLACEMENT_3D ( 'NONE', #2161, #750, #220 ) ;
#1596 = CARTESIAN_POINT ( 'NONE',  ( 2.250000000000000444, -49.99999999999998579, -0.001000000000001000089 ) ) ;
#1597 = EDGE_CURVE ( 'NONE', #3802, #2295, #181, .T. ) ;
#1598 = AXIS2_PLACEMENT_3D ( 'NONE', #4315, #1580, #3974 ) ;
#1599 = CARTESIAN_POINT ( 'NONE',  ( 39.26174616660426153, 50.50000000000000000, 55.00000000000000000 ) ) ;
#1600 = FACE_OUTER_BOUND ( 'NONE', #2147, .T. ) ;
#1601 = VERTEX_POINT ( 'NONE', #1790 ) ;
#1602 = DIRECTION ( 'NONE',  ( 1.000000000000000000, 0.000000000000000000, 0.000000000000000000 ) ) ;
#1603 = EDGE_CURVE ( 'NONE', #3063, #644, #2833, .T. ) ;
#1604 = CARTESIAN_POINT ( 'NONE',  ( -31.24999999999999645, 62.00000000000000711, 55.50000000000000000 ) ) ;
#1605 = ORIENTED_EDGE ( 'NONE', *, *, #3246, .F. ) ;
#1606 = VERTEX_POINT ( 'NONE', #61 ) ;
#1607 = CARTESIAN_POINT ( 'NONE',  ( -37.75000000000000711, 62.00000000000000711, 65.00000000000000000 ) ) ;
#1608 = EDGE_CURVE ( 'NONE', #4080, #2454, #3815, .T. ) ;
#1609 = DIRECTION ( 'NONE',  ( -1.000000000000000000, 0.000000000000000000, -0.000000000000000000 ) ) ;
#1610 = LINE ( 'NONE', #2940, #2010 ) ;
#1611 = ORIENTED_EDGE ( 'NONE', *, *, #2922, .T. ) ;
#1612 = EDGE_LOOP ( 'NONE', ( #1430, #2733, #2619, #869 ) ) ;
#1613 = EDGE_CURVE ( 'NONE', #1152, #1201, #1522, .T. ) ;
#1614 = CARTESIAN_POINT ( 'NONE',  ( 46.49999999999999289, 75.00000000000001421, 45.00000000000000000 ) ) ;
#1615 = DIRECTION ( 'NONE',  ( 1.000000000000000000, 0.000000000000000000, -0.000000000000000000 ) ) ;
#1616 = DIRECTION ( 'NONE',  ( -0.000000000000000000, -0.000000000000000000, -1.000000000000000000 ) ) ;
#1617 = EDGE_LOOP ( 'NONE', ( #2995, #1907, #3851, #1737 ) ) ;
#1618 = FACE_OUTER_BOUND ( 'NONE', #3718, .T. ) ;
#1619 = CARTESIAN_POINT ( 'NONE',  ( 0.000000000000000000, -85.00000000000001421, 10.00000000000000000 ) ) ;
#1620 = CARTESIAN_POINT ( 'NONE',  ( 0.000000000000000000, -85.00000000000001421, 10.00000000000000000 ) ) ;
#1621 = ORIENTED_EDGE ( 'NONE', *, *, #832, .F. ) ;
#1622 = CARTESIAN_POINT ( 'NONE',  ( 0.000000000000000000, 10.00000000000000888, 51.50000000000000000 ) ) ;
#1623 = CARTESIAN_POINT ( 'NONE',  ( 40.37367259618221027, 37.07659128554813321, 51.49109639465332577 ) ) ;
#1624 = EDGE_CURVE ( 'NONE', #2904, #3172, #3495, .T. ) ;
#1625 = EDGE_LOOP ( 'NONE', ( #3258, #2788, #3752, #1633 ) ) ;
#1626 = CARTESIAN_POINT ( 'NONE',  ( 22.49999999999998934, 31.50000000000000000, 54.00000000000000000 ) ) ;
#1627 = CARTESIAN_POINT ( 'NONE',  ( 35.69493698296030715, 51.00000000000000711, 55.48052774247350527 ) ) ;
#1628 = EDGE_CURVE ( 'NONE', #3765, #2908, #2504, .T. ) ;
#1629 = ORIENTED_EDGE ( 'NONE', *, *, #2557, .F. ) ;
#1630 = CARTESIAN_POINT ( 'NONE',  ( -37.50000000000000000, 39.50000000000000000, 42.49999999999999289 ) ) ;
#1631 = FACE_OUTER_BOUND ( 'NONE', #2460, .T. ) ;
#1632 = DIRECTION ( 'NONE',  ( -1.000000000000000000, 0.000000000000000000, 0.000000000000000000 ) ) ;
#1633 = ORIENTED_EDGE ( 'NONE', *, *, #788, .F. ) ;
#1634 = CARTESIAN_POINT ( 'NONE',  ( 39.18612553396977205, 51.50000000000000711, 55.42582977353487905 ) ) ;
#1635 = DIRECTION ( 'NONE',  ( 1.000000000000000000, 0.000000000000000000, 0.000000000000000000 ) ) ;
#1636 = DIRECTION ( 'NONE',  ( -0.9889363528682973969, 0.000000000000000000, -0.1483404529302453090 ) ) ;
#1637 = DIRECTION ( 'NONE',  ( 1.000000000000000000, 0.000000000000000000, 0.000000000000000000 ) ) ;
#1638 = VERTEX_POINT ( 'NONE', #1416 ) ;
#1639 = CARTESIAN_POINT ( 'NONE',  ( -39.18612553396978626, 51.20710678118654613, 55.42582977353487905 ) ) ;
#1640 = CIRCLE ( 'NONE', #3760, 2.000000000000005329 ) ;
#1641 = AXIS2_PLACEMENT_3D ( 'NONE', #1885, #245, #1266 ) ;
#1642 = CARTESIAN_POINT ( 'NONE',  ( -2.250000000000000444, -49.99999999999998579, 54.00000000000000000 ) ) ;
#1643 = ORIENTED_EDGE ( 'NONE', *, *, #2336, .T. ) ;
#1644 = FACE_OUTER_BOUND ( 'NONE', #3993, .T. ) ;
#1645 = AXIS2_PLACEMENT_3D ( 'NONE', #2531, #3476, #1483 ) ;
#1646 = EDGE_CURVE ( 'NONE', #2967, #2760, #146, .T. ) ;
#1647 = CARTESIAN_POINT ( 'NONE',  ( -22.50000000000001066, 31.50000000000000000, 54.00000000000000000 ) ) ;
#1648 = VERTEX_POINT ( 'NONE', #744 ) ;
#1649 = VECTOR ( 'NONE', #4271, 1000.000000000000000 ) ;
#1650 = CARTESIAN_POINT ( 'NONE',  ( 49.99999999999998579, 75.00000000000001421, 55.00000000000000000 ) ) ;
#1651 = CARTESIAN_POINT ( 'NONE',  ( 31.50000000000000711, 61.50000000000001421, -0.001000000000001000089 ) ) ;
#1652 = STYLED_ITEM ( 'NONE', ( #3179 ), #1831 ) ;
#1653 = CARTESIAN_POINT ( 'NONE',  ( 39.18612553396976494, 62.00000000000000711, 55.42582977353487905 ) ) ;
#1654 = ORIENTED_EDGE ( 'NONE', *, *, #3492, .T. ) ;
#1655 = EDGE_CURVE ( 'NONE', #4295, #2553, #3892, .T. ) ;
#1656 = AXIS2_PLACEMENT_3D ( 'NONE', #1153, #2808, #4161 ) ;
#1657 = CARTESIAN_POINT ( 'NONE',  ( 31.24999999999999645, 62.00000000000000711, 55.42582977353487905 ) ) ;
#1658 = CARTESIAN_POINT ( 'NONE',  ( -34.81940628959608830, 51.50000000000000711, 55.00000000000000000 ) ) ;
#1659 = FACE_OUTER_BOUND ( 'NONE', #4330, .T. ) ;
#1660 = AXIS2_PLACEMENT_3D ( 'NONE', #1355, #3700, #1704 ) ;
#1661 = CARTESIAN_POINT ( 'NONE',  ( -34.81940628966346907, 51.23746530844346125, 55.00000000000000000 ) ) ;
#1662 = AXIS2_PLACEMENT_3D ( 'NONE', #3119, #3145, #797 ) ;
#1663 = ORIENTED_EDGE ( 'NONE', *, *, #3323, .T. ) ;
#1664 = EDGE_CURVE ( 'NONE', #3172, #1554, #2942, .T. ) ;
#1665 = DIRECTION ( 'NONE',  ( 1.000000000000000000, 2.202823461557850341E-16, 0.000000000000000000 ) ) ;
#1666 = VECTOR ( 'NONE', #1161, 1000.000000000000000 ) ;
#1667 = VECTOR ( 'NONE', #3065, 1000.000000000000000 ) ;
#1668 = DIRECTION ( 'NONE',  ( -0.000000000000000000, -0.000000000000000000, -1.000000000000000000 ) ) ;
#1669 = ORIENTED_EDGE ( 'NONE', *, *, #662, .T. ) ;
#1670 = DIRECTION ( 'NONE',  ( -1.000000000000000000, 0.000000000000000000, -0.000000000000000000 ) ) ;
#1671 = CYLINDRICAL_SURFACE ( 'NONE', #3587, 0.5000000000000004441 ) ;
#1672 = VERTEX_POINT ( 'NONE', #2620 ) ;
#1673 = DIRECTION ( 'NONE',  ( -0.000000000000000000, -0.000000000000000000, 1.000000000000000000 ) ) ;
#1674 = ORIENTED_EDGE ( 'NONE', *, *, #1340, .T. ) ;
#1675 = CARTESIAN_POINT ( 'NONE',  ( -37.50000000000000000, 70.50000000000000000, 42.49999999999999289 ) ) ;
#1676 = EDGE_LOOP ( 'NONE', ( #274, #1213, #1209, #1833, #60, #3727, #1384, #1039, #3913, #4177, #3386, #1729, #3697, #2406, #1101, #3420 ) ) ;
#1677 = EDGE_CURVE ( 'NONE', #785, #1914, #3290, .T. ) ;
#1678 = ADVANCED_FACE ( 'NONE', ( #1523 ), #539, .F. ) ;
#1679 = CARTESIAN_POINT ( 'NONE',  ( -37.31940628959608830, 51.50000000000000711, 64.50000000000000000 ) ) ;
#1680 = CARTESIAN_POINT ( 'NONE',  ( -32.49999999999999289, 61.50000000000000000, 54.50000000000000000 ) ) ;
#1681 = FACE_OUTER_BOUND ( 'NONE', #3934, .T. ) ;
#1682 = DIRECTION ( 'NONE',  ( 0.000000000000000000, 0.000000000000000000, -1.000000000000000000 ) ) ;
#1683 = ORIENTED_EDGE ( 'NONE', *, *, #3450, .F. ) ;
#1684 = ADVANCED_FACE ( 'NONE', ( #3245 ), #2943, .T. ) ;
#1685 = ORIENTED_EDGE ( 'NONE', *, *, #1842, .T. ) ;
#1686 = DIRECTION ( 'NONE',  ( -0.000000000000000000, -0.000000000000000000, -1.000000000000000000 ) ) ;
#1687 = CARTESIAN_POINT ( 'NONE',  ( 37.50000000000000000, 77.49999999999998579, 0.000000000000000000 ) ) ;
#1688 = ORIENTED_EDGE ( 'NONE', *, *, #3557, .F. ) ;
#1689 = DIRECTION ( 'NONE',  ( 0.000000000000000000, 0.000000000000000000, -1.000000000000000000 ) ) ;
#1690 = CARTESIAN_POINT ( 'NONE',  ( 31.24999999999999645, 68.50000000000000000, 65.00000000000000000 ) ) ;
#1691 = ORIENTED_EDGE ( 'NONE', *, *, #661, .F. ) ;
#1692 = DIRECTION ( 'NONE',  ( -0.000000000000000000, -0.000000000000000000, -1.000000000000000000 ) ) ;
#1693 = LINE ( 'NONE', #2016, #2992 ) ;
#1694 = EDGE_LOOP ( 'NONE', ( #1165, #3972, #3857, #185 ) ) ;
#1695 = DIRECTION ( 'NONE',  ( 0.000000000000000000, 0.000000000000000000, 1.000000000000000000 ) ) ;
#1696 = EDGE_LOOP ( 'NONE', ( #1481, #2383, #1197, #4027 ) ) ;
#1697 = DIRECTION ( 'NONE',  ( -0.000000000000000000, -0.000000000000000000, -1.000000000000000000 ) ) ;
#1698 = EDGE_CURVE ( 'NONE', #1601, #4332, #3544, .T. ) ;
#1699 = EDGE_CURVE ( 'NONE', #1067, #4314, #1089, .T. ) ;
#1700 = DIRECTION ( 'NONE',  ( 0.000000000000000000, 0.9701425001453319874, 0.2425356250363328026 ) ) ;
#1701 = CARTESIAN_POINT ( 'NONE',  ( -35.83059371040390317, 50.50000000000000000, 55.00000000000000000 ) ) ;
#1702 = EDGE_LOOP ( 'NONE', ( #2889, #483, #1458, #940 ) ) ;
#1703 = VERTEX_POINT ( 'NONE', #3943 ) ;
#1704 = DIRECTION ( 'NONE',  ( -1.000000000000000000, 0.000000000000000000, 0.000000000000000000 ) ) ;
#1705 = VERTEX_POINT ( 'NONE', #1184 ) ;
#1706 = VERTEX_POINT ( 'NONE', #3586 ) ;
#1707 = DIRECTION ( 'NONE',  ( 1.000000000000000000, 0.000000000000000000, -0.000000000000000000 ) ) ;
#1708 = FACE_OUTER_BOUND ( 'NONE', #1284, .T. ) ;
#1709 = EDGE_LOOP ( 'NONE', ( #4241, #770, #3617, #2272, #1121, #1829, #3242, #2614 ) ) ;
#1710 = AXIS2_PLACEMENT_3D ( 'NONE', #1455, #826, #4198 ) ;
#1711 = CYLINDRICAL_SURFACE ( 'NONE', #1454, 2.000000000000001776 ) ;
#1712 = CARTESIAN_POINT ( 'NONE',  ( 36.25000000000000711, 70.50000000000000000, 50.49999999999999289 ) ) ;
#1713 = EDGE_LOOP ( 'NONE', ( #966, #731, #842, #3973 ) ) ;
#1714 = CIRCLE ( 'NONE', #1573, 0.5000000000000012212 ) ;
#1715 = EDGE_LOOP ( 'NONE', ( #337, #1968 ) ) ;
#1716 = DIRECTION ( 'NONE',  ( 1.000000000000000000, 9.251858538542971581E-17, -0.000000000000000000 ) ) ;
#1717 = VECTOR ( 'NONE', #3178, 1000.000000000000000 ) ;
#1718 = DIRECTION ( 'NONE',  ( 1.000000000000000000, 0.000000000000000000, 0.000000000000000000 ) ) ;
#1719 = AXIS2_PLACEMENT_3D ( 'NONE', #920, #3912, #197 ) ;
#1720 = ORIENTED_EDGE ( 'NONE', *, *, #2462, .F. ) ;
#1721 = DIRECTION ( 'NONE',  ( -0.000000000000000000, 1.000000000000000000, -0.000000000000000000 ) ) ;
#1722 = AXIS2_PLACEMENT_3D ( 'NONE', #2767, #386, #1335 ) ;
#1723 = DIRECTION ( 'NONE',  ( 0.000000000000000000, 0.000000000000000000, -1.000000000000000000 ) ) ;
#1724 = CARTESIAN_POINT ( 'NONE',  ( -35.83059371040391028, 50.50000000000000000, 55.50000000000000000 ) ) ;
#1725 = FACE_OUTER_BOUND ( 'NONE', #708, .T. ) ;
#1726 = VERTEX_POINT ( 'NONE', #875 ) ;
#1727 =( GEOMETRIC_REPRESENTATION_CONTEXT ( 3 ) GLOBAL_UNCERTAINTY_ASSIGNED_CONTEXT ( ( #4053 ) ) GLOBAL_UNIT_ASSIGNED_CONTEXT ( ( #2197, #2551, #2507 ) ) REPRESENTATION_CONTEXT ( 'NONE', 'WORKASPACE' ) );
#1728 = VECTOR ( 'NONE', #1295, 1000.000000000000000 ) ;
#1729 = ORIENTED_EDGE ( 'NONE', *, *, #3799, .T. ) ;
#1730 = ADVANCED_FACE ( 'NONE', ( #2195 ), #3225, .T. ) ;
#1731 = DIRECTION ( 'NONE',  ( -1.347358039593636966E-16, 1.000000000000000000, -0.000000000000000000 ) ) ;
#1732 = ORIENTED_EDGE ( 'NONE', *, *, #2152, .T. ) ;
#1733 = AXIS2_PLACEMENT_3D ( 'NONE', #1622, #2270, #3276 ) ;
#1734 = VECTOR ( 'NONE', #1027, 1000.000000000000000 ) ;
#1735 = CARTESIAN_POINT ( 'NONE',  ( 35.83059371040390317, 50.50000000000000000, 55.00000000000000000 ) ) ;
#1736 = CYLINDRICAL_SURFACE ( 'NONE', #1865, 6.250000000000000000 ) ;
#1737 = ORIENTED_EDGE ( 'NONE', *, *, #3599, .F. ) ;
#1738 = ADVANCED_FACE ( 'NONE', ( #4231 ), #1544, .F. ) ;
#1739 = VECTOR ( 'NONE', #1673, 1000.000000000000000 ) ;
#1740 = DIRECTION ( 'NONE',  ( 0.000000000000000000, -1.000000000000000000, 0.000000000000000000 ) ) ;
#1741 = EDGE_CURVE ( 'NONE', #3802, #4314, #3625, .T. ) ;
#1742 = CARTESIAN_POINT ( 'NONE',  ( -22.50000000000001066, 31.50000000000000000, 54.00000000000000000 ) ) ;
#1743 = DIRECTION ( 'NONE',  ( -1.000000000000000000, 0.000000000000000000, 0.000000000000000000 ) ) ;
#1744 = VERTEX_POINT ( 'NONE', #2217 ) ;
#1745 = EDGE_LOOP ( 'NONE', ( #729, #3877, #2805, #1720 ) ) ;
#1746 = ADVANCED_FACE ( 'NONE', ( #924 ), #1245, .F. ) ;
#1747 = DIRECTION ( 'NONE',  ( -1.000000000000000000, 0.000000000000000000, 0.000000000000000000 ) ) ;
#1748 = DIRECTION ( 'NONE',  ( 0.1483404529302447261, -0.000000000000000000, -0.9889363528682975080 ) ) ;
#1749 = ADVANCED_FACE ( 'NONE', ( #171 ), #3291, .F. ) ;
#1750 = ORIENTED_EDGE ( 'NONE', *, *, #3144, .F. ) ;
#1751 = DIRECTION ( 'NONE',  ( -1.000000000000000000, -0.000000000000000000, 0.000000000000000000 ) ) ;
#1752 = FACE_OUTER_BOUND ( 'NONE', #1713, .T. ) ;
#1753 = CARTESIAN_POINT ( 'NONE',  ( 37.50000000000000000, 39.50000000000000000, 42.49999999999999289 ) ) ;
#1754 = VERTEX_POINT ( 'NONE', #1922 ) ;
#1755 = FACE_OUTER_BOUND ( 'NONE', #763, .T. ) ;
#1756 = FACE_OUTER_BOUND ( 'NONE', #2846, .T. ) ;
#1757 = DIRECTION ( 'NONE',  ( 0.000000000000000000, -1.000000000000000000, 0.000000000000000000 ) ) ;
#1758 = CARTESIAN_POINT ( 'NONE',  ( -32.49999999999999289, 48.49999999999998579, 54.50000000000000000 ) ) ;
#1759 = EDGE_LOOP ( 'NONE', ( #4200, #1194 ) ) ;
#1760 = CARTESIAN_POINT ( 'NONE',  ( -6.250000000000000000, -19.99999999999999645, 54.00000000000000000 ) ) ;
#1761 = DIRECTION ( 'NONE',  ( 0.000000000000000000, -0.1483404529302447539, 0.9889363528682976190 ) ) ;
#1762 = ORIENTED_EDGE ( 'NONE', *, *, #334, .F. ) ;
#1763 = EDGE_CURVE ( 'NONE', #2860, #2133, #1203, .T. ) ;
#1764 = ORIENTED_EDGE ( 'NONE', *, *, #77, .F. ) ;
#1765 = DIRECTION ( 'NONE',  ( -0.000000000000000000, -0.000000000000000000, -1.000000000000000000 ) ) ;
#1766 = EDGE_CURVE ( 'NONE', #4216, #975, #178, .T. ) ;
#1767 = DIRECTION ( 'NONE',  ( -1.000000000000000000, 0.000000000000000000, 0.000000000000000000 ) ) ;
#1768 = ORIENTED_EDGE ( 'NONE', *, *, #4396, .T. ) ;
#1769 = CARTESIAN_POINT ( 'NONE',  ( 36.68612553396977205, 51.50000000000000711, 64.57417022646512805 ) ) ;
#1770 = DIRECTION ( 'NONE',  ( 0.000000000000000000, 1.000000000000000000, 0.000000000000000000 ) ) ;
#1771 = DIRECTION ( 'NONE',  ( -0.1483404529302447261, 0.000000000000000000, 0.9889363528682975080 ) ) ;
#1772 = CONICAL_SURFACE ( 'NONE', #3762, 8.000000000000000000, 0.1488899476094973640 ) ;
#1773 = ORIENTED_EDGE ( 'NONE', *, *, #2357, .F. ) ;
#1774 = CARTESIAN_POINT ( 'NONE',  ( -22.49999999999999645, -71.49999999999998579, 54.00000000000000000 ) ) ;
#1775 = FACE_OUTER_BOUND ( 'NONE', #592, .T. ) ;
#1776 = DIRECTION ( 'NONE',  ( -9.251858538542971581E-17, 1.000000000000000000, 0.000000000000000000 ) ) ;
#1777 = LINE ( 'NONE', #1303, #4276 ) ;
#1778 = ORIENTED_EDGE ( 'NONE', *, *, #2476, .T. ) ;
#1779 = DIRECTION ( 'NONE',  ( 1.000000000000000000, 2.202823461557850588E-16, 0.000000000000000000 ) ) ;
#1780 = DIRECTION ( 'NONE',  ( 0.000000000000000000, 0.000000000000000000, -1.000000000000000000 ) ) ;
#1781 = ORIENTED_EDGE ( 'NONE', *, *, #364, .F. ) ;
#1782 = VERTEX_POINT ( 'NONE', #2548 ) ;
#1783 = VERTEX_POINT ( 'NONE', #559 ) ;
#1784 = DIRECTION ( 'NONE',  ( 1.000000000000000000, 0.000000000000000000, 0.000000000000000000 ) ) ;
#1785 = EDGE_CURVE ( 'NONE', #1130, #3499, #2452, .T. ) ;
#1786 = VECTOR ( 'NONE', #368, 1000.000000000000000 ) ;
#1787 = CARTESIAN_POINT ( 'NONE',  ( -37.50000000000000000, 70.50000000000000000, 42.49999999999999289 ) ) ;
#1788 = ORIENTED_EDGE ( 'NONE', *, *, #1438, .F. ) ;
#1789 = AXIS2_PLACEMENT_3D ( 'NONE', #1798, #2491, #3836 ) ;
#1790 = CARTESIAN_POINT ( 'NONE',  ( 40.00000000000002132, -81.50000000000001421, 0.000000000000000000 ) ) ;
#1791 = VECTOR ( 'NONE', #494, 1000.000000000000000 ) ;
#1792 = CARTESIAN_POINT ( 'NONE',  ( 38.93912685725051404, 51.05388656345023435, 55.46128412904577942 ) ) ;
#1793 = ORIENTED_EDGE ( 'NONE', *, *, #974, .F. ) ;
#1794 = DIRECTION ( 'NONE',  ( 1.000000000000000000, 0.000000000000000000, -0.000000000000000000 ) ) ;
#1795 = TOROIDAL_SURFACE ( 'NONE', #2652, 6.069406289596082082, 0.5000000000000000000 ) ;
#1796 = EDGE_CURVE ( 'NONE', #1409, #2220, #3311, .T. ) ;
#1797 = DIRECTION ( 'NONE',  ( 0.000000000000000000, 0.000000000000000000, 1.000000000000000000 ) ) ;
#1798 = CARTESIAN_POINT ( 'NONE',  ( -31.24999999999999645, 62.00000000000000711, 55.00000000000000000 ) ) ;
#1799 = AXIS2_PLACEMENT_3D ( 'NONE', #1976, #2990, #2047 ) ;
#1800 = VECTOR ( 'NONE', #3580, 1000.000000000000000 ) ;
#1801 = DIRECTION ( 'NONE',  ( -0.000000000000000000, -0.000000000000000000, 1.000000000000000000 ) ) ;
#1802 = EDGE_CURVE ( 'NONE', #2295, #2264, #310, .T. ) ;
#1803 = ORIENTED_EDGE ( 'NONE', *, *, #2853, .T. ) ;
#1804 = DIRECTION ( 'NONE',  ( 0.000000000000000000, 1.000000000000000000, 0.000000000000000000 ) ) ;
#1805 = AXIS2_PLACEMENT_3D ( 'NONE', #3141, #1467, #175 ) ;
#1806 = CIRCLE ( 'NONE', #4209, 1.250000000000007994 ) ;
#1807 = AXIS2_PLACEMENT_3D ( 'NONE', #1651, #4025, #4321 ) ;
#1808 = DIRECTION ( 'NONE',  ( 0.000000000000000000, 0.000000000000000000, -1.000000000000000000 ) ) ;
#1809 = AXIS2_PLACEMENT_3D ( 'NONE', #3728, #3370, #2993 ) ;
#1810 = PRESENTATION_LAYER_ASSIGNMENT (  '', '', ( #3715 ) ) ;
#1811 = ORIENTED_EDGE ( 'NONE', *, *, #231, .T. ) ;
#1812 = ORIENTED_EDGE ( 'NONE', *, *, #1987, .T. ) ;
#1813 = CARTESIAN_POINT ( 'NONE',  ( 39.99999999999999289, 75.00000000000001421, 51.50000000000000000 ) ) ;
#1814 = VECTOR ( 'NONE', #1093, 1000.000000000000000 ) ;
#1815 = CIRCLE ( 'NONE', #2944, 7.936125533969766721 ) ;
#1816 = CARTESIAN_POINT ( 'NONE',  ( -33.25000000000001421, 65.25000000000000000, 51.50000000000000000 ) ) ;
#1817 = ORIENTED_EDGE ( 'NONE', *, *, #4370, .T. ) ;
#1818 = DIRECTION ( 'NONE',  ( 6.938893903907232322E-16, -1.000000000000000000, 0.000000000000000000 ) ) ;
#1819 = EDGE_CURVE ( 'NONE', #224, #785, #3711, .T. ) ;
#1820 = LINE ( 'NONE', #430, #1167 ) ;
#1821 = EDGE_CURVE ( 'NONE', #157, #2559, #3570, .T. ) ;
#1822 = FILL_AREA_STYLE ('',( #3521 ) ) ;
#1823 = EDGE_CURVE ( 'NONE', #3428, #552, #288, .T. ) ;
#1824 = EDGE_LOOP ( 'NONE', ( #3118, #4344, #3823, #2269 ) ) ;
#1825 = DIRECTION ( 'NONE',  ( 0.000000000000000000, -1.000000000000000000, 0.000000000000000000 ) ) ;
#1826 = CARTESIAN_POINT ( 'NONE',  ( -22.50000000000001066, 31.50000000000000000, 54.00000000000000000 ) ) ;
#1827 = EDGE_CURVE ( 'NONE', #1130, #1277, #472, .T. ) ;
#1828 = CARTESIAN_POINT ( 'NONE',  ( -37.31940628959609541, 51.50000000000000711, 64.50000000000000000 ) ) ;
#1829 = ORIENTED_EDGE ( 'NONE', *, *, #1226, .T. ) ;
#1830 = DIRECTION ( 'NONE',  ( -1.850371707708594070E-16, 1.000000000000000000, -0.000000000000000000 ) ) ;
#1831 = ADVANCED_BREP_SHAPE_REPRESENTATION ( 'Enclosure_Front', ( #189, #227, #1805 ), #1727 ) ;
#1832 = CARTESIAN_POINT ( 'NONE',  ( -40.00000000000000000, -75.00000000000001421, 45.00000000000000000 ) ) ;
#1833 = ORIENTED_EDGE ( 'NONE', *, *, #1474, .T. ) ;
#1834 = CARTESIAN_POINT ( 'NONE',  ( 41.25000000000002132, 70.76173240960277155, 51.37867541108654024 ) ) ;
#1835 = DIRECTION ( 'NONE',  ( -2.202823461557850588E-16, 1.000000000000000000, 0.000000000000000000 ) ) ;
#1836 = ORIENTED_EDGE ( 'NONE', *, *, #1226, .F. ) ;
#1837 = LINE ( 'NONE', #427, #3719 ) ;
#1838 = CARTESIAN_POINT ( 'NONE',  ( 39.57161488018067530, 50.97801331072714248, 55.00000000000000000 ) ) ;
#1839 = ORIENTED_EDGE ( 'NONE', *, *, #3024, .F. ) ;
#1840 = CARTESIAN_POINT ( 'NONE',  ( -37.50000000000000000, 39.50000000000000000, 50.49999999999999289 ) ) ;
#1841 = ORIENTED_EDGE ( 'NONE', *, *, #37, .T. ) ;
#1842 = EDGE_CURVE ( 'NONE', #1431, #3515, #3774, .T. ) ;
#1843 = DIRECTION ( 'NONE',  ( -0.000000000000000000, -0.000000000000000000, -1.000000000000000000 ) ) ;
#1844 = DIRECTION ( 'NONE',  ( -0.000000000000000000, -0.000000000000000000, -1.000000000000000000 ) ) ;
#1845 = EDGE_LOOP ( 'NONE', ( #2473, #681, #4034, #257, #1982, #943, #2635, #1452, #3984, #3469, #2622, #1091, #737, #2717, #1565, #3612 ) ) ;
#1846 = FACE_OUTER_BOUND ( 'NONE', #203, .T. ) ;
#1847 = CARTESIAN_POINT ( 'NONE',  ( 6.858022075225177566E-16, -85.00000000000001421, 15.59999999999999964 ) ) ;
#1848 = ORIENTED_EDGE ( 'NONE', *, *, #3300, .T. ) ;
#1849 = ADVANCED_FACE ( 'NONE', ( #1631 ), #1328, .F. ) ;
#1850 = CARTESIAN_POINT ( 'NONE',  ( 0.000000000000000000, -19.99999999999999645, 51.50000000000000000 ) ) ;
#1851 = DIRECTION ( 'NONE',  ( 0.000000000000000000, 0.000000000000000000, 1.000000000000000000 ) ) ;
#1852 = CYLINDRICAL_SURFACE ( 'NONE', #3560, 6.500000000000005329 ) ;
#1853 = VERTEX_POINT ( 'NONE', #986 ) ;
#1854 = EDGE_CURVE ( 'NONE', #1606, #2200, #2935, .T. ) ;
#1855 = VECTOR ( 'NONE', #3055, 1000.000000000000000 ) ;
#1856 = DIRECTION ( 'NONE',  ( -0.000000000000000000, -0.000000000000000000, 1.000000000000000000 ) ) ;
#1857 = DIRECTION ( 'NONE',  ( -0.000000000000000000, 1.000000000000000000, -0.000000000000000000 ) ) ;
#1858 = AXIS2_PLACEMENT_3D ( 'NONE', #2555, #3922, #2286 ) ;
#1859 = VERTEX_POINT ( 'NONE', #3981 ) ;
#1860 = DIRECTION ( 'NONE',  ( -1.000000000000000000, 0.000000000000000000, 0.000000000000000000 ) ) ;
#1861 = ORIENTED_EDGE ( 'NONE', *, *, #1417, .F. ) ;
#1862 = CIRCLE ( 'NONE', #4199, 0.5000000000000004441 ) ;
#1863 = DIRECTION ( 'NONE',  ( 1.347358039593636966E-16, -1.000000000000000000, 0.000000000000000000 ) ) ;
#1864 = CARTESIAN_POINT ( 'NONE',  ( 38.75000000000002132, 70.50000000000000000, 42.49999999999999289 ) ) ;
#1865 = AXIS2_PLACEMENT_3D ( 'NONE', #983, #3307, #3649 ) ;
#1866 = ORIENTED_EDGE ( 'NONE', *, *, #2049, .F. ) ;
#1867 = LINE ( 'NONE', #1172, #1515 ) ;
#1868 = CIRCLE ( 'NONE', #1722, 6.500000000000005329 ) ;
#1869 = LINE ( 'NONE', #1137, #83 ) ;
#1870 = VERTEX_POINT ( 'NONE', #3330 ) ;
#1871 = ADVANCED_FACE ( 'NONE', ( #2758 ), #2681, .F. ) ;
#1872 = EDGE_CURVE ( 'NONE', #975, #877, #3431, .T. ) ;
#1873 = ORIENTED_EDGE ( 'NONE', *, *, #2124, .T. ) ;
#1874 = AXIS2_PLACEMENT_3D ( 'NONE', #3037, #328, #1670 ) ;
#1875 = CARTESIAN_POINT ( 'NONE',  ( 0.000000000000000000, -19.99999999999999645, -0.001000000000001000089 ) ) ;
#1876 = LINE ( 'NONE', #3221, #2181 ) ;
#1877 = CIRCLE ( 'NONE', #400, 3.569406289596080306 ) ;
#1878 = AXIS2_PLACEMENT_3D ( 'NONE', #2394, #3723, #2749 ) ;
#1879 = DIRECTION ( 'NONE',  ( -0.000000000000000000, -0.000000000000000000, -1.000000000000000000 ) ) ;
#1880 = EDGE_CURVE ( 'NONE', #1726, #2074, #1180, .T. ) ;
#1881 = ORIENTED_EDGE ( 'NONE', *, *, #4230, .T. ) ;
#1882 = ORIENTED_EDGE ( 'NONE', *, *, #2695, .T. ) ;
#1883 = FACE_OUTER_BOUND ( 'NONE', #3772, .T. ) ;
#1884 = AXIS2_PLACEMENT_3D ( 'NONE', #2044, #1349, #2392 ) ;
#1885 = CARTESIAN_POINT ( 'NONE',  ( 34.81940628959608830, 62.00000000000000711, 55.50000000000000000 ) ) ;
#1886 = VECTOR ( 'NONE', #2120, 1000.000000000000000 ) ;
#1887 = CARTESIAN_POINT ( 'NONE',  ( -46.50000000000001421, 75.00000000000001421, 55.00000000000000000 ) ) ;
#1888 = ORIENTED_EDGE ( 'NONE', *, *, #2557, .T. ) ;
#1889 = DIRECTION ( 'NONE',  ( -1.000000000000000000, -1.850371707708594316E-16, 0.000000000000000000 ) ) ;
#1890 = LINE ( 'NONE', #546, #819 ) ;
#1891 = DIRECTION ( 'NONE',  ( 1.000000000000000000, 0.000000000000000000, 0.000000000000000000 ) ) ;
#1892 = AXIS2_PLACEMENT_3D ( 'NONE', #872, #3240, #3554 ) ;
#1893 = ORIENTED_EDGE ( 'NONE', *, *, #1741, .F. ) ;
#1894 = CARTESIAN_POINT ( 'NONE',  ( 31.50000000000000711, 61.50000000000001421, 55.00000000000000000 ) ) ;
#1895 = PLANE ( 'NONE',  #236 ) ;
#1896 = ORIENTED_EDGE ( 'NONE', *, *, #3277, .F. ) ;
#1897 = ORIENTED_EDGE ( 'NONE', *, *, #2482, .F. ) ;
#1898 = CARTESIAN_POINT ( 'NONE',  ( 2.250000000000000000, 10.00000000000000888, -0.001000000000001000089 ) ) ;
#1899 = EDGE_CURVE ( 'NONE', #208, #3549, #4285, .T. ) ;
#1900 = ADVANCED_FACE ( 'NONE', ( #3402 ), #342, .F. ) ;
#1901 = FACE_BOUND ( 'NONE', #2050, .T. ) ;
#1902 = CARTESIAN_POINT ( 'NONE',  ( 6.858022075225177566E-16, -85.00000000000001421, 15.59999999999999964 ) ) ;
#1903 = ORIENTED_EDGE ( 'NONE', *, *, #346, .F. ) ;
#1904 = DIRECTION ( 'NONE',  ( 0.000000000000000000, 0.000000000000000000, -1.000000000000000000 ) ) ;
#1905 = EDGE_CURVE ( 'NONE', #889, #1782, #255, .T. ) ;
#1906 = CARTESIAN_POINT ( 'NONE',  ( -38.66940628959609683, 50.99999999999999289, 54.99999999999999289 ) ) ;
#1907 = ORIENTED_EDGE ( 'NONE', *, *, #3249, .F. ) ;
#1908 = CYLINDRICAL_SURFACE ( 'NONE', #2029, 2.000000000000001776 ) ;
#1909 = CARTESIAN_POINT ( 'NONE',  ( -31.24999999999999645, 62.00000000000000711, 64.50000000000000000 ) ) ;
#1910 = DIRECTION ( 'NONE',  ( 0.000000000000000000, 1.000000000000000000, 0.000000000000000000 ) ) ;
#1911 = VERTEX_POINT ( 'NONE', #1372 ) ;
#1912 = DIRECTION ( 'NONE',  ( 0.000000000000000000, 0.000000000000000000, -1.000000000000000000 ) ) ;
#1913 = CARTESIAN_POINT ( 'NONE',  ( 0.000000000000000000, -49.99999999999998579, -0.001000000000001000089 ) ) ;
#1914 = VERTEX_POINT ( 'NONE', #2349 ) ;
#1915 = ORIENTED_EDGE ( 'NONE', *, *, #3174, .F. ) ;
#1916 = DIRECTION ( 'NONE',  ( 0.1483404529302447261, 0.000000000000000000, 0.9889363528682975080 ) ) ;
#1917 = CARTESIAN_POINT ( 'NONE',  ( -37.50000000000000000, 77.49999999999998579, 3.000000000000000000 ) ) ;
#1918 = DIRECTION ( 'NONE',  ( 1.000000000000000000, 0.000000000000000000, 0.000000000000000000 ) ) ;
#1919 = VERTEX_POINT ( 'NONE', #293 ) ;
#1920 = ADVANCED_FACE ( 'NONE', ( #361 ), #1054, .F. ) ;
#1921 =( LENGTH_UNIT ( ) NAMED_UNIT ( * ) SI_UNIT ( .MILLI., .METRE. ) );
#1922 = CARTESIAN_POINT ( 'NONE',  ( 41.25000000000002132, 70.50000000000000000, 42.49999999999999289 ) ) ;
#1923 = CARTESIAN_POINT ( 'NONE',  ( -38.93912685725007350, 51.05388656344968012, 55.46128412904494098 ) ) ;
#1924 = ORIENTED_EDGE ( 'NONE', *, *, #3957, .F. ) ;
#1925 = VECTOR ( 'NONE', #48, 1000.000000000000000 ) ;
#1926 = ADVANCED_FACE ( 'NONE', ( #1974 ), #4373, .F. ) ;
#1927 = CARTESIAN_POINT ( 'NONE',  ( 22.50000000000000355, -71.49999999999998579, 54.00000000000000000 ) ) ;
#1928 = AXIS2_PLACEMENT_3D ( 'NONE', #1604, #2292, #2970 ) ;
#1929 = LINE ( 'NONE', #3271, #309 ) ;
#1930 = DIRECTION ( 'NONE',  ( 0.000000000000000000, 0.000000000000000000, 1.000000000000000000 ) ) ;
#1931 = ORIENTED_EDGE ( 'NONE', *, *, #91, .F. ) ;
#1932 = EDGE_CURVE ( 'NONE', #1744, #1294, #3352, .T. ) ;
#1933 = ORIENTED_EDGE ( 'NONE', *, *, #944, .T. ) ;
#1934 = VECTOR ( 'NONE', #4325, 1000.000000000000000 ) ;
#1935 = CARTESIAN_POINT ( 'NONE',  ( 37.50000000000001421, 70.50000000000000000, 42.49999999999999289 ) ) ;
#1936 = EDGE_CURVE ( 'NONE', #2017, #1365, #3284, .T. ) ;
#1937 = AXIS2_PLACEMENT_3D ( 'NONE', #1887, #1246, #1288 ) ;
#1938 = EDGE_LOOP ( 'NONE', ( #1688, #3421 ) ) ;
#1939 = ORIENTED_EDGE ( 'NONE', *, *, #1479, .F. ) ;
#1940 = DIRECTION ( 'NONE',  ( -1.000000000000000000, 0.000000000000000000, 0.000000000000000000 ) ) ;
#1941 = FACE_OUTER_BOUND ( 'NONE', #3044, .T. ) ;
#1942 = CARTESIAN_POINT ( 'NONE',  ( 31.24999999999999645, 69.93612553396977205, 55.42582977353487905 ) ) ;
#1943 = AXIS2_PLACEMENT_3D ( 'NONE', #1570, #3676, #3272 ) ;
#1944 = AXIS2_PLACEMENT_3D ( 'NONE', #3020, #3374, #716 ) ;
#1945 = AXIS2_PLACEMENT_3D ( 'NONE', #3398, #1765, #4115 ) ;
#1946 = ORIENTED_EDGE ( 'NONE', *, *, #4090, .T. ) ;
#1947 = DIRECTION ( 'NONE',  ( 1.850371707708594316E-16, -1.000000000000000000, 0.000000000000000000 ) ) ;
#1948 = CARTESIAN_POINT ( 'NONE',  ( -30.75000000000000000, 51.50000000000000711, 64.50000000000000000 ) ) ;
#1949 = CIRCLE ( 'NONE', #2370, 3.750000000000010214 ) ;
#1950 = AXIS2_PLACEMENT_3D ( 'NONE', #1313, #1697, #383 ) ;
#1951 = DIRECTION ( 'NONE',  ( 1.000000000000000000, 0.000000000000000000, 0.000000000000000000 ) ) ;
#1952 = ORIENTED_EDGE ( 'NONE', *, *, #2971, .F. ) ;
#1953 = VECTOR ( 'NONE', #2709, 1000.000000000000000 ) ;
#1954 = CIRCLE ( 'NONE', #617, 2.749999999999999112 ) ;
#1955 = LINE ( 'NONE', #544, #761 ) ;
#1956 = EDGE_CURVE ( 'NONE', #2264, #1409, #3315, .T. ) ;
#1957 = CARTESIAN_POINT ( 'NONE',  ( 37.50000000000000000, 81.49999999999998579, 4.000000000000000000 ) ) ;
#1958 = DIRECTION ( 'NONE',  ( 1.000000000000000000, 0.000000000000000000, 0.000000000000000000 ) ) ;
#1959 = ORIENTED_EDGE ( 'NONE', *, *, #2254, .T. ) ;
#1960 = CYLINDRICAL_SURFACE ( 'NONE', #610, 6.499999999999999112 ) ;
#1961 = EDGE_CURVE ( 'NONE', #2968, #4093, #2671, .T. ) ;
#1962 = AXIS2_PLACEMENT_3D ( 'NONE', #1539, #4227, #3911 ) ;
#1963 = DIRECTION ( 'NONE',  ( 0.1483404529302447261, 0.000000000000000000, -0.9889363528682975080 ) ) ;
#1964 = ORIENTED_EDGE ( 'NONE', *, *, #832, .T. ) ;
#1965 = DIRECTION ( 'NONE',  ( 0.000000000000000000, -1.000000000000000000, 0.000000000000000000 ) ) ;
#1966 = DIRECTION ( 'NONE',  ( 0.000000000000000000, 0.000000000000000000, -1.000000000000000000 ) ) ;
#1967 = CARTESIAN_POINT ( 'NONE',  ( -31.49999999999999289, 48.49999999999999289, 55.00000000000000000 ) ) ;
#1968 = ORIENTED_EDGE ( 'NONE', *, *, #3114, .T. ) ;
#1969 = DIRECTION ( 'NONE',  ( -1.000000000000000000, 0.000000000000000000, 0.000000000000000000 ) ) ;
#1970 = CARTESIAN_POINT ( 'NONE',  ( -35.31387446603021374, 51.20710678118654613, 55.42582977353487195 ) ) ;
#1971 = CARTESIAN_POINT ( 'NONE',  ( -40.00000000000001421, 75.00000000000001421, 0.000000000000000000 ) ) ;
#1972 = ORIENTED_EDGE ( 'NONE', *, *, #4060, .F. ) ;
#1973 = LINE ( 'NONE', #2348, #264 ) ;
#1974 = FACE_OUTER_BOUND ( 'NONE', #97, .T. ) ;
#1975 = CARTESIAN_POINT ( 'NONE',  ( 39.68059371040393302, 51.50000000000000711, 55.00000000000000000 ) ) ;
#1976 = CARTESIAN_POINT ( 'NONE',  ( -33.25000000000001421, 46.74999999999999289, 51.50000000000000000 ) ) ;
#1977 = ORIENTED_EDGE ( 'NONE', *, *, #2474, .F. ) ;
#1978 = ADVANCED_FACE ( 'NONE', ( #2703 ), #654, .F. ) ;
#1979 = DIRECTION ( 'NONE',  ( -0.000000000000000000, -0.000000000000000000, -1.000000000000000000 ) ) ;
#1980 = ORIENTED_EDGE ( 'NONE', *, *, #4099, .T. ) ;
#1981 = CYLINDRICAL_SURFACE ( 'NONE', #815, 2.250000000000000444 ) ;
#1982 = ORIENTED_EDGE ( 'NONE', *, *, #1677, .F. ) ;
#1983 = ORIENTED_EDGE ( 'NONE', *, *, #766, .T. ) ;
#1984 = DIRECTION ( 'NONE',  ( 0.000000000000000000, -1.000000000000000000, 0.000000000000000000 ) ) ;
#1985 = DIRECTION ( 'NONE',  ( -1.000000000000000000, 0.000000000000000000, 0.000000000000000000 ) ) ;
#1986 = VECTOR ( 'NONE', #2696, 1000.000000000000000 ) ;
#1987 = EDGE_CURVE ( 'NONE', #3607, #2210, #2685, .T. ) ;
#1988 = ORIENTED_EDGE ( 'NONE', *, *, #1624, .T. ) ;
#1989 = DIRECTION ( 'NONE',  ( -0.000000000000000000, -1.000000000000000000, -0.000000000000000000 ) ) ;
#1990 =( BOUNDED_CURVE ( )  B_SPLINE_CURVE ( 3, ( #1034, #4354, #1639, #1999 ),
 .UNSPECIFIED., .F., .F. ) 
 B_SPLINE_CURVE_WITH_KNOTS ( ( 4, 4 ),
 ( 1.570796326794883457, 3.141592653589793116 ),
 .UNSPECIFIED. ) 
 CURVE ( )  GEOMETRIC_REPRESENTATION_ITEM ( )  RATIONAL_B_SPLINE_CURVE ( ( 1.000000000000000000, 0.8047378541243619399, 0.8047378541243619399, 1.000000000000000000 ) ) 
 REPRESENTATION_ITEM ( '' )  );
#1991 = DIRECTION ( 'NONE',  ( 1.000000000000000000, 0.000000000000000000, 0.000000000000000000 ) ) ;
#1992 = EDGE_CURVE ( 'NONE', #4183, #3906, #2021, .T. ) ;
#1993 = ORIENTED_EDGE ( 'NONE', *, *, #3009, .T. ) ;
#1994 = DIRECTION ( 'NONE',  ( -0.000000000000000000, -0.000000000000000000, -1.000000000000000000 ) ) ;
#1995 = DIRECTION ( 'NONE',  ( 1.000000000000000000, 0.000000000000000000, 0.000000000000000000 ) ) ;
#1996 = DIRECTION ( 'NONE',  ( -1.000000000000000000, 0.000000000000000000, 0.000000000000000000 ) ) ;
#1997 = CYLINDRICAL_SURFACE ( 'NONE', #4350, 0.5000000000000004441 ) ;
#1998 = ORIENTED_EDGE ( 'NONE', *, *, #2577, .T. ) ;
#1999 = CARTESIAN_POINT ( 'NONE',  ( -39.18612553396977205, 51.50000000000000711, 55.42582977353487905 ) ) ;
#2000 = VECTOR ( 'NONE', #2231, 999.9999999999998863 ) ;
#2001 = DIRECTION ( 'NONE',  ( 1.000000000000000000, 0.000000000000000000, -0.000000000000000000 ) ) ;
#2002 = AXIS2_PLACEMENT_3D ( 'NONE', #1487, #1843, #1530 ) ;
#2003 = ORIENTED_EDGE ( 'NONE', *, *, #1306, .T. ) ;
#2004 = ORIENTED_EDGE ( 'NONE', *, *, #4148, .F. ) ;
#2005 = DIRECTION ( 'NONE',  ( 1.000000000000000000, 0.000000000000000000, 0.000000000000000000 ) ) ;
#2006 = FACE_OUTER_BOUND ( 'NONE', #3887, .T. ) ;
#2007 = EDGE_CURVE ( 'NONE', #598, #1277, #700, .T. ) ;
#2008 = EDGE_CURVE ( 'NONE', #1067, #3932, #762, .T. ) ;
#2009 = ORIENTED_EDGE ( 'NONE', *, *, #1306, .F. ) ;
#2010 = VECTOR ( 'NONE', #3890, 1000.000000000000000 ) ;
#2011 = SURFACE_STYLE_FILL_AREA ( #3686 ) ;
#2012 = CARTESIAN_POINT ( 'NONE',  ( -35.52790658498897614, 51.00000000000000000, 55.45655208726100938 ) ) ;
#2013 = VECTOR ( 'NONE', #3900, 1000.000000000000000 ) ;
#2014 = VECTOR ( 'NONE', #4110, 1000.000000000000000 ) ;
#2015 = ADVANCED_FACE ( 'NONE', ( #3336, #317 ), #724, .T. ) ;
#2016 = CARTESIAN_POINT ( 'NONE',  ( 37.81387446603024216, 62.00000000000000711, 64.57417022646512805 ) ) ;
#2017 = VERTEX_POINT ( 'NONE', #2045 ) ;
#2018 = APPLICATION_CONTEXT ( 'automotive_design' ) ;
#2019 = CIRCLE ( 'NONE', #2234, 1.250000000000007994 ) ;
#2020 = DIRECTION ( 'NONE',  ( 0.000000000000000000, 0.000000000000000000, -1.000000000000000000 ) ) ;
#2021 = LINE ( 'NONE', #1680, #2450 ) ;
#2022 = DIRECTION ( 'NONE',  ( 0.000000000000000000, 0.000000000000000000, -1.000000000000000000 ) ) ;
#2023 = CIRCLE ( 'NONE', #690, 0.5000000000000004441 ) ;
#2024 = CARTESIAN_POINT ( 'NONE',  ( 35.24999999999997868, 63.25000000000000000, 54.50000000000000000 ) ) ;
#2025 = VECTOR ( 'NONE', #3677, 999.9999999999998863 ) ;
#2026 = ORIENTED_EDGE ( 'NONE', *, *, #3444, .T. ) ;
#2027 = EDGE_LOOP ( 'NONE', ( #1578, #855 ) ) ;
#2028 = DIRECTION ( 'NONE',  ( 0.000000000000000000, -0.000000000000000000, -1.000000000000000000 ) ) ;
#2029 = AXIS2_PLACEMENT_3D ( 'NONE', #945, #1249, #3630 ) ;
#2030 = VECTOR ( 'NONE', #1965, 1000.000000000000000 ) ;
#2031 = VERTEX_POINT ( 'NONE', #3382 ) ;
#2032 = DIRECTION ( 'NONE',  ( -0.000000000000000000, 1.000000000000000000, 0.000000000000000000 ) ) ;
#2033 = ORIENTED_EDGE ( 'NONE', *, *, #3349, .T. ) ;
#2034 = DIRECTION ( 'NONE',  ( -1.000000000000000000, 0.000000000000000000, 0.000000000000000000 ) ) ;
#2035 = AXIS2_PLACEMENT_3D ( 'NONE', #4120, #2545, #3889 ) ;
#2036 = FACE_OUTER_BOUND ( 'NONE', #1033, .T. ) ;
#2037 = EDGE_LOOP ( 'NONE', ( #955, #4113, #163 ) ) ;
#2038 = CARTESIAN_POINT ( 'NONE',  ( -40.00000000000001421, 42.29508497187474347, 51.50000000000000000 ) ) ;
#2039 = EDGE_CURVE ( 'NONE', #3684, #2760, #4100, .T. ) ;
#2040 = ADVANCED_FACE ( 'NONE', ( #3581 ), #1418, .T. ) ;
#2041 = CARTESIAN_POINT ( 'NONE',  ( -31.24999999999999645, 70.43059371040391170, 55.00000000000000000 ) ) ;
#2042 = EDGE_LOOP ( 'NONE', ( #4092, #1205, #3289, #4224 ) ) ;
#2043 = EDGE_CURVE ( 'NONE', #4093, #4172, #2213, .T. ) ;
#2044 = CARTESIAN_POINT ( 'NONE',  ( 37.50000000000000000, 77.49999999999998579, 0.000000000000000000 ) ) ;
#2045 = CARTESIAN_POINT ( 'NONE',  ( -2.250000000000000000, 10.00000000000000888, 54.00000000000000000 ) ) ;
#2046 = CARTESIAN_POINT ( 'NONE',  ( 37.50000000000000000, 81.49999999999998579, 4.000000000000000000 ) ) ;
#2047 = DIRECTION ( 'NONE',  ( -1.000000000000000000, 0.000000000000000000, 0.000000000000000000 ) ) ;
#2048 = ORIENTED_EDGE ( 'NONE', *, *, #252, .F. ) ;
#2049 = EDGE_CURVE ( 'NONE', #659, #811, #1111, .T. ) ;
#2050 = EDGE_LOOP ( 'NONE', ( #2398, #1229 ) ) ;
#2051 =( BOUNDED_CURVE ( )  B_SPLINE_CURVE ( 3, ( #3566, #1599, #3251, #1975 ),
 .UNSPECIFIED., .F., .F. ) 
 B_SPLINE_CURVE_WITH_KNOTS ( ( 4, 4 ),
 ( 4.712388980384689674, 6.283185307179586232 ),
 .UNSPECIFIED. ) 
 CURVE ( )  GEOMETRIC_REPRESENTATION_ITEM ( )  RATIONAL_B_SPLINE_CURVE ( ( 1.000000000000000000, 0.8047378541243649375, 0.8047378541243649375, 1.000000000000000000 ) ) 
 REPRESENTATION_ITEM ( '' )  );
#2052 = CARTESIAN_POINT ( 'NONE',  ( -36.75000000000000711, 51.50000000000000711, 65.00000000000000000 ) ) ;
#2053 = AXIS2_PLACEMENT_3D ( 'NONE', #3600, #938, #1582 ) ;
#2054 = CARTESIAN_POINT ( 'NONE',  ( 33.24999999999997158, 65.25000000000000000, 51.50000000000000000 ) ) ;
#2055 = DIRECTION ( 'NONE',  ( -1.000000000000000000, 0.000000000000000000, 0.000000000000000000 ) ) ;
#2056 = ORIENTED_EDGE ( 'NONE', *, *, #1129, .F. ) ;
#2057 = FACE_OUTER_BOUND ( 'NONE', #1715, .T. ) ;
#2058 = CARTESIAN_POINT ( 'NONE',  ( -40.00000000000001421, 75.00000000000001421, 55.00000000000000000 ) ) ;
#2059 = ORIENTED_EDGE ( 'NONE', *, *, #1438, .T. ) ;
#2060 = ORIENTED_EDGE ( 'NONE', *, *, #709, .F. ) ;
#2061 = DIRECTION ( 'NONE',  ( 0.000000000000000000, 0.000000000000000000, -1.000000000000000000 ) ) ;
#2062 = PLANE ( 'NONE',  #3341 ) ;
#2063 = ADVANCED_FACE ( 'NONE', ( #2872 ), #1095, .F. ) ;
#2064 = ORIENTED_EDGE ( 'NONE', *, *, #3439, .T. ) ;
#2065 = CARTESIAN_POINT ( 'NONE',  ( 40.68252792856838340, 41.50063291221735540, 51.46592249674498021 ) ) ;
#2066 = DIRECTION ( 'NONE',  ( 4.205390244792257367E-16, -1.000000000000000000, 0.000000000000000000 ) ) ;
#2067 = DIRECTION ( 'NONE',  ( 0.1483404529302447261, 0.000000000000000000, 0.9889363528682976190 ) ) ;
#2068 = ADVANCED_FACE ( 'NONE', ( #1073, #2891, #2440, #3758 ), #81, .T. ) ;
#2069 = CARTESIAN_POINT ( 'NONE',  ( -41.11295822995902682, 69.46152375961789005, 51.40425117483942330 ) ) ;
#2070 = EDGE_CURVE ( 'NONE', #3130, #4381, #4248, .T. ) ;
#2071 = ORIENTED_EDGE ( 'NONE', *, *, #3009, .F. ) ;
#2072 = ORIENTED_EDGE ( 'NONE', *, *, #2365, .T. ) ;
#2073 = PLANE ( 'NONE',  #4144 ) ;
#2074 = VERTEX_POINT ( 'NONE', #2791 ) ;
#2075 = LINE ( 'NONE', #660, #3405 ) ;
#2076 = ADVANCED_FACE ( 'NONE', ( #1123 ), #1440, .T. ) ;
#2077 = CARTESIAN_POINT ( 'NONE',  ( 35.31387446603139324, 51.36873265422137536, 55.42582977354276608 ) ) ;
#2078 = ORIENTED_EDGE ( 'NONE', *, *, #1417, .T. ) ;
#2079 = AXIS2_PLACEMENT_3D ( 'NONE', #1358, #1668, #3017 ) ;
#2080 = CARTESIAN_POINT ( 'NONE',  ( -37.50000000000000000, 70.50000000000000000, 42.49999999999999289 ) ) ;
#2081 = ADVANCED_FACE ( 'NONE', ( #1901, #2192 ), #2116, .T. ) ;
#2082 = DIRECTION ( 'NONE',  ( 0.000000000000000000, 0.000000000000000000, 1.000000000000000000 ) ) ;
#2083 = ORIENTED_EDGE ( 'NONE', *, *, #373, .T. ) ;
#2084 = VECTOR ( 'NONE', #4238, 1000.000000000000000 ) ;
#2085 = ORIENTED_EDGE ( 'NONE', *, *, #356, .T. ) ;
#2086 = DIRECTION ( 'NONE',  ( 0.000000000000000000, 0.000000000000000000, -1.000000000000000000 ) ) ;
#2087 = DIRECTION ( 'NONE',  ( 0.000000000000000000, 0.000000000000000000, -1.000000000000000000 ) ) ;
#2088 = AXIS2_PLACEMENT_3D ( 'NONE', #597, #3241, #4299 ) ;
#2089 = ORIENTED_EDGE ( 'NONE', *, *, #3144, .T. ) ;
#2090 = DIRECTION ( 'NONE',  ( 1.000000000000000000, -0.000000000000000000, -0.000000000000000000 ) ) ;
#2091 = AXIS2_PLACEMENT_3D ( 'NONE', #1753, #2443, #15 ) ;
#2092 = DIRECTION ( 'NONE',  ( -0.000000000000000000, -0.000000000000000000, -1.000000000000000000 ) ) ;
#2093 = SPHERICAL_SURFACE ( 'NONE', #3337, 0.5000000000000000000 ) ;
#2094 = DIRECTION ( 'NONE',  ( -1.000000000000000000, 0.000000000000000000, 0.000000000000000000 ) ) ;
#2095 = ORIENTED_EDGE ( 'NONE', *, *, #1343, .F. ) ;
#2096 = AXIS2_PLACEMENT_3D ( 'NONE', #3299, #2252, #1602 ) ;
#2097 = PLANE ( 'NONE',  #3791 ) ;
#2098 = LINE ( 'NONE', #3440, #542 ) ;
#2099 = ADVANCED_FACE ( 'NONE', ( #3787 ), #192, .T. ) ;
#2100 = AXIS2_PLACEMENT_3D ( 'NONE', #963, #4006, #4341 ) ;
#2101 = DIRECTION ( 'NONE',  ( 0.000000000000000000, -0.000000000000000000, -1.000000000000000000 ) ) ;
#2102 = DIRECTION ( 'NONE',  ( 1.000000000000000000, 0.000000000000000000, 0.000000000000000000 ) ) ;
#2103 = EDGE_LOOP ( 'NONE', ( #138, #3726 ) ) ;
#2104 = AXIS2_PLACEMENT_3D ( 'NONE', #80, #2090, #1439 ) ;
#2105 = VECTOR ( 'NONE', #2770, 1000.000000000000000 ) ;
#2106 = DIRECTION ( 'NONE',  ( -0.000000000000000000, -0.000000000000000000, 1.000000000000000000 ) ) ;
#2107 = EDGE_CURVE ( 'NONE', #564, #806, #853, .T. ) ;
#2108 = DIRECTION ( 'NONE',  ( -0.000000000000000000, -0.000000000000000000, -1.000000000000000000 ) ) ;
#2109 = ORIENTED_EDGE ( 'NONE', *, *, #204, .T. ) ;
#2110 = ORIENTED_EDGE ( 'NONE', *, *, #2229, .F. ) ;
#2111 = CARTESIAN_POINT ( 'NONE',  ( -41.11193480383936816, 40.54210260496554241, 51.40443158485160779 ) ) ;
#2112 = AXIS2_PLACEMENT_3D ( 'NONE', #512, #1770, #428 ) ;
#2113 = CARTESIAN_POINT ( 'NONE',  ( 40.00000000000001421, -75.00000000000001421, 45.00000000000000000 ) ) ;
#2114 = ORIENTED_EDGE ( 'NONE', *, *, #1479, .T. ) ;
#2115 = CARTESIAN_POINT ( 'NONE',  ( 40.68225330582851740, 68.49895830006636288, 51.46594881208510941 ) ) ;
#2116 = PLANE ( 'NONE',  #4081 ) ;
#2117 = CARTESIAN_POINT ( 'NONE',  ( 35.24999999999997868, 63.25000000000000000, 54.50000000000000000 ) ) ;
#2118 = DIRECTION ( 'NONE',  ( -1.000000000000000000, 0.000000000000000000, 0.000000000000000000 ) ) ;
#2119 = ORIENTED_EDGE ( 'NONE', *, *, #497, .T. ) ;
#2120 = DIRECTION ( 'NONE',  ( -0.000000000000000000, -0.000000000000000000, 1.000000000000000000 ) ) ;
#2121 = DIRECTION ( 'NONE',  ( 0.000000000000000000, 0.000000000000000000, -1.000000000000000000 ) ) ;
#2122 = FACE_OUTER_BOUND ( 'NONE', #3176, .T. ) ;
#2123 = CARTESIAN_POINT ( 'NONE',  ( -31.49999999999999289, 62.50000000000000000, 55.00000000000000000 ) ) ;
#2124 = EDGE_CURVE ( 'NONE', #3803, #4015, #4372, .T. ) ;
#2125 = VERTEX_POINT ( 'NONE', #2238 ) ;
#2126 = DIRECTION ( 'NONE',  ( -0.000000000000000000, 1.000000000000000000, -0.000000000000000000 ) ) ;
#2127 = DIRECTION ( 'NONE',  ( -1.000000000000000000, -0.000000000000000000, 0.000000000000000000 ) ) ;
#2128 = ORIENTED_EDGE ( 'NONE', *, *, #2457, .F. ) ;
#2129 = ORIENTED_EDGE ( 'NONE', *, *, #560, .F. ) ;
#2130 = DIRECTION ( 'NONE',  ( -0.000000000000000000, 0.1483404529302447539, 0.9889363528682976190 ) ) ;
#2131 = DIRECTION ( 'NONE',  ( 0.000000000000000000, 0.000000000000000000, 1.000000000000000000 ) ) ;
#2132 = EDGE_CURVE ( 'NONE', #74, #3031, #3226, .T. ) ;
#2133 = VERTEX_POINT ( 'NONE', #534 ) ;
#2134 = DIRECTION ( 'NONE',  ( -1.347358039593636966E-16, 1.000000000000000000, -0.000000000000000000 ) ) ;
#2135 = EDGE_CURVE ( 'NONE', #3359, #564, #1876, .T. ) ;
#2136 = CARTESIAN_POINT ( 'NONE',  ( 39.18612553396978626, 51.50000000000000711, 55.42582977353488616 ) ) ;
#2137 = EDGE_LOOP ( 'NONE', ( #3079, #4068, #332, #358 ) ) ;
#2138 = DIRECTION ( 'NONE',  ( -1.000000000000000000, -0.000000000000000000, -0.000000000000000000 ) ) ;
#2139 = CARTESIAN_POINT ( 'NONE',  ( -22.49999999999999645, -71.49999999999998579, 54.00000000000000000 ) ) ;
#2140 = VECTOR ( 'NONE', #1388, 1000.000000000000000 ) ;
#2141 = DIRECTION ( 'NONE',  ( 0.000000000000000000, 0.000000000000000000, -1.000000000000000000 ) ) ;
#2142 = DIRECTION ( 'NONE',  ( -0.000000000000000000, -0.000000000000000000, -1.000000000000000000 ) ) ;
#2143 = VERTEX_POINT ( 'NONE', #216 ) ;
#2144 = LINE ( 'NONE', #2864, #759 ) ;
#2145 = CARTESIAN_POINT ( 'NONE',  ( 50.00000000000002132, -75.00000000000001421, 55.00000000000000000 ) ) ;
#2146 = VERTEX_POINT ( 'NONE', #1557 ) ;
#2147 = EDGE_LOOP ( 'NONE', ( #2608, #1058, #1243, #1143, #2215 ) ) ;
#2148 = ORIENTED_EDGE ( 'NONE', *, *, #369, .F. ) ;
#2149 = CARTESIAN_POINT ( 'NONE',  ( -38.66940628959609683, 51.00000000000000711, 55.50000000000000000 ) ) ;
#2150 = AXIS2_PLACEMENT_3D ( 'NONE', #3256, #933, #262 ) ;
#2151 = ADVANCED_FACE ( 'NONE', ( #2679 ), #1671, .F. ) ;
#2152 = EDGE_CURVE ( 'NONE', #1859, #3891, #241, .T. ) ;
#2153 = CARTESIAN_POINT ( 'NONE',  ( 39.25000000000000711, 51.50000000000000711, 55.00000000000001421 ) ) ;
#2154 = ORIENTED_EDGE ( 'NONE', *, *, #3054, .F. ) ;
#2155 = AXIS2_PLACEMENT_3D ( 'NONE', #1619, #1334, #2022 ) ;
#2156 = LINE ( 'NONE', #2466, #3576 ) ;
#2157 = EDGE_CURVE ( 'NONE', #4114, #791, #4022, .T. ) ;
#2158 = AXIS2_PLACEMENT_3D ( 'NONE', #4368, #289, #3717 ) ;
#2159 = CARTESIAN_POINT ( 'NONE',  ( 38.93487806722298927, 50.50000000006355805, 55.00000000000000000 ) ) ;
#2160 = ORIENTED_EDGE ( 'NONE', *, *, #1613, .F. ) ;
#2161 = CARTESIAN_POINT ( 'NONE',  ( -39.99999999999999289, -75.00000000000001421, 45.00000000000000000 ) ) ;
#2162 = CIRCLE ( 'NONE', #2230, 0.5000000000000004441 ) ;
#2163 = CARTESIAN_POINT ( 'NONE',  ( 40.00000000000002132, -75.00000000000001421, 51.50000000000000000 ) ) ;
#2164 = LINE ( 'NONE', #3166, #3266 ) ;
#2165 = TOROIDAL_SURFACE ( 'NONE', #3853, 8.430593710403917029, 0.5000000000000000000 ) ;
#2166 = DIRECTION ( 'NONE',  ( 0.000000000000000000, 0.000000000000000000, -1.000000000000000000 ) ) ;
#2167 = ORIENTED_EDGE ( 'NONE', *, *, #2591, .T. ) ;
#2168 = CARTESIAN_POINT ( 'NONE',  ( 37.50000000000000000, 39.50000000000000000, 51.50000000000000000 ) ) ;
#2169 = VECTOR ( 'NONE', #3613, 1000.000000000000000 ) ;
#2170 = DIRECTION ( 'NONE',  ( -1.000000000000000000, 0.000000000000000000, 0.000000000000000000 ) ) ;
#2171 = VECTOR ( 'NONE', #3564, 1000.000000000000000 ) ;
#2172 = VECTOR ( 'NONE', #199, 1000.000000000000000 ) ;
#2173 = ORIENTED_EDGE ( 'NONE', *, *, #26, .T. ) ;
#2174 = LINE ( 'NONE', #493, #2246 ) ;
#2175 = AXIS2_PLACEMENT_3D ( 'NONE', #11, #2330, #3673 ) ;
#2176 = CYLINDRICAL_SURFACE ( 'NONE', #533, 0.5000000000000012212 ) ;
#2177 = ORIENTED_EDGE ( 'NONE', *, *, #1563, .F. ) ;
#2178 = ADVANCED_FACE ( 'NONE', ( #3666 ), #2323, .F. ) ;
#2179 = ADVANCED_FACE ( 'NONE', ( #919, #1941 ), #1000, .T. ) ;
#2180 = DIRECTION ( 'NONE',  ( -1.850371707708594316E-16, 1.000000000000000000, 0.000000000000000000 ) ) ;
#2181 = VECTOR ( 'NONE', #2566, 1000.000000000000000 ) ;
#2182 = CARTESIAN_POINT ( 'NONE',  ( -37.50000000000000000, 77.49999999999998579, 0.000000000000000000 ) ) ;
#2183 = ORIENTED_EDGE ( 'NONE', *, *, #1382, .T. ) ;
#2184 = DIRECTION ( 'NONE',  ( 1.000000000000000000, 0.000000000000000000, 0.000000000000000000 ) ) ;
#2185 = DIRECTION ( 'NONE',  ( -0.000000000000000000, -0.000000000000000000, -1.000000000000000000 ) ) ;
#2186 = LINE ( 'NONE', #2472, #1581 ) ;
#2187 = ORIENTED_EDGE ( 'NONE', *, *, #3244, .T. ) ;
#2188 = CARTESIAN_POINT ( 'NONE',  ( 37.50000000000000000, 81.49999999999998579, 0.000000000000000000 ) ) ;
#2189 = FACE_OUTER_BOUND ( 'NONE', #935, .T. ) ;
#2190 = ORIENTED_EDGE ( 'NONE', *, *, #2953, .F. ) ;
#2191 = DIRECTION ( 'NONE',  ( -1.000000000000000000, 0.000000000000000000, 0.000000000000000000 ) ) ;
#2192 = FACE_OUTER_BOUND ( 'NONE', #593, .T. ) ;
#2193 = CARTESIAN_POINT ( 'NONE',  ( -31.24999999999999645, 67.93059371040391170, 64.50000000000000000 ) ) ;
#2194 = ORIENTED_EDGE ( 'NONE', *, *, #3446, .T. ) ;
#2195 = FACE_OUTER_BOUND ( 'NONE', #917, .T. ) ;
#2196 = ADVANCED_FACE ( 'NONE', ( #2006 ), #3350, .F. ) ;
#2197 =( LENGTH_UNIT ( ) NAMED_UNIT ( * ) SI_UNIT ( .MILLI., .METRE. ) );
#2198 = EDGE_LOOP ( 'NONE', ( #3460, #4062, #3660, #2211 ) ) ;
#2199 = FACE_OUTER_BOUND ( 'NONE', #347, .T. ) ;
#2200 = VERTEX_POINT ( 'NONE', #4334 ) ;
#2201 = ADVANCED_FACE ( 'NONE', ( #2656 ), #2297, .F. ) ;
#2202 = EDGE_CURVE ( 'NONE', #2535, #4114, #423, .T. ) ;
#2203 = CARTESIAN_POINT ( 'NONE',  ( -22.50000000000001066, 31.50000000000000000, 55.00000000000000000 ) ) ;
#2204 = ORIENTED_EDGE ( 'NONE', *, *, #1569, .T. ) ;
#2205 = CARTESIAN_POINT ( 'NONE',  ( 39.99999999999999289, 75.00000000000001421, 55.00000000000000000 ) ) ;
#2206 = ORIENTED_EDGE ( 'NONE', *, *, #2903, .T. ) ;
#2207 = CARTESIAN_POINT ( 'NONE',  ( 0.000000000000000000, -85.00000000000001421, 4.400000000000000355 ) ) ;
#2208 = ADVANCED_FACE ( 'NONE', ( #1325 ), #1280, .F. ) ;
#2209 = DIRECTION ( 'NONE',  ( -1.000000000000000000, 0.000000000000000000, -0.000000000000000000 ) ) ;
#2210 = VERTEX_POINT ( 'NONE', #2633 ) ;
#2211 = ORIENTED_EDGE ( 'NONE', *, *, #1131, .F. ) ;
#2212 = DIRECTION ( 'NONE',  ( -1.000000000000000000, 0.000000000000000000, 0.000000000000000000 ) ) ;
#2213 = LINE ( 'NONE', #1517, #2446 ) ;
#2214 = CARTESIAN_POINT ( 'NONE',  ( 0.000000000000000000, 68.06940628959610251, 65.00000000000000000 ) ) ;
#2215 = ORIENTED_EDGE ( 'NONE', *, *, #805, .T. ) ;
#2216 = CIRCLE ( 'NONE', #3548, 5.930593710403917918 ) ;
#2217 = CARTESIAN_POINT ( 'NONE',  ( 33.75000000000000000, 70.50000000000000000, 51.50000000000000000 ) ) ;
#2218 = SPHERICAL_SURFACE ( 'NONE', #18, 10.00000000000000000 ) ;
#2219 = AXIS2_PLACEMENT_3D ( 'NONE', #254, #3591, #2267 ) ;
#2220 = VERTEX_POINT ( 'NONE', #2937 ) ;
#2221 = DIRECTION ( 'NONE',  ( 0.000000000000000000, -0.000000000000000000, -1.000000000000000000 ) ) ;
#2222 = VECTOR ( 'NONE', #699, 1000.000000000000000 ) ;
#2223 = CARTESIAN_POINT ( 'NONE',  ( 37.50000000000000000, 39.50000000000000000, 50.49999999999999289 ) ) ;
#2224 = AXIS2_PLACEMENT_3D ( 'NONE', #2453, #2423, #3771 ) ;
#2225 = VECTOR ( 'NONE', #268, 1000.000000000000000 ) ;
#2226 = ORIENTED_EDGE ( 'NONE', *, *, #3551, .T. ) ;
#2227 = ADVANCED_FACE ( 'NONE', ( #3326 ), #4298, .F. ) ;
#2228 = CARTESIAN_POINT ( 'NONE',  ( 40.00000000000001421, -75.00000000000001421, 55.00000000000000000 ) ) ;
#2229 = EDGE_CURVE ( 'NONE', #4309, #3396, #284, .T. ) ;
#2230 = AXIS2_PLACEMENT_3D ( 'NONE', #1828, #1891, #1169 ) ;
#2231 = DIRECTION ( 'NONE',  ( -0.1483404529302447539, -0.000000000000000000, 0.9889363528682976190 ) ) ;
#2232 = ORIENTED_EDGE ( 'NONE', *, *, #3379, .F. ) ;
#2233 = ORIENTED_EDGE ( 'NONE', *, *, #1139, .T. ) ;
#2234 = AXIS2_PLACEMENT_3D ( 'NONE', #1533, #2609, #3661 ) ;
#2235 = EDGE_CURVE ( 'NONE', #749, #1348, #575, .T. ) ;
#2236 = AXIS2_PLACEMENT_3D ( 'NONE', #2875, #3915, #2245 ) ;
#2237 = LINE ( 'NONE', #936, #3720 ) ;
#2238 = CARTESIAN_POINT ( 'NONE',  ( 39.99999999999999289, 84.99999999999998579, 0.000000000000000000 ) ) ;
#2239 = AXIS2_PLACEMENT_3D ( 'NONE', #4155, #777, #3479 ) ;
#2240 = STYLED_ITEM ( 'NONE', ( #3603 ), #189 ) ;
#2241 = DIRECTION ( 'NONE',  ( 0.000000000000000000, 0.000000000000000000, 1.000000000000000000 ) ) ;
#2242 = EDGE_CURVE ( 'NONE', #1706, #3257, #3975, .T. ) ;
#2243 = ORIENTED_EDGE ( 'NONE', *, *, #3114, .F. ) ;
#2244 = LINE ( 'NONE', #2489, #2801 ) ;
#2245 = DIRECTION ( 'NONE',  ( -1.000000000000000000, 0.000000000000000000, -1.067522139062650671E-15 ) ) ;
#2246 = VECTOR ( 'NONE', #267, 1000.000000000000000 ) ;
#2247 = CARTESIAN_POINT ( 'NONE',  ( -39.19723266361802416, 50.60777312689968710, 55.00000000000000000 ) ) ;
#2248 = ORIENTED_EDGE ( 'NONE', *, *, #26, .F. ) ;
#2249 = DIRECTION ( 'NONE',  ( -1.000000000000000000, 0.000000000000000000, 0.000000000000000000 ) ) ;
#2250 = CYLINDRICAL_SURFACE ( 'NONE', #3705, 2.749999999999999112 ) ;
#2251 = VERTEX_POINT ( 'NONE', #4001 ) ;
#2252 = DIRECTION ( 'NONE',  ( -0.000000000000000000, -0.000000000000000000, 1.000000000000000000 ) ) ;
#2253 = CARTESIAN_POINT ( 'NONE',  ( -40.00000000000001421, 36.70491502812525653, 51.50000000000000000 ) ) ;
#2254 = EDGE_CURVE ( 'NONE', #1426, #2251, #3260, .T. ) ;
#2255 = ORIENTED_EDGE ( 'NONE', *, *, #2850, .T. ) ;
#2256 = EDGE_LOOP ( 'NONE', ( #3238, #2674, #988, #3155 ) ) ;
#2257 = CARTESIAN_POINT ( 'NONE',  ( -40.00000000000001421, -75.00000000000001421, 51.50000000000000000 ) ) ;
#2258 = DIRECTION ( 'NONE',  ( -1.000000000000000000, -2.202823461557850341E-16, -0.000000000000000000 ) ) ;
#2259 = CARTESIAN_POINT ( 'NONE',  ( 0.000000000000000000, -81.50000000000001421, 10.00000000000000000 ) ) ;
#2260 = VERTEX_POINT ( 'NONE', #623 ) ;
#2261 = CARTESIAN_POINT ( 'NONE',  ( 33.24999999999997158, 46.74999999999999289, 51.50000000000000000 ) ) ;
#2262 = EDGE_CURVE ( 'NONE', #1477, #4295, #982, .T. ) ;
#2263 = DIRECTION ( 'NONE',  ( 1.850371707708594316E-16, -1.000000000000000000, 0.000000000000000000 ) ) ;
#2264 = VERTEX_POINT ( 'NONE', #72 ) ;
#2265 = DIRECTION ( 'NONE',  ( 0.000000000000000000, 0.000000000000000000, 1.000000000000000000 ) ) ;
#2266 = EDGE_CURVE ( 'NONE', #4114, #2535, #467, .T. ) ;
#2267 = DIRECTION ( 'NONE',  ( 0.000000000000000000, 0.000000000000000000, -1.000000000000000000 ) ) ;
#2268 = FACE_OUTER_BOUND ( 'NONE', #3550, .T. ) ;
#2269 = ORIENTED_EDGE ( 'NONE', *, *, #860, .T. ) ;
#2270 = DIRECTION ( 'NONE',  ( -0.000000000000000000, -0.000000000000000000, -1.000000000000000000 ) ) ;
#2271 = LINE ( 'NONE', #913, #1296 ) ;
#2272 = ORIENTED_EDGE ( 'NONE', *, *, #3928, .T. ) ;
#2273 = ORIENTED_EDGE ( 'NONE', *, *, #1597, .F. ) ;
#2274 = CARTESIAN_POINT ( 'NONE',  ( 33.24999999999997158, 46.74999999999999289, 54.50000000000000000 ) ) ;
#2275 = DIRECTION ( 'NONE',  ( 1.000000000000000000, 4.205390244792257367E-16, -0.000000000000000000 ) ) ;
#2276 = CARTESIAN_POINT ( 'NONE',  ( 36.68612553396976494, 62.00000000000000711, 64.57417022646512805 ) ) ;
#2277 = VERTEX_POINT ( 'NONE', #3707 ) ;
#2278 = EDGE_CURVE ( 'NONE', #3392, #3748, #1584, .T. ) ;
#2279 = CARTESIAN_POINT ( 'NONE',  ( 40.00000000000001421, -75.00000000000001421, 0.000000000000000000 ) ) ;
#2280 = CARTESIAN_POINT ( 'NONE',  ( -41.25000000000000711, 70.50000000000000000, 42.49999999999999289 ) ) ;
#2281 = EDGE_LOOP ( 'NONE', ( #697, #1683, #3378, #3545 ) ) ;
#2282 = VECTOR ( 'NONE', #325, 1000.000000000000114 ) ;
#2283 = EDGE_CURVE ( 'NONE', #1294, #416, #1042, .T. ) ;
#2284 = DIRECTION ( 'NONE',  ( 0.000000000000000000, 1.000000000000000000, 0.000000000000000000 ) ) ;
#2285 = VECTOR ( 'NONE', #845, 1000.000000000000000 ) ;
#2286 = DIRECTION ( 'NONE',  ( 1.000000000000000000, 0.000000000000000000, 0.000000000000000000 ) ) ;
#2287 = DIRECTION ( 'NONE',  ( -0.1483404529302453090, -0.000000000000000000, -0.9889363528682975080 ) ) ;
#2288 = EDGE_LOOP ( 'NONE', ( #2677, #510, #3650, #4394 ) ) ;
#2289 = ORIENTED_EDGE ( 'NONE', *, *, #2322, .F. ) ;
#2290 = VECTOR ( 'NONE', #2877, 1000.000000000000000 ) ;
#2291 = LINE ( 'NONE', #3594, #1179 ) ;
#2292 = DIRECTION ( 'NONE',  ( 0.000000000000000000, 0.000000000000000000, 1.000000000000000000 ) ) ;
#2293 = CIRCLE ( 'NONE', #4346, 0.5000000000000004441 ) ;
#2294 = VERTEX_POINT ( 'NONE', #2740 ) ;
#2295 = VERTEX_POINT ( 'NONE', #3800 ) ;
#2296 = CARTESIAN_POINT ( 'NONE',  ( 33.24999999999997158, 44.74999999999999289, 54.50000000000000000 ) ) ;
#2297 = CYLINDRICAL_SURFACE ( 'NONE', #928, 6.499999999999992006 ) ;
#2298 = CARTESIAN_POINT ( 'NONE',  ( 35.83059371040390317, 51.00000000000000711, 54.99999999999999289 ) ) ;
#2299 = PRESENTATION_LAYER_ASSIGNMENT (  '', '', ( #1652 ) ) ;
#2300 = AXIS2_PLACEMENT_3D ( 'NONE', #490, #1510, #1779 ) ;
#2301 = ORIENTED_EDGE ( 'NONE', *, *, #3014, .F. ) ;
#2302 = FILL_AREA_STYLE ('',( #4274 ) ) ;
#2303 = DIRECTION ( 'NONE',  ( -0.000000000000000000, -0.000000000000000000, -1.000000000000000000 ) ) ;
#2304 = VECTOR ( 'NONE', #1731, 1000.000000000000000 ) ;
#2305 = AXIS2_PLACEMENT_3D ( 'NONE', #3674, #4077, #1995 ) ;
#2306 = CARTESIAN_POINT ( 'NONE',  ( -38.66940628959610393, 51.00000000000000711, 55.50000000000000000 ) ) ;
#2307 = EDGE_CURVE ( 'NONE', #1323, #1, #4091, .T. ) ;
#2308 = ORIENTED_EDGE ( 'NONE', *, *, #3444, .F. ) ;
#2309 = CIRCLE ( 'NONE', #403, 3.750000000000010214 ) ;
#2310 = CARTESIAN_POINT ( 'NONE',  ( 40.81662571606193524, 41.26954731625991712, 51.44940407393057313 ) ) ;
#2311 = DIRECTION ( 'NONE',  ( -1.000000000000000000, 0.000000000000000000, 0.000000000000000000 ) ) ;
#2312 = CARTESIAN_POINT ( 'NONE',  ( -39.68059371040392591, 51.50000000000000711, 55.50000000000000000 ) ) ;
#2313 = DIRECTION ( 'NONE',  ( -4.205390244792257860E-16, 1.000000000000000000, -0.000000000000000000 ) ) ;
#2314 = ORIENTED_EDGE ( 'NONE', *, *, #3985, .F. ) ;
#2315 = LINE ( 'NONE', #1650, #3506 ) ;
#2316 = CARTESIAN_POINT ( 'NONE',  ( 35.24999999999998579, 46.74999999999999289, 54.50000000000000000 ) ) ;
#2317 = EDGE_LOOP ( 'NONE', ( #2863, #4250, #432, #675 ) ) ;
#2318 = EDGE_CURVE ( 'NONE', #1672, #717, #1016, .T. ) ;
#2319 = CARTESIAN_POINT ( 'NONE',  ( 31.24999999999999645, 62.00000000000000711, 65.00000000000000000 ) ) ;
#2320 = VERTEX_POINT ( 'NONE', #3733 ) ;
#2321 = DIRECTION ( 'NONE',  ( 0.000000000000000000, 0.000000000000000000, -1.000000000000000000 ) ) ;
#2322 = EDGE_CURVE ( 'NONE', #1336, #3207, #2837, .T. ) ;
#2323 = CYLINDRICAL_SURFACE ( 'NONE', #2886, 1.250000000000007994 ) ;
#2324 = CARTESIAN_POINT ( 'NONE',  ( 35.83059371040390317, 51.00000000000000711, 55.50000000000000711 ) ) ;
#2325 = VERTEX_POINT ( 'NONE', #2058 ) ;
#2326 = DIRECTION ( 'NONE',  ( 0.000000000000000000, -1.000000000000000000, 0.000000000000000000 ) ) ;
#2327 = CARTESIAN_POINT ( 'NONE',  ( 34.81940628959608830, 51.50000000000000711, 55.50000000000000000 ) ) ;
#2328 = CARTESIAN_POINT ( 'NONE',  ( 40.00000000000002132, -85.00000000000001421, 55.00000000000000000 ) ) ;
#2329 = ORIENTED_EDGE ( 'NONE', *, *, #3053, .T. ) ;
#2330 = DIRECTION ( 'NONE',  ( -0.000000000000000000, 0.000000000000000000, 1.000000000000000000 ) ) ;
#2331 = CARTESIAN_POINT ( 'NONE',  ( -35.23825383339574557, 50.49999999999999289, 54.99999999999999289 ) ) ;
#2332 = DIRECTION ( 'NONE',  ( 0.000000000000000000, 0.000000000000000000, 1.000000000000000000 ) ) ;
#2333 = DIRECTION ( 'NONE',  ( -0.000000000000000000, -0.000000000000000000, 1.000000000000000000 ) ) ;
#2334 = VERTEX_POINT ( 'NONE', #4112 ) ;
#2335 = DIRECTION ( 'NONE',  ( 0.000000000000000000, 0.000000000000000000, 1.000000000000000000 ) ) ;
#2336 = EDGE_CURVE ( 'NONE', #877, #2893, #784, .T. ) ;
#2337 = EDGE_CURVE ( 'NONE', #1152, #2480, #2458, .T. ) ;
#2338 = FACE_OUTER_BOUND ( 'NONE', #4384, .T. ) ;
#2339 = VERTEX_POINT ( 'NONE', #760 ) ;
#2340 = DIRECTION ( 'NONE',  ( 1.850371707708594316E-16, -1.000000000000000000, -0.000000000000000000 ) ) ;
#2341 = ADVANCED_FACE ( 'NONE', ( #2036 ), #1772, .T. ) ;
#2342 = CARTESIAN_POINT ( 'NONE',  ( 39.99999999999999289, 75.00000000000001421, 55.00000000000000000 ) ) ;
#2343 = VERTEX_POINT ( 'NONE', #3466 ) ;
#2344 = CARTESIAN_POINT ( 'NONE',  ( 0.000000000000000000, -82.15000000000001990, 10.00000000000000000 ) ) ;
#2345 = CARTESIAN_POINT ( 'NONE',  ( -37.50000000000000000, 70.50000000000000000, 50.49999999999999289 ) ) ;
#2346 = FACE_BOUND ( 'NONE', #3873, .T. ) ;
#2347 = EDGE_LOOP ( 'NONE', ( #3805, #1586, #401, #1509 ) ) ;
#2348 = CARTESIAN_POINT ( 'NONE',  ( -39.68059371040392591, 62.00000000000000711, 55.00000000000000000 ) ) ;
#2349 = CARTESIAN_POINT ( 'NONE',  ( -40.00000000000001421, 36.70491502812525653, 51.50000000000000000 ) ) ;
#2350 = DIRECTION ( 'NONE',  ( -1.000000000000000000, -0.000000000000000000, 0.000000000000000000 ) ) ;
#2351 = CARTESIAN_POINT ( 'NONE',  ( -35.31387446603021374, 51.50000000000000711, 55.42582977353488616 ) ) ;
#2352 = CARTESIAN_POINT ( 'NONE',  ( 0.000000000000000000, 67.50000000000000000, 65.00000000000000000 ) ) ;
#2353 = DIRECTION ( 'NONE',  ( -0.000000000000000000, 0.000000000000000000, 1.000000000000000000 ) ) ;
#2354 = VECTOR ( 'NONE', #2562, 1000.000000000000000 ) ;
#2355 = LINE ( 'NONE', #3701, #1498 ) ;
#2356 = AXIS2_PLACEMENT_3D ( 'NONE', #1314, #3383, #1074 ) ;
#2357 = EDGE_CURVE ( 'NONE', #3437, #3041, #3089, .T. ) ;
#2358 = VERTEX_POINT ( 'NONE', #1712 ) ;
#2359 = CARTESIAN_POINT ( 'NONE',  ( -33.25000000000001421, 63.25000000000000000, 51.50000000000000000 ) ) ;
#2360 = CIRCLE ( 'NONE', #459, 0.5000000000000004441 ) ;
#2361 = CARTESIAN_POINT ( 'NONE',  ( 35.83059371040390317, 50.50000000000000000, 55.50000000000000000 ) ) ;
#2362 = EDGE_CURVE ( 'NONE', #3041, #564, #4266, .T. ) ;
#2363 = ORIENTED_EDGE ( 'NONE', *, *, #111, .T. ) ;
#2364 = CARTESIAN_POINT ( 'NONE',  ( -40.68225330582851029, 41.50104169993364422, 51.46594881208510941 ) ) ;
#2365 = EDGE_CURVE ( 'NONE', #3765, #1138, #3750, .T. ) ;
#2366 = VECTOR ( 'NONE', #120, 999.9999999999998863 ) ;
#2367 = AXIS2_PLACEMENT_3D ( 'NONE', #739, #76, #719 ) ;
#2368 = FACE_OUTER_BOUND ( 'NONE', #1845, .T. ) ;
#2369 = ORIENTED_EDGE ( 'NONE', *, *, #3097, .T. ) ;
#2370 = AXIS2_PLACEMENT_3D ( 'NONE', #2168, #2494, #2475 ) ;
#2371 = CARTESIAN_POINT ( 'NONE',  ( 41.25000000000000711, 39.50000000000000000, 51.37867541108653313 ) ) ;
#2372 = CARTESIAN_POINT ( 'NONE',  ( 37.31940628959609541, 51.50000000000000711, 65.00000000000000000 ) ) ;
#2373 = PLANE ( 'NONE',  #2917 ) ;
#2374 = AXIS2_PLACEMENT_3D ( 'NONE', #3459, #4127, #4174 ) ;
#2375 = CARTESIAN_POINT ( 'NONE',  ( -35.24999999999998579, 51.49999999999999289, 54.99999999999999289 ) ) ;
#2376 = CIRCLE ( 'NONE', #3357, 3.750000000000010214 ) ;
#2377 = VERTEX_POINT ( 'NONE', #3062 ) ;
#2378 = ORIENTED_EDGE ( 'NONE', *, *, #1357, .T. ) ;
#2379 = DIRECTION ( 'NONE',  ( 0.000000000000000000, 0.000000000000000000, 1.000000000000000000 ) ) ;
#2380 = VECTOR ( 'NONE', #39, 1000.000000000000000 ) ;
#2381 = AXIS2_PLACEMENT_3D ( 'NONE', #3376, #2544, #2191 ) ;
#2382 = LINE ( 'NONE', #3103, #3839 ) ;
#2383 = ORIENTED_EDGE ( 'NONE', *, *, #865, .T. ) ;
#2384 = DIRECTION ( 'NONE',  ( -0.9889363528682973969, 0.000000000000000000, -0.1483404529302453090 ) ) ;
#2385 = ADVANCED_FACE ( 'NONE', ( #53 ), #4, .F. ) ;
#2386 = CARTESIAN_POINT ( 'NONE',  ( 22.50000000000000355, -71.49999999999998579, 54.00000000000000000 ) ) ;
#2387 = ORIENTED_EDGE ( 'NONE', *, *, #2538, .T. ) ;
#2388 = CARTESIAN_POINT ( 'NONE',  ( -31.24999999999999645, 66.00000000000000000, 55.00000000000000000 ) ) ;
#2389 = EDGE_CURVE ( 'NONE', #2702, #2210, #2421, .T. ) ;
#2390 = CARTESIAN_POINT ( 'NONE',  ( 39.68059371040393302, -75.00000000000001421, 55.50000000000000000 ) ) ;
#2391 = ORIENTED_EDGE ( 'NONE', *, *, #3034, .T. ) ;
#2392 = DIRECTION ( 'NONE',  ( 1.000000000000000000, 0.000000000000000000, -0.000000000000000000 ) ) ;
#2393 = EDGE_CURVE ( 'NONE', #3437, #3359, #3620, .T. ) ;
#2394 = CARTESIAN_POINT ( 'NONE',  ( 0.000000000000000000, -85.00000000000001421, 10.00000000000000000 ) ) ;
#2395 = CARTESIAN_POINT ( 'NONE',  ( 35.24999999999998579, 46.74999999999999289, 51.50000000000000000 ) ) ;
#2396 = CARTESIAN_POINT ( 'NONE',  ( -40.00000000000001421, 67.70491502812525653, 51.50000000000000000 ) ) ;
#2397 = ORIENTED_EDGE ( 'NONE', *, *, #3761, .F. ) ;
#2398 = ORIENTED_EDGE ( 'NONE', *, *, #3829, .F. ) ;
#2399 = EDGE_CURVE ( 'NONE', #889, #1919, #2759, .T. ) ;
#2400 = FACE_OUTER_BOUND ( 'NONE', #2933, .T. ) ;
#2401 = CARTESIAN_POINT ( 'NONE',  ( 31.25000000000000000, 70.43059371040391170, 55.00000000000000000 ) ) ;
#2402 = DIRECTION ( 'NONE',  ( -1.000000000000000000, 0.000000000000000000, 0.000000000000000000 ) ) ;
#2403 = ORIENTED_EDGE ( 'NONE', *, *, #3985, .T. ) ;
#2404 = DIRECTION ( 'NONE',  ( -0.000000000000000000, -0.000000000000000000, -1.000000000000000000 ) ) ;
#2405 = DIRECTION ( 'NONE',  ( 1.000000000000000000, 2.202823461557850588E-16, 0.000000000000000000 ) ) ;
#2406 = ORIENTED_EDGE ( 'NONE', *, *, #3605, .T. ) ;
#2407 = ORIENTED_EDGE ( 'NONE', *, *, #1823, .F. ) ;
#2408 = CARTESIAN_POINT ( 'NONE',  ( 40.00000000000001421, -75.00000000000001421, 0.000000000000000000 ) ) ;
#2409 = FACE_BOUND ( 'NONE', #2103, .T. ) ;
#2410 = ADVANCED_FACE ( 'NONE', ( #2189 ), #1535, .T. ) ;
#2411 = ORIENTED_EDGE ( 'NONE', *, *, #2441, .T. ) ;
#2412 = EDGE_CURVE ( 'NONE', #1783, #2143, #3334, .T. ) ;
#2413 = CARTESIAN_POINT ( 'NONE',  ( -39.99999999999999289, 70.43059371040391170, 55.50000000000000000 ) ) ;
#2414 = DIRECTION ( 'NONE',  ( -1.000000000000000000, -0.000000000000000000, -0.000000000000000000 ) ) ;
#2415 = DIRECTION ( 'NONE',  ( -1.000000000000000000, 0.000000000000000000, 0.000000000000000000 ) ) ;
#2416 = CARTESIAN_POINT ( 'NONE',  ( -30.75000000000000000, 50.50000000000000000, 55.50000000000000000 ) ) ;
#2417 = ORIENTED_EDGE ( 'NONE', *, *, #1655, .F. ) ;
#2418 = ADVANCED_FACE ( 'NONE', ( #509 ), #2887, .F. ) ;
#2419 = FACE_OUTER_BOUND ( 'NONE', #1087, .T. ) ;
#2420 = FACE_OUTER_BOUND ( 'NONE', #583, .T. ) ;
#2421 = CIRCLE ( 'NONE', #3040, 0.5000000000000004441 ) ;
#2422 = DIRECTION ( 'NONE',  ( 0.000000000000000000, 0.000000000000000000, -1.000000000000000000 ) ) ;
#2423 = DIRECTION ( 'NONE',  ( 0.000000000000000000, -0.000000000000000000, -1.000000000000000000 ) ) ;
#2424 = EDGE_LOOP ( 'NONE', ( #1882, #3233, #911, #2064 ) ) ;
#2425 = AXIS2_PLACEMENT_3D ( 'NONE', #4263, #4292, #1234 ) ;
#2426 = CARTESIAN_POINT ( 'NONE',  ( 33.24999999999997158, 63.25000000000000000, 54.50000000000000000 ) ) ;
#2427 = AXIS2_PLACEMENT_3D ( 'NONE', #2279, #856, #1561 ) ;
#2428 = DIRECTION ( 'NONE',  ( -0.000000000000000000, -0.000000000000000000, -1.000000000000000000 ) ) ;
#2429 = CARTESIAN_POINT ( 'NONE',  ( 0.000000000000000000, -82.15000000000001990, 10.00000000000000000 ) ) ;
#2430 = ORIENTED_EDGE ( 'NONE', *, *, #111, .F. ) ;
#2431 = CIRCLE ( 'NONE', #523, 6.500000000000005329 ) ;
#2432 = ORIENTED_EDGE ( 'NONE', *, *, #119, .F. ) ;
#2433 = LINE ( 'NONE', #1048, #1739 ) ;
#2434 = AXIS2_PLACEMENT_3D ( 'NONE', #1020, #338, #3671 ) ;
#2435 = DIRECTION ( 'NONE',  ( 0.000000000000000000, 1.000000000000000000, 0.000000000000000000 ) ) ;
#2436 = CONICAL_SURFACE ( 'NONE', #2224, 6.499999999999995559, 0.1488899476094973640 ) ;
#2437 = ORIENTED_EDGE ( 'NONE', *, *, #194, .T. ) ;
#2438 = CARTESIAN_POINT ( 'NONE',  ( -37.31940628959608830, 62.00000000000000711, 64.50000000000000000 ) ) ;
#2439 = AXIS2_PLACEMENT_3D ( 'NONE', #4102, #1682, #2118 ) ;
#2440 = FACE_BOUND ( 'NONE', #1938, .T. ) ;
#2441 = EDGE_CURVE ( 'NONE', #474, #2017, #4223, .T. ) ;
#2442 = CARTESIAN_POINT ( 'NONE',  ( 39.25000000000001421, 51.49999999999999289, 54.99999999999999289 ) ) ;
#2443 = DIRECTION ( 'NONE',  ( 0.000000000000000000, 0.000000000000000000, -1.000000000000000000 ) ) ;
#2444 = ORIENTED_EDGE ( 'NONE', *, *, #1603, .T. ) ;
#2445 = AXIS2_PLACEMENT_3D ( 'NONE', #2714, #1041, #2384 ) ;
#2446 = VECTOR ( 'NONE', #2092, 1000.000000000000000 ) ;
#2447 = DIRECTION ( 'NONE',  ( 0.000000000000000000, 0.000000000000000000, 1.000000000000000000 ) ) ;
#2448 = CYLINDRICAL_SURFACE ( 'NONE', #3785, 0.5000000000000004441 ) ;
#2449 = AXIS2_PLACEMENT_3D ( 'NONE', #2690, #2335, #995 ) ;
#2450 = VECTOR ( 'NONE', #704, 1000.000000000000000 ) ;
#2451 = LINE ( 'NONE', #799, #3693 ) ;
#2452 =( BOUNDED_CURVE ( )  B_SPLINE_CURVE ( 3, ( #4367, #1970, #2012, #4111 ),
 .UNSPECIFIED., .F., .F. ) 
 B_SPLINE_CURVE_WITH_KNOTS ( ( 4, 4 ),
 ( 0.000000000000000000, 1.570796326794909881 ),
 .UNSPECIFIED. ) 
 CURVE ( )  GEOMETRIC_REPRESENTATION_ITEM ( )  RATIONAL_B_SPLINE_CURVE ( ( 1.000000000000000000, 0.8047378541243618288, 0.8047378541243618288, 1.000000000000000000 ) ) 
 REPRESENTATION_ITEM ( '' )  );
#2453 = CARTESIAN_POINT ( 'NONE',  ( -31.24999999999999645, 62.00000000000000711, 65.00000000000000000 ) ) ;
#2454 = VERTEX_POINT ( 'NONE', #1196 ) ;
#2455 = AXIS2_PLACEMENT_3D ( 'NONE', #2748, #1312, #4098 ) ;
#2456 = DIRECTION ( 'NONE',  ( 1.000000000000000000, 0.000000000000000000, 0.000000000000000000 ) ) ;
#2457 = EDGE_CURVE ( 'NONE', #1489, #1705, #140, .T. ) ;
#2458 = LINE ( 'NONE', #352, #1214 ) ;
#2459 = ORIENTED_EDGE ( 'NONE', *, *, #235, .T. ) ;
#2460 = EDGE_LOOP ( 'NONE', ( #3940, #3510, #371, #3801 ) ) ;
#2461 = FACE_BOUND ( 'NONE', #1676, .T. ) ;
#2462 = EDGE_CURVE ( 'NONE', #2908, #2543, #3905, .T. ) ;
#2463 = VECTOR ( 'NONE', #2258, 1000.000000000000000 ) ;
#2464 = DIRECTION ( 'NONE',  ( -1.000000000000000000, -0.000000000000000000, -0.000000000000000000 ) ) ;
#2465 = ORIENTED_EDGE ( 'NONE', *, *, #2107, .T. ) ;
#2466 = CARTESIAN_POINT ( 'NONE',  ( 39.99999999999999289, 75.00000000000002842, 55.00000000000000000 ) ) ;
#2467 = DIRECTION ( 'NONE',  ( -0.000000000000000000, -0.000000000000000000, -1.000000000000000000 ) ) ;
#2468 = ORIENTED_EDGE ( 'NONE', *, *, #3605, .F. ) ;
#2469 = CARTESIAN_POINT ( 'NONE',  ( -33.74999999999998579, 39.50000000000000000, 42.49999999999999289 ) ) ;
#2470 = DIRECTION ( 'NONE',  ( -0.000000000000000000, -0.000000000000000000, -1.000000000000000000 ) ) ;
#2471 = CARTESIAN_POINT ( 'NONE',  ( 32.50000000000000711, 61.50000000000001421, 54.50000000000000000 ) ) ;
#2472 = CARTESIAN_POINT ( 'NONE',  ( -38.75000000000000711, 39.50000000000000000, 50.49999999999999289 ) ) ;
#2473 = ORIENTED_EDGE ( 'NONE', *, *, #805, .F. ) ;
#2474 = EDGE_CURVE ( 'NONE', #4018, #4387, #880, .T. ) ;
#2475 = DIRECTION ( 'NONE',  ( 1.000000000000000000, 0.000000000000000000, 0.000000000000000000 ) ) ;
#2476 = EDGE_CURVE ( 'NONE', #3734, #1648, #803, .T. ) ;
#2477 = APPLICATION_CONTEXT ( 'automotive_design' ) ;
#2478 = DIRECTION ( 'NONE',  ( -1.000000000000000000, -0.000000000000000000, -0.000000000000000000 ) ) ;
#2479 = ORIENTED_EDGE ( 'NONE', *, *, #1186, .F. ) ;
#2480 = VERTEX_POINT ( 'NONE', #3514 ) ;
#2481 = VERTEX_POINT ( 'NONE', #4163 ) ;
#2482 = EDGE_CURVE ( 'NONE', #4055, #2968, #1640, .T. ) ;
#2483 = CARTESIAN_POINT ( 'NONE',  ( 41.11197379763672188, 71.54199907448311535, 51.40442490436818446 ) ) ;
#2484 = FACE_OUTER_BOUND ( 'NONE', #3945, .T. ) ;
#2485 = ORIENTED_EDGE ( 'NONE', *, *, #3369, .F. ) ;
#2486 = CARTESIAN_POINT ( 'NONE',  ( 39.99999999999999289, 67.70491502812524232, 51.50000000000000000 ) ) ;
#2487 = CARTESIAN_POINT ( 'NONE',  ( 39.18612553396807385, 51.36873265422173063, 55.42582977354633300 ) ) ;
#2488 = ORIENTED_EDGE ( 'NONE', *, *, #4072, .F. ) ;
#2489 = CARTESIAN_POINT ( 'NONE',  ( -22.49999999999999645, -71.49999999999998579, 54.00000000000000000 ) ) ;
#2490 = PLANE ( 'NONE',  #2593 ) ;
#2491 = DIRECTION ( 'NONE',  ( -0.000000000000000000, 0.000000000000000000, 1.000000000000000000 ) ) ;
#2492 = CARTESIAN_POINT ( 'NONE',  ( 36.75000000000000000, 62.00000000000000711, 65.00000000000000000 ) ) ;
#2493 = ORIENTED_EDGE ( 'NONE', *, *, #1785, .T. ) ;
#2494 = DIRECTION ( 'NONE',  ( -0.000000000000000000, -0.000000000000000000, -1.000000000000000000 ) ) ;
#2495 = CARTESIAN_POINT ( 'NONE',  ( 31.50000000000000711, 48.50000000000000711, -0.001000000000001000089 ) ) ;
#2496 = EDGE_CURVE ( 'NONE', #4332, #3216, #1174, .T. ) ;
#2497 = CIRCLE ( 'NONE', #2425, 1.250000000000007994 ) ;
#2498 = ORIENTED_EDGE ( 'NONE', *, *, #3848, .F. ) ;
#2499 = DIRECTION ( 'NONE',  ( -0.000000000000000000, -0.000000000000000000, -1.000000000000000000 ) ) ;
#2500 =( BOUNDED_CURVE ( )  B_SPLINE_CURVE ( 3, ( #3316, #2624, #586, #2578 ),
 .UNSPECIFIED., .F., .F. ) 
 B_SPLINE_CURVE_WITH_KNOTS ( ( 4, 4 ),
 ( 1.570796326794896558, 3.141592653589793116 ),
 .UNSPECIFIED. ) 
 CURVE ( )  GEOMETRIC_REPRESENTATION_ITEM ( )  RATIONAL_B_SPLINE_CURVE ( ( 1.000000000000000000, 0.8047378541243649375, 0.8047378541243649375, 1.000000000000000000 ) ) 
 REPRESENTATION_ITEM ( '' )  );
#2501 = AXIS2_PLACEMENT_3D ( 'NONE', #1549, #1252, #2605 ) ;
#2502 = DIRECTION ( 'NONE',  ( -0.9889363528682973969, 0.000000000000000000, -0.1483404529302453090 ) ) ;
#2503 = EDGE_LOOP ( 'NONE', ( #3528, #406, #3562, #1593 ) ) ;
#2504 = LINE ( 'NONE', #838, #1250 ) ;
#2505 = VECTOR ( 'NONE', #3606, 1000.000000000000000 ) ;
#2506 = CYLINDRICAL_SURFACE ( 'NONE', #3846, 6.499999999999992006 ) ;
#2507 =( NAMED_UNIT ( * ) SI_UNIT ( $, .STERADIAN. ) SOLID_ANGLE_UNIT ( ) );
#2508 = VERTEX_POINT ( 'NONE', #1475 ) ;
#2509 = AXIS2_PLACEMENT_3D ( 'NONE', #2526, #3872, #3730 ) ;
#2510 = CARTESIAN_POINT ( 'NONE',  ( -38.75000000000000711, 70.50000000000000000, 42.49999999999999289 ) ) ;
#2511 = DIRECTION ( 'NONE',  ( 0.000000000000000000, 1.000000000000000000, 0.000000000000000000 ) ) ;
#2512 = VECTOR ( 'NONE', #2313, 1000.000000000000000 ) ;
#2513 = VECTOR ( 'NONE', #2127, 1000.000000000000000 ) ;
#2514 = AXIS2_PLACEMENT_3D ( 'NONE', #125, #891, #101 ) ;
#2515 = CARTESIAN_POINT ( 'NONE',  ( 39.68059371040393302, 51.50000000000000711, 55.00000000000000000 ) ) ;
#2516 = ORIENTED_EDGE ( 'NONE', *, *, #2577, .F. ) ;
#2517 = DIRECTION ( 'NONE',  ( 0.000000000000000000, -1.000000000000000000, -0.000000000000000000 ) ) ;
#2518 = AXIS2_PLACEMENT_3D ( 'NONE', #4261, #2969, #3572 ) ;
#2519 = CARTESIAN_POINT ( 'NONE',  ( -39.26174616660426864, 50.49999999999999289, 54.99999999999999289 ) ) ;
#2520 = AXIS2_PLACEMENT_3D ( 'NONE', #2836, #413, #1190 ) ;
#2521 = COLOUR_RGB ( '',0.7921568627450980005, 0.8196078431372548767, 0.9333333333333333481 ) ;
#2522 = ORIENTED_EDGE ( 'NONE', *, *, #2803, .F. ) ;
#2523 = CARTESIAN_POINT ( 'NONE',  ( 50.00000000000002132, -75.00000000000001421, 0.000000000000000000 ) ) ;
#2524 = EDGE_CURVE ( 'NONE', #3588, #2277, #1587, .T. ) ;
#2525 = CARTESIAN_POINT ( 'NONE',  ( 31.24999999999999645, 62.00000000000000711, 64.50000000000000000 ) ) ;
#2526 = CARTESIAN_POINT ( 'NONE',  ( -32.49999999999999289, 61.50000000000000000, -0.001000000000001000089 ) ) ;
#2527 = ORIENTED_EDGE ( 'NONE', *, *, #1046, .T. ) ;
#2528 = EDGE_CURVE ( 'NONE', #644, #1706, #1869, .T. ) ;
#2529 = DIRECTION ( 'NONE',  ( -0.000000000000000000, 0.9889363528682975080, 0.1483404529302447261 ) ) ;
#2530 = EDGE_CURVE ( 'NONE', #3428, #170, #4122, .T. ) ;
#2531 = CARTESIAN_POINT ( 'NONE',  ( 37.50000000000001421, 70.50000000000000000, 42.49999999999999289 ) ) ;
#2532 = VERTEX_POINT ( 'NONE', #2867 ) ;
#2533 = EDGE_CURVE ( 'NONE', #3756, #465, #3154, .T. ) ;
#2534 = DIRECTION ( 'NONE',  ( 0.000000000000000000, 1.000000000000000000, 0.000000000000000000 ) ) ;
#2535 = VERTEX_POINT ( 'NONE', #3868 ) ;
#2536 = CARTESIAN_POINT ( 'NONE',  ( -31.24999999999999645, 67.93059371040392591, 65.00000000000000000 ) ) ;
#2537 = CARTESIAN_POINT ( 'NONE',  ( -37.50000000000000000, 70.50000000000000000, 42.49999999999999289 ) ) ;
#2538 = EDGE_CURVE ( 'NONE', #3041, #3737, #3486, .T. ) ;
#2539 = ORIENTED_EDGE ( 'NONE', *, *, #1741, .T. ) ;
#2540 = CARTESIAN_POINT ( 'NONE',  ( -35.25000000000001421, 63.25000000000000000, 54.50000000000000000 ) ) ;
#2541 = DIRECTION ( 'NONE',  ( -1.000000000000000000, 0.000000000000000000, 0.000000000000000000 ) ) ;
#2542 = ORIENTED_EDGE ( 'NONE', *, *, #1796, .T. ) ;
#2543 = VERTEX_POINT ( 'NONE', #463 ) ;
#2544 = DIRECTION ( 'NONE',  ( -0.000000000000000000, -0.000000000000000000, -1.000000000000000000 ) ) ;
#2545 = DIRECTION ( 'NONE',  ( 0.000000000000000000, 0.000000000000000000, -1.000000000000000000 ) ) ;
#2546 = CARTESIAN_POINT ( 'NONE',  ( 38.75000000000002132, 70.50000000000000000, 50.49999999999999289 ) ) ;
#2547 = ORIENTED_EDGE ( 'NONE', *, *, #858, .T. ) ;
#2548 = CARTESIAN_POINT ( 'NONE',  ( -33.25000000000001421, 65.25000000000000000, 54.50000000000000000 ) ) ;
#2549 = CARTESIAN_POINT ( 'NONE',  ( -39.13043708527456488, 51.23900665536378085, 55.43382333076380064 ) ) ;
#2550 = ADVANCED_FACE ( 'NONE', ( #1512 ), #3884, .T. ) ;
#2551 =( NAMED_UNIT ( * ) PLANE_ANGLE_UNIT ( ) SI_UNIT ( $, .RADIAN. ) );
#2552 = EDGE_CURVE ( 'NONE', #998, #2377, #148, .T. ) ;
#2553 = VERTEX_POINT ( 'NONE', #2610 ) ;
#2554 = CARTESIAN_POINT ( 'NONE',  ( 2.250000000000000000, 10.00000000000000888, 54.00000000000000000 ) ) ;
#2555 = CARTESIAN_POINT ( 'NONE',  ( 39.99999999999999289, 75.00000000000001421, 0.000000000000000000 ) ) ;
#2556 = VERTEX_POINT ( 'NONE', #3640 ) ;
#2557 = EDGE_CURVE ( 'NONE', #3906, #2481, #2271, .T. ) ;
#2558 = CARTESIAN_POINT ( 'NONE',  ( 6.250000000000000000, -19.99999999999999645, 51.50000000000000000 ) ) ;
#2559 = VERTEX_POINT ( 'NONE', #1642 ) ;
#2560 = ORIENTED_EDGE ( 'NONE', *, *, #3165, .F. ) ;
#2561 = FACE_OUTER_BOUND ( 'NONE', #3518, .T. ) ;
#2562 = DIRECTION ( 'NONE',  ( -0.000000000000000000, -0.000000000000000000, 1.000000000000000000 ) ) ;
#2563 = VERTEX_POINT ( 'NONE', #2954 ) ;
#2564 = ORIENTED_EDGE ( 'NONE', *, *, #4232, .F. ) ;
#2565 = FACE_OUTER_BOUND ( 'NONE', #3923, .T. ) ;
#2566 = DIRECTION ( 'NONE',  ( -0.000000000000000000, -1.000000000000000000, -0.000000000000000000 ) ) ;
#2567 = CYLINDRICAL_SURFACE ( 'NONE', #1719, 0.5000000000000004441 ) ;
#2568 = B_SPLINE_CURVE_WITH_KNOTS ( 'NONE', 3,
 ( #2396, #1075, #3741, #726, #3099, #4392, #2069, #2688, #3790, #2751 ),
 .UNSPECIFIED., .F., .F.,
 ( 4, 2, 2, 2, 4 ),
 ( 0.01016379615944813970, 0.01095553851771961969, 0.01174728087599109794, 0.01253902323426257792, 0.01333076559253405791 ),
 .UNSPECIFIED. ) ;
#2569 = ORIENTED_EDGE ( 'NONE', *, *, #2613, .F. ) ;
#2570 = DIRECTION ( 'NONE',  ( -0.000000000000000000, -0.000000000000000000, -1.000000000000000000 ) ) ;
#2571 = VECTOR ( 'NONE', #1492, 1000.000000000000000 ) ;
#2572 = CARTESIAN_POINT ( 'NONE',  ( 0.000000000000000000, 67.93059371040391170, 65.00000000000000000 ) ) ;
#2573 = VECTOR ( 'NONE', #909, 1000.000000000000000 ) ;
#2574 = EDGE_LOOP ( 'NONE', ( #1768, #421, #3969, #2071 ) ) ;
#2575 = DIRECTION ( 'NONE',  ( -0.000000000000000000, -0.000000000000000000, -1.000000000000000000 ) ) ;
#2576 = VECTOR ( 'NONE', #1771, 1000.000000000000114 ) ;
#2577 = EDGE_CURVE ( 'NONE', #2133, #2295, #2216, .T. ) ;
#2578 = CARTESIAN_POINT ( 'NONE',  ( 35.31387446603023506, 51.50000000000000711, 55.42582977353487905 ) ) ;
#2579 = ORIENTED_EDGE ( 'NONE', *, *, #194, .F. ) ;
#2580 = SPHERICAL_SURFACE ( 'NONE', #98, 0.5000000000000000000 ) ;
#2581 = CIRCLE ( 'NONE', #2787, 1.250000000000007994 ) ;
#2582 = EDGE_LOOP ( 'NONE', ( #764, #3667 ) ) ;
#2583 = CARTESIAN_POINT ( 'NONE',  ( -37.82500000000000284, 51.50000000000000711, 64.50000000000001421 ) ) ;
#2584 = CIRCLE ( 'NONE', #3992, 0.5000000000000012212 ) ;
#2585 = DIRECTION ( 'NONE',  ( -0.000000000000000000, -0.000000000000000000, -1.000000000000000000 ) ) ;
#2586 = ORIENTED_EDGE ( 'NONE', *, *, #2686, .T. ) ;
#2587 = ORIENTED_EDGE ( 'NONE', *, *, #1766, .F. ) ;
#2588 = AXIS2_PLACEMENT_3D ( 'NONE', #1935, #3927, #932 ) ;
#2589 = VECTOR ( 'NONE', #3687, 1000.000000000000000 ) ;
#2590 = DIRECTION ( 'NONE',  ( -0.000000000000000000, -0.000000000000000000, -1.000000000000000000 ) ) ;
#2591 = EDGE_CURVE ( 'NONE', #1914, #3515, #3533, .T. ) ;
#2592 = CARTESIAN_POINT ( 'NONE',  ( -37.50000000000000000, 70.50000000000000000, 42.49999999999999289 ) ) ;
#2593 = AXIS2_PLACEMENT_3D ( 'NONE', #2139, #3102, #844 ) ;
#2594 = AXIS2_PLACEMENT_3D ( 'NONE', #538, #2570, #3243 ) ;
#2595 = CARTESIAN_POINT ( 'NONE',  ( 34.81940628959608830, 62.00000000000000000, 55.00000000000000000 ) ) ;
#2596 = ORIENTED_EDGE ( 'NONE', *, *, #2389, .F. ) ;
#2597 = ADVANCED_FACE ( 'NONE', ( #2651 ), #2994, .T. ) ;
#2598 = DIRECTION ( 'NONE',  ( -9.251858538542971581E-17, 1.000000000000000000, 0.000000000000000000 ) ) ;
#2599 = AXIS2_PLACEMENT_3D ( 'NONE', #2413, #1751, #4119 ) ;
#2600 = DIRECTION ( 'NONE',  ( -1.000000000000000000, 0.000000000000000000, 0.000000000000000000 ) ) ;
#2601 = AXIS2_PLACEMENT_3D ( 'NONE', #2936, #4362, #2321 ) ;
#2602 = FACE_OUTER_BOUND ( 'NONE', #1824, .T. ) ;
#2603 = ORIENTED_EDGE ( 'NONE', *, *, #4099, .F. ) ;
#2604 = DIRECTION ( 'NONE',  ( -1.000000000000000000, 0.000000000000000000, 0.000000000000000000 ) ) ;
#2605 = DIRECTION ( 'NONE',  ( 0.000000000000000000, 0.000000000000000000, -1.000000000000000000 ) ) ;
#2606 = CARTESIAN_POINT ( 'NONE',  ( 37.50000000000000000, 39.50000000000000000, 42.49999999999999289 ) ) ;
#2607 = EDGE_LOOP ( 'NONE', ( #2918, #2479, #2783 ) ) ;
#2608 = ORIENTED_EDGE ( 'NONE', *, *, #3034, .F. ) ;
#2609 = DIRECTION ( 'NONE',  ( 0.000000000000000000, 0.000000000000000000, -1.000000000000000000 ) ) ;
#2610 = CARTESIAN_POINT ( 'NONE',  ( -39.99999999999999289, -81.50000000000001421, 0.000000000000000000 ) ) ;
#2611 = EDGE_LOOP ( 'NONE', ( #1223, #2713, #2109, #4246 ) ) ;
#2612 = ADVANCED_FACE ( 'NONE', ( #3996 ), #1981, .F. ) ;
#2613 = EDGE_CURVE ( 'NONE', #2898, #2125, #3048, .T. ) ;
#2614 = ORIENTED_EDGE ( 'NONE', *, *, #3277, .T. ) ;
#2615 = DIRECTION ( 'NONE',  ( 0.000000000000000000, 0.000000000000000000, -1.000000000000000000 ) ) ;
#2616 = CARTESIAN_POINT ( 'NONE',  ( 34.81940628959608830, 62.00000000000000711, 55.50000000000000000 ) ) ;
#2617 = CARTESIAN_POINT ( 'NONE',  ( 50.00000000000002132, -75.00000000000001421, 45.00000000000000000 ) ) ;
#2618 = ADVANCED_FACE ( 'NONE', ( #978 ), #4331, .F. ) ;
#2619 = ORIENTED_EDGE ( 'NONE', *, *, #991, .T. ) ;
#2620 = CARTESIAN_POINT ( 'NONE',  ( -31.49999999999999289, 47.49999999999999289, 54.49999999999998579 ) ) ;
#2621 = DIRECTION ( 'NONE',  ( 0.000000000000000000, 1.000000000000000000, 0.000000000000000000 ) ) ;
#2622 = ORIENTED_EDGE ( 'NONE', *, *, #4090, .F. ) ;
#2623 = CARTESIAN_POINT ( 'NONE',  ( -22.50000000000001066, 31.50000000000000000, 54.00000000000000000 ) ) ;
#2624 = CARTESIAN_POINT ( 'NONE',  ( 35.52790658498896903, 51.00000000000000711, 55.45655208726101648 ) ) ;
#2625 = CARTESIAN_POINT ( 'NONE',  ( 41.25000000000000711, 39.50000000000000000, 42.49999999999999289 ) ) ;
#2626 = VERTEX_POINT ( 'NONE', #619 ) ;
#2627 = EDGE_LOOP ( 'NONE', ( #1621, #1359, #2951, #1230, #2301 ) ) ;
#2628 = FACE_OUTER_BOUND ( 'NONE', #4260, .T. ) ;
#2629 = DIRECTION ( 'NONE',  ( -0.000000000000000000, -0.000000000000000000, 1.000000000000000000 ) ) ;
#2630 = ORIENTED_EDGE ( 'NONE', *, *, #3424, .T. ) ;
#2631 = ORIENTED_EDGE ( 'NONE', *, *, #1575, .F. ) ;
#2632 = CARTESIAN_POINT ( 'NONE',  ( 40.00000000000002132, -75.00000000000001421, 45.00000000000000000 ) ) ;
#2633 = CARTESIAN_POINT ( 'NONE',  ( 35.83059371040390317, 51.00000000000000711, 55.50000000000000000 ) ) ;
#2634 = CARTESIAN_POINT ( 'NONE',  ( 35.31387446603021374, 51.50000000000000711, 55.42582977353488616 ) ) ;
#2635 = ORIENTED_EDGE ( 'NONE', *, *, #879, .F. ) ;
#2636 = SURFACE_STYLE_FILL_AREA ( #2302 ) ;
#2637 = DIRECTION ( 'NONE',  ( -1.000000000000000000, 0.000000000000000000, 0.000000000000000000 ) ) ;
#2638 = SPHERICAL_SURFACE ( 'NONE', #674, 6.500000000000000888 ) ;
#2639 = VERTEX_POINT ( 'NONE', #591 ) ;
#2640 = VECTOR ( 'NONE', #3525, 999.9999999999998863 ) ;
#2641 = ADVANCED_FACE ( 'NONE', ( #3615 ), #378, .F. ) ;
#2642 = DIRECTION ( 'NONE',  ( -0.000000000000000000, -0.000000000000000000, -1.000000000000000000 ) ) ;
#2643 = CIRCLE ( 'NONE', #4196, 1.000000000000000888 ) ;
#2644 = DIRECTION ( 'NONE',  ( -0.000000000000000000, 0.000000000000000000, 1.000000000000000000 ) ) ;
#2645 = CARTESIAN_POINT ( 'NONE',  ( -35.25000000000001421, 63.25000000000000000, 51.50000000000000000 ) ) ;
#2646 = ORIENTED_EDGE ( 'NONE', *, *, #1529, .T. ) ;
#2647 = ORIENTED_EDGE ( 'NONE', *, *, #1613, .T. ) ;
#2648 = ADVANCED_FACE ( 'NONE', ( #2338 ), #1895, .T. ) ;
#2649 = AXIS2_PLACEMENT_3D ( 'NONE', #3520, #1187, #2792 ) ;
#2650 = CARTESIAN_POINT ( 'NONE',  ( -46.50000000000000711, 75.00000000000001421, 45.00000000000000000 ) ) ;
#2651 = FACE_OUTER_BOUND ( 'NONE', #3571, .T. ) ;
#2652 = AXIS2_PLACEMENT_3D ( 'NONE', #217, #854, #1918 ) ;
#2653 = ORIENTED_EDGE ( 'NONE', *, *, #2337, .T. ) ;
#2654 = LINE ( 'NONE', #2257, #3067 ) ;
#2655 = VECTOR ( 'NONE', #42, 1000.000000000000000 ) ;
#2656 = FACE_OUTER_BOUND ( 'NONE', #1030, .T. ) ;
#2657 = CARTESIAN_POINT ( 'NONE',  ( 37.50000000000001421, 70.50000000000000000, 42.49999999999999289 ) ) ;
#2658 = CIRCLE ( 'NONE', #4213, 0.5000000000000004441 ) ;
#2659 = ORIENTED_EDGE ( 'NONE', *, *, #2496, .F. ) ;
#2660 = EDGE_CURVE ( 'NONE', #2343, #791, #2497, .T. ) ;
#2661 = DIRECTION ( 'NONE',  ( -0.000000000000000000, -1.000000000000000000, -0.000000000000000000 ) ) ;
#2662 = AXIS2_PLACEMENT_3D ( 'NONE', #3294, #2575, #2604 ) ;
#2663 = AXIS2_PLACEMENT_3D ( 'NONE', #3655, #1007, #2311 ) ;
#2664 = DIRECTION ( 'NONE',  ( -0.000000000000000000, -0.000000000000000000, -1.000000000000000000 ) ) ;
#2665 = ORIENTED_EDGE ( 'NONE', *, *, #622, .T. ) ;
#2666 = AXIS2_PLACEMENT_3D ( 'NONE', #676, #4010, #989 ) ;
#2667 = ADVANCED_FACE ( 'NONE', ( #3302 ), #1297, .T. ) ;
#2668 = VECTOR ( 'NONE', #2138, 1000.000000000000000 ) ;
#2669 = ADVANCED_FACE ( 'NONE', ( #3746 ), #4086, .F. ) ;
#2670 = CARTESIAN_POINT ( 'NONE',  ( 40.00000000000002132, -81.50000000000001421, 45.00000000000000000 ) ) ;
#2671 = LINE ( 'NONE', #3739, #4214 ) ;
#2672 = CARTESIAN_POINT ( 'NONE',  ( -33.25000000000001421, 44.75000000000000000, 51.50000000000000000 ) ) ;
#2673 = ADVANCED_FACE ( 'NONE', ( #3343 ), #4037, .F. ) ;
#2674 = ORIENTED_EDGE ( 'NONE', *, *, #2921, .T. ) ;
#2675 = CARTESIAN_POINT ( 'NONE',  ( 0.000000000000000000, 10.00000000000000888, 51.50000000000000000 ) ) ;
#2676 = CARTESIAN_POINT ( 'NONE',  ( -22.50000000000001066, 31.50000000000000000, 54.00000000000000000 ) ) ;
#2677 = ORIENTED_EDGE ( 'NONE', *, *, #2157, .F. ) ;
#2678 = CYLINDRICAL_SURFACE ( 'NONE', #2601, 0.5000000000000004441 ) ;
#2679 = FACE_OUTER_BOUND ( 'NONE', #668, .T. ) ;
#2680 = ORIENTED_EDGE ( 'NONE', *, *, #2718, .T. ) ;
#2681 = CYLINDRICAL_SURFACE ( 'NONE', #1807, 1.000000000000000888 ) ;
#2682 = DIRECTION ( 'NONE',  ( 0.000000000000000000, 0.000000000000000000, -1.000000000000000000 ) ) ;
#2683 = ORIENTED_EDGE ( 'NONE', *, *, #843, .F. ) ;
#2684 = LINE ( 'NONE', #1006, #2380 ) ;
#2685 = LINE ( 'NONE', #678, #4141 ) ;
#2686 = EDGE_CURVE ( 'NONE', #663, #3257, #1061, .T. ) ;
#2687 = DIRECTION ( 'NONE',  ( 1.000000000000000000, 0.000000000000000000, 0.000000000000000000 ) ) ;
#2688 = CARTESIAN_POINT ( 'NONE',  ( -41.22266279430366609, 69.97685394661333191, 51.38421528643036851 ) ) ;
#2689 = PLANE ( 'NONE',  #4290 ) ;
#2690 = CARTESIAN_POINT ( 'NONE',  ( 31.24999999999999645, 62.00000000000000711, 55.50000000000000000 ) ) ;
#2691 = EDGE_CURVE ( 'NONE', #1341, #2220, #4192, .T. ) ;
#2692 = CARTESIAN_POINT ( 'NONE',  ( -50.00000000000001421, 75.00000000000001421, 0.000000000000000000 ) ) ;
#2693 = ORIENTED_EDGE ( 'NONE', *, *, #3623, .T. ) ;
#2694 = CARTESIAN_POINT ( 'NONE',  ( -40.00000000000001421, 85.00000000000000000, 45.00000000000000000 ) ) ;
#2695 = EDGE_CURVE ( 'NONE', #3668, #1706, #2382, .T. ) ;
#2696 = DIRECTION ( 'NONE',  ( 1.000000000000000000, 0.000000000000000000, 0.000000000000000000 ) ) ;
#2697 = ORIENTED_EDGE ( 'NONE', *, *, #1049, .T. ) ;
#2698 = CARTESIAN_POINT ( 'NONE',  ( 6.250000000000000000, -19.99999999999999645, -0.001000000000001000089 ) ) ;
#2699 = LINE ( 'NONE', #2983, #2222 ) ;
#2700 = ORIENTED_EDGE ( 'NONE', *, *, #261, .T. ) ;
#2701 = CARTESIAN_POINT ( 'NONE',  ( 40.00000000000002132, 42.29508497187473637, 51.50000000000000000 ) ) ;
#2702 = VERTEX_POINT ( 'NONE', #1735 ) ;
#2703 = FACE_OUTER_BOUND ( 'NONE', #2932, .T. ) ;
#2704 = DIRECTION ( 'NONE',  ( 0.000000000000000000, 0.000000000000000000, -1.000000000000000000 ) ) ;
#2705 = CARTESIAN_POINT ( 'NONE',  ( -35.83059371040390317, 51.00000000000000711, 55.50000000000000711 ) ) ;
#2706 = ORIENTED_EDGE ( 'NONE', *, *, #1646, .F. ) ;
#2707 = ORIENTED_EDGE ( 'NONE', *, *, #1545, .T. ) ;
#2708 = EDGE_CURVE ( 'NONE', #3659, #2884, #4107, .T. ) ;
#2709 = DIRECTION ( 'NONE',  ( 1.000000000000000000, -0.000000000000000000, 0.000000000000000000 ) ) ;
#2710 = AXIS2_PLACEMENT_3D ( 'NONE', #3441, #2711, #2736 ) ;
#2711 = DIRECTION ( 'NONE',  ( 0.000000000000000000, 0.000000000000000000, 1.000000000000000000 ) ) ;
#2712 = TOROIDAL_SURFACE ( 'NONE', #1092, 5.930593710403916141, 0.5000000000000000000 ) ;
#2713 = ORIENTED_EDGE ( 'NONE', *, *, #1186, .T. ) ;
#2714 = CARTESIAN_POINT ( 'NONE',  ( 37.31940628959608830, 51.50000000000000711, 64.50000000000000000 ) ) ;
#2715 = EDGE_CURVE ( 'NONE', #1783, #489, #688, .T. ) ;
#2716 = CARTESIAN_POINT ( 'NONE',  ( -37.50000000000000000, 39.50000000000000000, 50.49999999999999289 ) ) ;
#2717 = ORIENTED_EDGE ( 'NONE', *, *, #3170, .F. ) ;
#2718 = EDGE_CURVE ( 'NONE', #1911, #2559, #732, .T. ) ;
#2719 = DIRECTION ( 'NONE',  ( 1.000000000000000000, 0.000000000000000000, 0.000000000000000000 ) ) ;
#2720 = VECTOR ( 'NONE', #4014, 1000.000000000000000 ) ;
#2721 = CIRCLE ( 'NONE', #908, 6.250000000000000000 ) ;
#2722 = DIRECTION ( 'NONE',  ( -1.000000000000000000, 0.000000000000000000, 0.000000000000000000 ) ) ;
#2723 = ADVANCED_FACE ( 'NONE', ( #3371 ), #1402, .T. ) ;
#2724 = ORIENTED_EDGE ( 'NONE', *, *, #1106, .T. ) ;
#2725 = VECTOR ( 'NONE', #3126, 1000.000000000000000 ) ;
#2726 = CARTESIAN_POINT ( 'NONE',  ( -37.18059371040391881, 62.00000000000000711, 65.00000000000000000 ) ) ;
#2727 = CARTESIAN_POINT ( 'NONE',  ( -34.81940628959606698, 50.91421356237309936, 54.99999999999999289 ) ) ;
#2728 = CYLINDRICAL_SURFACE ( 'NONE', #313, 0.5000000000000012212 ) ;
#2729 = VECTOR ( 'NONE', #3921, 1000.000000000000000 ) ;
#2730 = DIRECTION ( 'NONE',  ( -0.000000000000000000, -0.000000000000000000, 1.000000000000000000 ) ) ;
#2731 = AXIS2_PLACEMENT_3D ( 'NONE', #66, #1904, #2895 ) ;
#2732 = ORIENTED_EDGE ( 'NONE', *, *, #3092, .F. ) ;
#2733 = ORIENTED_EDGE ( 'NONE', *, *, #1291, .T. ) ;
#2734 = CARTESIAN_POINT ( 'NONE',  ( 31.24999999999999645, 68.56387446603024216, 64.57417022646512805 ) ) ;
#2735 = VECTOR ( 'NONE', #2910, 1000.000000000000000 ) ;
#2736 = DIRECTION ( 'NONE',  ( 1.000000000000000000, 0.000000000000000000, -0.000000000000000000 ) ) ;
#2737 = CARTESIAN_POINT ( 'NONE',  ( 39.99999999999999289, 75.00000000000001421, 45.00000000000000000 ) ) ;
#2738 = ORIENTED_EDGE ( 'NONE', *, *, #3496, .T. ) ;
#2739 = CARTESIAN_POINT ( 'NONE',  ( -22.50000000000001066, 31.50000000000000000, 54.00000000000000000 ) ) ;
#2740 = CARTESIAN_POINT ( 'NONE',  ( -37.81387446603023506, 62.00000000000000711, 64.57417022646512805 ) ) ;
#2741 = EDGE_CURVE ( 'NONE', #3549, #3108, #3729, .T. ) ;
#2742 = EDGE_CURVE ( 'NONE', #848, #2125, #1079, .T. ) ;
#2743 = ORIENTED_EDGE ( 'NONE', *, *, #340, .T. ) ;
#2744 = DIRECTION ( 'NONE',  ( 1.000000000000000000, 0.000000000000000000, 0.000000000000000000 ) ) ;
#2745 = EDGE_CURVE ( 'NONE', #2339, #3607, #1013, .T. ) ;
#2746 = CARTESIAN_POINT ( 'NONE',  ( -37.50000000000000000, 39.50000000000000000, 50.49999999999999289 ) ) ;
#2747 = ORIENTED_EDGE ( 'NONE', *, *, #2412, .F. ) ;
#2748 = CARTESIAN_POINT ( 'NONE',  ( 31.24999999999999645, 65.56940628959607409, 55.50000000000000000 ) ) ;
#2749 = DIRECTION ( 'NONE',  ( 0.000000000000000000, 0.000000000000000000, -1.000000000000000000 ) ) ;
#2750 = DIRECTION ( 'NONE',  ( 0.000000000000000000, 0.000000000000000000, 1.000000000000000000 ) ) ;
#2751 = CARTESIAN_POINT ( 'NONE',  ( -41.25000000000000711, 70.50000000000000000, 51.37867541108653313 ) ) ;
#2752 = ORIENTED_EDGE ( 'NONE', *, *, #1827, .F. ) ;
#2753 = PLANE ( 'NONE',  #1321 ) ;
#2754 = DIRECTION ( 'NONE',  ( 1.000000000000000000, 0.000000000000000000, 0.000000000000000000 ) ) ;
#2755 = DIRECTION ( 'NONE',  ( -1.000000000000000000, -0.000000000000000000, -0.000000000000000000 ) ) ;
#2756 = ORIENTED_EDGE ( 'NONE', *, *, #3467, .T. ) ;
#2757 = FACE_OUTER_BOUND ( 'NONE', #2824, .T. ) ;
#2758 = FACE_OUTER_BOUND ( 'NONE', #1612, .T. ) ;
#2759 = LINE ( 'NONE', #3107, #4046 ) ;
#2760 = VERTEX_POINT ( 'NONE', #2054 ) ;
#2761 = DIRECTION ( 'NONE',  ( -0.000000000000000000, 1.000000000000000000, 0.000000000000000000 ) ) ;
#2762 = EDGE_CURVE ( 'NONE', #3367, #552, #3389, .T. ) ;
#2763 = DIRECTION ( 'NONE',  ( -0.000000000000000000, 1.000000000000000000, 0.000000000000000000 ) ) ;
#2764 = ORIENTED_EDGE ( 'NONE', *, *, #579, .F. ) ;
#2765 = LINE ( 'NONE', #496, #3360 ) ;
#2766 = CARTESIAN_POINT ( 'NONE',  ( 39.24999999993698196, 51.35134424482372140, 54.99999999999999289 ) ) ;
#2767 = CARTESIAN_POINT ( 'NONE',  ( -39.99999999999999289, -75.00000000000001421, 0.000000000000000000 ) ) ;
#2768 = ORIENTED_EDGE ( 'NONE', *, *, #2533, .F. ) ;
#2769 = ADVANCED_FACE ( 'NONE', ( #3680 ), #753, .F. ) ;
#2770 = DIRECTION ( 'NONE',  ( -1.000000000000000000, -0.000000000000000000, 0.000000000000000000 ) ) ;
#2771 = PLANE ( 'NONE',  #2520 ) ;
#2772 = DIRECTION ( 'NONE',  ( -0.000000000000000000, -0.000000000000000000, 1.000000000000000000 ) ) ;
#2773 = DIRECTION ( 'NONE',  ( -1.000000000000000000, 0.000000000000000000, -0.000000000000000000 ) ) ;
#2774 = EDGE_CURVE ( 'NONE', #659, #1426, #21, .T. ) ;
#2775 = VERTEX_POINT ( 'NONE', #1380 ) ;
#2776 = AXIS2_PLACEMENT_3D ( 'NONE', #4181, #3904, #187 ) ;
#2777 = LINE ( 'NONE', #3445, #2014 ) ;
#2778 = DIRECTION ( 'NONE',  ( -1.000000000000000000, 0.000000000000000000, 0.000000000000000000 ) ) ;
#2779 = ORIENTED_EDGE ( 'NONE', *, *, #446, .T. ) ;
#2780 = EDGE_LOOP ( 'NONE', ( #1484, #3186, #3345, #1375 ) ) ;
#2781 = CIRCLE ( 'NONE', #2155, 5.599999999999999645 ) ;
#2782 = ORIENTED_EDGE ( 'NONE', *, *, #2803, .T. ) ;
#2783 = ORIENTED_EDGE ( 'NONE', *, *, #3492, .F. ) ;
#2784 = DIRECTION ( 'NONE',  ( 0.000000000000000000, 0.000000000000000000, 1.000000000000000000 ) ) ;
#2785 = AXIS2_PLACEMENT_3D ( 'NONE', #4121, #1500, #82 ) ;
#2786 = DIRECTION ( 'NONE',  ( 0.000000000000000000, 1.000000000000000000, 0.000000000000000000 ) ) ;
#2787 = AXIS2_PLACEMENT_3D ( 'NONE', #2537, #4240, #521 ) ;
#2788 = ORIENTED_EDGE ( 'NONE', *, *, #551, .F. ) ;
#2789 = FACE_OUTER_BOUND ( 'NONE', #631, .T. ) ;
#2790 = AXIS2_PLACEMENT_3D ( 'NONE', #2205, #505, #458 ) ;
#2791 = CARTESIAN_POINT ( 'NONE',  ( -36.24999999999999289, 70.50000000000000000, 50.49999999999999289 ) ) ;
#2792 = DIRECTION ( 'NONE',  ( 1.000000000000000000, 0.000000000000000000, 0.000000000000000000 ) ) ;
#2793 = EDGE_CURVE ( 'NONE', #3268, #2334, #2075, .T. ) ;
#2794 = EDGE_CURVE ( 'NONE', #1247, #657, #2355, .T. ) ;
#2795 = ORIENTED_EDGE ( 'NONE', *, *, #1100, .T. ) ;
#2796 = VECTOR ( 'NONE', #885, 1000.000000000000114 ) ;
#2797 = AXIS2_PLACEMENT_3D ( 'NONE', #2327, #1989, #52 ) ;
#2798 = DIRECTION ( 'NONE',  ( -1.000000000000000000, 0.000000000000000000, 0.000000000000000000 ) ) ;
#2799 = LINE ( 'NONE', #1104, #3429 ) ;
#2800 = AXIS2_PLACEMENT_3D ( 'NONE', #518, #1889, #251 ) ;
#2801 = VECTOR ( 'NONE', #3224, 1000.000000000000000 ) ;
#2802 = CYLINDRICAL_SURFACE ( 'NONE', #743, 10.00000000000000178 ) ;
#2803 = EDGE_CURVE ( 'NONE', #74, #2908, #504, .T. ) ;
#2804 = CARTESIAN_POINT ( 'NONE',  ( 35.24999999999998579, 46.74999999999999289, 54.50000000000000000 ) ) ;
#2805 = ORIENTED_EDGE ( 'NONE', *, *, #3623, .F. ) ;
#2806 = VECTOR ( 'NONE', #3138, 1000.000000000000000 ) ;
#2807 = CIRCLE ( 'NONE', #2929, 10.00000000000000178 ) ;
#2808 = DIRECTION ( 'NONE',  ( 0.000000000000000000, 0.000000000000000000, 1.000000000000000000 ) ) ;
#2809 = DIRECTION ( 'NONE',  ( -0.000000000000000000, 0.000000000000000000, 1.000000000000000000 ) ) ;
#2810 = ORIENTED_EDGE ( 'NONE', *, *, #3323, .F. ) ;
#2811 = EDGE_LOOP ( 'NONE', ( #3681, #1472, #353, #2204, #1839 ) ) ;
#2812 = CARTESIAN_POINT ( 'NONE',  ( 40.68252792856839761, 72.50063291221735540, 51.46592249674498021 ) ) ;
#2813 = AXIS2_PLACEMENT_3D ( 'NONE', #2525, #1851, #3195 ) ;
#2814 = DIRECTION ( 'NONE',  ( 1.000000000000000000, 0.000000000000000000, 0.000000000000000000 ) ) ;
#2815 = ORIENTED_EDGE ( 'NONE', *, *, #2049, .T. ) ;
#2816 = CARTESIAN_POINT ( 'NONE',  ( 41.03063187259939326, 69.20923393448701688, 51.41868500906812045 ) ) ;
#2817 = CARTESIAN_POINT ( 'NONE',  ( 38.66940628959609683, 50.99999999999999289, 54.99999999999999289 ) ) ;
#2818 = ORIENTED_EDGE ( 'NONE', *, *, #1330, .T. ) ;
#2819 = LINE ( 'NONE', #3914, #4146 ) ;
#2820 = DIRECTION ( 'NONE',  ( -1.000000000000000000, 0.000000000000000000, 0.000000000000000000 ) ) ;
#2821 = ADVANCED_FACE ( 'NONE', ( #778 ), #3879, .T. ) ;
#2822 = CARTESIAN_POINT ( 'NONE',  ( -39.99999999999999289, -75.00000000000001421, 45.00000000000000000 ) ) ;
#2823 = CARTESIAN_POINT ( 'NONE',  ( -33.25000000000001421, 44.75000000000000000, 54.50000000000000000 ) ) ;
#2824 = EDGE_LOOP ( 'NONE', ( #2738, #801, #2056, #3473 ) ) ;
#2825 = CARTESIAN_POINT ( 'NONE',  ( -39.18612553396977205, 51.50000000000000711, 55.42582977353487905 ) ) ;
#2826 = EDGE_CURVE ( 'NONE', #2480, #3428, #519, .T. ) ;
#2827 = DIRECTION ( 'NONE',  ( 0.000000000000000000, 1.000000000000000000, -0.000000000000000000 ) ) ;
#2828 = ORIENTED_EDGE ( 'NONE', *, *, #1494, .F. ) ;
#2829 = VERTEX_POINT ( 'NONE', #3149 ) ;
#2830 = DIRECTION ( 'NONE',  ( -0.000000000000000000, -0.000000000000000000, -1.000000000000000000 ) ) ;
#2831 = FACE_OUTER_BOUND ( 'NONE', #4004, .T. ) ;
#2832 = ORIENTED_EDGE ( 'NONE', *, *, #2070, .T. ) ;
#2833 = LINE ( 'NONE', #3177, #2806 ) ;
#2834 = LINE ( 'NONE', #1466, #92 ) ;
#2835 = ORIENTED_EDGE ( 'NONE', *, *, #974, .T. ) ;
#2836 = CARTESIAN_POINT ( 'NONE',  ( -39.99999999999999289, -75.00000000000001421, 0.000000000000000000 ) ) ;
#2837 = CIRCLE ( 'NONE', #3180, 10.00000000000000178 ) ;
#2838 = CARTESIAN_POINT ( 'NONE',  ( -31.24999999999999645, 67.43612553396977205, 64.57417022646512805 ) ) ;
#2839 = FACE_OUTER_BOUND ( 'NONE', #2611, .T. ) ;
#2840 = EDGE_CURVE ( 'NONE', #3891, #3202, #158, .T. ) ;
#2841 = ORIENTED_EDGE ( 'NONE', *, *, #3608, .T. ) ;
#2842 = CARTESIAN_POINT ( 'NONE',  ( -36.24999999999999289, 70.50000000000000000, 42.49999999999999289 ) ) ;
#2843 = CARTESIAN_POINT ( 'NONE',  ( -39.68059371040394012, 50.91421356237309936, 54.99999999999999289 ) ) ;
#2844 = VECTOR ( 'NONE', #712, 1000.000000000000000 ) ;
#2845 = EDGE_CURVE ( 'NONE', #1348, #1237, #1506, .T. ) ;
#2846 = EDGE_LOOP ( 'NONE', ( #3838, #282, #984, #1811 ) ) ;
#2847 = DIRECTION ( 'NONE',  ( 1.000000000000000000, 0.000000000000000000, 0.000000000000000000 ) ) ;
#2848 = AXIS2_PLACEMENT_3D ( 'NONE', #226, #2989, #4307 ) ;
#2849 = CARTESIAN_POINT ( 'NONE',  ( -39.99999999999999289, -75.00000000000001421, 45.00000000000000000 ) ) ;
#2850 = EDGE_CURVE ( 'NONE', #3906, #1672, #3487, .T. ) ;
#2851 = EDGE_LOOP ( 'NONE', ( #3100, #4182, #3593, #2586 ) ) ;
#2852 = DIRECTION ( 'NONE',  ( -1.000000000000000000, -0.000000000000000000, -0.000000000000000000 ) ) ;
#2853 = EDGE_CURVE ( 'NONE', #2956, #4038, #2643, .T. ) ;
#2854 = AXIS2_PLACEMENT_3D ( 'NONE', #1425, #4130, #959 ) ;
#2855 = CARTESIAN_POINT ( 'NONE',  ( -37.50000000000000000, 70.50000000000000000, 42.49999999999999289 ) ) ;
#2856 = APPLICATION_PROTOCOL_DEFINITION ( 'draft international standard', 'automotive_design', 1998, #2477 ) ;
#2857 = EDGE_LOOP ( 'NONE', ( #2978, #2085, #627, #3468 ) ) ;
#2858 = CARTESIAN_POINT ( 'NONE',  ( -31.24999999999999645, 62.00000000000000711, 55.00000000000000000 ) ) ;
#2859 = CARTESIAN_POINT ( 'NONE',  ( -40.00000000000001421, 81.50000000000000000, 0.000000000000000000 ) ) ;
#2860 = VERTEX_POINT ( 'NONE', #2536 ) ;
#2861 = CIRCLE ( 'NONE', #3426, 3.750000000000010214 ) ;
#2862 = FACE_OUTER_BOUND ( 'NONE', #3006, .T. ) ;
#2863 = ORIENTED_EDGE ( 'NONE', *, *, #703, .T. ) ;
#2864 = CARTESIAN_POINT ( 'NONE',  ( 49.99999999999999289, 75.00000000000001421, 0.000000000000000000 ) ) ;
#2865 = CIRCLE ( 'NONE', #1809, 6.563874466030228838 ) ;
#2866 = AXIS2_PLACEMENT_3D ( 'NONE', #3074, #634, #12 ) ;
#2867 = CARTESIAN_POINT ( 'NONE',  ( 39.18612553396977205, 51.50000000000000711, 55.42582977353487905 ) ) ;
#2868 = AXIS2_PLACEMENT_3D ( 'NONE', #2261, #1588, #2600 ) ;
#2869 = VECTOR ( 'NONE', #1469, 1000.000000000000000 ) ;
#2870 = ORIENTED_EDGE ( 'NONE', *, *, #369, .T. ) ;
#2871 = EDGE_CURVE ( 'NONE', #4038, #1859, #3183, .T. ) ;
#2872 = FACE_OUTER_BOUND ( 'NONE', #714, .T. ) ;
#2873 = FACE_OUTER_BOUND ( 'NONE', #3584, .T. ) ;
#2874 = ORIENTED_EDGE ( 'NONE', *, *, #2202, .T. ) ;
#2875 = CARTESIAN_POINT ( 'NONE',  ( -40.00000000000000711, 75.00000000000001421, 45.00000000000000000 ) ) ;
#2876 = ADVANCED_FACE ( 'NONE', ( #2122 ), #2802, .T. ) ;
#2877 = DIRECTION ( 'NONE',  ( 0.000000000000000000, -1.000000000000000000, 0.000000000000000000 ) ) ;
#2878 = ORIENTED_EDGE ( 'NONE', *, *, #2845, .T. ) ;
#2879 = AXIS2_PLACEMENT_3D ( 'NONE', #2592, #1966, #1609 ) ;
#2880 = FACE_OUTER_BOUND ( 'NONE', #230, .T. ) ;
#2881 = LINE ( 'NONE', #1826, #2084 ) ;
#2882 = ORIENTED_EDGE ( 'NONE', *, *, #728, .T. ) ;
#2883 = CARTESIAN_POINT ( 'NONE',  ( -46.50000000000001421, 75.00000000000001421, 45.00000000000000000 ) ) ;
#2884 = VERTEX_POINT ( 'NONE', #2859 ) ;
#2885 = DIRECTION ( 'NONE',  ( 0.000000000000000000, 0.000000000000000000, 1.000000000000000000 ) ) ;
#2886 = AXIS2_PLACEMENT_3D ( 'NONE', #4270, #665, #4316 ) ;
#2887 = CYLINDRICAL_SURFACE ( 'NONE', #3190, 1.000000000000000888 ) ;
#2888 = EDGE_LOOP ( 'NONE', ( #1866, #3822, #960 ) ) ;
#2889 = ORIENTED_EDGE ( 'NONE', *, *, #201, .T. ) ;
#2890 = FACE_OUTER_BOUND ( 'NONE', #2574, .T. ) ;
#2891 = FACE_BOUND ( 'NONE', #2582, .T. ) ;
#2892 = FACE_OUTER_BOUND ( 'NONE', #2042, .T. ) ;
#2893 = VERTEX_POINT ( 'NONE', #3206 ) ;
#2894 = EDGE_CURVE ( 'NONE', #4216, #877, #2431, .T. ) ;
#2895 = DIRECTION ( 'NONE',  ( -1.000000000000000000, 0.000000000000000000, 0.000000000000000000 ) ) ;
#2896 = CARTESIAN_POINT ( 'NONE',  ( 0.000000000000000000, -49.99999999999998579, -0.001000000000001000089 ) ) ;
#2897 = CARTESIAN_POINT ( 'NONE',  ( 3.367778697655220026E-16, -81.50000000000001421, 12.75000000000000000 ) ) ;
#2898 = VERTEX_POINT ( 'NONE', #4219 ) ;
#2899 = DIRECTION ( 'NONE',  ( 0.000000000000000000, -1.000000000000000000, 0.000000000000000000 ) ) ;
#2900 = CARTESIAN_POINT ( 'NONE',  ( 3.367778697655220026E-16, -82.15000000000001990, 12.75000000000000000 ) ) ;
#2901 = DIRECTION ( 'NONE',  ( 0.000000000000000000, 0.000000000000000000, 1.000000000000000000 ) ) ;
#2902 = ORIENTED_EDGE ( 'NONE', *, *, #311, .F. ) ;
#2903 = EDGE_CURVE ( 'NONE', #2775, #1911, #88, .T. ) ;
#2904 = VERTEX_POINT ( 'NONE', #1149 ) ;
#2905 = CYLINDRICAL_SURFACE ( 'NONE', #2588, 3.750000000000010214 ) ;
#2906 = CARTESIAN_POINT ( 'NONE',  ( -41.25000000000000711, 39.50000000000000000, 51.37867541108653313 ) ) ;
#2907 = EDGE_CURVE ( 'NONE', #1489, #2956, #183, .T. ) ;
#2908 = VERTEX_POINT ( 'NONE', #1191 ) ;
#2909 = ORIENTED_EDGE ( 'NONE', *, *, #2552, .F. ) ;
#2910 = DIRECTION ( 'NONE',  ( -0.000000000000000000, -0.000000000000000000, 1.000000000000000000 ) ) ;
#2911 = LINE ( 'NONE', #2214, #3776 ) ;
#2912 = ORIENTED_EDGE ( 'NONE', *, *, #1956, .T. ) ;
#2913 = SURFACE_SIDE_STYLE ('',( #2011 ) ) ;
#2914 = AXIS2_PLACEMENT_3D ( 'NONE', #1211, #2809, #2170 ) ;
#2915 = DIRECTION ( 'NONE',  ( 0.000000000000000000, -0.1483404529302447261, 0.9889363528682975080 ) ) ;
#2916 = LINE ( 'NONE', #3561, #2505 ) ;
#2917 = AXIS2_PLACEMENT_3D ( 'NONE', #747, #409, #725 ) ;
#2918 = ORIENTED_EDGE ( 'NONE', *, *, #2322, .T. ) ;
#2919 = DIRECTION ( 'NONE',  ( 0.000000000000000000, 0.000000000000000000, -1.000000000000000000 ) ) ;
#2920 = CIRCLE ( 'NONE', #1022, 0.5000000000000004441 ) ;
#2921 = EDGE_CURVE ( 'NONE', #1703, #749, #2881, .T. ) ;
#2922 = EDGE_CURVE ( 'NONE', #644, #663, #2451, .T. ) ;
#2923 = DIRECTION ( 'NONE',  ( -0.000000000000000000, -0.000000000000000000, 1.000000000000000000 ) ) ;
#2924 = CARTESIAN_POINT ( 'NONE',  ( 31.24999999999999645, 62.00000000000000711, 65.00000000000000000 ) ) ;
#2925 = ORIENTED_EDGE ( 'NONE', *, *, #2715, .T. ) ;
#2926 = AXIS2_PLACEMENT_3D ( 'NONE', #1558, #873, #269 ) ;
#2927 = EDGE_LOOP ( 'NONE', ( #553, #4328, #530, #1502 ) ) ;
#2928 = CARTESIAN_POINT ( 'NONE',  ( -40.68353506154080179, 72.49902877652685618, 51.46581346522717837 ) ) ;
#2929 = AXIS2_PLACEMENT_3D ( 'NONE', #2632, #1984, #2615 ) ;
#2930 = ADVANCED_FACE ( 'NONE', ( #3795 ), #2988, .F. ) ;
#2931 = CARTESIAN_POINT ( 'NONE',  ( -35.25000000000000000, 62.00000000000000711, 55.00000000000000000 ) ) ;
#2932 = EDGE_LOOP ( 'NONE', ( #1773, #4239, #4190, #2459 ) ) ;
#2933 = EDGE_LOOP ( 'NONE', ( #1219, #573, #3320, #124 ) ) ;
#2934 = AXIS2_PLACEMENT_3D ( 'NONE', #4089, #351, #1361 ) ;
#2935 = CIRCLE ( 'NONE', #2797, 0.5000000000000004441 ) ;
#2936 = CARTESIAN_POINT ( 'NONE',  ( 0.000000000000000000, 68.06940628959610251, 64.50000000000000000 ) ) ;
#2937 = CARTESIAN_POINT ( 'NONE',  ( 37.31940628959607409, 62.00000000000000711, 65.00000000000000000 ) ) ;
#2938 = CIRCLE ( 'NONE', #2662, 10.00000000000000888 ) ;
#2939 = CLOSED_SHELL ( 'NONE', ( #1746, #526, #476, #3038, #4257, #2385, #2673, #3502, #1900, #4162, #4118, #642, #979, #253, #758, #173, #4301, #3854, #996, #3708, #1871, #2982, #2418, #813, #3709, #4217, #937, #3380, #4040, #54, #1434, #304, #1162, #1260, #1212, #3403, #2410, #3475, #3301, #161, #2876, #3775, #2081, #1678, #1287, #2201, #2723, #3309, #3327, #3471, #2196, #3656, #967, #3874, #2063, #3363, #219, #524, #2227, #693, #968, #1407, #1926, #475, #581, #19, #2015, #3583, #2179, #391, #672, #4180, #667, #1098, #2550, #3417, #1225, #162, #3952, #2178, #2821, #1749, #1178, #2618, #1849, #2068, #1978, #1018, #3804, #169, #2040, #2667, #2341, #4184, #33, #1730, #3137, #429, #3187, #2648, #503, #1151, #2930, #3962, #2208, #3826, #2099, #3192, #2976, #809, #2597, #1564, #3764, #531, #847, #1202, #4226, #1543, #2641, #1513, #424, #1255, #3230, #3110, #1684, #3689, #3578, #3387, #2076, #3267, #1920, #3629, #578, #4353, #4291, #3903, #1738, #2151, #420, #1069, #3755, #3896, #2669, #2612 ) ) ;
#2940 = CARTESIAN_POINT ( 'NONE',  ( -46.50000000000001421, 75.00000000000001421, 55.00000000000000000 ) ) ;
#2941 = VERTEX_POINT ( 'NONE', #820 ) ;
#2942 = CIRCLE ( 'NONE', #2868, 2.000000000000005329 ) ;
#2943 = CYLINDRICAL_SURFACE ( 'NONE', #3407, 0.5000000000000004441 ) ;
#2944 = AXIS2_PLACEMENT_3D ( 'NONE', #3645, #3239, #1940 ) ;
#2945 = DIRECTION ( 'NONE',  ( 0.000000000000000000, 1.000000000000000000, 0.000000000000000000 ) ) ;
#2946 = ORIENTED_EDGE ( 'NONE', *, *, #1664, .F. ) ;
#2947 = CARTESIAN_POINT ( 'NONE',  ( -39.99999999999999289, -85.00000000000001421, 0.000000000000000000 ) ) ;
#2948 =( BOUNDED_SURFACE ( )  B_SPLINE_SURFACE ( 3, 2, ( 
 ( #1419, #2817, #1124 ),
 ( #793, #4170, #2159 ),
 ( #1792, #773, #1097 ),
 ( #3116, #3538, #1838 ),
 ( #2487, #2766, #63 ),
 ( #2136, #2442, #3788 ) ),
 .UNSPECIFIED., .F., .F., .F. ) 
 B_SPLINE_SURFACE_WITH_KNOTS ( ( 4, 2, 4 ),
 ( 3, 3 ),
 ( 4.712388980384689674, 5.497787143782137953, 6.283185307179586232 ),
 ( 0.000000000000000000, 1.000000000000000000 ),
 .UNSPECIFIED. ) 
 GEOMETRIC_REPRESENTATION_ITEM ( )  RATIONAL_B_SPLINE_SURFACE ( (
 ( 1.000000000000000000, 0.7071067811865425767, 1.000000000000000000),
 ( 1.000000000000000000, 0.7208924369592788484, 1.000000000000000000),
 ( 1.000000000000000000, 0.7340307785311995792, 1.000000000000000000),
 ( 1.000000000000000000, 0.7525038091533576834, 1.000000000000000000),
 ( 1.000000000000000000, 0.7578165731565609242, 1.000000000000000000),
 ( 1.000000000000000000, 0.7577402104053313492, 1.000000000000000000) ) ) 
 REPRESENTATION_ITEM ( '' )  SURFACE ( )  );
#2949 = CARTESIAN_POINT ( 'NONE',  ( -39.99999999999999289, -75.00000000000001421, 51.50000000000000000 ) ) ;
#2950 = DIRECTION ( 'NONE',  ( 1.000000000000000000, 0.000000000000000000, 0.000000000000000000 ) ) ;
#2951 = ORIENTED_EDGE ( 'NONE', *, *, #1932, .T. ) ;
#2952 = CARTESIAN_POINT ( 'NONE',  ( -41.03097384884473087, 71.79021160378798072, 51.41864444672518175 ) ) ;
#2953 = EDGE_CURVE ( 'NONE', #2074, #874, #2164, .T. ) ;
#2954 = CARTESIAN_POINT ( 'NONE',  ( 46.49999999999998579, 75.00000000000001421, 45.00000000000000000 ) ) ;
#2955 = ORIENTED_EDGE ( 'NONE', *, *, #1081, .F. ) ;
#2956 = VERTEX_POINT ( 'NONE', #136 ) ;
#2957 = FACE_OUTER_BOUND ( 'NONE', #4242, .T. ) ;
#2958 = CARTESIAN_POINT ( 'NONE',  ( 30.75000000000000000, 51.00000000000000711, 0.000000000000000000 ) ) ;
#2959 = LINE ( 'NONE', #3601, #22 ) ;
#2960 = VERTEX_POINT ( 'NONE', #2838 ) ;
#2961 = LINE ( 'NONE', #4320, #1386 ) ;
#2962 = CARTESIAN_POINT ( 'NONE',  ( 37.31940628959608830, 62.00000000000000711, 65.00000000000000000 ) ) ;
#2963 = CARTESIAN_POINT ( 'NONE',  ( -38.95435311032294123, 51.01831270161756748, 54.99999999999906919 ) ) ;
#2964 = ORIENTED_EDGE ( 'NONE', *, *, #703, .F. ) ;
#2965 = DIRECTION ( 'NONE',  ( 1.000000000000000000, 0.000000000000000000, 0.000000000000000000 ) ) ;
#2966 = CARTESIAN_POINT ( 'NONE',  ( -32.49999999999999289, 61.50000000000000000, 54.50000000000000000 ) ) ;
#2967 = VERTEX_POINT ( 'NONE', #970 ) ;
#2968 = VERTEX_POINT ( 'NONE', #3898 ) ;
#2969 = DIRECTION ( 'NONE',  ( -1.000000000000000000, 0.000000000000000000, -0.000000000000000000 ) ) ;
#2970 = DIRECTION ( 'NONE',  ( 1.000000000000000000, 0.000000000000000000, 0.000000000000000000 ) ) ;
#2971 = EDGE_CURVE ( 'NONE', #3216, #3659, #381, .T. ) ;
#2972 = ORIENTED_EDGE ( 'NONE', *, *, #2538, .F. ) ;
#2973 = DIRECTION ( 'NONE',  ( -0.000000000000000000, -0.000000000000000000, 1.000000000000000000 ) ) ;
#2974 = DIRECTION ( 'NONE',  ( 0.000000000000000000, 0.000000000000000000, 1.000000000000000000 ) ) ;
#2975 = EDGE_CURVE ( 'NONE', #104, #1160, #4282, .T. ) ;
#2976 = ADVANCED_FACE ( 'NONE', ( #3657 ), #2712, .T. ) ;
#2977 = CYLINDRICAL_SURFACE ( 'NONE', #602, 6.499999999999999112 ) ;
#2978 = ORIENTED_EDGE ( 'NONE', *, *, #2794, .F. ) ;
#2979 = DIRECTION ( 'NONE',  ( -0.000000000000000000, -0.000000000000000000, -1.000000000000000000 ) ) ;
#2980 = DIRECTION ( 'NONE',  ( 0.000000000000000000, 0.000000000000000000, 1.000000000000000000 ) ) ;
#2981 = AXIS2_PLACEMENT_3D ( 'NONE', #736, #3419, #440 ) ;
#2982 = ADVANCED_FACE ( 'NONE', ( #3947 ), #1227, .F. ) ;
#2983 = CARTESIAN_POINT ( 'NONE',  ( -31.49999999999999289, 62.50000000000000000, 54.50000000000000000 ) ) ;
#2984 = VERTEX_POINT ( 'NONE', #881 ) ;
#2985 = AXIS2_PLACEMENT_3D ( 'NONE', #399, #1408, #1363 ) ;
#2986 = CARTESIAN_POINT ( 'NONE',  ( 38.66940628959610393, 51.00000000000000711, 55.50000000000000000 ) ) ;
#2987 = CARTESIAN_POINT ( 'NONE',  ( 0.000000000000000000, 10.00000000000000888, 54.00000000000000000 ) ) ;
#2988 = CONICAL_SURFACE ( 'NONE', #1789, 3.999999999999996447, 0.1488899476094973640 ) ;
#2989 = DIRECTION ( 'NONE',  ( 0.000000000000000000, -0.000000000000000000, -1.000000000000000000 ) ) ;
#2990 = DIRECTION ( 'NONE',  ( 0.000000000000000000, 0.000000000000000000, -1.000000000000000000 ) ) ;
#2991 = VERTEX_POINT ( 'NONE', #929 ) ;
#2992 = VECTOR ( 'NONE', #3068, 1000.000000000000000 ) ;
#2993 = DIRECTION ( 'NONE',  ( 1.000000000000000000, 0.000000000000000000, 0.000000000000000000 ) ) ;
#2994 = CYLINDRICAL_SURFACE ( 'NONE', #7, 0.5000000000000004441 ) ;
#2995 = ORIENTED_EDGE ( 'NONE', *, *, #3085, .T. ) ;
#2996 = LINE ( 'NONE', #1626, #3512 ) ;
#2997 = DIRECTION ( 'NONE',  ( 0.000000000000000000, 1.000000000000000000, -0.000000000000000000 ) ) ;
#2998 = CIRCLE ( 'NONE', #3500, 0.5000000000000004441 ) ;
#2999 = VERTEX_POINT ( 'NONE', #635 ) ;
#3000 = FILL_AREA_STYLE_COLOUR ( '', #1115 ) ;
#3001 = EDGE_CURVE ( 'NONE', #4136, #4048, #2051, .T. ) ;
#3002 = CARTESIAN_POINT ( 'NONE',  ( 37.18059371040391881, 62.00000000000000711, 65.00000000000000000 ) ) ;
#3003 = AXIS2_PLACEMENT_3D ( 'NONE', #4057, #730, #4378 ) ;
#3004 = AXIS2_PLACEMENT_3D ( 'NONE', #4339, #1327, #669 ) ;
#3005 = CARTESIAN_POINT ( 'NONE',  ( -39.99999999999999289, -75.00000000000001421, 51.50000000000000000 ) ) ;
#3006 = EDGE_LOOP ( 'NONE', ( #75, #1685, #2870, #100, #2432 ) ) ;
#3007 = CIRCLE ( 'NONE', #330, 1.000000000000000888 ) ;
#3008 = AXIS2_PLACEMENT_3D ( 'NONE', #4366, #2326, #4005 ) ;
#3009 = EDGE_CURVE ( 'NONE', #3734, #3268, #3553, .T. ) ;
#3010 = DIRECTION ( 'NONE',  ( -0.000000000000000000, -0.000000000000000000, 1.000000000000000000 ) ) ;
#3011 = DIRECTION ( 'NONE',  ( 0.000000000000000000, 0.000000000000000000, -1.000000000000000000 ) ) ;
#3012 = FACE_OUTER_BOUND ( 'NONE', #2198, .T. ) ;
#3013 = DIRECTION ( 'NONE',  ( 0.000000000000000000, 0.000000000000000000, -1.000000000000000000 ) ) ;
#3014 = EDGE_CURVE ( 'NONE', #1754, #4080, #1890, .T. ) ;
#3015 = ORIENTED_EDGE ( 'NONE', *, *, #3509, .F. ) ;
#3016 = CARTESIAN_POINT ( 'NONE',  ( 0.000000000000000000, -85.00000000000001421, 10.00000000000000000 ) ) ;
#3017 = DIRECTION ( 'NONE',  ( -1.000000000000000000, 0.000000000000000000, 0.000000000000000000 ) ) ;
#3018 = ORIENTED_EDGE ( 'NONE', *, *, #890, .T. ) ;
#3019 = DIRECTION ( 'NONE',  ( -0.000000000000000000, -0.000000000000000000, -1.000000000000000000 ) ) ;
#3020 = CARTESIAN_POINT ( 'NONE',  ( 37.50000000000000000, 39.50000000000000000, 42.49999999999999289 ) ) ;
#3021 = ORIENTED_EDGE ( 'NONE', *, *, #4166, .F. ) ;
#3022 = LINE ( 'NONE', #2388, #1450 ) ;
#3023 = DIRECTION ( 'NONE',  ( -1.000000000000000000, 0.000000000000000000, 0.000000000000000000 ) ) ;
#3024 = EDGE_CURVE ( 'NONE', #4124, #2829, #3231, .T. ) ;
#3025 = ORIENTED_EDGE ( 'NONE', *, *, #193, .F. ) ;
#3026 = CARTESIAN_POINT ( 'NONE',  ( 31.24999999999999645, 68.06940628959610251, 64.50000000000000000 ) ) ;
#3027 = CARTESIAN_POINT ( 'NONE',  ( 37.50000000000001421, 70.50000000000000000, 42.49999999999999289 ) ) ;
#3028 = CARTESIAN_POINT ( 'NONE',  ( 37.50000000000001421, 70.50000000000000000, 51.50000000000000000 ) ) ;
#3029 = LINE ( 'NONE', #3366, #2655 ) ;
#3030 = ORIENTED_EDGE ( 'NONE', *, *, #4390, .T. ) ;
#3031 = VERTEX_POINT ( 'NONE', #1270 ) ;
#3032 = DIRECTION ( 'NONE',  ( -1.000000000000000000, 0.000000000000000000, 0.000000000000000000 ) ) ;
#3033 = CARTESIAN_POINT ( 'NONE',  ( 37.50000000000000000, 77.49999999999998579, 3.000000000000000000 ) ) ;
#3034 = EDGE_CURVE ( 'NONE', #3748, #1108, #3988, .T. ) ;
#3035 = ORIENTED_EDGE ( 'NONE', *, *, #4281, .T. ) ;
#3036 = EDGE_LOOP ( 'NONE', ( #689, #1071, #3030, #3112 ) ) ;
#3037 = CARTESIAN_POINT ( 'NONE',  ( -37.50000000000000000, 39.50000000000000000, 42.49999999999999289 ) ) ;
#3038 = ADVANCED_FACE ( 'NONE', ( #207 ), #4128, .F. ) ;
#3039 = DIRECTION ( 'NONE',  ( 0.000000000000000000, 1.000000000000000000, 0.000000000000000000 ) ) ;
#3040 = AXIS2_PLACEMENT_3D ( 'NONE', #2361, #418, #1344 ) ;
#3041 = VERTEX_POINT ( 'NONE', #2900 ) ;
#3042 = DIRECTION ( 'NONE',  ( -9.251858538542971581E-17, 1.000000000000000000, 0.000000000000000000 ) ) ;
#3043 = CARTESIAN_POINT ( 'NONE',  ( 40.00000000000002132, -75.00000000000001421, 45.00000000000000000 ) ) ;
#3044 = EDGE_LOOP ( 'NONE', ( #816, #2194 ) ) ;
#3045 = PLANE ( 'NONE',  #1884 ) ;
#3046 = DIRECTION ( 'NONE',  ( -1.000000000000000000, -4.205390244792257367E-16, 0.000000000000000000 ) ) ;
#3047 = LINE ( 'NONE', #3694, #13 ) ;
#3048 = CIRCLE ( 'NONE', #2150, 9.999999999999991118 ) ;
#3049 = CARTESIAN_POINT ( 'NONE',  ( -35.56512193277701073, 50.50000000006355805, 55.00000000000000000 ) ) ;
#3050 = ORIENTED_EDGE ( 'NONE', *, *, #1677, .T. ) ;
#3051 = DIRECTION ( 'NONE',  ( 0.000000000000000000, -1.000000000000000000, -0.000000000000000000 ) ) ;
#3052 = CARTESIAN_POINT ( 'NONE',  ( 0.000000000000000000, 67.43612553396977205, 64.57417022646512805 ) ) ;
#3053 = EDGE_CURVE ( 'NONE', #2210, #2200, #2500, .T. ) ;
#3054 = EDGE_CURVE ( 'NONE', #2968, #1554, #1929, .T. ) ;
#3055 = DIRECTION ( 'NONE',  ( 9.251858538542970348E-17, -1.000000000000000000, 0.000000000000000000 ) ) ;
#3056 = PLANE ( 'NONE',  #1239 ) ;
#3057 = CIRCLE ( 'NONE', #1505, 6.499999999999999112 ) ;
#3058 = EDGE_LOOP ( 'NONE', ( #3191, #903, #2747 ) ) ;
#3059 = CARTESIAN_POINT ( 'NONE',  ( -37.18059371040391881, 51.50000000000000711, 65.00000000000000000 ) ) ;
#3060 = EDGE_CURVE ( 'NONE', #2829, #2320, #670, .T. ) ;
#3061 = AXIS2_PLACEMENT_3D ( 'NONE', #1675, #2682, #4044 ) ;
#3062 = CARTESIAN_POINT ( 'NONE',  ( 40.00000000000002132, 36.70491502812526363, 51.50000000000000000 ) ) ;
#3063 = VERTEX_POINT ( 'NONE', #1957 ) ;
#3064 = ORIENTED_EDGE ( 'NONE', *, *, #3818, .F. ) ;
#3065 = DIRECTION ( 'NONE',  ( -0.000000000000000000, -0.000000000000000000, 1.000000000000000000 ) ) ;
#3066 = AXIS2_PLACEMENT_3D ( 'NONE', #971, #3658, #4349 ) ;
#3067 = VECTOR ( 'NONE', #3598, 1000.000000000000000 ) ;
#3068 = DIRECTION ( 'NONE',  ( 0.000000000000000000, -1.000000000000000000, 0.000000000000000000 ) ) ;
#3069 = EDGE_LOOP ( 'NONE', ( #652, #3210, #1476, #3050, #2167 ) ) ;
#3070 = MECHANICAL_DESIGN_GEOMETRIC_PRESENTATION_REPRESENTATION (  '', ( #1652 ), #30 ) ;
#3071 = VECTOR ( 'NONE', #2517, 1000.000000000000000 ) ;
#3072 = CARTESIAN_POINT ( 'NONE',  ( 40.37372584922906782, 41.92336869028172686, 51.49109598579523350 ) ) ;
#3073 = AXIS2_PLACEMENT_3D ( 'NONE', #2987, #4347, #1333 ) ;
#3074 = CARTESIAN_POINT ( 'NONE',  ( -33.25000000000001421, 63.25000000000000000, 54.50000000000000000 ) ) ;
#3075 = CARTESIAN_POINT ( 'NONE',  ( 37.50000000000000000, 77.49999999999998579, 0.000000000000000000 ) ) ;
#3076 = VECTOR ( 'NONE', #1665, 1000.000000000000000 ) ;
#3077 = DIRECTION ( 'NONE',  ( -0.000000000000000000, -0.000000000000000000, -1.000000000000000000 ) ) ;
#3078 = CIRCLE ( 'NONE', #1185, 6.069406289596079418 ) ;
#3079 = ORIENTED_EDGE ( 'NONE', *, *, #4262, .T. ) ;
#3080 = CARTESIAN_POINT ( 'NONE',  ( -39.18612553396977205, 51.00000000000000711, 55.42582977353487905 ) ) ;
#3081 = CARTESIAN_POINT ( 'NONE',  ( 34.81940628959608830, 62.00000000000000711, 55.00000000000000000 ) ) ;
#3082 = ORIENTED_EDGE ( 'NONE', *, *, #1233, .T. ) ;
#3083 = CARTESIAN_POINT ( 'NONE',  ( 37.31940628959607409, 62.00000000000000711, 64.50000000000000000 ) ) ;
#3084 = CARTESIAN_POINT ( 'NONE',  ( 35.69773842920323403, 50.98092984694885388, 55.00000000000269296 ) ) ;
#3085 = EDGE_CURVE ( 'NONE', #811, #350, #1714, .T. ) ;
#3086 = ORIENTED_EDGE ( 'NONE', *, *, #2524, .T. ) ;
#3087 = CYLINDRICAL_SURFACE ( 'NONE', #3498, 3.750000000000010214 ) ;
#3088 = DIRECTION ( 'NONE',  ( -0.000000000000000000, 1.000000000000000000, 0.000000000000000000 ) ) ;
#3089 = LINE ( 'NONE', #4383, #4336 ) ;
#3090 = ORIENTED_EDGE ( 'NONE', *, *, #201, .F. ) ;
#3091 = CARTESIAN_POINT ( 'NONE',  ( -38.66940628959609683, 50.50000000000000000, 55.50000000000000000 ) ) ;
#3092 = EDGE_CURVE ( 'NONE', #861, #3588, #4050, .T. ) ;
#3093 = DIRECTION ( 'NONE',  ( 0.000000000000000000, 0.000000000000000000, -1.000000000000000000 ) ) ;
#3094 = VERTEX_POINT ( 'NONE', #1292 ) ;
#3095 = CARTESIAN_POINT ( 'NONE',  ( 41.25000000000001421, 70.23824488351522177, 51.37867541108652603 ) ) ;
#3096 = CARTESIAN_POINT ( 'NONE',  ( -39.99999999999999289, -81.50000000000001421, 55.00000000000000000 ) ) ;
#3097 = EDGE_CURVE ( 'NONE', #3737, #806, #2781, .T. ) ;
#3098 = CARTESIAN_POINT ( 'NONE',  ( -37.16946817643414391, 51.00000000000000711, 64.42582977353488616 ) ) ;
#3099 = CARTESIAN_POINT ( 'NONE',  ( -40.81679671124368980, 68.73087489879003442, 51.44937792598182114 ) ) ;
#3100 = ORIENTED_EDGE ( 'NONE', *, *, #1392, .T. ) ;
#3101 = CARTESIAN_POINT ( 'NONE',  ( -39.99999999999999289, -75.00000000000001421, 55.00000000000000000 ) ) ;
#3102 = DIRECTION ( 'NONE',  ( 0.000000000000000000, -1.000000000000000000, 0.000000000000000000 ) ) ;
#3103 = CARTESIAN_POINT ( 'NONE',  ( -37.50000000000000000, 81.49999999999998579, 4.000000000000000000 ) ) ;
#3104 = FACE_OUTER_BOUND ( 'NONE', #1082, .T. ) ;
#3105 = ORIENTED_EDGE ( 'NONE', *, *, #3305, .T. ) ;
#3106 = CARTESIAN_POINT ( 'NONE',  ( 31.50000000000000711, 47.50000000000000711, 54.50000000000000000 ) ) ;
#3107 = CARTESIAN_POINT ( 'NONE',  ( -35.25000000000001421, 63.25000000000000000, 54.50000000000000000 ) ) ;
#3108 = VERTEX_POINT ( 'NONE', #4101 ) ;
#3109 = CARTESIAN_POINT ( 'NONE',  ( -41.03063187259940037, 40.79076606551296891, 51.41868500906812756 ) ) ;
#3110 = ADVANCED_FACE ( 'NONE', ( #41 ), #2093, .T. ) ;
#3111 = CARTESIAN_POINT ( 'NONE',  ( -26.22368578034610920, 51.50000000000000711, -8.546052867051921353 ) ) ;
#3112 = ORIENTED_EDGE ( 'NONE', *, *, #4013, .F. ) ;
#3113 = FACE_OUTER_BOUND ( 'NONE', #238, .T. ) ;
#3114 = EDGE_CURVE ( 'NONE', #3748, #3392, #240, .T. ) ;
#3115 = CARTESIAN_POINT ( 'NONE',  ( 35.25000000000000000, 62.00000000000000711, 55.00000000000000000 ) ) ;
#3116 = CARTESIAN_POINT ( 'NONE',  ( 39.13043708527412434, 51.23900665536321242, 55.43382333076296931 ) ) ;
#3117 = CARTESIAN_POINT ( 'NONE',  ( -34.81940628959608830, 62.00000000000000711, 55.50000000000000000 ) ) ;
#3118 = ORIENTED_EDGE ( 'NONE', *, *, #204, .F. ) ;
#3119 = CARTESIAN_POINT ( 'NONE',  ( 0.000000000000000000, -85.00000000000001421, 10.00000000000000000 ) ) ;
#3120 = CARTESIAN_POINT ( 'NONE',  ( 39.99999999999999289, 75.00000000000001421, 45.00000000000000000 ) ) ;
#3121 = DIRECTION ( 'NONE',  ( -1.000000000000000000, 0.000000000000000000, -0.000000000000000000 ) ) ;
#3122 = DIRECTION ( 'NONE',  ( 0.000000000000000000, 0.000000000000000000, 1.000000000000000000 ) ) ;
#3123 = ORIENTED_EDGE ( 'NONE', *, *, #1872, .T. ) ;
#3124 = AXIS2_PLACEMENT_3D ( 'NONE', #4244, #3127, #850 ) ;
#3125 = AXIS2_PLACEMENT_3D ( 'NONE', #2429, #3447, #3777 ) ;
#3126 = DIRECTION ( 'NONE',  ( 0.000000000000000000, 0.000000000000000000, 1.000000000000000000 ) ) ;
#3127 = DIRECTION ( 'NONE',  ( -0.1483404529302473629, -0.000000000000000000, -0.9889363528682971749 ) ) ;
#3128 = ORIENTED_EDGE ( 'NONE', *, *, #299, .F. ) ;
#3129 = AXIS2_PLACEMENT_3D ( 'NONE', #3724, #992, #2415 ) ;
#3130 = VERTEX_POINT ( 'NONE', #4012 ) ;
#3131 = ORIENTED_EDGE ( 'NONE', *, *, #3761, .T. ) ;
#3132 = CARTESIAN_POINT ( 'NONE',  ( -33.25000000000001421, 46.74999999999999289, 54.50000000000000000 ) ) ;
#3133 = AXIS2_PLACEMENT_3D ( 'NONE', #2746, #4096, #1632 ) ;
#3134 = FACE_OUTER_BOUND ( 'NONE', #888, .T. ) ;
#3135 = AXIS2_PLACEMENT_3D ( 'NONE', #2113, #2435, #405 ) ;
#3136 = ORIENTED_EDGE ( 'NONE', *, *, #4125, .T. ) ;
#3137 = ADVANCED_FACE ( 'NONE', ( #1681 ), #3759, .T. ) ;
#3138 = DIRECTION ( 'NONE',  ( 0.000000000000000000, -0.9701425001453319874, -0.2425356250363328026 ) ) ;
#3139 = AXIS2_PLACEMENT_3D ( 'NONE', #4225, #1198, #164 ) ;
#3140 = DIRECTION ( 'NONE',  ( 0.000000000000000000, 0.000000000000000000, -1.000000000000000000 ) ) ;
#3141 = CARTESIAN_POINT ( 'NONE',  ( 0.000000000000000000, 0.000000000000000000, 0.000000000000000000 ) ) ;
#3142 = ORIENTED_EDGE ( 'NONE', *, *, #3662, .T. ) ;
#3143 = VECTOR ( 'NONE', #2456, 1000.000000000000000 ) ;
#3144 = EDGE_CURVE ( 'NONE', #3499, #598, #1436, .T. ) ;
#3145 = DIRECTION ( 'NONE',  ( -0.000000000000000000, -1.000000000000000000, -0.000000000000000000 ) ) ;
#3146 = DIRECTION ( 'NONE',  ( -0.000000000000000000, -0.000000000000000000, 1.000000000000000000 ) ) ;
#3147 = VECTOR ( 'NONE', #3965, 1000.000000000000000 ) ;
#3148 = VECTOR ( 'NONE', #1002, 1000.000000000000000 ) ;
#3149 = CARTESIAN_POINT ( 'NONE',  ( -33.74999999999998579, 70.50000000000000000, 51.50000000000000000 ) ) ;
#3150 = DIRECTION ( 'NONE',  ( 1.000000000000000000, 0.000000000000000000, 0.000000000000000000 ) ) ;
#3151 = ORIENTED_EDGE ( 'NONE', *, *, #3185, .T. ) ;
#3152 = CIRCLE ( 'NONE', #2455, 0.5000000000000004441 ) ;
#3153 = CARTESIAN_POINT ( 'NONE',  ( 35.83059371040390317, 50.50000000000000000, 55.00000000000000000 ) ) ;
#3154 = LINE ( 'NONE', #2145, #2571 ) ;
#3155 = ORIENTED_EDGE ( 'NONE', *, *, #142, .T. ) ;
#3156 = ORIENTED_EDGE ( 'NONE', *, *, #3092, .T. ) ;
#3157 = DIRECTION ( 'NONE',  ( 0.000000000000000000, 0.000000000000000000, 1.000000000000000000 ) ) ;
#3158 = DIRECTION ( 'NONE',  ( 0.000000000000000000, -1.000000000000000000, 0.000000000000000000 ) ) ;
#3159 = ORIENTED_EDGE ( 'NONE', *, *, #1524, .F. ) ;
#3160 = DIRECTION ( 'NONE',  ( -0.000000000000000000, -0.000000000000000000, 1.000000000000000000 ) ) ;
#3161 = ADVANCED_FACE ( 'NONE', ( #1752 ), #4030, .F. ) ;
#3162 = CARTESIAN_POINT ( 'NONE',  ( -31.24999999999999645, 66.06387446603024216, 55.42582977353487905 ) ) ;
#3163 = ORIENTED_EDGE ( 'NONE', *, *, #340, .F. ) ;
#3164 = DIRECTION ( 'NONE',  ( 0.000000000000000000, 1.000000000000000000, 0.000000000000000000 ) ) ;
#3165 = EDGE_CURVE ( 'NONE', #416, #2893, #953, .T. ) ;
#3166 = CARTESIAN_POINT ( 'NONE',  ( -36.24999999999999289, 70.50000000000000000, 50.49999999999999289 ) ) ;
#3167 = DIRECTION ( 'NONE',  ( -0.000000000000000000, 1.000000000000000000, -0.000000000000000000 ) ) ;
#3168 = ORIENTED_EDGE ( 'NONE', *, *, #193, .T. ) ;
#3169 = CARTESIAN_POINT ( 'NONE',  ( 34.81940628959605988, 50.91421356237310647, 55.00000000000000000 ) ) ;
#3170 = EDGE_CURVE ( 'NONE', #2454, #1744, #1164, .T. ) ;
#3171 = DIRECTION ( 'NONE',  ( 0.000000000000000000, 0.000000000000000000, 1.000000000000000000 ) ) ;
#3172 = VERTEX_POINT ( 'NONE', #2395 ) ;
#3173 = FACE_OUTER_BOUND ( 'NONE', #4287, .T. ) ;
#3174 = EDGE_CURVE ( 'NONE', #3108, #3765, #3411, .T. ) ;
#3175 = DIRECTION ( 'NONE',  ( -1.000000000000000000, -2.202823461557850588E-16, 0.000000000000000000 ) ) ;
#3176 = EDGE_LOOP ( 'NONE', ( #718, #1447, #4393, #1559 ) ) ;
#3177 = CARTESIAN_POINT ( 'NONE',  ( 37.50000000000000000, 81.49999999999998579, 4.000000000000000000 ) ) ;
#3178 = DIRECTION ( 'NONE',  ( 4.205390244792257860E-16, -1.000000000000000000, 0.000000000000000000 ) ) ;
#3179 = PRESENTATION_STYLE_ASSIGNMENT (( #859 ) ) ;
#3180 = AXIS2_PLACEMENT_3D ( 'NONE', #694, #3039, #2082 ) ;
#3181 = ORIENTED_EDGE ( 'NONE', *, *, #2660, .F. ) ;
#3182 = CARTESIAN_POINT ( 'NONE',  ( 31.50000000000000711, 47.50000000000000711, -0.001000000000001000089 ) ) ;
#3183 = LINE ( 'NONE', #153, #2285 ) ;
#3184 = DIRECTION ( 'NONE',  ( -1.000000000000000000, 0.000000000000000000, 0.000000000000000000 ) ) ;
#3185 = EDGE_CURVE ( 'NONE', #2143, #2294, #3047, .T. ) ;
#3186 = ORIENTED_EDGE ( 'NONE', *, *, #921, .F. ) ;
#3187 = ADVANCED_FACE ( 'NONE', ( #1659 ), #2373, .T. ) ;
#3188 = CARTESIAN_POINT ( 'NONE',  ( -40.00000000000001421, -75.00000000000001421, 51.50000000000000000 ) ) ;
#3189 = DIRECTION ( 'NONE',  ( 8.659560562354926695E-17, -0.7071067811865482389, 0.7071067811865469066 ) ) ;
#3190 = AXIS2_PLACEMENT_3D ( 'NONE', #2495, #3214, #1154 ) ;
#3191 = ORIENTED_EDGE ( 'NONE', *, *, #4021, .F. ) ;
#3192 = ADVANCED_FACE ( 'NONE', ( #3012 ), #1008, .T. ) ;
#3193 = DIRECTION ( 'NONE',  ( -1.000000000000000000, 0.000000000000000000, 0.000000000000000000 ) ) ;
#3194 = AXIS2_PLACEMENT_3D ( 'NONE', #946, #294, #609 ) ;
#3195 = DIRECTION ( 'NONE',  ( 1.000000000000000000, 0.000000000000000000, 0.000000000000000000 ) ) ;
#3196 = FACE_OUTER_BOUND ( 'NONE', #949, .T. ) ;
#3197 = ORIENTED_EDGE ( 'NONE', *, *, #1011, .F. ) ;
#3198 = AXIS2_PLACEMENT_3D ( 'NONE', #1592, #1616, #1951 ) ;
#3199 = DIRECTION ( 'NONE',  ( 1.000000000000000000, 0.000000000000000000, 0.000000000000000000 ) ) ;
#3200 = CIRCLE ( 'NONE', #2926, 3.750000000000010214 ) ;
#3201 = CARTESIAN_POINT ( 'NONE',  ( -50.00000000000001421, 75.00000000000001421, 0.000000000000000000 ) ) ;
#3202 = VERTEX_POINT ( 'NONE', #1351 ) ;
#3203 = CIRCLE ( 'NONE', #1376, 0.5000000000000004441 ) ;
#3204 = DIRECTION ( 'NONE',  ( 0.000000000000000000, -0.000000000000000000, -1.000000000000000000 ) ) ;
#3205 = EDGE_LOOP ( 'NONE', ( #3035, #1125, #151 ) ) ;
#3206 = CARTESIAN_POINT ( 'NONE',  ( 40.00000000000000000, 81.49999999999998579, 45.00000000000000000 ) ) ;
#3207 = VERTEX_POINT ( 'NONE', #4078 ) ;
#3208 = CIRCLE ( 'NONE', #1036, 0.5000000000000004441 ) ;
#3209 = DIRECTION ( 'NONE',  ( -0.1483404529302447261, 0.000000000000000000, 0.9889363528682975080 ) ) ;
#3210 = ORIENTED_EDGE ( 'NONE', *, *, #195, .F. ) ;
#3211 = CARTESIAN_POINT ( 'NONE',  ( -37.75000000000000000, 62.00000000000000711, 65.00000000000000000 ) ) ;
#3212 = AXIS2_PLACEMENT_3D ( 'NONE', #4106, #2379, #3410 ) ;
#3213 = AXIS2_PLACEMENT_3D ( 'NONE', #1406, #2661, #2980 ) ;
#3214 = DIRECTION ( 'NONE',  ( -0.000000000000000000, -0.000000000000000000, 1.000000000000000000 ) ) ;
#3215 = ADVANCED_FACE ( 'NONE', ( #4051 ), #705, .F. ) ;
#3216 = VERTEX_POINT ( 'NONE', #14 ) ;
#3217 = AXIS2_PLACEMENT_3D ( 'NONE', #221, #3604, #4303 ) ;
#3218 = VECTOR ( 'NONE', #1220, 1000.000000000000000 ) ;
#3219 = ORIENTED_EDGE ( 'NONE', *, *, #4008, .F. ) ;
#3220 = DIRECTION ( 'NONE',  ( 0.000000000000000000, 0.000000000000000000, 1.000000000000000000 ) ) ;
#3221 = CARTESIAN_POINT ( 'NONE',  ( 0.000000000000000000, -85.00000000000001421, 7.250000000000000888 ) ) ;
#3222 = CARTESIAN_POINT ( 'NONE',  ( 36.75000000000000711, 62.00000000000000711, 65.00000000000000000 ) ) ;
#3223 = ORIENTED_EDGE ( 'NONE', *, *, #3880, .T. ) ;
#3224 = DIRECTION ( 'NONE',  ( 1.000000000000000000, 0.000000000000000000, 0.000000000000000000 ) ) ;
#3225 = PLANE ( 'NONE',  #305 ) ;
#3226 = CIRCLE ( 'NONE', #1892, 0.5000000000000004441 ) ;
#3227 = DIRECTION ( 'NONE',  ( 1.000000000000000000, 0.000000000000000000, 0.000000000000000000 ) ) ;
#3228 = ORIENTED_EDGE ( 'NONE', *, *, #2365, .F. ) ;
#3229 = FACE_OUTER_BOUND ( 'NONE', #637, .T. ) ;
#3230 = ADVANCED_FACE ( 'NONE', ( #1373 ), #2728, .T. ) ;
#3231 = LINE ( 'NONE', #3610, #1367 ) ;
#3232 = CARTESIAN_POINT ( 'NONE',  ( 38.66940628959610393, 50.50000000000000000, 55.00000000000000000 ) ) ;
#3233 = ORIENTED_EDGE ( 'NONE', *, *, #2528, .F. ) ;
#3234 = ORIENTED_EDGE ( 'NONE', *, *, #915, .T. ) ;
#3235 = LINE ( 'NONE', #2583, #2796 ) ;
#3236 = CARTESIAN_POINT ( 'NONE',  ( -41.03067626818837255, 38.20940752591013023, 51.41867563436252908 ) ) ;
#3237 = ORIENTED_EDGE ( 'NONE', *, *, #3165, .T. ) ;
#3238 = ORIENTED_EDGE ( 'NONE', *, *, #1547, .T. ) ;
#3239 = DIRECTION ( 'NONE',  ( 0.000000000000000000, 0.000000000000000000, 1.000000000000000000 ) ) ;
#3240 = DIRECTION ( 'NONE',  ( 1.000000000000000000, 0.000000000000000000, -0.000000000000000000 ) ) ;
#3241 = DIRECTION ( 'NONE',  ( 0.000000000000000000, -1.000000000000000000, 0.000000000000000000 ) ) ;
#3242 = ORIENTED_EDGE ( 'NONE', *, *, #1129, .T. ) ;
#3243 = DIRECTION ( 'NONE',  ( -1.000000000000000000, 0.000000000000000000, 0.000000000000000000 ) ) ;
#3244 = EDGE_CURVE ( 'NONE', #663, #3130, #385, .T. ) ;
#3245 = FACE_OUTER_BOUND ( 'NONE', #1694, .T. ) ;
#3246 = EDGE_CURVE ( 'NONE', #1237, #1, #1820, .T. ) ;
#3247 = CARTESIAN_POINT ( 'NONE',  ( -39.68059371033653093, 51.23746530844336888, 55.00000000000000000 ) ) ;
#3248 = VERTEX_POINT ( 'NONE', #814 ) ;
#3249 = EDGE_CURVE ( 'NONE', #3499, #350, #516, .T. ) ;
#3250 = CARTESIAN_POINT ( 'NONE',  ( 40.00000000000002132, 73.29508497187475768, 51.50000000000000000 ) ) ;
#3251 = CARTESIAN_POINT ( 'NONE',  ( 39.68059371040394012, 50.91421356237310647, 55.00000000000000000 ) ) ;
#3252 = FACE_OUTER_BOUND ( 'NONE', #3886, .T. ) ;
#3253 = ORIENTED_EDGE ( 'NONE', *, *, #1233, .F. ) ;
#3254 = ORIENTED_EDGE ( 'NONE', *, *, #1465, .F. ) ;
#3255 = CARTESIAN_POINT ( 'NONE',  ( -41.11233000947065364, 71.54020621049623685, 51.40435918476032384 ) ) ;
#3256 = CARTESIAN_POINT ( 'NONE',  ( 39.99999999999999289, 75.00000000000001421, 0.000000000000000000 ) ) ;
#3257 = VERTEX_POINT ( 'NONE', #2182 ) ;
#3258 = ORIENTED_EDGE ( 'NONE', *, *, #1827, .T. ) ;
#3259 = DIRECTION ( 'NONE',  ( 1.000000000000000000, 0.000000000000000000, 0.000000000000000000 ) ) ;
#3260 = LINE ( 'NONE', #596, #603 ) ;
#3261 = DIRECTION ( 'NONE',  ( 1.000000000000000000, 0.000000000000000000, 0.000000000000000000 ) ) ;
#3262 = ORIENTED_EDGE ( 'NONE', *, *, #3305, .F. ) ;
#3263 = VECTOR ( 'NONE', #2755, 1000.000000000000000 ) ;
#3264 = CARTESIAN_POINT ( 'NONE',  ( -34.81940628959608830, -75.00000000000001421, 55.50000000000000000 ) ) ;
#3265 = CARTESIAN_POINT ( 'NONE',  ( -38.80506301703955785, 51.00000000000000711, 55.48052774247273788 ) ) ;
#3266 = VECTOR ( 'NONE', #2185, 1000.000000000000000 ) ;
#3267 = ADVANCED_FACE ( 'NONE', ( #147 ), #2948, .F. ) ;
#3268 = VERTEX_POINT ( 'NONE', #3162 ) ;
#3269 = LINE ( 'NONE', #1566, #4070 ) ;
#3270 = VECTOR ( 'NONE', #480, 1000.000000000000000 ) ;
#3271 = CARTESIAN_POINT ( 'NONE',  ( 33.24999999999997158, 44.74999999999999289, 54.50000000000000000 ) ) ;
#3272 = DIRECTION ( 'NONE',  ( 0.000000000000000000, -0.000000000000000000, 1.000000000000000000 ) ) ;
#3273 = ORIENTED_EDGE ( 'NONE', *, *, #709, .T. ) ;
#3274 = AXIS2_PLACEMENT_3D ( 'NONE', #3222, #1200, #1241 ) ;
#3275 = EDGE_LOOP ( 'NONE', ( #2206, #2680, #2003, #614 ) ) ;
#3276 = DIRECTION ( 'NONE',  ( 1.000000000000000000, 0.000000000000000000, 0.000000000000000000 ) ) ;
#3277 = EDGE_CURVE ( 'NONE', #3324, #4055, #1145, .T. ) ;
#3278 = CIRCLE ( 'NONE', #2439, 1.250000000000007994 ) ;
#3279 = AXIS2_PLACEMENT_3D ( 'NONE', #1366, #1117, #2061 ) ;
#3280 = CARTESIAN_POINT ( 'NONE',  ( 41.03063187259940037, 38.20923393448703820, 51.41868500906812756 ) ) ;
#3281 = EDGE_LOOP ( 'NONE', ( #2255, #796, #3082, #56, #1803, #1063, #867, #3480 ) ) ;
#3282 = EDGE_LOOP ( 'NONE', ( #266, #3483, #3869, #684 ) ) ;
#3283 = CIRCLE ( 'NONE', #3351, 1.000000000000000888 ) ;
#3284 = CIRCLE ( 'NONE', #3073, 2.250000000000000000 ) ;
#3285 = DIRECTION ( 'NONE',  ( -0.000000000000000000, -0.000000000000000000, 1.000000000000000000 ) ) ;
#3286 = DIRECTION ( 'NONE',  ( 0.000000000000000000, 0.000000000000000000, 1.000000000000000000 ) ) ;
#3287 = VECTOR ( 'NONE', #2284, 1000.000000000000000 ) ;
#3288 = CARTESIAN_POINT ( 'NONE',  ( 36.24999999999999289, 39.50000000000000000, 50.49999999999999289 ) ) ;
#3289 = ORIENTED_EDGE ( 'NONE', *, *, #2132, .F. ) ;
#3290 = CIRCLE ( 'NONE', #3217, 3.750000000000010214 ) ;
#3291 = PLANE ( 'NONE',  #1317 ) ;
#3292 = CYLINDRICAL_SURFACE ( 'NONE', #599, 1.250000000000007994 ) ;
#3293 = ORIENTED_EDGE ( 'NONE', *, *, #2591, .F. ) ;
#3294 = CARTESIAN_POINT ( 'NONE',  ( 40.00000000000001421, -75.00000000000001421, 45.00000000000000000 ) ) ;
#3295 = ADVANCED_FACE ( 'NONE', ( #3456 ), #130, .T. ) ;
#3296 = CARTESIAN_POINT ( 'NONE',  ( -37.18059371040391881, 51.50000000000000711, 64.50000000000000000 ) ) ;
#3297 = CARTESIAN_POINT ( 'NONE',  ( 31.24999999999999645, 62.00000000000000711, 64.57417022646512805 ) ) ;
#3298 = ORIENTED_EDGE ( 'NONE', *, *, #3980, .T. ) ;
#3299 = CARTESIAN_POINT ( 'NONE',  ( -31.49999999999999289, 61.50000000000000000, -0.001000000000001000089 ) ) ;
#3300 = EDGE_CURVE ( 'NONE', #874, #1273, #160, .T. ) ;
#3301 = ADVANCED_FACE ( 'NONE', ( #1163 ), #4210, .T. ) ;
#3302 = FACE_OUTER_BOUND ( 'NONE', #3575, .T. ) ;
#3303 = ORIENTED_EDGE ( 'NONE', *, *, #1437, .F. ) ;
#3304 = LINE ( 'NONE', #1324, #2030 ) ;
#3305 = EDGE_CURVE ( 'NONE', #1754, #1421, #1301, .T. ) ;
#3306 = CARTESIAN_POINT ( 'NONE',  ( 35.24999999999997868, 63.25000000000000000, 54.50000000000000000 ) ) ;
#3307 = DIRECTION ( 'NONE',  ( -0.000000000000000000, -0.000000000000000000, 1.000000000000000000 ) ) ;
#3308 = ORIENTED_EDGE ( 'NONE', *, *, #2124, .F. ) ;
#3309 = ADVANCED_FACE ( 'NONE', ( #451 ), #2506, .F. ) ;
#3310 =( NAMED_UNIT ( * ) SI_UNIT ( $, .STERADIAN. ) SOLID_ANGLE_UNIT ( ) );
#3311 = LINE ( 'NONE', #2962, #324 ) ;
#3312 = FACE_BOUND ( 'NONE', #3664, .T. ) ;
#3313 = EDGE_LOOP ( 'NONE', ( #3105, #1964 ) ) ;
#3314 = CARTESIAN_POINT ( 'NONE',  ( 41.11197379763670767, 40.54199907448309403, 51.40442490436818446 ) ) ;
#3315 = LINE ( 'NONE', #2372, #1734 ) ;
#3316 = CARTESIAN_POINT ( 'NONE',  ( 35.83059371040390317, 51.00000000000000711, 55.50000000000000000 ) ) ;
#3317 = DIRECTION ( 'NONE',  ( 0.000000000000000000, 0.000000000000000000, -1.000000000000000000 ) ) ;
#3318 = CARTESIAN_POINT ( 'NONE',  ( 37.75000000000000000, 62.00000000000000711, 65.00000000000000000 ) ) ;
#3319 = CARTESIAN_POINT ( 'NONE',  ( -41.25000000000001421, 70.76264814047287643, 51.37867541108652603 ) ) ;
#3320 = ORIENTED_EDGE ( 'NONE', *, *, #2254, .F. ) ;
#3321 = CARTESIAN_POINT ( 'NONE',  ( 41.25000000000000000, 39.23824488351520756, 51.37867541108652603 ) ) ;
#3322 = EDGE_CURVE ( 'NONE', #721, #848, #109, .T. ) ;
#3323 = EDGE_CURVE ( 'NONE', #2508, #3396, #2834, .T. ) ;
#3324 = VERTEX_POINT ( 'NONE', #857 ) ;
#3325 = CYLINDRICAL_SURFACE ( 'NONE', #1598, 0.5000000000000012212 ) ;
#3326 = FACE_OUTER_BOUND ( 'NONE', #3488, .T. ) ;
#3327 = ADVANCED_FACE ( 'NONE', ( #3855 ), #498, .T. ) ;
#3328 = EDGE_LOOP ( 'NONE', ( #4379, #314 ) ) ;
#3329 = SURFACE_SIDE_STYLE ('',( #2636 ) ) ;
#3330 = CARTESIAN_POINT ( 'NONE',  ( 46.50000000000002132, -75.00000000000001421, 45.00000000000000000 ) ) ;
#3331 = DIRECTION ( 'NONE',  ( -1.000000000000000000, -0.000000000000000000, -0.000000000000000000 ) ) ;
#3332 = B_SPLINE_CURVE_WITH_KNOTS ( 'NONE', 3,
 ( #4043, #1088, #34, #2111, #3109, #1019, #2364, #3713, #698, #2038 ),
 .UNSPECIFIED., .F., .F.,
 ( 4, 2, 2, 2, 4 ),
 ( 0.003141683490041828446, 0.003927172502600786985, 0.004712661515159746392, 0.005498150527718705799, 0.006283639540277664338 ),
 .UNSPECIFIED. ) ;
#3333 = ORIENTED_EDGE ( 'NONE', *, *, #3379, .T. ) ;
#3334 = CIRCLE ( 'NONE', #3124, 0.5000000000000012212 ) ;
#3335 = DIRECTION ( 'NONE',  ( -1.000000000000000000, 0.000000000000000000, 0.000000000000000000 ) ) ;
#3336 = FACE_BOUND ( 'NONE', #4088, .T. ) ;
#3337 = AXIS2_PLACEMENT_3D ( 'NONE', #1397, #4391, #2687 ) ;
#3338 = DIRECTION ( 'NONE',  ( -1.000000000000000000, 0.000000000000000000, 0.000000000000000000 ) ) ;
#3339 = DIRECTION ( 'NONE',  ( 1.000000000000000000, 0.000000000000000000, 0.000000000000000000 ) ) ;
#3340 = FACE_OUTER_BOUND ( 'NONE', #3556, .T. ) ;
#3341 = AXIS2_PLACEMENT_3D ( 'NONE', #3005, #3688, #4007 ) ;
#3342 = LINE ( 'NONE', #2052, #1953 ) ;
#3343 = FACE_OUTER_BOUND ( 'NONE', #16, .T. ) ;
#3344 = VECTOR ( 'NONE', #1451, 1000.000000000000000 ) ;
#3345 = ORIENTED_EDGE ( 'NONE', *, *, #1021, .F. ) ;
#3346 = DIRECTION ( 'NONE',  ( 1.000000000000000000, 0.000000000000000000, 0.000000000000000000 ) ) ;
#3347 = CONICAL_SURFACE ( 'NONE', #1511, 5.499999999999994671, 0.1488899476094973640 ) ;
#3348 = CIRCLE ( 'NONE', #468, 10.00000000000000888 ) ;
#3349 = EDGE_CURVE ( 'NONE', #1911, #2775, #4131, .T. ) ;
#3350 = SPHERICAL_SURFACE ( 'NONE', #4237, 6.500000000000000888 ) ;
#3351 = AXIS2_PLACEMENT_3D ( 'NONE', #1894, #2885, #1552 ) ;
#3352 = CIRCLE ( 'NONE', #612, 3.750000000000010214 ) ;
#3353 = EDGE_LOOP ( 'NONE', ( #2743, #2378, #2835, #4085 ) ) ;
#3354 = DIRECTION ( 'NONE',  ( -1.000000000000000000, 0.000000000000000000, 0.000000000000000000 ) ) ;
#3355 = DIRECTION ( 'NONE',  ( -0.000000000000000000, -0.000000000000000000, 1.000000000000000000 ) ) ;
#3356 = CIRCLE ( 'NONE', #3929, 6.563874466030228838 ) ;
#3357 = AXIS2_PLACEMENT_3D ( 'NONE', #1630, #271, #3354 ) ;
#3358 = FACE_OUTER_BOUND ( 'NONE', #3036, .T. ) ;
#3359 = VERTEX_POINT ( 'NONE', #174 ) ;
#3360 = VECTOR ( 'NONE', #2134, 1000.000000000000000 ) ;
#3361 = AXIS2_PLACEMENT_3D ( 'NONE', #3132, #2499, #3193 ) ;
#3362 = CARTESIAN_POINT ( 'NONE',  ( 33.75000000000000000, 70.50000000000000000, 42.49999999999999289 ) ) ;
#3363 = ADVANCED_FACE ( 'NONE', ( #4304 ), #2638, .F. ) ;
#3364 = DIRECTION ( 'NONE',  ( -1.000000000000000000, 0.000000000000000000, 0.000000000000000000 ) ) ;
#3365 = DIRECTION ( 'NONE',  ( 0.000000000000000000, 0.000000000000000000, -1.000000000000000000 ) ) ;
#3366 = CARTESIAN_POINT ( 'NONE',  ( 40.00000000000002132, -75.00000000000001421, 51.50000000000000000 ) ) ;
#3367 = VERTEX_POINT ( 'NONE', #3201 ) ;
#3368 = ORIENTED_EDGE ( 'NONE', *, *, #2336, .F. ) ;
#3369 = EDGE_CURVE ( 'NONE', #2563, #3216, #2916, .T. ) ;
#3370 = DIRECTION ( 'NONE',  ( -0.000000000000000000, -0.000000000000000000, -1.000000000000000000 ) ) ;
#3371 = FACE_OUTER_BOUND ( 'NONE', #460, .T. ) ;
#3372 = EDGE_LOOP ( 'NONE', ( #4103, #270, #1732, #3953 ) ) ;
#3373 = FACE_OUTER_BOUND ( 'NONE', #3597, .T. ) ;
#3374 = DIRECTION ( 'NONE',  ( 0.000000000000000000, 0.000000000000000000, -1.000000000000000000 ) ) ;
#3375 = ORIENTED_EDGE ( 'NONE', *, *, #1356, .F. ) ;
#3376 = CARTESIAN_POINT ( 'NONE',  ( 40.00000000000001421, -75.00000000000001421, 45.00000000000000000 ) ) ;
#3377 = DIRECTION ( 'NONE',  ( 0.000000000000000000, 0.000000000000000000, 1.000000000000000000 ) ) ;
#3378 = ORIENTED_EDGE ( 'NONE', *, *, #4095, .F. ) ;
#3379 = EDGE_CURVE ( 'NONE', #4314, #2200, #3626, .T. ) ;
#3380 = ADVANCED_FACE ( 'NONE', ( #2602 ), #3944, .F. ) ;
#3381 = CARTESIAN_POINT ( 'NONE',  ( 31.50000000000000711, 48.50000000000000711, 55.00000000000000000 ) ) ;
#3382 = CARTESIAN_POINT ( 'NONE',  ( -40.00000000000000711, 73.29508497187475768, 51.50000000000000000 ) ) ;
#3383 = DIRECTION ( 'NONE',  ( 0.000000000000000000, -0.9889363528682975080, 0.1483404529302447261 ) ) ;
#3384 = DIRECTION ( 'NONE',  ( 0.000000000000000000, 0.000000000000000000, 1.000000000000000000 ) ) ;
#3385 = UNCERTAINTY_MEASURE_WITH_UNIT (LENGTH_MEASURE( 1.000000000000000082E-05 ), #131, 'distance_accuracy_value', 'NONE');
#3386 = ORIENTED_EDGE ( 'NONE', *, *, #783, .F. ) ;
#3387 = ADVANCED_FACE ( 'NONE', ( #561 ), #3394, .F. ) ;
#3388 = VERTEX_POINT ( 'NONE', #2280 ) ;
#3389 = LINE ( 'NONE', #2692, #1855 ) ;
#3390 = DIRECTION ( 'NONE',  ( 0.000000000000000000, 0.000000000000000000, -1.000000000000000000 ) ) ;
#3391 = ORIENTED_EDGE ( 'NONE', *, *, #1547, .F. ) ;
#3392 = VERTEX_POINT ( 'NONE', #1267 ) ;
#3393 = FACE_OUTER_BOUND ( 'NONE', #2811, .T. ) ;
#3394 =( BOUNDED_SURFACE ( )  B_SPLINE_SURFACE ( 3, 2, ( 
 ( #1204, #902, #4253 ),
 ( #4233, #3917, #3247 ),
 ( #2549, #582, #4322 ),
 ( #1923, #2963, #2247 ),
 ( #3265, #942, #1525 ),
 ( #2306, #1906, #247 ) ),
 .UNSPECIFIED., .F., .F., .F. ) 
 B_SPLINE_SURFACE_WITH_KNOTS ( ( 4, 2, 4 ),
 ( 3, 3 ),
 ( 3.141592653589793116, 3.926990816987241395, 4.712388980384689674 ),
 ( 0.000000000000000000, 1.000000000000000000 ),
 .UNSPECIFIED. ) 
 GEOMETRIC_REPRESENTATION_ITEM ( )  RATIONAL_B_SPLINE_SURFACE ( (
 ( 1.000000000000000000, 0.7577402104053313492, 1.000000000000000000),
 ( 1.000000000000000000, 0.7578165731570024599, 1.000000000000000000),
 ( 1.000000000000000000, 0.7525038091527702644, 1.000000000000000000),
 ( 1.000000000000000000, 0.7340307785318023193, 1.000000000000000000),
 ( 1.000000000000000000, 0.7208924369588244341, 1.000000000000000000),
 ( 1.000000000000000000, 0.7071067811865425767, 1.000000000000000000) ) ) 
 REPRESENTATION_ITEM ( '' )  SURFACE ( )  );
#3395 = CARTESIAN_POINT ( 'NONE',  ( 31.24999999999999645, 62.00000000000000711, 55.00000000000000000 ) ) ;
#3396 = VERTEX_POINT ( 'NONE', #3893 ) ;
#3397 = ORIENTED_EDGE ( 'NONE', *, *, #3522, .F. ) ;
#3398 = CARTESIAN_POINT ( 'NONE',  ( 0.000000000000000000, -19.99999999999999645, 51.50000000000000000 ) ) ;
#3399 = CARTESIAN_POINT ( 'NONE',  ( -35.83059371040391028, 51.00000000000000711, 55.50000000000000000 ) ) ;
#3400 = ORIENTED_EDGE ( 'NONE', *, *, #2793, .T. ) ;
#3401 = DIRECTION ( 'NONE',  ( 1.000000000000000000, 0.000000000000000000, 0.000000000000000000 ) ) ;
#3402 = FACE_OUTER_BOUND ( 'NONE', #2927, .T. ) ;
#3403 = ADVANCED_FACE ( 'NONE', ( #540 ), #2218, .T. ) ;
#3404 = DIRECTION ( 'NONE',  ( 0.9889363528682973969, 0.000000000000000000, -0.1483404529302453090 ) ) ;
#3405 = VECTOR ( 'NONE', #2001, 1000.000000000000000 ) ;
#3406 = CARTESIAN_POINT ( 'NONE',  ( 35.31387446603022795, 62.00000000000000711, 55.42582977353487905 ) ) ;
#3407 = AXIS2_PLACEMENT_3D ( 'NONE', #1948, #900, #4206 ) ;
#3408 = ORIENTED_EDGE ( 'NONE', *, *, #3014, .T. ) ;
#3409 = ORIENTED_EDGE ( 'NONE', *, *, #2318, .F. ) ;
#3410 = DIRECTION ( 'NONE',  ( 1.000000000000000000, 0.000000000000000000, 0.000000000000000000 ) ) ;
#3411 = CIRCLE ( 'NONE', #456, 0.5000000000000004441 ) ;
#3412 = DIRECTION ( 'NONE',  ( 1.000000000000000000, 0.000000000000000000, 0.000000000000000000 ) ) ;
#3413 = CARTESIAN_POINT ( 'NONE',  ( 35.25000000005936585, 51.35134424482374982, 55.00000000000000000 ) ) ;
#3414 = CIRCLE ( 'NONE', #3983, 6.250000000000000000 ) ;
#3415 = ORIENTED_EDGE ( 'NONE', *, *, #3170, .T. ) ;
#3416 = CARTESIAN_POINT ( 'NONE',  ( 37.50000000000000000, 77.49999999999998579, 3.000000000000000000 ) ) ;
#3417 = ADVANCED_FACE ( 'NONE', ( #3963 ), #3292, .F. ) ;
#3418 = AXIS2_PLACEMENT_3D ( 'NONE', #3427, #3807, #1462 ) ;
#3419 = DIRECTION ( 'NONE',  ( -0.000000000000000000, -0.000000000000000000, -1.000000000000000000 ) ) ;
#3420 = ORIENTED_EDGE ( 'NONE', *, *, #551, .T. ) ;
#3421 = ORIENTED_EDGE ( 'NONE', *, *, #1044, .F. ) ;
#3422 = CIRCLE ( 'NONE', #2091, 1.250000000000007994 ) ;
#3423 = DIRECTION ( 'NONE',  ( -0.000000000000000000, -1.000000000000000000, -0.000000000000000000 ) ) ;
#3424 = EDGE_CURVE ( 'NONE', #1526, #2264, #1862, .T. ) ;
#3425 = PRODUCT_DEFINITION_FORMATION_WITH_SPECIFIED_SOURCE ( 'ANY', '', #3989, .NOT_KNOWN. ) ;
#3426 = AXIS2_PLACEMENT_3D ( 'NONE', #525, #122, #1195 ) ;
#3427 = CARTESIAN_POINT ( 'NONE',  ( -31.49999999999999289, 61.50000000000000000, 54.50000000000000000 ) ) ;
#3428 = VERTEX_POINT ( 'NONE', #202 ) ;
#3429 = VECTOR ( 'NONE', #1423, 1000.000000000000000 ) ;
#3430 = CARTESIAN_POINT ( 'NONE',  ( 33.24999999999997158, 44.74999999999999289, 51.50000000000000000 ) ) ;
#3431 = CIRCLE ( 'NONE', #3999, 6.499999999999992006 ) ;
#3432 = DIRECTION ( 'NONE',  ( -0.9889363528682975080, 0.000000000000000000, 0.1483404529302447261 ) ) ;
#3433 = DIRECTION ( 'NONE',  ( -1.000000000000000000, 0.000000000000000000, -0.000000000000000000 ) ) ;
#3434 = AXIS2_PLACEMENT_3D ( 'NONE', #1221, #200, #3537 ) ;
#3435 = CARTESIAN_POINT ( 'NONE',  ( -35.36956291472594671, 51.23900665536328347, 55.43382333076387170 ) ) ;
#3436 = AXIS2_PLACEMENT_3D ( 'NONE', #44, #4377, #1400 ) ;
#3437 = VERTEX_POINT ( 'NONE', #2897 ) ;
#3438 = CARTESIAN_POINT ( 'NONE',  ( 37.75000000000000711, 62.00000000000000711, 65.00000000000000000 ) ) ;
#3439 = EDGE_CURVE ( 'NONE', #3063, #3668, #1309, .T. ) ;
#3440 = CARTESIAN_POINT ( 'NONE',  ( -35.25000000000000711, 46.74999999999999289, 54.50000000000000000 ) ) ;
#3441 = CARTESIAN_POINT ( 'NONE',  ( 31.24999999999999645, 67.50000000000000000, 65.00000000000000000 ) ) ;
#3442 = FACE_OUTER_BOUND ( 'NONE', #2857, .T. ) ;
#3443 = ORIENTED_EDGE ( 'NONE', *, *, #3847, .F. ) ;
#3444 = EDGE_CURVE ( 'NONE', #1152, #2984, #379, .T. ) ;
#3445 = CARTESIAN_POINT ( 'NONE',  ( -22.50000000000001066, 31.50000000000000000, 55.00000000000000000 ) ) ;
#3446 = EDGE_CURVE ( 'NONE', #3388, #4124, #887, .T. ) ;
#3447 = DIRECTION ( 'NONE',  ( -0.000000000000000000, -1.000000000000000000, -0.000000000000000000 ) ) ;
#3448 = ORIENTED_EDGE ( 'NONE', *, *, #3322, .F. ) ;
#3449 = EDGE_LOOP ( 'NONE', ( #2560, #1946, #4019, #1643 ) ) ;
#3450 = EDGE_CURVE ( 'NONE', #2884, #4309, #3627, .T. ) ;
#3451 = CARTESIAN_POINT ( 'NONE',  ( -40.00000000000001421, 75.00000000000001421, 55.00000000000000000 ) ) ;
#3452 = CARTESIAN_POINT ( 'NONE',  ( 40.00000000000002132, -75.00000000000001421, 51.50000000000000000 ) ) ;
#3453 = ORIENTED_EDGE ( 'NONE', *, *, #2283, .T. ) ;
#3454 = CARTESIAN_POINT ( 'NONE',  ( 40.37367259618219606, 68.07659128554811900, 51.49109639465332577 ) ) ;
#3455 = CARTESIAN_POINT ( 'NONE',  ( -37.18059371040391881, 51.50000000000000711, 64.50000000000000000 ) ) ;
#3456 = FACE_OUTER_BOUND ( 'NONE', #3489, .T. ) ;
#3457 = VERTEX_POINT ( 'NONE', #1653 ) ;
#3458 = DIRECTION ( 'NONE',  ( 0.1483404529302447261, 0.000000000000000000, -0.9889363528682975080 ) ) ;
#3459 = CARTESIAN_POINT ( 'NONE',  ( 31.50000000000000711, 48.50000000000000711, 54.50000000000000000 ) ) ;
#3460 = ORIENTED_EDGE ( 'NONE', *, *, #1343, .T. ) ;
#3461 = CARTESIAN_POINT ( 'NONE',  ( 31.50000000000000711, 61.50000000000001421, 54.50000000000000000 ) ) ;
#3462 = CARTESIAN_POINT ( 'NONE',  ( 35.36956291472544223, 51.23900665536378085, 55.43382333076380775 ) ) ;
#3463 = EDGE_LOOP ( 'NONE', ( #914, #897, #2779, #1873 ) ) ;
#3464 = ORIENTED_EDGE ( 'NONE', *, *, #781, .F. ) ;
#3465 = FACE_OUTER_BOUND ( 'NONE', #994, .T. ) ;
#3466 = CARTESIAN_POINT ( 'NONE',  ( -38.75000000000000711, 39.50000000000000000, 42.49999999999999289 ) ) ;
#3467 = EDGE_CURVE ( 'NONE', #1341, #2639, #1693, .T. ) ;
#3468 = ORIENTED_EDGE ( 'NONE', *, *, #3557, .T. ) ;
#3469 = ORIENTED_EDGE ( 'NONE', *, *, #890, .F. ) ;
#3470 = DIRECTION ( 'NONE',  ( -0.000000000000000000, -0.000000000000000000, 1.000000000000000000 ) ) ;
#3471 = ADVANCED_FACE ( 'NONE', ( #1004, #2346, #2409, #2368, #3312 ), #2062, .F. ) ;
#3472 = CARTESIAN_POINT ( 'NONE',  ( -31.24999999999999645, 65.56940628959608830, 55.00000000000000000 ) ) ;
#3473 = ORIENTED_EDGE ( 'NONE', *, *, #1646, .T. ) ;
#3474 = CARTESIAN_POINT ( 'NONE',  ( 31.50000000000000711, 47.50000000000000711, 55.00000000000000000 ) ) ;
#3475 = ADVANCED_FACE ( 'NONE', ( #720 ), #4342, .T. ) ;
#3476 = DIRECTION ( 'NONE',  ( 0.000000000000000000, 0.000000000000000000, -1.000000000000000000 ) ) ;
#3477 = EDGE_LOOP ( 'NONE', ( #263, #4109, #149, #32 ) ) ;
#3478 = LINE ( 'NONE', #433, #2105 ) ;
#3479 = DIRECTION ( 'NONE',  ( 1.000000000000000000, 0.000000000000000000, 0.000000000000000000 ) ) ;
#3480 = ORIENTED_EDGE ( 'NONE', *, *, #1992, .T. ) ;
#3481 = CARTESIAN_POINT ( 'NONE',  ( -31.49999999999999289, 61.50000000000000000, 55.00000000000000000 ) ) ;
#3482 = LINE ( 'NONE', #1531, #754 ) ;
#3483 = ORIENTED_EDGE ( 'NONE', *, *, #2262, .T. ) ;
#3484 = VECTOR ( 'NONE', #3189, 999.9999999999998863 ) ;
#3485 = DIRECTION ( 'NONE',  ( 0.000000000000000000, 0.000000000000000000, 1.000000000000000000 ) ) ;
#3486 = LINE ( 'NONE', #1847, #3484 ) ;
#3487 = CIRCLE ( 'NONE', #884, 1.000000000000000888 ) ;
#3488 = EDGE_LOOP ( 'NONE', ( #1988, #562, #1896, #1817 ) ) ;
#3489 = EDGE_LOOP ( 'NONE', ( #2187, #537, #2444, #1611 ) ) ;
#3490 = DIRECTION ( 'NONE',  ( 0.000000000000000000, 0.000000000000000000, 1.000000000000000000 ) ) ;
#3491 = VECTOR ( 'NONE', #1496, 1000.000000000000114 ) ;
#3492 = EDGE_CURVE ( 'NONE', #1336, #848, #4273, .T. ) ;
#3493 = CARTESIAN_POINT ( 'NONE',  ( -37.50000000000000000, 81.49999999999998579, 4.000000000000000000 ) ) ;
#3494 = ORIENTED_EDGE ( 'NONE', *, *, #783, .T. ) ;
#3495 = LINE ( 'NONE', #478, #1666 ) ;
#3496 = EDGE_CURVE ( 'NONE', #2760, #2904, #1577, .T. ) ;
#3497 = CIRCLE ( 'NONE', #4279, 10.00000000000000178 ) ;
#3498 = AXIS2_PLACEMENT_3D ( 'NONE', #2080, #2106, #2005 ) ;
#3499 = VERTEX_POINT ( 'NONE', #3399 ) ;
#3500 = AXIS2_PLACEMENT_3D ( 'NONE', #3840, #824, #1491 ) ;
#3501 = CYLINDRICAL_SURFACE ( 'NONE', #2594, 1.250000000000007994 ) ;
#3502 = ADVANCED_FACE ( 'NONE', ( #3358 ), #1329, .F. ) ;
#3503 = FACE_OUTER_BOUND ( 'NONE', #2607, .T. ) ;
#3504 = EDGE_LOOP ( 'NONE', ( #2407, #787, #1881, #3899 ) ) ;
#3505 = AXIS2_PLACEMENT_3D ( 'NONE', #1379, #2028, #3679 ) ;
#3506 = VECTOR ( 'NONE', #2979, 1000.000000000000000 ) ;
#3507 = DIRECTION ( 'NONE',  ( -1.000000000000000000, -6.938893903907222067E-15, 0.000000000000000000 ) ) ;
#3508 = LINE ( 'NONE', #1133, #3702 ) ;
#3509 = EDGE_CURVE ( 'NONE', #2508, #104, #3057, .T. ) ;
#3510 = ORIENTED_EDGE ( 'NONE', *, *, #2235, .F. ) ;
#3511 = AXIS2_PLACEMENT_3D ( 'NONE', #1657, #632, #4047 ) ;
#3512 = VECTOR ( 'NONE', #2973, 1000.000000000000000 ) ;
#3513 = CARTESIAN_POINT ( 'NONE',  ( 39.68059371040393302, 51.50000000000000711, 55.50000000000000000 ) ) ;
#3514 = CARTESIAN_POINT ( 'NONE',  ( -39.99999999999999289, -85.00000000000001421, 45.00000000000000000 ) ) ;
#3515 = VERTEX_POINT ( 'NONE', #1347 ) ;
#3516 = FACE_OUTER_BOUND ( 'NONE', #1404, .T. ) ;
#3517 = CARTESIAN_POINT ( 'NONE',  ( -35.25000000000000000, 51.50000000000000711, 55.00000000000001421 ) ) ;
#3518 = EDGE_LOOP ( 'NONE', ( #804, #2706, #1836, #3273 ) ) ;
#3519 = CARTESIAN_POINT ( 'NONE',  ( -31.49999999999999289, 47.49999999999998579, 55.00000000000000000 ) ) ;
#3520 = CARTESIAN_POINT ( 'NONE',  ( -40.00000000000001421, 75.00000000000001421, 45.00000000000000000 ) ) ;
#3521 = FILL_AREA_STYLE_COLOUR ( '', #4208 ) ;
#3522 = EDGE_CURVE ( 'NONE', #2294, #2251, #4056, .T. ) ;
#3523 = ORIENTED_EDGE ( 'NONE', *, *, #3799, .F. ) ;
#3524 = FACE_OUTER_BOUND ( 'NONE', #1696, .T. ) ;
#3525 = DIRECTION ( 'NONE',  ( -0.000000000000000000, 0.1483404529302447539, -0.9889363528682976190 ) ) ;
#3526 = EDGE_CURVE ( 'NONE', #4038, #3094, #2699, .T. ) ;
#3527 = LINE ( 'NONE', #2883, #3638 ) ;
#3528 = ORIENTED_EDGE ( 'NONE', *, *, #3635, .F. ) ;
#3529 = LINE ( 'NONE', #507, #1110 ) ;
#3530 = CARTESIAN_POINT ( 'NONE',  ( 32.50000000000000711, 48.50000000000000711, -0.001000000000001000089 ) ) ;
#3531 = EDGE_LOOP ( 'NONE', ( #2233, #2411, #3579, #65 ) ) ;
#3532 = FACE_OUTER_BOUND ( 'NONE', #2137, .T. ) ;
#3533 = B_SPLINE_CURVE_WITH_KNOTS ( 'NONE', 3,
 ( #2253, #997, #3663, #3931, #4311, #3236, #550, #3595, #3951, #2906 ),
 .UNSPECIFIED., .F., .F.,
 ( 4, 2, 2, 2, 4 ),
 ( 0.000000000000000000, 0.0007854208725104571114, 0.001570841745020914223, 0.002356262617531371117, 0.003141683490041828446 ),
 .UNSPECIFIED. ) ;
#3534 = CARTESIAN_POINT ( 'NONE',  ( 0.000000000000000000, -85.00000000000001421, 4.400000000000000355 ) ) ;
#3535 = CARTESIAN_POINT ( 'NONE',  ( -35.31387446603022795, 62.00000000000000711, 55.42582977353487905 ) ) ;
#3536 = ORIENTED_EDGE ( 'NONE', *, *, #37, .F. ) ;
#3537 = DIRECTION ( 'NONE',  ( -1.000000000000000000, 0.000000000000000000, 0.000000000000000000 ) ) ;
#3538 = CARTESIAN_POINT ( 'NONE',  ( 39.17880776906769569, 51.20513004984753991, 55.00000000000090239 ) ) ;
#3539 = ORIENTED_EDGE ( 'NONE', *, *, #156, .T. ) ;
#3540 = LINE ( 'NONE', #3895, #1320 ) ;
#3541 = ORIENTED_EDGE ( 'NONE', *, *, #1276, .T. ) ;
#3542 = DIRECTION ( 'NONE',  ( -0.000000000000000000, -0.000000000000000000, 1.000000000000000000 ) ) ;
#3543 = LINE ( 'NONE', #184, #2366 ) ;
#3544 = CIRCLE ( 'NONE', #2427, 6.500000000000012434 ) ;
#3545 = ORIENTED_EDGE ( 'NONE', *, *, #1872, .F. ) ;
#3546 = PLANE ( 'NONE',  #2300 ) ;
#3547 = CARTESIAN_POINT ( 'NONE',  ( 41.25000000000000711, 39.50000000000000000, 51.37867541108653313 ) ) ;
#3549 = VERTEX_POINT ( 'NONE', #2041 ) ;
#3548 = AXIS2_PLACEMENT_3D ( 'NONE', #2319, #2585, #1553 ) ;
#3550 = EDGE_LOOP ( 'NONE', ( #1410, #4359, #1893, #453 ) ) ;
#3551 = EDGE_CURVE ( 'NONE', #1477, #1160, #957, .T. ) ;
#3552 = DIRECTION ( 'NONE',  ( 1.000000000000000000, 0.000000000000000000, 0.000000000000000000 ) ) ;
#3553 = CIRCLE ( 'NONE', #2848, 4.063874466030227062 ) ;
#3554 = DIRECTION ( 'NONE',  ( 0.000000000000000000, 0.000000000000000000, -1.000000000000000000 ) ) ;
#3555 = CARTESIAN_POINT ( 'NONE',  ( 36.25000000000000711, 70.50000000000000000, 42.49999999999999289 ) ) ;
#3556 = EDGE_LOOP ( 'NONE', ( #419, #3131, #1468, #3780 ) ) ;
#3557 = EDGE_CURVE ( 'NONE', #291, #657, #3414, .T. ) ;
#3558 = AXIS2_PLACEMENT_3D ( 'NONE', #673, #630, #3023 ) ;
#3559 = CARTESIAN_POINT ( 'NONE',  ( 0.000000000000000000, 68.50000000000000000, 65.00000000000000000 ) ) ;
#3560 = AXIS2_PLACEMENT_3D ( 'NONE', #4249, #1879, #1218 ) ;
#3561 = CARTESIAN_POINT ( 'NONE',  ( 46.49999999999998579, 75.00000000000001421, 55.00000000000000000 ) ) ;
#3562 = ORIENTED_EDGE ( 'NONE', *, *, #3935, .T. ) ;
#3563 = CIRCLE ( 'NONE', #964, 5.436125533969767609 ) ;
#3564 = DIRECTION ( 'NONE',  ( -0.000000000000000000, -0.000000000000000000, -1.000000000000000000 ) ) ;
#3565 = ORIENTED_EDGE ( 'NONE', *, *, #311, .T. ) ;
#3566 = CARTESIAN_POINT ( 'NONE',  ( 38.66940628959610393, 50.50000000000000000, 55.00000000000000000 ) ) ;
#3567 = VERTEX_POINT ( 'NONE', #355 ) ;
#3568 = AXIS2_PLACEMENT_3D ( 'NONE', #4179, #439, #3798 ) ;
#3569 = DIRECTION ( 'NONE',  ( -9.251858538542971581E-17, 1.000000000000000000, 0.000000000000000000 ) ) ;
#3570 = CIRCLE ( 'NONE', #2100, 2.250000000000000444 ) ;
#3571 = EDGE_LOOP ( 'NONE', ( #4369, #4143, #1001, #2841 ) ) ;
#3572 = DIRECTION ( 'NONE',  ( 0.000000000000000000, 0.000000000000000000, 1.000000000000000000 ) ) ;
#3573 = CIRCLE ( 'NONE', #3505, 5.930593710403917918 ) ;
#3574 = CARTESIAN_POINT ( 'NONE',  ( 33.24999999999997158, 46.74999999999999289, 54.50000000000000000 ) ) ;
#3575 = EDGE_LOOP ( 'NONE', ( #2314, #934, #3539, #1998 ) ) ;
#3576 = VECTOR ( 'NONE', #2180, 1000.000000000000000 ) ;
#3577 = AXIS2_PLACEMENT_3D ( 'NONE', #3091, #4139, #1391 ) ;
#3578 = ADVANCED_FACE ( 'NONE', ( #1368 ), #4073, .F. ) ;
#3579 = ORIENTED_EDGE ( 'NONE', *, *, #1936, .T. ) ;
#3580 = DIRECTION ( 'NONE',  ( -0.000000000000000000, 1.000000000000000000, -0.000000000000000000 ) ) ;
#3581 = FACE_OUTER_BOUND ( 'NONE', #132, .T. ) ;
#3582 = CARTESIAN_POINT ( 'NONE',  ( 0.000000000000000000, 65.56940628959608830, 55.50000000000000000 ) ) ;
#3583 = ADVANCED_FACE ( 'NONE', ( #3134 ), #447, .T. ) ;
#3584 = EDGE_LOOP ( 'NONE', ( #1182, #2912, #2542, #2403 ) ) ;
#3585 = CARTESIAN_POINT ( 'NONE',  ( -39.99999999999999289, -75.00000000000002842, 45.00000000000000000 ) ) ;
#3586 = CARTESIAN_POINT ( 'NONE',  ( -37.50000000000000000, 77.49999999999998579, 3.000000000000000000 ) ) ;
#3587 = AXIS2_PLACEMENT_3D ( 'NONE', #2616, #2997, #2974 ) ;
#3588 = VERTEX_POINT ( 'NONE', #4142 ) ;
#3589 = CARTESIAN_POINT ( 'NONE',  ( 31.24999999999999645, 67.93059371040391170, 64.50000000000000000 ) ) ;
#3590 = ORIENTED_EDGE ( 'NONE', *, *, #1655, .T. ) ;
#3591 = DIRECTION ( 'NONE',  ( 1.000000000000000000, 0.000000000000000000, 0.000000000000000000 ) ) ;
#3592 = DIRECTION ( 'NONE',  ( -0.000000000000000000, -0.000000000000000000, -1.000000000000000000 ) ) ;
#3593 = ORIENTED_EDGE ( 'NONE', *, *, #3244, .F. ) ;
#3594 = CARTESIAN_POINT ( 'NONE',  ( 36.68612553396977205, 51.50000000000000711, 64.57417022646512805 ) ) ;
#3595 = CARTESIAN_POINT ( 'NONE',  ( -41.22229537139983790, 38.97403996911066315, 51.38428837908945468 ) ) ;
#3596 = EDGE_LOOP ( 'NONE', ( #3590, #84, #2810, #2004 ) ) ;
#3597 = EDGE_LOOP ( 'NONE', ( #1788, #727, #1443, #1390, #3453, #3565, #2437, #3168, #3882, #2909 ) ) ;
#3598 = DIRECTION ( 'NONE',  ( 0.000000000000000000, -1.000000000000000000, -0.000000000000000000 ) ) ;
#3599 = EDGE_CURVE ( 'NONE', #811, #1130, #103, .T. ) ;
#3600 = CARTESIAN_POINT ( 'NONE',  ( -37.50000000000000000, 39.50000000000000000, 50.49999999999999289 ) ) ;
#3601 = CARTESIAN_POINT ( 'NONE',  ( 30.75000000000000000, 51.00000000000000711, 55.50000000000000000 ) ) ;
#3602 = ORIENTED_EDGE ( 'NONE', *, *, #2152, .F. ) ;
#3603 = PRESENTATION_STYLE_ASSIGNMENT (( #3978 ) ) ;
#3604 = DIRECTION ( 'NONE',  ( 0.000000000000000000, 0.000000000000000000, -1.000000000000000000 ) ) ;
#3605 = EDGE_CURVE ( 'NONE', #3932, #1853, #741, .T. ) ;
#3606 = DIRECTION ( 'NONE',  ( -0.000000000000000000, -0.000000000000000000, -1.000000000000000000 ) ) ;
#3607 = VERTEX_POINT ( 'NONE', #1120 ) ;
#3608 = EDGE_CURVE ( 'NONE', #350, #659, #2360, .T. ) ;
#3609 = CARTESIAN_POINT ( 'NONE',  ( 39.99999999999999289, 75.00000000000001421, 55.00000000000000000 ) ) ;
#3610 = CARTESIAN_POINT ( 'NONE',  ( -33.74999999999998579, 70.50000000000000000, 42.49999999999999289 ) ) ;
#3611 = LINE ( 'NONE', #2625, #393 ) ;
#3612 = ORIENTED_EDGE ( 'NONE', *, *, #1100, .F. ) ;
#3613 = DIRECTION ( 'NONE',  ( -1.000000000000000000, 0.000000000000000000, 0.000000000000000000 ) ) ;
#3614 = VECTOR ( 'NONE', #4135, 1000.000000000000000 ) ;
#3615 = FACE_OUTER_BOUND ( 'NONE', #1745, .T. ) ;
#3616 = ORIENTED_EDGE ( 'NONE', *, *, #1136, .F. ) ;
#3617 = ORIENTED_EDGE ( 'NONE', *, *, #279, .T. ) ;
#3618 = CYLINDRICAL_SURFACE ( 'NONE', #99, 2.250000000000000000 ) ;
#3619 = CARTESIAN_POINT ( 'NONE',  ( -46.50000000000001421, 75.00000000000001421, 0.000000000000000000 ) ) ;
#3620 = CIRCLE ( 'NONE', #2985, 2.749999999999999112 ) ;
#3621 = DIRECTION ( 'NONE',  ( 0.000000000000000000, 1.000000000000000000, 0.000000000000000000 ) ) ;
#3622 = EDGE_LOOP ( 'NONE', ( #2768, #499, #2026, #1394 ) ) ;
#3623 = EDGE_CURVE ( 'NONE', #2543, #208, #2920, .T. ) ;
#3624 = AXIS2_PLACEMENT_3D ( 'NONE', #3864, #486, #1132 ) ;
#3625 = LINE ( 'NONE', #601, #3907 ) ;
#3626 = LINE ( 'NONE', #4277, #2290 ) ;
#3627 = CIRCLE ( 'NONE', #4343, 6.499999999999992006 ) ;
#3628 = ORIENTED_EDGE ( 'NONE', *, *, #1276, .F. ) ;
#3629 = ADVANCED_FACE ( 'NONE', ( #1142 ), #835, .T. ) ;
#3630 = DIRECTION ( 'NONE',  ( -1.000000000000000000, 0.000000000000000000, 0.000000000000000000 ) ) ;
#3631 = AXIS2_PLACEMENT_3D ( 'NONE', #3111, #769, #2502 ) ;
#3632 = CARTESIAN_POINT ( 'NONE',  ( 33.74999999999998579, 39.50000000000000000, 42.49999999999999289 ) ) ;
#3633 = CARTESIAN_POINT ( 'NONE',  ( -39.99999999999999289, -75.00000000000001421, 45.00000000000000000 ) ) ;
#3634 = ORIENTED_EDGE ( 'NONE', *, *, #565, .T. ) ;
#3635 = EDGE_CURVE ( 'NONE', #3844, #2358, #822, .T. ) ;
#3636 = ORIENTED_EDGE ( 'NONE', *, *, #1961, .F. ) ;
#3637 = CARTESIAN_POINT ( 'NONE',  ( -37.75000000000000711, 51.00000000000000711, 64.50000000000000000 ) ) ;
#3638 = VECTOR ( 'NONE', #3569, 1000.000000000000000 ) ;
#3639 = CIRCLE ( 'NONE', #1945, 6.250000000000000000 ) ;
#3640 = CARTESIAN_POINT ( 'NONE',  ( 2.250000000000000000, 10.00000000000000888, 51.50000000000000000 ) ) ;
#3641 = EDGE_CURVE ( 'NONE', #3094, #4183, #1371, .T. ) ;
#3642 = ORIENTED_EDGE ( 'NONE', *, *, #1413, .T. ) ;
#3643 = CIRCLE ( 'NONE', #1733, 2.250000000000000000 ) ;
#3644 = VECTOR ( 'NONE', #3355, 1000.000000000000000 ) ;
#3645 = CARTESIAN_POINT ( 'NONE',  ( 31.24999999999999645, 62.00000000000000711, 55.42582977353487905 ) ) ;
#3646 = DIRECTION ( 'NONE',  ( -1.000000000000000000, -0.000000000000000000, -0.000000000000000000 ) ) ;
#3647 = AXIS2_PLACEMENT_3D ( 'NONE', #3120, #150, #2820 ) ;
#3648 = AXIS2_PLACEMENT_3D ( 'NONE', #377, #2784, #6 ) ;
#3649 = DIRECTION ( 'NONE',  ( 1.000000000000000000, 0.000000000000000000, 0.000000000000000000 ) ) ;
#3650 = ORIENTED_EDGE ( 'NONE', *, *, #4013, .T. ) ;
#3651 = DIRECTION ( 'NONE',  ( 0.000000000000000000, 0.000000000000000000, -1.000000000000000000 ) ) ;
#3652 = DIRECTION ( 'NONE',  ( -1.000000000000000000, 0.000000000000000000, 0.000000000000000000 ) ) ;
#3653 = ORIENTED_EDGE ( 'NONE', *, *, #2008, .F. ) ;
#3654 = CARTESIAN_POINT ( 'NONE',  ( -32.49999999999999289, 61.50000000000000000, -0.001000000000001000089 ) ) ;
#3655 = CARTESIAN_POINT ( 'NONE',  ( 37.50000000000000000, 39.50000000000000000, 50.49999999999999289 ) ) ;
#3656 = ADVANCED_FACE ( 'NONE', ( #2484 ), #1181, .F. ) ;
#3657 = FACE_OUTER_BOUND ( 'NONE', #517, .T. ) ;
#3658 = DIRECTION ( 'NONE',  ( 1.000000000000000000, 0.000000000000000000, 0.000000000000000000 ) ) ;
#3659 = VERTEX_POINT ( 'NONE', #4167 ) ;
#3660 = ORIENTED_EDGE ( 'NONE', *, *, #3716, .F. ) ;
#3661 = DIRECTION ( 'NONE',  ( -1.000000000000000000, 0.000000000000000000, 0.000000000000000000 ) ) ;
#3662 = EDGE_CURVE ( 'NONE', #2639, #2532, #810, .T. ) ;
#3663 = CARTESIAN_POINT ( 'NONE',  ( -40.37372584922906071, 37.07663130971825893, 51.49109598579523350 ) ) ;
#3664 = EDGE_LOOP ( 'NONE', ( #2177, #2946, #237, #4234, #1497, #1691, #1017, #501 ) ) ;
#3665 = CARTESIAN_POINT ( 'NONE',  ( -35.83059371040391028, 50.50000000000000000, 55.00000000000000000 ) ) ;
#3666 = FACE_OUTER_BOUND ( 'NONE', #3463, .T. ) ;
#3667 = ORIENTED_EDGE ( 'NONE', *, *, #1936, .F. ) ;
#3668 = VERTEX_POINT ( 'NONE', #3493 ) ;
#3669 = CARTESIAN_POINT ( 'NONE',  ( 46.50000000000002132, -75.00000000000001421, 55.00000000000000000 ) ) ;
#3670 = DIRECTION ( 'NONE',  ( -0.000000000000000000, 1.000000000000000000, -0.000000000000000000 ) ) ;
#3671 = DIRECTION ( 'NONE',  ( 0.000000000000000000, 0.000000000000000000, 1.000000000000000000 ) ) ;
#3672 = ORIENTED_EDGE ( 'NONE', *, *, #2307, .T. ) ;
#3673 = DIRECTION ( 'NONE',  ( 1.000000000000000000, 0.000000000000000000, 0.000000000000000000 ) ) ;
#3674 = CARTESIAN_POINT ( 'NONE',  ( 31.24999999999999645, 62.00000000000000711, 55.00000000000000000 ) ) ;
#3675 = DIRECTION ( 'NONE',  ( 1.000000000000000000, 0.000000000000000000, 0.000000000000000000 ) ) ;
#3676 = DIRECTION ( 'NONE',  ( 0.000000000000000000, 1.000000000000000000, 0.000000000000000000 ) ) ;
#3677 = DIRECTION ( 'NONE',  ( -0.1483404529302447539, 0.000000000000000000, 0.9889363528682976190 ) ) ;
#3678 = EDGE_CURVE ( 'NONE', #2941, #2454, #473, .T. ) ;
#3679 = DIRECTION ( 'NONE',  ( 1.000000000000000000, 0.000000000000000000, 0.000000000000000000 ) ) ;
#3680 = FACE_OUTER_BOUND ( 'NONE', #954, .T. ) ;
#3681 = ORIENTED_EDGE ( 'NONE', *, *, #3446, .F. ) ;
#3682 = CARTESIAN_POINT ( 'NONE',  ( 37.50000000000000000, 77.49999999999998579, 0.000000000000000000 ) ) ;
#3683 = DIRECTION ( 'NONE',  ( -0.000000000000000000, -0.000000000000000000, -1.000000000000000000 ) ) ;
#3684 = VERTEX_POINT ( 'NONE', #1816 ) ;
#3685 = EDGE_CURVE ( 'NONE', #4295, #104, #462, .T. ) ;
#3686 = FILL_AREA_STYLE ('',( #3000 ) ) ;
#3687 = DIRECTION ( 'NONE',  ( 0.000000000000000000, -1.000000000000000000, 0.000000000000000000 ) ) ;
#3688 = DIRECTION ( 'NONE',  ( 0.000000000000000000, 0.000000000000000000, 1.000000000000000000 ) ) ;
#3689 = ADVANCED_FACE ( 'NONE', ( #2831 ), #2176, .T. ) ;
#3690 = ORIENTED_EDGE ( 'NONE', *, *, #235, .F. ) ;
#3691 = AXIS2_PLACEMENT_3D ( 'NONE', #2676, #298, #234 ) ;
#3692 = CARTESIAN_POINT ( 'NONE',  ( 30.75000000000000000, 50.50000000000000000, 55.50000000000000000 ) ) ;
#3693 = VECTOR ( 'NONE', #2141, 1000.000000000000000 ) ;
#3694 = CARTESIAN_POINT ( 'NONE',  ( -37.81387446603024216, 62.00000000000000711, 64.57417022646512805 ) ) ;
#3695 = CARTESIAN_POINT ( 'NONE',  ( -35.32119223093312144, 51.20513004984759675, 55.00000000000090239 ) ) ;
#3696 = PRODUCT_DEFINITION_CONTEXT ( 'detailed design', #2477, 'design' ) ;
#3697 = ORIENTED_EDGE ( 'NONE', *, *, #2008, .T. ) ;
#3698 = DIRECTION ( 'NONE',  ( 0.000000000000000000, 0.000000000000000000, 1.000000000000000000 ) ) ;
#3699 = AXIS2_PLACEMENT_3D ( 'NONE', #1787, #1433, #2814 ) ;
#3700 = DIRECTION ( 'NONE',  ( 0.000000000000000000, 0.000000000000000000, -1.000000000000000000 ) ) ;
#3701 = CARTESIAN_POINT ( 'NONE',  ( -6.250000000000000000, -19.99999999999999645, -0.001000000000001000089 ) ) ;
#3702 = VECTOR ( 'NONE', #3167, 1000.000000000000000 ) ;
#3703 = EDGE_LOOP ( 'NONE', ( #46, #4305, #613, #1156 ) ) ;
#3704 = DIRECTION ( 'NONE',  ( 0.000000000000000000, 1.000000000000000000, 0.000000000000000000 ) ) ;
#3705 = AXIS2_PLACEMENT_3D ( 'NONE', #1620, #636, #3317 ) ;
#3706 = CIRCLE ( 'NONE', #2514, 2.250000000000000000 ) ;
#3707 = CARTESIAN_POINT ( 'NONE',  ( -38.66940628959609683, 50.50000000000000000, 55.00000000000000000 ) ) ;
#3708 = ADVANCED_FACE ( 'NONE', ( #4186 ), #78, .F. ) ;
#3709 = ADVANCED_FACE ( 'NONE', ( #4203 ), #1414, .T. ) ;
#3710 = AXIS2_PLACEMENT_3D ( 'NONE', #1015, #3704, #1387 ) ;
#3711 = CIRCLE ( 'NONE', #1519, 3.750000000000010214 ) ;
#3712 = ORIENTED_EDGE ( 'NONE', *, *, #261, .F. ) ;
#3713 = CARTESIAN_POINT ( 'NONE',  ( -40.37367259618221027, 41.92340871445187389, 51.49109639465332577 ) ) ;
#3714 = TOROIDAL_SURFACE ( 'NONE', #2449, 3.569406289596078974, 0.5000000000000000000 ) ;
#3715 = STYLED_ITEM ( 'NONE', ( #923 ), #227 ) ;
#3716 = EDGE_CURVE ( 'NONE', #2960, #2860, #3850, .T. ) ;
#3717 = DIRECTION ( 'NONE',  ( 0.000000000000000000, 0.000000000000000000, 1.000000000000000000 ) ) ;
#3718 = EDGE_LOOP ( 'NONE', ( #4195, #2659, #3090, #2579 ) ) ;
#3719 = VECTOR ( 'NONE', #3160, 1000.000000000000000 ) ;
#3720 = VECTOR ( 'NONE', #594, 1000.000000000000000 ) ;
#3721 = CARTESIAN_POINT ( 'NONE',  ( 41.03067626818837255, 40.79059247408986266, 51.41867563436252908 ) ) ;
#3722 = ORIENTED_EDGE ( 'NONE', *, *, #916, .T. ) ;
#3723 = DIRECTION ( 'NONE',  ( -0.000000000000000000, -1.000000000000000000, -0.000000000000000000 ) ) ;
#3724 = CARTESIAN_POINT ( 'NONE',  ( 37.50000000000000000, 39.50000000000000000, 42.49999999999999289 ) ) ;
#3725 = CARTESIAN_POINT ( 'NONE',  ( -39.99999999999999289, -81.50000000000001421, 45.00000000000000000 ) ) ;
#3726 = ORIENTED_EDGE ( 'NONE', *, *, #356, .F. ) ;
#3727 = ORIENTED_EDGE ( 'NONE', *, *, #2741, .T. ) ;
#3728 = CARTESIAN_POINT ( 'NONE',  ( 31.24999999999999645, 62.00000000000000711, 64.57417022646514226 ) ) ;
#3729 = LINE ( 'NONE', #2401, #4264 ) ;
#3730 = DIRECTION ( 'NONE',  ( -0.000000000000000000, 0.000000000000000000, 1.000000000000000000 ) ) ;
#3731 = ORIENTED_EDGE ( 'NONE', *, *, #1291, .F. ) ;
#3732 = LINE ( 'NONE', #715, #3143 ) ;
#3733 = CARTESIAN_POINT ( 'NONE',  ( -40.00000000000001421, 67.70491502812525653, 51.50000000000000000 ) ) ;
#3734 = VERTEX_POINT ( 'NONE', #3535 ) ;
#3735 = CARTESIAN_POINT ( 'NONE',  ( 31.24999999999999645, 62.00000000000000711, 65.00000000000000000 ) ) ;
#3736 = DIRECTION ( 'NONE',  ( 0.000000000000000000, 1.000000000000000000, 0.000000000000000000 ) ) ;
#3737 = VERTEX_POINT ( 'NONE', #1902 ) ;
#3738 = CARTESIAN_POINT ( 'NONE',  ( 38.97209341501101676, 51.00000000000000711, 55.45655208726101648 ) ) ;
#3739 = CARTESIAN_POINT ( 'NONE',  ( 33.24999999999997158, 44.74999999999999289, 54.50000000000000000 ) ) ;
#3740 = CARTESIAN_POINT ( 'NONE',  ( 31.24999999999999645, 70.43059371040391170, 55.50000000000000000 ) ) ;
#3741 = CARTESIAN_POINT ( 'NONE',  ( -40.37268147353307768, 68.07517411361800441, 51.49118441071431818 ) ) ;
#3742 = ORIENTED_EDGE ( 'NONE', *, *, #2840, .F. ) ;
#3743 = EDGE_CURVE ( 'NONE', #2325, #4054, #677, .T. ) ;
#3744 = EDGE_LOOP ( 'NONE', ( #3832, #1888, #3223, #3712 ) ) ;
#3745 = LINE ( 'NONE', #367, #3076 ) ;
#3746 = FACE_OUTER_BOUND ( 'NONE', #4355, .T. ) ;
#3747 = DIRECTION ( 'NONE',  ( 0.000000000000000000, 0.000000000000000000, 1.000000000000000000 ) ) ;
#3748 = VERTEX_POINT ( 'NONE', #3958 ) ;
#3749 = CARTESIAN_POINT ( 'NONE',  ( -34.81940628959607409, 62.00000000000000711, 55.00000000000000000 ) ) ;
#3750 = LINE ( 'NONE', #1690, #228 ) ;
#3751 = ORIENTED_EDGE ( 'NONE', *, *, #58, .T. ) ;
#3752 = ORIENTED_EDGE ( 'NONE', *, *, #4396, .F. ) ;
#3753 = DIRECTION ( 'NONE',  ( 0.000000000000000000, 0.000000000000000000, 1.000000000000000000 ) ) ;
#3754 = DIRECTION ( 'NONE',  ( 0.000000000000000000, 0.000000000000000000, 1.000000000000000000 ) ) ;
#3755 = ADVANCED_FACE ( 'NONE', ( #3196 ), #513, .F. ) ;
#3756 = VERTEX_POINT ( 'NONE', #2617 ) ;
#3757 = DIRECTION ( 'NONE',  ( -0.000000000000000000, -0.000000000000000000, -1.000000000000000000 ) ) ;
#3758 = FACE_OUTER_BOUND ( 'NONE', #2256, .T. ) ;
#3759 = PLANE ( 'NONE',  #2356 ) ;
#3760 = AXIS2_PLACEMENT_3D ( 'NONE', #3574, #1780, #2541 ) ;
#3761 = EDGE_CURVE ( 'NONE', #1171, #3031, #2911, .T. ) ;
#3762 = AXIS2_PLACEMENT_3D ( 'NONE', #3395, #2108, #1743 ) ;
#3763 = FACE_OUTER_BOUND ( 'NONE', #3744, .T. ) ;
#3764 = ADVANCED_FACE ( 'NONE', ( #2892 ), #1795, .T. ) ;
#3765 = VERTEX_POINT ( 'NONE', #1942 ) ;
#3766 = DIRECTION ( 'NONE',  ( 0.000000000000000000, -1.000000000000000000, 0.000000000000000000 ) ) ;
#3767 = CARTESIAN_POINT ( 'NONE',  ( 40.00000000000002132, -85.00000000000001421, 45.00000000000000000 ) ) ;
#3768 = AXIS2_PLACEMENT_3D ( 'NONE', #3481, #864, #4175 ) ;
#3769 = DIRECTION ( 'NONE',  ( 0.000000000000000000, -1.000000000000000000, 0.000000000000000000 ) ) ;
#3770 = EDGE_CURVE ( 'NONE', #1299, #4387, #1583, .T. ) ;
#3771 = DIRECTION ( 'NONE',  ( -1.000000000000000000, 0.000000000000000000, 0.000000000000000000 ) ) ;
#3772 = EDGE_LOOP ( 'NONE', ( #3142, #2547, #2173, #2756 ) ) ;
#3773 = CARTESIAN_POINT ( 'NONE',  ( -37.18059371040391170, 62.00000000000000711, 64.50000000000000000 ) ) ;
#3774 = LINE ( 'NONE', #1307, #3644 ) ;
#3775 = ADVANCED_FACE ( 'NONE', ( #1263 ), #1852, .F. ) ;
#3776 = VECTOR ( 'NONE', #167, 1000.000000000000000 ) ;
#3777 = DIRECTION ( 'NONE',  ( 0.000000000000000000, 0.000000000000000000, -1.000000000000000000 ) ) ;
#3778 = ORIENTED_EDGE ( 'NONE', *, *, #1854, .T. ) ;
#3779 = CIRCLE ( 'NONE', #249, 1.250000000000007994 ) ;
#3780 = ORIENTED_EDGE ( 'NONE', *, *, #1763, .T. ) ;
#3781 = DIRECTION ( 'NONE',  ( 0.000000000000000000, 0.000000000000000000, 1.000000000000000000 ) ) ;
#3782 = VECTOR ( 'NONE', #2340, 1000.000000000000000 ) ;
#3783 = DIRECTION ( 'NONE',  ( -0.000000000000000000, -0.000000000000000000, -1.000000000000000000 ) ) ;
#3784 = ORIENTED_EDGE ( 'NONE', *, *, #3848, .T. ) ;
#3785 = AXIS2_PLACEMENT_3D ( 'NONE', #818, #3164, #86 ) ;
#3786 = DIRECTION ( 'NONE',  ( 0.000000000000000000, 0.000000000000000000, 1.000000000000000000 ) ) ;
#3787 = FACE_OUTER_BOUND ( 'NONE', #4323, .T. ) ;
#3788 = CARTESIAN_POINT ( 'NONE',  ( 39.68059371040394012, 51.50000000000000711, 55.00000000000000000 ) ) ;
#3789 = CIRCLE ( 'NONE', #4150, 0.5000000000000004441 ) ;
#3790 = CARTESIAN_POINT ( 'NONE',  ( -41.25000000000000711, 70.23712376739189267, 51.37867541108654734 ) ) ;
#3791 = AXIS2_PLACEMENT_3D ( 'NONE', #3438, #412, #3458 ) ;
#3792 = ORIENTED_EDGE ( 'NONE', *, *, #1987, .F. ) ;
#3793 = CYLINDRICAL_SURFACE ( 'NONE', #3863, 6.499999999999999112 ) ;
#3794 = CARTESIAN_POINT ( 'NONE',  ( 37.31940628959608830, 62.00000000000000711, 64.50000000000000000 ) ) ;
#3795 = FACE_OUTER_BOUND ( 'NONE', #248, .T. ) ;
#3796 = FACE_OUTER_BOUND ( 'NONE', #3282, .T. ) ;
#3797 = ORIENTED_EDGE ( 'NONE', *, *, #1821, .F. ) ;
#3798 = DIRECTION ( 'NONE',  ( 0.000000000000000000, 0.000000000000000000, -1.000000000000000000 ) ) ;
#3799 = EDGE_CURVE ( 'NONE', #1606, #1067, #1520, .T. ) ;
#3800 = CARTESIAN_POINT ( 'NONE',  ( 37.18059371040391170, 62.00000000000000711, 65.00000000000000000 ) ) ;
#3801 = ORIENTED_EDGE ( 'NONE', *, *, #579, .T. ) ;
#3802 = VERTEX_POINT ( 'NONE', #2276 ) ;
#3803 = VERTEX_POINT ( 'NONE', #3555 ) ;
#3804 = ADVANCED_FACE ( 'NONE', ( #2873 ), #4228, .T. ) ;
#3805 = ORIENTED_EDGE ( 'NONE', *, *, #4230, .F. ) ;
#3806 = PLANE ( 'NONE',  #896 ) ;
#3807 = DIRECTION ( 'NONE',  ( -0.000000000000000000, -0.000000000000000000, 1.000000000000000000 ) ) ;
#3808 = EDGE_LOOP ( 'NONE', ( #121, #2114, #1555, #1629 ) ) ;
#3809 = CYLINDRICAL_SURFACE ( 'NONE', #695, 0.5000000000000004441 ) ;
#3810 = DIRECTION ( 'NONE',  ( 1.000000000000000000, -0.000000000000000000, -0.000000000000000000 ) ) ;
#3811 = SURFACE_SIDE_STYLE ('',( #431 ) ) ;
#3812 = ORIENTED_EDGE ( 'NONE', *, *, #484, .T. ) ;
#3813 = CARTESIAN_POINT ( 'NONE',  ( -39.99999999999999289, -75.00000000000001421, 51.50000000000000000 ) ) ;
#3814 = DIRECTION ( 'NONE',  ( 0.000000000000000000, 0.000000000000000000, 1.000000000000000000 ) ) ;
#3815 = B_SPLINE_CURVE_WITH_KNOTS ( 'NONE', 3,
 ( #771, #3095, #106, #1464, #2816, #4188, #2115, #3454, #1144, #2486 ),
 .UNSPECIFIED., .F., .F.,
 ( 4, 2, 2, 2, 4 ),
 ( 0.003141683490041901304, 0.003927172502600870252, 0.004712661515159840067, 0.005498150527718809015, 0.006283639540277777963 ),
 .UNSPECIFIED. ) ;
#3816 = DIRECTION ( 'NONE',  ( -0.000000000000000000, 1.000000000000000000, 0.000000000000000000 ) ) ;
#3817 = DIRECTION ( 'NONE',  ( 1.000000000000000000, 0.000000000000000000, 0.000000000000000000 ) ) ;
#3818 = EDGE_CURVE ( 'NONE', #4124, #3388, #3200, .T. ) ;
#3819 = ORIENTED_EDGE ( 'NONE', *, *, #722, .F. ) ;
#3820 = CARTESIAN_POINT ( 'NONE',  ( -35.31387446603023506, 62.00000000000000000, 55.42582977353487905 ) ) ;
#3821 = CARTESIAN_POINT ( 'NONE',  ( 46.49999999999999289, 75.00000000000001421, 0.000000000000000000 ) ) ;
#3822 = ORIENTED_EDGE ( 'NONE', *, *, #3608, .F. ) ;
#3823 = ORIENTED_EDGE ( 'NONE', *, *, #2533, .T. ) ;
#3824 = ORIENTED_EDGE ( 'NONE', *, *, #3424, .F. ) ;
#3825 = CARTESIAN_POINT ( 'NONE',  ( 41.25000000000002132, 70.50000000000000000, 51.37867541108653313 ) ) ;
#3826 = ADVANCED_FACE ( 'NONE', ( #3938 ), #2567, .T. ) ;
#3827 = ORIENTED_EDGE ( 'NONE', *, *, #3829, .T. ) ;
#3828 = CARTESIAN_POINT ( 'NONE',  ( 40.00000000000001421, -75.00000000000002842, 45.00000000000000000 ) ) ;
#3829 = EDGE_CURVE ( 'NONE', #3359, #3437, #4202, .T. ) ;
#3830 = DIRECTION ( 'NONE',  ( 1.000000000000000000, 0.000000000000000000, 0.000000000000000000 ) ) ;
#3831 =( NAMED_UNIT ( * ) SI_UNIT ( $, .STERADIAN. ) SOLID_ANGLE_UNIT ( ) );
#3832 = ORIENTED_EDGE ( 'NONE', *, *, #2850, .F. ) ;
#3833 = SPHERICAL_SURFACE ( 'NONE', #4360, 10.00000000000000000 ) ;
#3834 = ORIENTED_EDGE ( 'NONE', *, *, #4297, .F. ) ;
#3835 = AXIS2_PLACEMENT_3D ( 'NONE', #1832, #2827, #3171 ) ;
#3836 = DIRECTION ( 'NONE',  ( 1.000000000000000000, 0.000000000000000000, 0.000000000000000000 ) ) ;
#3837 = DIRECTION ( 'NONE',  ( -0.000000000000000000, -0.000000000000000000, -1.000000000000000000 ) ) ;
#3838 = ORIENTED_EDGE ( 'NONE', *, *, #3246, .T. ) ;
#3839 = VECTOR ( 'NONE', #4058, 1000.000000000000000 ) ;
#3840 = CARTESIAN_POINT ( 'NONE',  ( 37.31940628959608830, 51.50000000000000711, 64.50000000000000000 ) ) ;
#3841 = DIRECTION ( 'NONE',  ( -0.000000000000000000, -0.000000000000000000, 1.000000000000000000 ) ) ;
#3842 = AXIS2_PLACEMENT_3D ( 'NONE', #1028, #2350, #2704 ) ;
#3843 = EDGE_LOOP ( 'NONE', ( #830, #1537, #2160 ) ) ;
#3844 = VERTEX_POINT ( 'NONE', #2546 ) ;
#3845 = CARTESIAN_POINT ( 'NONE',  ( 40.19805287707364272, 73.11794109336437941, 51.50000000000000000 ) ) ;
#3846 = AXIS2_PLACEMENT_3D ( 'NONE', #840, #4189, #3876 ) ;
#3847 = EDGE_CURVE ( 'NONE', #975, #4309, #1610, .T. ) ;
#3848 = EDGE_CURVE ( 'NONE', #489, #3499, #2959, .T. ) ;
#3849 = DIRECTION ( 'NONE',  ( -1.000000000000000000, 1.836970198721029688E-16, 0.000000000000000000 ) ) ;
#3850 = CIRCLE ( 'NONE', #1508, 0.5000000000000004441 ) ;
#3851 = ORIENTED_EDGE ( 'NONE', *, *, #1785, .F. ) ;
#3852 = DIRECTION ( 'NONE',  ( -1.000000000000000000, -6.938893903907232322E-16, 9.629649721936182769E-31 ) ) ;
#3853 = AXIS2_PLACEMENT_3D ( 'NONE', #1478, #3220, #1495 ) ;
#3854 = ADVANCED_FACE ( 'NONE', ( #4317 ), #242, .F. ) ;
#3855 = FACE_OUTER_BOUND ( 'NONE', #4286, .T. ) ;
#3856 = DIRECTION ( 'NONE',  ( 0.000000000000000000, -1.000000000000000000, -0.000000000000000000 ) ) ;
#3857 = ORIENTED_EDGE ( 'NONE', *, *, #398, .F. ) ;
#3858 = AXIS2_PLACEMENT_3D ( 'NONE', #51, #71, #1405 ) ;
#3859 = AXIS2_PLACEMENT_3D ( 'NONE', #1742, #3088, #650 ) ;
#3860 = LINE ( 'NONE', #3182, #477 ) ;
#3861 = EDGE_LOOP ( 'NONE', ( #3409, #2700, #2527, #3628 ) ) ;
#3862 = CIRCLE ( 'NONE', #1660, 2.000000000000001776 ) ;
#3863 = AXIS2_PLACEMENT_3D ( 'NONE', #776, #2598, #1969 ) ;
#3864 = CARTESIAN_POINT ( 'NONE',  ( 0.000000000000000000, -49.99999999999998579, 51.50000000000000000 ) ) ;
#3865 = CARTESIAN_POINT ( 'NONE',  ( 41.25000000000002132, 70.50000000000000000, 51.37867541108653313 ) ) ;
#3866 = EDGE_LOOP ( 'NONE', ( #1189, #2387, #2369, #5 ) ) ;
#3867 = DIRECTION ( 'NONE',  ( -0.1483404529302447539, -0.000000000000000000, -0.9889363528682976190 ) ) ;
#3868 = CARTESIAN_POINT ( 'NONE',  ( -38.75000000000000711, 39.50000000000000000, 50.49999999999999289 ) ) ;
#3869 = ORIENTED_EDGE ( 'NONE', *, *, #3685, .T. ) ;
#3870 = CARTESIAN_POINT ( 'NONE',  ( -2.250000000000000000, 10.00000000000000888, 51.50000000000000000 ) ) ;
#3871 = DIRECTION ( 'NONE',  ( -0.000000000000000000, 1.000000000000000000, -0.000000000000000000 ) ) ;
#3872 = DIRECTION ( 'NONE',  ( -1.000000000000000000, 0.000000000000000000, -0.000000000000000000 ) ) ;
#3873 = EDGE_LOOP ( 'NONE', ( #1528, #3926 ) ) ;
#3874 = ADVANCED_FACE ( 'NONE', ( #3796 ), #2977, .F. ) ;
#3875 = DIRECTION ( 'NONE',  ( -0.1483404529302447539, 0.000000000000000000, -0.9889363528682976190 ) ) ;
#3876 = DIRECTION ( 'NONE',  ( -1.000000000000000000, 0.000000000000000000, 0.000000000000000000 ) ) ;
#3877 = ORIENTED_EDGE ( 'NONE', *, *, #1899, .F. ) ;
#3878 = FACE_OUTER_BOUND ( 'NONE', #437, .T. ) ;
#3879 = PLANE ( 'NONE',  #4335 ) ;
#3880 = EDGE_CURVE ( 'NONE', #2481, #1546, #1103, .T. ) ;
#3881 = CYLINDRICAL_SURFACE ( 'NONE', #2790, 9.999999999999991118 ) ;
#3882 = ORIENTED_EDGE ( 'NONE', *, *, #4376, .T. ) ;
#3883 = CARTESIAN_POINT ( 'NONE',  ( 35.23825383339573847, 50.50000000000000000, 55.00000000000000000 ) ) ;
#3884 = PLANE ( 'NONE',  #666 ) ;
#3885 = EDGE_CURVE ( 'NONE', #2339, #1409, #2293, .T. ) ;
#3886 = EDGE_LOOP ( 'NONE', ( #3827, #492, #4023, #1010 ) ) ;
#3887 = EDGE_LOOP ( 'NONE', ( #2902, #3237, #1259 ) ) ;
#3888 = CARTESIAN_POINT ( 'NONE',  ( -37.50000000000000000, 39.50000000000000000, 42.49999999999999289 ) ) ;
#3889 = DIRECTION ( 'NONE',  ( -1.000000000000000000, 0.000000000000000000, 0.000000000000000000 ) ) ;
#3890 = DIRECTION ( 'NONE',  ( -0.000000000000000000, -0.000000000000000000, -1.000000000000000000 ) ) ;
#3891 = VERTEX_POINT ( 'NONE', #2123 ) ;
#3892 = LINE ( 'NONE', #515, #4002 ) ;
#3893 = CARTESIAN_POINT ( 'NONE',  ( -46.50000000000000000, -75.00000000000001421, 0.000000000000000000 ) ) ;
#3894 = ORIENTED_EDGE ( 'NONE', *, *, #1664, .T. ) ;
#3895 = CARTESIAN_POINT ( 'NONE',  ( -39.99999999999999289, 50.49999999999998579, 55.00000000000000000 ) ) ;
#3896 = ADVANCED_FACE ( 'NONE', ( #3442 ), #1736, .F. ) ;
#3897 = EDGE_CURVE ( 'NONE', #1047, #3367, #1173, .T. ) ;
#3898 = CARTESIAN_POINT ( 'NONE',  ( 33.24999999999997158, 44.74999999999999289, 54.50000000000000000 ) ) ;
#3899 = ORIENTED_EDGE ( 'NONE', *, *, #2762, .T. ) ;
#3900 = DIRECTION ( 'NONE',  ( -0.000000000000000000, -0.000000000000000000, -1.000000000000000000 ) ) ;
#3901 = ORIENTED_EDGE ( 'NONE', *, *, #4166, .T. ) ;
#3902 = FACE_OUTER_BOUND ( 'NONE', #3622, .T. ) ;
#3903 = ADVANCED_FACE ( 'NONE', ( #733 ), #1485, .F. ) ;
#3904 = DIRECTION ( 'NONE',  ( 0.000000000000000000, 0.000000000000000000, -1.000000000000000000 ) ) ;
#3906 = VERTEX_POINT ( 'NONE', #1758 ) ;
#3905 = CIRCLE ( 'NONE', #2914, 7.936125533969763168 ) ;
#3907 = VECTOR ( 'NONE', #3875, 999.9999999999998863 ) ;
#3908 = ORIENTED_EDGE ( 'NONE', *, *, #916, .F. ) ;
#3909 = DIRECTION ( 'NONE',  ( 0.000000000000000000, 0.000000000000000000, 1.000000000000000000 ) ) ;
#3910 = AXIS2_PLACEMENT_3D ( 'NONE', #1724, #1996, #2332 ) ;
#3911 = DIRECTION ( 'NONE',  ( 1.000000000000000000, 0.000000000000000000, 0.000000000000000000 ) ) ;
#3912 = DIRECTION ( 'NONE',  ( 0.000000000000000000, -1.000000000000000000, 0.000000000000000000 ) ) ;
#3913 = ORIENTED_EDGE ( 'NONE', *, *, #3001, .F. ) ;
#3914 = CARTESIAN_POINT ( 'NONE',  ( -41.25000000000000711, 70.50000000000000000, 42.49999999999999289 ) ) ;
#3915 = DIRECTION ( 'NONE',  ( 9.251858538542971581E-17, -1.000000000000000000, -0.000000000000000000 ) ) ;
#3916 = AXIS2_PLACEMENT_3D ( 'NONE', #4116, #3783, #1767 ) ;
#3917 = CARTESIAN_POINT ( 'NONE',  ( -39.24999999993698196, 51.35134424482377824, 55.00000000000000000 ) ) ;
#3918 = ORIENTED_EDGE ( 'NONE', *, *, #879, .T. ) ;
#3919 = AXIS2_PLACEMENT_3D ( 'NONE', #4158, #1801, #3150 ) ;
#3920 = VECTOR ( 'NONE', #2590, 1000.000000000000000 ) ;
#3921 = DIRECTION ( 'NONE',  ( 1.347358039593636966E-16, -1.000000000000000000, 0.000000000000000000 ) ) ;
#3922 = DIRECTION ( 'NONE',  ( 0.000000000000000000, 0.000000000000000000, 1.000000000000000000 ) ) ;
#3923 = EDGE_LOOP ( 'NONE', ( #1812, #232, #3298, #529 ) ) ;
#3924 = AXIS2_PLACEMENT_3D ( 'NONE', #912, #3970, #3994 ) ;
#3925 = DIRECTION ( 'NONE',  ( 1.000000000000000000, 0.000000000000000000, 0.000000000000000000 ) ) ;
#3926 = ORIENTED_EDGE ( 'NONE', *, *, #915, .F. ) ;
#3927 = DIRECTION ( 'NONE',  ( -0.000000000000000000, -0.000000000000000000, 1.000000000000000000 ) ) ;
#3928 = EDGE_CURVE ( 'NONE', #2999, #889, #1777, .T. ) ;
#3929 = AXIS2_PLACEMENT_3D ( 'NONE', #1206, #2221, #225 ) ;
#3930 = CIRCLE ( 'NONE', #3008, 6.499999999999999112 ) ;
#3931 = CARTESIAN_POINT ( 'NONE',  ( -40.68252792856838340, 37.49936708778263039, 51.46592249674498021 ) ) ;
#3932 = VERTEX_POINT ( 'NONE', #4108 ) ;
#3933 = AXIS2_PLACEMENT_3D ( 'NONE', #2274, #215, #3936 ) ;
#3934 = EDGE_LOOP ( 'NONE', ( #1903, #3400, #1972, #145 ) ) ;
#3935 = EDGE_CURVE ( 'NONE', #4015, #3803, #389, .T. ) ;
#3936 = DIRECTION ( 'NONE',  ( -1.000000000000000000, 0.000000000000000000, 0.000000000000000000 ) ) ;
#3937 = DIRECTION ( 'NONE',  ( 0.000000000000000000, 1.000000000000000000, 0.000000000000000000 ) ) ;
#3938 = FACE_OUTER_BOUND ( 'NONE', #1026, .T. ) ;
#3939 = EDGE_CURVE ( 'NONE', #3202, #2481, #415, .T. ) ;
#3940 = ORIENTED_EDGE ( 'NONE', *, *, #641, .T. ) ;
#3941 = ORIENTED_EDGE ( 'NONE', *, *, #3897, .F. ) ;
#3942 = SURFACE_STYLE_USAGE ( .BOTH. , #2913 ) ;
#3943 = CARTESIAN_POINT ( 'NONE',  ( 22.49999999999998934, 31.50000000000000000, 54.00000000000000000 ) ) ;
#3944 = PLANE ( 'NONE',  #1096 ) ;
#3945 = EDGE_LOOP ( 'NONE', ( #2083, #2226, #3025 ) ) ;
#3946 = DIRECTION ( 'NONE',  ( 9.251858538542971581E-17, -1.000000000000000000, 0.000000000000000000 ) ) ;
#3947 = FACE_OUTER_BOUND ( 'NONE', #1052, .T. ) ;
#3948 = DIRECTION ( 'NONE',  ( -1.000000000000000000, 0.000000000000000000, 0.000000000000000000 ) ) ;
#3949 = ORIENTED_EDGE ( 'NONE', *, *, #4095, .T. ) ;
#3950 = DIRECTION ( 'NONE',  ( -0.000000000000000000, -0.000000000000000000, -1.000000000000000000 ) ) ;
#3951 = CARTESIAN_POINT ( 'NONE',  ( -41.25000000000001421, 39.23826759039724266, 51.37867541108654024 ) ) ;
#3952 = ADVANCED_FACE ( 'NONE', ( #1708 ), #3056, .T. ) ;
#3953 = ORIENTED_EDGE ( 'NONE', *, *, #1529, .F. ) ;
#3954 = ORIENTED_EDGE ( 'NONE', *, *, #921, .T. ) ;
#3955 = DIRECTION ( 'NONE',  ( -0.9889363528682975080, -0.000000000000000000, 0.1483404529302447261 ) ) ;
#3956 = CARTESIAN_POINT ( 'NONE',  ( -31.49999999999999289, 62.50000000000000000, 55.00000000000000000 ) ) ;
#3957 = EDGE_CURVE ( 'NONE', #2893, #2563, #3987, .T. ) ;
#3958 = CARTESIAN_POINT ( 'NONE',  ( 33.74999999999998579, 39.50000000000000000, 42.49999999999999289 ) ) ;
#3959 = ORIENTED_EDGE ( 'NONE', *, *, #3054, .T. ) ;
#3960 =( NAMED_UNIT ( * ) SI_UNIT ( $, .STERADIAN. ) SOLID_ANGLE_UNIT ( ) );
#3961 = DIRECTION ( 'NONE',  ( 0.000000000000000000, 0.000000000000000000, 1.000000000000000000 ) ) ;
#3962 = ADVANCED_FACE ( 'NONE', ( #3104 ), #2436, .T. ) ;
#3963 = FACE_OUTER_BOUND ( 'NONE', #2288, .T. ) ;
#3964 = ORIENTED_EDGE ( 'NONE', *, *, #2741, .F. ) ;
#3965 = DIRECTION ( 'NONE',  ( 1.000000000000000000, 0.000000000000000000, 0.000000000000000000 ) ) ;
#3966 = EDGE_CURVE ( 'NONE', #1273, #874, #2581, .T. ) ;
#3967 = DIRECTION ( 'NONE',  ( -0.000000000000000000, -0.000000000000000000, -1.000000000000000000 ) ) ;
#3968 = CARTESIAN_POINT ( 'NONE',  ( -50.00000000000001421, 75.00000000000001421, 55.00000000000000000 ) ) ;
#3969 = ORIENTED_EDGE ( 'NONE', *, *, #944, .F. ) ;
#3970 = DIRECTION ( 'NONE',  ( 0.000000000000000000, 1.000000000000000000, -0.000000000000000000 ) ) ;
#3971 = CARTESIAN_POINT ( 'NONE',  ( 41.22223636655932921, 38.97368517223497975, 51.38429958549050980 ) ) ;
#3972 = ORIENTED_EDGE ( 'NONE', *, *, #1956, .F. ) ;
#3973 = ORIENTED_EDGE ( 'NONE', *, *, #1264, .F. ) ;
#3974 = DIRECTION ( 'NONE',  ( 0.9889363528682973969, 0.000000000000000000, -0.1483404529302453090 ) ) ;
#3975 = LINE ( 'NONE', #1917, #2225 ) ;
#3976 = CARTESIAN_POINT ( 'NONE',  ( -39.99999999999999289, -75.00000000000001421, 45.00000000000000000 ) ) ;
#3977 = EDGE_LOOP ( 'NONE', ( #2243, #2391, #2795, #2059, #188 ) ) ;
#3978 = SURFACE_STYLE_USAGE ( .BOTH. , #3329 ) ;
#3979 = AXIS2_PLACEMENT_3D ( 'NONE', #2046, #362, #1700 ) ;
#3980 = EDGE_CURVE ( 'NONE', #2146, #2339, #4194, .T. ) ;
#3981 = CARTESIAN_POINT ( 'NONE',  ( 31.50000000000000711, 62.50000000000001421, 55.00000000000000000 ) ) ;
#3982 = CARTESIAN_POINT ( 'NONE',  ( 49.99999999999999289, 75.00000000000001421, 55.00000000000000000 ) ) ;
#3983 = AXIS2_PLACEMENT_3D ( 'NONE', #651, #3377, #1991 ) ;
#3984 = ORIENTED_EDGE ( 'NONE', *, *, #1569, .F. ) ;
#3985 = EDGE_CURVE ( 'NONE', #2220, #2295, #137, .T. ) ;
#3986 = CARTESIAN_POINT ( 'NONE',  ( 40.00000000000002132, -81.50000000000001421, 55.00000000000000000 ) ) ;
#3987 = CIRCLE ( 'NONE', #165, 6.499999999999992006 ) ;
#3988 = LINE ( 'NONE', #3632, #1934 ) ;
#3989 = PRODUCT ( 'Enclosure_Front', 'Enclosure_Front', '', ( #4171 ) ) ;
#3990 = FACE_OUTER_BOUND ( 'NONE', #973, .T. ) ;
#3991 = ORIENTED_EDGE ( 'NONE', *, *, #4232, .T. ) ;
#3992 = AXIS2_PLACEMENT_3D ( 'NONE', #1228, #2287, #277 ) ;
#3993 = EDGE_LOOP ( 'NONE', ( #1551, #2397, #1861, #3021 ) ) ;
#3994 = DIRECTION ( 'NONE',  ( 0.000000000000000000, 0.000000000000000000, 1.000000000000000000 ) ) ;
#3995 = AXIS2_PLACEMENT_3D ( 'NONE', #2228, #3950, #211 ) ;
#3996 = FACE_OUTER_BOUND ( 'NONE', #79, .T. ) ;
#3997 = EDGE_LOOP ( 'NONE', ( #50, #321, #1750, #2498 ) ) ;
#3998 = AXIS2_PLACEMENT_3D ( 'NONE', #2675, #1060, #322 ) ;
#3999 = AXIS2_PLACEMENT_3D ( 'NONE', #1286, #2303, #1003 ) ;
#4000 = FACE_OUTER_BOUND ( 'NONE', #24, .T. ) ;
#4001 = CARTESIAN_POINT ( 'NONE',  ( -37.31940628959608830, 62.00000000000000711, 65.00000000000000000 ) ) ;
#4002 = VECTOR ( 'NONE', #941, 1000.000000000000000 ) ;
#4003 = CARTESIAN_POINT ( 'NONE',  ( 35.24999999999998579, 51.49999999999999289, 54.99999999999999289 ) ) ;
#4004 = EDGE_LOOP ( 'NONE', ( #1983, #1113, #2828, #4293 ) ) ;
#4005 = DIRECTION ( 'NONE',  ( 0.000000000000000000, 0.000000000000000000, -1.000000000000000000 ) ) ;
#4006 = DIRECTION ( 'NONE',  ( 0.000000000000000000, 0.000000000000000000, 1.000000000000000000 ) ) ;
#4007 = DIRECTION ( 'NONE',  ( 1.000000000000000000, 0.000000000000000000, -0.000000000000000000 ) ) ;
#4008 = EDGE_CURVE ( 'NONE', #1705, #4245, #3508, .T. ) ;
#4009 = ORIENTED_EDGE ( 'NONE', *, *, #1044, .T. ) ;
#4010 = DIRECTION ( 'NONE',  ( 1.000000000000000000, 0.000000000000000000, -0.000000000000000000 ) ) ;
#4011 = DIRECTION ( 'NONE',  ( 0.000000000000000000, 0.000000000000000000, -1.000000000000000000 ) ) ;
#4012 = CARTESIAN_POINT ( 'NONE',  ( 37.50000000000000000, 81.49999999999998579, 0.000000000000000000 ) ) ;
#4013 = EDGE_CURVE ( 'NONE', #2535, #2343, #2186, .T. ) ;
#4014 = DIRECTION ( 'NONE',  ( 0.000000000000000000, -0.000000000000000000, -1.000000000000000000 ) ) ;
#4015 = VERTEX_POINT ( 'NONE', #1864 ) ;
#4016 = DIRECTION ( 'NONE',  ( 0.000000000000000000, 0.000000000000000000, -1.000000000000000000 ) ) ;
#4017 = CARTESIAN_POINT ( 'NONE',  ( 40.19807636410558160, 36.88207991407567476, 51.50000000000000000 ) ) ;
#4018 = VERTEX_POINT ( 'NONE', #1471 ) ;
#4019 = ORIENTED_EDGE ( 'NONE', *, *, #2894, .T. ) ;
#4020 = LINE ( 'NONE', #4333, #1800 ) ;
#4021 = EDGE_CURVE ( 'NONE', #2991, #1783, #2162, .T. ) ;
#4022 = LINE ( 'NONE', #1262, #4159 ) ;
#4023 = ORIENTED_EDGE ( 'NONE', *, *, #2362, .T. ) ;
#4024 = LINE ( 'NONE', #3669, #3148 ) ;
#4025 = DIRECTION ( 'NONE',  ( -0.000000000000000000, -0.000000000000000000, 1.000000000000000000 ) ) ;
#4026 = CARTESIAN_POINT ( 'NONE',  ( 37.50000000000000000, 81.49999999999998579, 4.000000000000000000 ) ) ;
#4027 = ORIENTED_EDGE ( 'NONE', *, *, #2691, .T. ) ;
#4028 = CARTESIAN_POINT ( 'NONE',  ( 41.22229537139983790, 40.02596003088932264, 51.38428837908945468 ) ) ;
#4029 = DIRECTION ( 'NONE',  ( -0.1483404529302447261, -0.000000000000000000, -0.9889363528682975080 ) ) ;
#4030 = PLANE ( 'NONE',  #1231 ) ;
#4031 = CARTESIAN_POINT ( 'NONE',  ( -35.30276733638097397, 50.60777312689976526, 55.00000000000000000 ) ) ;
#4032 = EDGE_LOOP ( 'NONE', ( #1076, #38, #4272 ) ) ;
#4033 = CYLINDRICAL_SURFACE ( 'NONE', #1518, 1.250000000000007994 ) ;
#4034 = ORIENTED_EDGE ( 'NONE', *, *, #2975, .F. ) ;
#4035 = EDGE_CURVE ( 'NONE', #3844, #4015, #488, .T. ) ;
#4036 = EDGE_CURVE ( 'NONE', #3108, #1638, #466, .T. ) ;
#4037 = CYLINDRICAL_SURFACE ( 'NONE', #2079, 1.250000000000007994 ) ;
#4038 = VERTEX_POINT ( 'NONE', #821 ) ;
#4039 = CARTESIAN_POINT ( 'NONE',  ( 37.50000000000000000, 39.50000000000000000, 50.49999999999999289 ) ) ;
#4040 = ADVANCED_FACE ( 'NONE', ( #2839 ), #3881, .T. ) ;
#4041 = DIRECTION ( 'NONE',  ( -0.000000000000000000, -0.000000000000000000, -1.000000000000000000 ) ) ;
#4042 = VERTEX_POINT ( 'NONE', #2558 ) ;
#4043 = CARTESIAN_POINT ( 'NONE',  ( -41.25000000000000711, 39.50000000000000000, 51.37867541108653313 ) ) ;
#4044 = DIRECTION ( 'NONE',  ( -1.000000000000000000, 0.000000000000000000, 0.000000000000000000 ) ) ;
#4045 = ORIENTED_EDGE ( 'NONE', *, *, #2476, .F. ) ;
#4046 = VECTOR ( 'NONE', #4041, 1000.000000000000000 ) ;
#4047 = DIRECTION ( 'NONE',  ( 1.000000000000000000, 0.000000000000000000, 0.000000000000000000 ) ) ;
#4048 = VERTEX_POINT ( 'NONE', #2515 ) ;
#4049 = CARTESIAN_POINT ( 'NONE',  ( 37.50000000000001421, 70.50000000000000000, 51.50000000000000000 ) ) ;
#4050 = CIRCLE ( 'NONE', #1298, 0.5000000000000004441 ) ;
#4051 = FACE_OUTER_BOUND ( 'NONE', #2424, .T. ) ;
#4052 = FACE_OUTER_BOUND ( 'NONE', #4254, .T. ) ;
#4053 = UNCERTAINTY_MEASURE_WITH_UNIT (LENGTH_MEASURE( 1.000000000000000082E-05 ), #2197, 'distance_accuracy_value', 'NONE');
#4054 = VERTEX_POINT ( 'NONE', #800 ) ;
#4055 = VERTEX_POINT ( 'NONE', #2804 ) ;
#4056 = CIRCLE ( 'NONE', #2434, 0.5000000000000004441 ) ;
#4057 = CARTESIAN_POINT ( 'NONE',  ( 37.50000000000000000, 39.50000000000000000, 51.50000000000000000 ) ) ;
#4058 = DIRECTION ( 'NONE',  ( 0.000000000000000000, -0.9701425001453319874, -0.2425356250363328026 ) ) ;
#4059 = AXIS2_PLACEMENT_3D ( 'NONE', #144, #2087, #1480 ) ;
#4060 = EDGE_CURVE ( 'NONE', #1521, #2334, #3543, .T. ) ;
#4061 = PRODUCT_DEFINITION ( 'UNKNOWN', '', #3425, #3696 ) ;
#4062 = ORIENTED_EDGE ( 'NONE', *, *, #1763, .F. ) ;
#4063 = DIRECTION ( 'NONE',  ( -1.000000000000000000, 0.000000000000000000, 0.000000000000000000 ) ) ;
#4064 = CIRCLE ( 'NONE', #320, 6.500000000000005329 ) ;
#4065 = CIRCLE ( 'NONE', #3279, 6.499999999999999112 ) ;
#4066 = DIRECTION ( 'NONE',  ( 0.000000000000000000, 0.000000000000000000, -1.000000000000000000 ) ) ;
#4067 = CIRCLE ( 'NONE', #3710, 0.5000000000000004441 ) ;
#4068 = ORIENTED_EDGE ( 'NONE', *, *, #1155, .F. ) ;
#4069 = FACE_OUTER_BOUND ( 'NONE', #3504, .T. ) ;
#4070 = VECTOR ( 'NONE', #3946, 1000.000000000000000 ) ;
#4071 =( GEOMETRIC_REPRESENTATION_CONTEXT ( 3 ) GLOBAL_UNCERTAINTY_ASSIGNED_CONTEXT ( ( #1188 ) ) GLOBAL_UNIT_ASSIGNED_CONTEXT ( ( #1921, #4302, #3960 ) ) REPRESENTATION_CONTEXT ( 'NONE', 'WORKASPACE' ) );
#4072 = EDGE_CURVE ( 'NONE', #2508, #975, #3527, .T. ) ;
#4073 = CYLINDRICAL_SURFACE ( 'NONE', #244, 0.5000000000000004441 ) ;
#4074 = ORIENTED_EDGE ( 'NONE', *, *, #788, .T. ) ;
#4075 = CIRCLE ( 'NONE', #4294, 3.750000000000010214 ) ;
#4076 = VECTOR ( 'NONE', #1747, 1000.000000000000000 ) ;
#4077 = DIRECTION ( 'NONE',  ( 0.000000000000000000, 0.000000000000000000, 1.000000000000000000 ) ) ;
#4078 = CARTESIAN_POINT ( 'NONE',  ( 49.99999999999998579, 75.00000000000001421, 45.00000000000000000 ) ) ;
#4079 = CARTESIAN_POINT ( 'NONE',  ( -46.50000000000001421, 75.00000000000001421, 0.000000000000000000 ) ) ;
#4080 = VERTEX_POINT ( 'NONE', #3865 ) ;
#4081 = AXIS2_PLACEMENT_3D ( 'NONE', #3096, #62, #4147 ) ;
#4082 = ORIENTED_EDGE ( 'NONE', *, *, #1699, .F. ) ;
#4083 = CARTESIAN_POINT ( 'NONE',  ( 33.74999999999998579, 39.50000000000000000, 51.50000000000000000 ) ) ;
#4084 = B_SPLINE_CURVE_WITH_KNOTS ( 'NONE', 3,
 ( #639, #3319, #570, #3255, #2952, #233, #2928, #1256, #4310, #1274 ),
 .UNSPECIFIED., .F., .F.,
 ( 4, 2, 2, 2, 4 ),
 ( 0.01333076559253405791, 0.01412182097274263144, 0.01491287635295120498, 0.01570393173315978025, 0.01649498711336835205 ),
 .UNSPECIFIED. ) ;
#4085 = ORIENTED_EDGE ( 'NONE', *, *, #1575, .T. ) ;
#4086 = CYLINDRICAL_SURFACE ( 'NONE', #1567, 2.250000000000000000 ) ;
#4087 = DIRECTION ( 'NONE',  ( -0.000000000000000000, -0.000000000000000000, -1.000000000000000000 ) ) ;
#4088 = EDGE_LOOP ( 'NONE', ( #3308, #1066 ) ) ;
#4089 = CARTESIAN_POINT ( 'NONE',  ( 40.00000000000002132, -75.00000000000000000, 45.00000000000000000 ) ) ;
#4090 = EDGE_CURVE ( 'NONE', #416, #4216, #3482, .T. ) ;
#4091 = LINE ( 'NONE', #2386, #2140 ) ;
#4092 = ORIENTED_EDGE ( 'NONE', *, *, #3522, .T. ) ;
#4093 = VERTEX_POINT ( 'NONE', #2823 ) ;
#4094 = FACE_BOUND ( 'NONE', #4278, .T. ) ;
#4095 = EDGE_CURVE ( 'NONE', #877, #2884, #846, .T. ) ;
#4096 = DIRECTION ( 'NONE',  ( -0.000000000000000000, -0.000000000000000000, -1.000000000000000000 ) ) ;
#4097 = ORIENTED_EDGE ( 'NONE', *, *, #1802, .F. ) ;
#4098 = DIRECTION ( 'NONE',  ( 0.000000000000000000, 0.000000000000000000, -1.000000000000000000 ) ) ;
#4099 = EDGE_CURVE ( 'NONE', #1299, #2260, #3779, .T. ) ;
#4100 = LINE ( 'NONE', #196, #972 ) ;
#4101 = CARTESIAN_POINT ( 'NONE',  ( 31.24999999999999645, 70.43059371040391170, 55.00000000000000000 ) ) ;
#4102 = CARTESIAN_POINT ( 'NONE',  ( -37.50000000000000000, 39.50000000000000000, 42.49999999999999289 ) ) ;
#4103 = ORIENTED_EDGE ( 'NONE', *, *, #3526, .F. ) ;
#4104 = LINE ( 'NONE', #1147, #3218 ) ;
#4105 = EDGE_CURVE ( 'NONE', #2210, #2146, #155, .T. ) ;
#4106 = CARTESIAN_POINT ( 'NONE',  ( 0.000000000000000000, -19.99999999999999645, 54.00000000000000000 ) ) ;
#4107 = LINE ( 'NONE', #68, #1925 ) ;
#4108 = CARTESIAN_POINT ( 'NONE',  ( 31.24999999999999645, 65.56940628959607409, 55.00000000000000000 ) ) ;
#4109 = ORIENTED_EDGE ( 'NONE', *, *, #2826, .T. ) ;
#4110 = DIRECTION ( 'NONE',  ( -1.000000000000000000, -0.000000000000000000, -0.000000000000000000 ) ) ;
#4111 = CARTESIAN_POINT ( 'NONE',  ( -35.83059371040391028, 51.00000000000000711, 55.50000000000000000 ) ) ;
#4112 = CARTESIAN_POINT ( 'NONE',  ( 31.24999999999999645, 66.06387446603024216, 55.42582977353487905 ) ) ;
#4113 = ORIENTED_EDGE ( 'NONE', *, *, #865, .F. ) ;
#4114 = VERTEX_POINT ( 'NONE', #547 ) ;
#4115 = DIRECTION ( 'NONE',  ( 1.000000000000000000, 0.000000000000000000, 0.000000000000000000 ) ) ;
#4116 = CARTESIAN_POINT ( 'NONE',  ( -39.99999999999999289, -75.00000000000001421, 55.00000000000000000 ) ) ;
#4117 = EDGE_LOOP ( 'NONE', ( #863, #2329, #141, #3494 ) ) ;
#4118 = ADVANCED_FACE ( 'NONE', ( #2862 ), #4220, .T. ) ;
#4119 = DIRECTION ( 'NONE',  ( 0.000000000000000000, 0.000000000000000000, 1.000000000000000000 ) ) ;
#4120 = CARTESIAN_POINT ( 'NONE',  ( 37.50000000000001421, 70.50000000000000000, 42.49999999999999289 ) ) ;
#4121 = CARTESIAN_POINT ( 'NONE',  ( 37.50000000000000000, 0.000000000000000000, 0.000000000000000000 ) ) ;
#4122 = CIRCLE ( 'NONE', #3835, 10.00000000000000178 ) ;
#4123 = CARTESIAN_POINT ( 'NONE',  ( -40.00000000000001421, 75.00000000000001421, 45.00000000000000000 ) ) ;
#4124 = VERTEX_POINT ( 'NONE', #1193 ) ;
#4125 = EDGE_CURVE ( 'NONE', #70, #1919, #866, .T. ) ;
#4126 = FACE_OUTER_BOUND ( 'NONE', #495, .T. ) ;
#4127 = DIRECTION ( 'NONE',  ( -0.000000000000000000, -0.000000000000000000, 1.000000000000000000 ) ) ;
#4128 = CONICAL_SURFACE ( 'NONE', #2501, 5.599999999999999645, 0.7853981633974473908 ) ;
#4129 = CARTESIAN_POINT ( 'NONE',  ( -37.18059371040391881, 62.00000000000000711, 65.00000000000000000 ) ) ;
#4130 = DIRECTION ( 'NONE',  ( 0.000000000000000000, 0.000000000000000000, 1.000000000000000000 ) ) ;
#4131 = CIRCLE ( 'NONE', #3198, 2.250000000000000444 ) ;
#4132 = ORIENTED_EDGE ( 'NONE', *, *, #2229, .T. ) ;
#4133 = LINE ( 'NONE', #2188, #2725 ) ;
#4134 = AXIS2_PLACEMENT_3D ( 'NONE', #2657, #3390, #2055 ) ;
#4135 = DIRECTION ( 'NONE',  ( -0.000000000000000000, 1.000000000000000000, 0.000000000000000000 ) ) ;
#4136 = VERTEX_POINT ( 'NONE', #3232 ) ;
#4137 = ORIENTED_EDGE ( 'NONE', *, *, #3641, .F. ) ;
#4138 = VECTOR ( 'NONE', #567, 1000.000000000000000 ) ;
#4139 = DIRECTION ( 'NONE',  ( -1.000000000000000000, 0.000000000000000000, -0.000000000000000000 ) ) ;
#4140 = TOROIDAL_SURFACE ( 'NONE', #1656, 6.069406289596082082, 0.5000000000000000000 ) ;
#4141 = VECTOR ( 'NONE', #4029, 1000.000000000000114 ) ;
#4142 = CARTESIAN_POINT ( 'NONE',  ( -39.68059371040392591, 51.50000000000000711, 55.00000000000000000 ) ) ;
#4143 = ORIENTED_EDGE ( 'NONE', *, *, #4021, .T. ) ;
#4144 = AXIS2_PLACEMENT_3D ( 'NONE', #1401, #658, #2754 ) ;
#4145 = DIRECTION ( 'NONE',  ( 0.000000000000000000, -1.000000000000000000, 0.000000000000000000 ) ) ;
#4146 = VECTOR ( 'NONE', #1445, 1000.000000000000000 ) ;
#4147 = DIRECTION ( 'NONE',  ( 0.000000000000000000, -0.000000000000000000, 1.000000000000000000 ) ) ;
#4148 = EDGE_CURVE ( 'NONE', #4295, #2508, #4064, .T. ) ;
#4149 = CARTESIAN_POINT ( 'NONE',  ( 39.99999999999999289, 84.99999999999998579, 45.00000000000000000 ) ) ;
#4150 = AXIS2_PLACEMENT_3D ( 'NONE', #1679, #1721, #1053 ) ;
#4151 = APPLICATION_PROTOCOL_DEFINITION ( 'draft international standard', 'automotive_design', 1998, #2018 ) ;
#4152 = VECTOR ( 'NONE', #2830, 1000.000000000000000 ) ;
#4153 = ORIENTED_EDGE ( 'NONE', *, *, #4178, .F. ) ;
#4154 = CARTESIAN_POINT ( 'NONE',  ( -31.24999999999999645, 68.56387446603024216, 64.57417022646512805 ) ) ;
#4155 = CARTESIAN_POINT ( 'NONE',  ( 40.00000000000002132, -75.00000000000000000, 45.00000000000000000 ) ) ;
#4156 = CARTESIAN_POINT ( 'NONE',  ( -31.49999999999999289, 48.49999999999999289, 54.50000000000000000 ) ) ;
#4157 = EDGE_CURVE ( 'NONE', #2893, #3659, #1293, .T. ) ;
#4158 = CARTESIAN_POINT ( 'NONE',  ( -37.50000000000000000, 39.50000000000000000, 42.49999999999999289 ) ) ;
#4159 = VECTOR ( 'NONE', #1302, 1000.000000000000000 ) ;
#4160 = ORIENTED_EDGE ( 'NONE', *, *, #1699, .T. ) ;
#4161 = DIRECTION ( 'NONE',  ( 1.000000000000000000, 0.000000000000000000, 0.000000000000000000 ) ) ;
#4162 = ADVANCED_FACE ( 'NONE', ( #993 ), #1253, .T. ) ;
#4163 = CARTESIAN_POINT ( 'NONE',  ( -32.49999999999999289, 48.49999999999998579, 55.00000000000000000 ) ) ;
#4164 = ORIENTED_EDGE ( 'NONE', *, *, #990, .T. ) ;
#4165 = CARTESIAN_POINT ( 'NONE',  ( 40.81662571606194945, 72.26954731625993134, 51.44940407393057313 ) ) ;
#4166 = EDGE_CURVE ( 'NONE', #74, #1138, #1550, .T. ) ;
#4167 = CARTESIAN_POINT ( 'NONE',  ( 40.00000000000000000, 81.49999999999998579, 0.000000000000000000 ) ) ;
#4168 = ORIENTED_EDGE ( 'NONE', *, *, #2457, .T. ) ;
#4169 = CARTESIAN_POINT ( 'NONE',  ( -37.50000000000000000, 70.50000000000000000, 51.50000000000000000 ) ) ;
#4170 = CARTESIAN_POINT ( 'NONE',  ( 38.80226157079655991, 50.98092984694795859, 55.00000000000270006 ) ) ;
#4171 = PRODUCT_CONTEXT ( 'NONE', #2018, 'mechanical' ) ;
#4172 = VERTEX_POINT ( 'NONE', #2672 ) ;
#4173 = CARTESIAN_POINT ( 'NONE',  ( -40.00000000000001421, 84.99999999999998579, 55.00000000000000000 ) ) ;
#4174 = DIRECTION ( 'NONE',  ( -1.000000000000000000, 0.000000000000000000, 0.000000000000000000 ) ) ;
#4175 = DIRECTION ( 'NONE',  ( 1.000000000000000000, 0.000000000000000000, 0.000000000000000000 ) ) ;
#4176 = CARTESIAN_POINT ( 'NONE',  ( 37.31940628959609541, 51.00000000000000711, 64.50000000000001421 ) ) ;
#4177 = ORIENTED_EDGE ( 'NONE', *, *, #1412, .T. ) ;
#4178 = EDGE_CURVE ( 'NONE', #3802, #1521, #3563, .T. ) ;
#4179 = CARTESIAN_POINT ( 'NONE',  ( -37.18059371040391881, 62.00000000000000711, 64.50000000000000000 ) ) ;
#4180 = ADVANCED_FACE ( 'NONE', ( #1600 ), #611, .T. ) ;
#4181 = CARTESIAN_POINT ( 'NONE',  ( 37.50000000000000000, 39.50000000000000000, 42.49999999999999289 ) ) ;
#4182 = ORIENTED_EDGE ( 'NONE', *, *, #2070, .F. ) ;
#4183 = VERTEX_POINT ( 'NONE', #2966 ) ;
#4184 = ADVANCED_FACE ( 'NONE', ( #2268 ), #3347, .F. ) ;
#4185 = PLANE ( 'NONE',  #112 ) ;
#4186 = FACE_OUTER_BOUND ( 'NONE', #3372, .T. ) ;
#4187 = ORIENTED_EDGE ( 'NONE', *, *, #633, .F. ) ;
#4188 = CARTESIAN_POINT ( 'NONE',  ( 40.81631666988044316, 68.72983554414631158, 51.44944543328563924 ) ) ;
#4189 = DIRECTION ( 'NONE',  ( -0.000000000000000000, -0.000000000000000000, -1.000000000000000000 ) ) ;
#4190 = ORIENTED_EDGE ( 'NONE', *, *, #2135, .T. ) ;
#4191 = CARTESIAN_POINT ( 'NONE',  ( 39.99999999999999289, 75.00000000000001421, 45.00000000000000000 ) ) ;
#4192 = CIRCLE ( 'NONE', #1364, 0.5000000000000004441 ) ;
#4193 = CARTESIAN_POINT ( 'NONE',  ( -40.00000000000001421, 75.00000000000001421, 45.00000000000000000 ) ) ;
#4194 = LINE ( 'NONE', #4176, #751 ) ;
#4195 = ORIENTED_EDGE ( 'NONE', *, *, #3369, .T. ) ;
#4196 = AXIS2_PLACEMENT_3D ( 'NONE', #3461, #3542, #1470 ) ;
#4197 = DIRECTION ( 'NONE',  ( -0.000000000000000000, 1.000000000000000000, -0.000000000000000000 ) ) ;
#4198 = DIRECTION ( 'NONE',  ( 0.000000000000000000, 0.000000000000000000, -1.000000000000000000 ) ) ;
#4199 = AXIS2_PLACEMENT_3D ( 'NONE', #876, #1857, #1222 ) ;
#4200 = ORIENTED_EDGE ( 'NONE', *, *, #3966, .F. ) ;
#4201 = CARTESIAN_POINT ( 'NONE',  ( 36.25000000000000711, 70.50000000000000000, 50.49999999999999289 ) ) ;
#4202 = CIRCLE ( 'NONE', #1025, 2.749999999999999112 ) ;
#4203 = FACE_OUTER_BOUND ( 'NONE', #3477, .T. ) ;
#4204 = AXIS2_PLACEMENT_3D ( 'NONE', #1488, #2142, #3817 ) ;
#4205 = ORIENTED_EDGE ( 'NONE', *, *, #3770, .T. ) ;
#4206 = DIRECTION ( 'NONE',  ( 0.000000000000000000, 0.000000000000000000, -1.000000000000000000 ) ) ;
#4207 = EDGE_CURVE ( 'NONE', #3392, #998, #3611, .T. ) ;
#4208 = COLOUR_RGB ( '',0.7921568627450980005, 0.8196078431372548767, 0.9333333333333333481 ) ;
#4209 = AXIS2_PLACEMENT_3D ( 'NONE', #4039, #1689, #2034 ) ;
#4210 = SPHERICAL_SURFACE ( 'NONE', #2649, 10.00000000000000000 ) ;
#4211 = SHAPE_DEFINITION_REPRESENTATION ( #794, #1831 ) ;
#4212 = ORIENTED_EDGE ( 'NONE', *, *, #2266, .T. ) ;
#4213 = AXIS2_PLACEMENT_3D ( 'NONE', #3773, #1740, #735 ) ;
#4214 = VECTOR ( 'NONE', #3364, 1000.000000000000000 ) ;
#4215 = CARTESIAN_POINT ( 'NONE',  ( 40.00000000000001421, -75.00000000000001421, 55.00000000000000000 ) ) ;
#4216 = VERTEX_POINT ( 'NONE', #4258 ) ;
#4217 = ADVANCED_FACE ( 'NONE', ( #947, #3990 ), #4308, .F. ) ;
#4218 = VECTOR ( 'NONE', #1797, 1000.000000000000000 ) ;
#4219 = CARTESIAN_POINT ( 'NONE',  ( 49.99999999999998579, 75.00000000000001421, 0.000000000000000000 ) ) ;
#4220 = CYLINDRICAL_SURFACE ( 'NONE', #3919, 3.750000000000010214 ) ;
#4221 = ORIENTED_EDGE ( 'NONE', *, *, #2840, .T. ) ;
#4222 = CARTESIAN_POINT ( 'NONE',  ( -40.00000000000001421, 81.50000000000000000, 45.00000000000000000 ) ) ;
#4223 = LINE ( 'NONE', #96, #2354 ) ;
#4224 = ORIENTED_EDGE ( 'NONE', *, *, #1340, .F. ) ;
#4225 = CARTESIAN_POINT ( 'NONE',  ( -39.99999999999999289, -75.00000000000001421, 0.000000000000000000 ) ) ;
#4226 = ADVANCED_FACE ( 'NONE', ( #4326 ), #2580, .T. ) ;
#4227 = DIRECTION ( 'NONE',  ( -0.000000000000000000, 0.000000000000000000, 1.000000000000000000 ) ) ;
#4228 = PLANE ( 'NONE',  #3274 ) ;
#4229 = ORIENTED_EDGE ( 'NONE', *, *, #2235, .T. ) ;
#4230 = EDGE_CURVE ( 'NONE', #4054, #3367, #910, .T. ) ;
#4231 = FACE_OUTER_BOUND ( 'NONE', #1625, .T. ) ;
#4232 = EDGE_CURVE ( 'NONE', #3607, #1526, #2584, .T. ) ;
#4233 = CARTESIAN_POINT ( 'NONE',  ( -39.18612553396807385, 51.36873265422133983, 55.42582977354633300 ) ) ;
#4234 = ORIENTED_EDGE ( 'NONE', *, *, #3496, .F. ) ;
#4235 = EDGE_CURVE ( 'NONE', #2908, #3549, #1031, .T. ) ;
#4236 = PLANE ( 'NONE',  #2800 ) ;
#4237 = AXIS2_PLACEMENT_3D ( 'NONE', #647, #3937, #1240 ) ;
#4238 = DIRECTION ( 'NONE',  ( -1.000000000000000000, -0.000000000000000000, -0.000000000000000000 ) ) ;
#4239 = ORIENTED_EDGE ( 'NONE', *, *, #2393, .T. ) ;
#4240 = DIRECTION ( 'NONE',  ( 0.000000000000000000, 0.000000000000000000, -1.000000000000000000 ) ) ;
#4241 = ORIENTED_EDGE ( 'NONE', *, *, #2482, .T. ) ;
#4242 = EDGE_LOOP ( 'NONE', ( #3991, #3908, #256, #3792 ) ) ;
#4243 = CYLINDRICAL_SURFACE ( 'NONE', #2096, 1.000000000000000888 ) ;
#4244 = CARTESIAN_POINT ( 'NONE',  ( -37.31940628959609541, 51.50000000000000711, 64.50000000000000000 ) ) ;
#4245 = VERTEX_POINT ( 'NONE', #4284 ) ;
#4246 = ORIENTED_EDGE ( 'NONE', *, *, #2613, .T. ) ;
#4247 = CYLINDRICAL_SURFACE ( 'NONE', #28, 3.750000000000010214 ) ;
#4248 = LINE ( 'NONE', #1217, #411 ) ;
#4249 = CARTESIAN_POINT ( 'NONE',  ( -39.99999999999999289, -75.00000000000001421, 55.00000000000000000 ) ) ;
#4250 = ORIENTED_EDGE ( 'NONE', *, *, #858, .F. ) ;
#4251 = FACE_OUTER_BOUND ( 'NONE', #1463, .T. ) ;
#4252 = CARTESIAN_POINT ( 'NONE',  ( 22.49999999999998934, 31.50000000000000000, 54.00000000000000000 ) ) ;
#4253 = CARTESIAN_POINT ( 'NONE',  ( -39.68059371040394012, 51.50000000000000711, 55.00000000000000000 ) ) ;
#4254 = EDGE_LOOP ( 'NONE', ( #2089, #514, #2752, #2493 ) ) ;
#4255 = CARTESIAN_POINT ( 'NONE',  ( 37.50000000000000000, 81.49999999999998579, 0.000000000000000000 ) ) ;
#4256 = DIRECTION ( 'NONE',  ( 0.000000000000000000, 1.000000000000000000, 0.000000000000000000 ) ) ;
#4257 = ADVANCED_FACE ( 'NONE', ( #3252 ), #2250, .F. ) ;
#4258 = CARTESIAN_POINT ( 'NONE',  ( -40.00000000000001421, 75.00000000000001421, 51.50000000000000000 ) ) ;
#4259 = ORIENTED_EDGE ( 'NONE', *, *, #3, .T. ) ;
#4260 = EDGE_LOOP ( 'NONE', ( #2972, #3690, #2465, #620 ) ) ;
#4261 = CARTESIAN_POINT ( 'NONE',  ( -31.24999999999999645, 65.56940628959608830, 55.50000000000000000 ) ) ;
#4262 = EDGE_CURVE ( 'NONE', #4172, #70, #536, .T. ) ;
#4263 = CARTESIAN_POINT ( 'NONE',  ( -37.50000000000000000, 39.50000000000000000, 42.49999999999999289 ) ) ;
#4265 = ORIENTED_EDGE ( 'NONE', *, *, #1880, .T. ) ;
#4264 = VECTOR ( 'NONE', #1707, 1000.000000000000000 ) ;
#4266 = CIRCLE ( 'NONE', #3125, 2.749999999999999112 ) ;
#4267 = ORIENTED_EDGE ( 'NONE', *, *, #511, .T. ) ;
#4268 = LINE ( 'NONE', #1238, #3920 ) ;
#4269 = AXIS2_PLACEMENT_3D ( 'NONE', #3028, #4348, #3338 ) ;
#4270 = CARTESIAN_POINT ( 'NONE',  ( 37.50000000000001421, 70.50000000000000000, 50.49999999999999289 ) ) ;
#4271 = DIRECTION ( 'NONE',  ( 0.000000000000000000, 1.000000000000000000, -0.000000000000000000 ) ) ;
#4272 = ORIENTED_EDGE ( 'NONE', *, *, #3685, .F. ) ;
#4273 = CIRCLE ( 'NONE', #1441, 10.00000000000000178 ) ;
#4274 = FILL_AREA_STYLE_COLOUR ( '', #2521 ) ;
#4275 = DIRECTION ( 'NONE',  ( 0.000000000000000000, 1.000000000000000000, 0.000000000000000000 ) ) ;
#4276 = VECTOR ( 'NONE', #1403, 1000.000000000000000 ) ;
#4277 = CARTESIAN_POINT ( 'NONE',  ( 35.31387446603023506, 50.99999999999999289, 55.42582977353487905 ) ) ;
#4278 = EDGE_LOOP ( 'NONE', ( #1579, #154, #3742, #3602, #577, #3219, #3254, #360 ) ) ;
#4279 = AXIS2_PLACEMENT_3D ( 'NONE', #4123, #2094, #3384 ) ;
#4280 = PLANE ( 'NONE',  #1040 ) ;
#4281 = EDGE_CURVE ( 'NONE', #2325, #721, #3497, .T. ) ;
#4282 = LINE ( 'NONE', #2949, #2573 ) ;
#4283 = AXIS2_PLACEMENT_3D ( 'NONE', #2, #1064, #4063 ) ;
#4284 = CARTESIAN_POINT ( 'NONE',  ( 32.50000000000000711, 61.50000000000001421, 55.00000000000000000 ) ) ;
#4285 = CIRCLE ( 'NONE', #1950, 8.430593710403920582 ) ;
#4286 = EDGE_LOOP ( 'NONE', ( #1663, #2110, #3443, #2488 ) ) ;
#4287 = EDGE_LOOP ( 'NONE', ( #443, #4338, #2964, #210 ) ) ;
#4288 = DIRECTION ( 'NONE',  ( 0.1483404529302447261, -0.000000000000000000, 0.9889363528682975080 ) ) ;
#4289 = CIRCLE ( 'NONE', #3003, 3.750000000000010214 ) ;
#4290 = AXIS2_PLACEMENT_3D ( 'NONE', #2352, #3698, #1794 ) ;
#4291 = ADVANCED_FACE ( 'NONE', ( #4052 ), #618, .F. ) ;
#4292 = DIRECTION ( 'NONE',  ( 0.000000000000000000, 0.000000000000000000, -1.000000000000000000 ) ) ;
#4293 = ORIENTED_EDGE ( 'NONE', *, *, #3662, .F. ) ;
#4294 = AXIS2_PLACEMENT_3D ( 'NONE', #4169, #1499, #1122 ) ;
#4295 = VERTEX_POINT ( 'NONE', #3725 ) ;
#4296 = CARTESIAN_POINT ( 'NONE',  ( -50.00000000000000000, -75.00000000000001421, 0.000000000000000000 ) ) ;
#4297 = EDGE_CURVE ( 'NONE', #4387, #4018, #3422, .T. ) ;
#4298 = PLANE ( 'NONE',  #1035 ) ;
#4299 = DIRECTION ( 'NONE',  ( 0.000000000000000000, 0.000000000000000000, -1.000000000000000000 ) ) ;
#4300 = ORIENTED_EDGE ( 'NONE', *, *, #1077, .F. ) ;
#4301 = ADVANCED_FACE ( 'NONE', ( #3763 ), #1056, .F. ) ;
#4302 =( NAMED_UNIT ( * ) PLANE_ANGLE_UNIT ( ) SI_UNIT ( $, .RADIAN. ) );
#4303 = DIRECTION ( 'NONE',  ( -1.000000000000000000, 0.000000000000000000, 0.000000000000000000 ) ) ;
#4304 = FACE_OUTER_BOUND ( 'NONE', #4032, .T. ) ;
#4305 = ORIENTED_EDGE ( 'NONE', *, *, #1494, .T. ) ;
#4306 = CARTESIAN_POINT ( 'NONE',  ( -22.50000000000001066, 31.50000000000000000, 55.00000000000000000 ) ) ;
#4307 = DIRECTION ( 'NONE',  ( 1.000000000000000000, 0.000000000000000000, 0.000000000000000000 ) ) ;
#4308 = PLANE ( 'NONE',  #1943 ) ;
#4309 = VERTEX_POINT ( 'NONE', #4079 ) ;
#4310 = CARTESIAN_POINT ( 'NONE',  ( -40.19531747683972611, 73.12038770971179247, 51.50000000000000711 ) ) ;
#4311 = CARTESIAN_POINT ( 'NONE',  ( -40.81662571606194234, 37.73045268374008288, 51.44940407393057313 ) ) ;
#4312 = ORIENTED_EDGE ( 'NONE', *, *, #2762, .F. ) ;
#4313 = EDGE_CURVE ( 'NONE', #2320, #3248, #2568, .T. ) ;
#4314 = VERTEX_POINT ( 'NONE', #3406 ) ;
#4315 = CARTESIAN_POINT ( 'NONE',  ( 26.22368578034610920, 51.50000000000000711, -8.546052867051921353 ) ) ;
#4316 = DIRECTION ( 'NONE',  ( -1.000000000000000000, 0.000000000000000000, 0.000000000000000000 ) ) ;
#4317 = FACE_OUTER_BOUND ( 'NONE', #3808, .T. ) ;
#4318 = EDGE_CURVE ( 'NONE', #3396, #2553, #1868, .T. ) ;
#4319 = ORIENTED_EDGE ( 'NONE', *, *, #1362, .T. ) ;
#4320 = CARTESIAN_POINT ( 'NONE',  ( -22.49999999999999645, -71.49999999999998579, 54.00000000000000000 ) ) ;
#4321 = DIRECTION ( 'NONE',  ( 1.000000000000000000, 0.000000000000000000, 0.000000000000000000 ) ) ;
#4322 = CARTESIAN_POINT ( 'NONE',  ( -39.57161488018167717, 50.97801331072722775, 55.00000000000000000 ) ) ;
#4323 = EDGE_LOOP ( 'NONE', ( #127, #2516, #2095, #4153 ) ) ;
#4324 = CARTESIAN_POINT ( 'NONE',  ( 37.81387446603023506, 62.00000000000000711, 64.57417022646512805 ) ) ;
#4325 = DIRECTION ( 'NONE',  ( -0.000000000000000000, -0.000000000000000000, 1.000000000000000000 ) ) ;
#4326 = FACE_OUTER_BOUND ( 'NONE', #3058, .T. ) ;
#4327 = EDGE_LOOP ( 'NONE', ( #1931, #190 ) ) ;
#4328 = ORIENTED_EDGE ( 'NONE', *, *, #290, .T. ) ;
#4329 = PLANE ( 'NONE',  #3924 ) ;
#4330 = EDGE_LOOP ( 'NONE', ( #1959, #2119, #2724, #1536 ) ) ;
#4331 = PLANE ( 'NONE',  #3691 ) ;
#4332 = VERTEX_POINT ( 'NONE', #1352 ) ;
#4333 = CARTESIAN_POINT ( 'NONE',  ( 36.68612553396977205, 62.00000000000000711, 64.57417022646512805 ) ) ;
#4334 = CARTESIAN_POINT ( 'NONE',  ( 35.31387446603023506, 51.50000000000000711, 55.42582977353487905 ) ) ;
#4335 = AXIS2_PLACEMENT_3D ( 'NONE', #457, #118, #3121 ) ;
#4336 = VECTOR ( 'NONE', #374, 1000.000000000000000 ) ;
#4337 = CARTESIAN_POINT ( 'NONE',  ( 34.81940628959606698, 51.50000000000000711, 55.00000000000000000 ) ) ;
#4338 = ORIENTED_EDGE ( 'NONE', *, *, #565, .F. ) ;
#4339 = CARTESIAN_POINT ( 'NONE',  ( 33.24999999999997158, 46.74999999999999289, 54.50000000000000000 ) ) ;
#4340 = VECTOR ( 'NONE', #3816, 1000.000000000000000 ) ;
#4341 = DIRECTION ( 'NONE',  ( 1.000000000000000000, 0.000000000000000000, 0.000000000000000000 ) ) ;
#4342 = CYLINDRICAL_SURFACE ( 'NONE', #2158, 10.00000000000000178 ) ;
#4343 = AXIS2_PLACEMENT_3D ( 'NONE', #1971, #312, #1718 ) ;
#4344 = ORIENTED_EDGE ( 'NONE', *, *, #722, .T. ) ;
#4345 = FACE_OUTER_BOUND ( 'NONE', #2037, .T. ) ;
#4346 = AXIS2_PLACEMENT_3D ( 'NONE', #23, #1283, #285 ) ;
#4347 = DIRECTION ( 'NONE',  ( 0.000000000000000000, 0.000000000000000000, 1.000000000000000000 ) ) ;
#4348 = DIRECTION ( 'NONE',  ( 0.000000000000000000, 0.000000000000000000, -1.000000000000000000 ) ) ;
#4349 = DIRECTION ( 'NONE',  ( 0.000000000000000000, 0.000000000000000000, -1.000000000000000000 ) ) ;
#4350 = AXIS2_PLACEMENT_3D ( 'NONE', #2416, #3339, #3013 ) ;
#4351 = AXIS2_PLACEMENT_3D ( 'NONE', #2716, #4066, #2778 ) ;
#4352 = CYLINDRICAL_SURFACE ( 'NONE', #3436, 3.750000000000010214 ) ;
#4353 = ADVANCED_FACE ( 'NONE', ( #1725 ), #1997, .F. ) ;
#4354 = CARTESIAN_POINT ( 'NONE',  ( -38.97209341501102386, 51.00000000000000711, 55.45655208726101648 ) ) ;
#4355 = EDGE_LOOP ( 'NONE', ( #464, #3234, #2665, #3812 ) ) ;
#4356 = CIRCLE ( 'NONE', #2445, 0.5000000000000012212 ) ;
#4357 = AXIS2_PLACEMENT_3D ( 'NONE', #3115, #3432, #408 ) ;
#4358 = CARTESIAN_POINT ( 'NONE',  ( 40.81631666988044316, 37.72983554414634710, 51.44944543328563924 ) ) ;
#4359 = ORIENTED_EDGE ( 'NONE', *, *, #1437, .T. ) ;
#4360 = AXIS2_PLACEMENT_3D ( 'NONE', #4191, #2534, #2184 ) ;
#4361 = AXIS2_PLACEMENT_3D ( 'NONE', #3027, #1723, #1396 ) ;
#4362 = DIRECTION ( 'NONE',  ( 1.000000000000000000, 0.000000000000000000, -0.000000000000000000 ) ) ;
#4363 = DIRECTION ( 'NONE',  ( -0.000000000000000000, -0.000000000000000000, 1.000000000000000000 ) ) ;
#4364 = VECTOR ( 'NONE', #3010, 1000.000000000000000 ) ;
#4365 = ORIENTED_EDGE ( 'NONE', *, *, #1382, .F. ) ;
#4366 = CARTESIAN_POINT ( 'NONE',  ( 40.00000000000001421, -75.00000000000001421, 45.00000000000000000 ) ) ;
#4367 = CARTESIAN_POINT ( 'NONE',  ( -35.31387446603023506, 51.50000000000000711, 55.42582977353487905 ) ) ;
#4368 = CARTESIAN_POINT ( 'NONE',  ( -39.99999999999999289, -75.00000000000001421, 45.00000000000000000 ) ) ;
#4369 = ORIENTED_EDGE ( 'NONE', *, *, #1106, .F. ) ;
#4370 = EDGE_CURVE ( 'NONE', #3324, #2904, #680, .T. ) ;
#4371 = CARTESIAN_POINT ( 'NONE',  ( -40.00000000000001421, 75.00000000000001421, 55.00000000000000000 ) ) ;
#4372 = CIRCLE ( 'NONE', #2035, 1.250000000000007994 ) ;
#4373 = PLANE ( 'NONE',  #834 ) ;
#4374 = DIRECTION ( 'NONE',  ( 1.000000000000000000, 0.000000000000000000, -0.000000000000000000 ) ) ;
#4375 = CARTESIAN_POINT ( 'NONE',  ( -34.81940628959606698, 51.50000000000000711, 55.00000000000000000 ) ) ;
#4376 = EDGE_CURVE ( 'NONE', #1160, #2377, #3029, .T. ) ;
#4377 = DIRECTION ( 'NONE',  ( -0.000000000000000000, -0.000000000000000000, 1.000000000000000000 ) ) ;
#4378 = DIRECTION ( 'NONE',  ( 1.000000000000000000, 0.000000000000000000, 0.000000000000000000 ) ) ;
#4379 = ORIENTED_EDGE ( 'NONE', *, *, #195, .T. ) ;
#4380 = CARTESIAN_POINT ( 'NONE',  ( -2.250000000000000444, -49.99999999999998579, -0.001000000000001000089 ) ) ;
#4381 = VERTEX_POINT ( 'NONE', #344 ) ;
#4382 = DIRECTION ( 'NONE',  ( -1.000000000000000000, 0.000000000000000000, 0.000000000000000000 ) ) ;
#4383 = CARTESIAN_POINT ( 'NONE',  ( 3.367778697655220026E-16, -85.00000000000001421, 12.75000000000000000 ) ) ;
#4384 = EDGE_LOOP ( 'NONE', ( #380, #4074, #1778, #1841 ) ) ;
#4385 = LINE ( 'NONE', #2698, #1667 ) ;
#4386 = CARTESIAN_POINT ( 'NONE',  ( -39.99999999999999289, -75.00000000000001421, 45.00000000000000000 ) ) ;
#4387 = VERTEX_POINT ( 'NONE', #1398 ) ;
#4388 = CARTESIAN_POINT ( 'NONE',  ( 39.18612553396977205, 51.20710678118653192, 55.42582977353487905 ) ) ;
#4389 = CARTESIAN_POINT ( 'NONE',  ( -35.83059371040391028, 50.50000000000000000, 55.00000000000000000 ) ) ;
#4390 = EDGE_CURVE ( 'NONE', #791, #2343, #3278, .T. ) ;
#4391 = DIRECTION ( 'NONE',  ( 0.000000000000000000, 1.000000000000000000, 0.000000000000000000 ) ) ;
#4392 = CARTESIAN_POINT ( 'NONE',  ( -41.03031634944977668, 69.20856261465930004, 51.41872890218120773 ) ) ;
#4393 = ORIENTED_EDGE ( 'NONE', *, *, #2530, .T. ) ;
#4394 = ORIENTED_EDGE ( 'NONE', *, *, #2660, .T. ) ;
#4395 = DIRECTION ( 'NONE',  ( -1.000000000000000000, 0.000000000000000000, 0.000000000000000000 ) ) ;
#4396 = EDGE_CURVE ( 'NONE', #3734, #775, #3203, .T. ) ;
#4397 = CARTESIAN_POINT ( 'NONE',  ( -38.75553182356586746, 51.00000000000000711, 54.92582977353488616 ) ) ;
ENDSEC;
END-ISO-10303-21;
