ISO-10303-21;
HEADER;
FILE_DESCRIPTION (( 'STEP AP214' ),
    '1' );
FILE_NAME ('Enclosure_Rear.STEP',
    '2025-09-08T14:05:11',
    ( '' ),
    ( '' ),
    'SwSTEP 2.0',
    'SolidWorks 2021',
    '' );
FILE_SCHEMA (( 'AUTOMOTIVE_DESIGN' ));
ENDSEC;

DATA;
#1 = CARTESIAN_POINT ( 'NONE',  ( -24.00000000000000000, -4.000000000000000000, 15.00000000000000000 ) ) ;
#2 = VERTEX_POINT ( 'NONE', #1100 ) ;
#3 = AXIS2_PLACEMENT_3D ( 'NONE', #3330, #3855, #4252 ) ;
#4 = EDGE_CURVE ( 'NONE', #4317, #3769, #4041, .T. ) ;
#5 = AXIS2_PLACEMENT_3D ( 'NONE', #2542, #5201, #4785 ) ;
#6 = DIRECTION ( 'NONE',  ( 1.000000000000000000, 0.000000000000000000, 0.000000000000000000 ) ) ;
#7 = ORIENTED_EDGE ( 'NONE', *, *, #305, .F. ) ;
#8 = DIRECTION ( 'NONE',  ( -0.000000000000000000, -0.000000000000000000, 1.000000000000000000 ) ) ;
#9 = EDGE_CURVE ( 'NONE', #4078, #1638, #1668, .T. ) ;
#10 = DIRECTION ( 'NONE',  ( -1.000000000000000000, 0.000000000000000000, 0.000000000000000000 ) ) ;
#11 = AXIS2_PLACEMENT_3D ( 'NONE', #1819, #3937, #4384 ) ;
#12 = CARTESIAN_POINT ( 'NONE',  ( -44.00000000000001421, -17.00000000000000000, 5.000000000000000888 ) ) ;
#13 = CARTESIAN_POINT ( 'NONE',  ( -44.00000000000000711, -59.00000000000000711, 5.000000000000000888 ) ) ;
#14 = ORIENTED_EDGE ( 'NONE', *, *, #32, .F. ) ;
#15 = CARTESIAN_POINT ( 'NONE',  ( 35.00000000000000000, -45.75000000000000000, 0.000000000000000000 ) ) ;
#16 = CARTESIAN_POINT ( 'NONE',  ( 20.00000000000000000, 5.000000000000000000, 5.000000000000000000 ) ) ;
#17 = ORIENTED_EDGE ( 'NONE', *, *, #1460, .T. ) ;
#18 = VERTEX_POINT ( 'NONE', #2263 ) ;
#19 = LINE ( 'NONE', #799, #2991 ) ;
#20 = CARTESIAN_POINT ( 'NONE',  ( -19.99999999999998579, -55.00000000000000000, 5.000000000000000000 ) ) ;
#21 = EDGE_LOOP ( 'NONE', ( #17, #4415, #2541, #222 ) ) ;
#22 = DIRECTION ( 'NONE',  ( -0.000000000000000000, -0.000000000000000000, 1.000000000000000000 ) ) ;
#23 = ORIENTED_EDGE ( 'NONE', *, *, #5130, .F. ) ;
#24 = CARTESIAN_POINT ( 'NONE',  ( 29.47881336083487014, -42.74999999999999289, 5.000000000000000000 ) ) ;
#25 = DIRECTION ( 'NONE',  ( -0.000000000000000000, 1.000000000000000000, -0.000000000000000000 ) ) ;
#26 = ORIENTED_EDGE ( 'NONE', *, *, #3405, .F. ) ;
#27 = ADVANCED_FACE ( 'NONE', ( #176 ), #4854, .F. ) ;
#28 = DIRECTION ( 'NONE',  ( -1.000000000000000000, 0.000000000000000000, 0.000000000000000000 ) ) ;
#29 = ORIENTED_EDGE ( 'NONE', *, *, #5031, .T. ) ;
#30 = EDGE_CURVE ( 'NONE', #4610, #1497, #3134, .T. ) ;
#31 = FACE_OUTER_BOUND ( 'NONE', #4462, .T. ) ;
#32 = EDGE_CURVE ( 'NONE', #3714, #5002, #4464, .T. ) ;
#33 = LINE ( 'NONE', #1779, #4239 ) ;
#34 = DIRECTION ( 'NONE',  ( -1.000000000000000000, 0.000000000000000000, 0.000000000000000000 ) ) ;
#35 = VERTEX_POINT ( 'NONE', #4076 ) ;
#36 = EDGE_CURVE ( 'NONE', #2615, #35, #1934, .T. ) ;
#37 = FACE_BOUND ( 'NONE', #3349, .T. ) ;
#38 = DIRECTION ( 'NONE',  ( 0.000000000000000000, -0.000000000000000000, -1.000000000000000000 ) ) ;
#39 = ORIENTED_EDGE ( 'NONE', *, *, #4358, .F. ) ;
#40 = VERTEX_POINT ( 'NONE', #1842 ) ;
#41 = CARTESIAN_POINT ( 'NONE',  ( 25.00000000000000000, 3.000000000000000000, 9.999999999999998224 ) ) ;
#42 = AXIS2_PLACEMENT_3D ( 'NONE', #3729, #2537, #1177 ) ;
#43 = CARTESIAN_POINT ( 'NONE',  ( -43.12499999999998579, -58.00000000000000000, 5.000000000000000000 ) ) ;
#44 = ORIENTED_EDGE ( 'NONE', *, *, #5407, .F. ) ;
#45 = CIRCLE ( 'NONE', #3154, 5.000000000000000888 ) ;
#46 = DIRECTION ( 'NONE',  ( 0.000000000000000000, -0.000000000000000000, 1.000000000000000000 ) ) ;
#47 = EDGE_CURVE ( 'NONE', #838, #1757, #255, .T. ) ;
#48 = VERTEX_POINT ( 'NONE', #1813 ) ;
#49 = CIRCLE ( 'NONE', #1033, 4.000000000000000000 ) ;
#50 = CARTESIAN_POINT ( 'NONE',  ( 40.64592610078044999, -41.32889343308139729, 0.000000000000000000 ) ) ;
#51 = DIRECTION ( 'NONE',  ( -0.000000000000000000, -1.000000000000000000, 0.000000000000000000 ) ) ;
#52 = ORIENTED_EDGE ( 'NONE', *, *, #2391, .F. ) ;
#53 = VECTOR ( 'NONE', #4979, 1000.000000000000000 ) ;
#54 = DIRECTION ( 'NONE',  ( 0.000000000000000000, -0.000000000000000000, 1.000000000000000000 ) ) ;
#55 = VERTEX_POINT ( 'NONE', #2773 ) ;
#56 = DIRECTION ( 'NONE',  ( 1.000000000000000000, 0.000000000000000000, 0.000000000000000000 ) ) ;
#57 = DIRECTION ( 'NONE',  ( 0.000000000000000000, 0.000000000000000000, 1.000000000000000000 ) ) ;
#58 = DIRECTION ( 'NONE',  ( 0.000000000000000000, 0.000000000000000000, -1.000000000000000000 ) ) ;
#59 = AXIS2_PLACEMENT_3D ( 'NONE', #1731, #848, #955 ) ;
#60 = CIRCLE ( 'NONE', #4247, 1.000000000000000888 ) ;
#61 = ORIENTED_EDGE ( 'NONE', *, *, #580, .F. ) ;
#62 = FACE_BOUND ( 'NONE', #4837, .T. ) ;
#63 = EDGE_CURVE ( 'NONE', #4718, #2253, #591, .T. ) ;
#64 = ADVANCED_FACE ( 'NONE', ( #989 ), #1514, .T. ) ;
#65 = VECTOR ( 'NONE', #1181, 1000.000000000000000 ) ;
#66 = CARTESIAN_POINT ( 'NONE',  ( -25.00000000000000000, -5.000000000000000000, 15.00000000000000000 ) ) ;
#67 = EDGE_CURVE ( 'NONE', #4978, #2628, #204, .T. ) ;
#68 = ORIENTED_EDGE ( 'NONE', *, *, #3371, .T. ) ;
#69 = VERTEX_POINT ( 'NONE', #2291 ) ;
#70 = DIRECTION ( 'NONE',  ( -0.000000000000000000, -0.000000000000000000, 1.000000000000000000 ) ) ;
#71 = VECTOR ( 'NONE', #1434, 1000.000000000000000 ) ;
#72 = CYLINDRICAL_SURFACE ( 'NONE', #5424, 5.000000000000011546 ) ;
#73 = ORIENTED_EDGE ( 'NONE', *, *, #3403, .T. ) ;
#74 = CARTESIAN_POINT ( 'NONE',  ( 46.25000000000002132, -75.00000000000001421, 5.000000000000000000 ) ) ;
#75 = VECTOR ( 'NONE', #3951, 1000.000000000000000 ) ;
#76 = ORIENTED_EDGE ( 'NONE', *, *, #544, .T. ) ;
#77 = CARTESIAN_POINT ( 'NONE',  ( 40.64592610078038604, -38.67110656691861692, 0.000000000000000000 ) ) ;
#78 = LINE ( 'NONE', #2193, #267 ) ;
#79 = VECTOR ( 'NONE', #188, 1000.000000000000000 ) ;
#80 = CARTESIAN_POINT ( 'NONE',  ( 43.12499999999998579, -63.00000000000000000, 5.000000000000000000 ) ) ;
#81 = ORIENTED_EDGE ( 'NONE', *, *, #3679, .T. ) ;
#82 = AXIS2_PLACEMENT_3D ( 'NONE', #4362, #1877, #2243 ) ;
#83 = AXIS2_PLACEMENT_3D ( 'NONE', #4437, #3274, #2439 ) ;
#84 = PLANE ( 'NONE',  #4434 ) ;
#85 = FACE_OUTER_BOUND ( 'NONE', #5321, .T. ) ;
#86 = DIRECTION ( 'NONE',  ( 0.000000000000000000, 1.000000000000000000, 0.000000000000000000 ) ) ;
#87 = CARTESIAN_POINT ( 'NONE',  ( -37.74999999999999289, 77.24999999999998579, 0.000000000000000000 ) ) ;
#88 = ORIENTED_EDGE ( 'NONE', *, *, #2344, .T. ) ;
#89 = CARTESIAN_POINT ( 'NONE',  ( 15.00000000000000533, -3.000000000000000888, 5.000000000000000000 ) ) ;
#90 = ORIENTED_EDGE ( 'NONE', *, *, #3140, .F. ) ;
#91 = VECTOR ( 'NONE', #4815, 1000.000000000000000 ) ;
#92 = LINE ( 'NONE', #2573, #1836 ) ;
#93 = ORIENTED_EDGE ( 'NONE', *, *, #1899, .T. ) ;
#94 = ORIENTED_EDGE ( 'NONE', *, *, #2964, .T. ) ;
#95 = CARTESIAN_POINT ( 'NONE',  ( 44.00000000000001421, -13.00000000000000178, 5.000000000000000000 ) ) ;
#96 = EDGE_CURVE ( 'NONE', #1764, #1889, #4912, .T. ) ;
#97 = DIRECTION ( 'NONE',  ( -6.938893903907227392E-16, -1.000000000000000000, 0.000000000000000000 ) ) ;
#98 = ORIENTED_EDGE ( 'NONE', *, *, #36, .T. ) ;
#99 = DIRECTION ( 'NONE',  ( 0.000000000000000000, 1.000000000000000000, 0.000000000000000000 ) ) ;
#100 = LINE ( 'NONE', #212, #353 ) ;
#101 = EDGE_CURVE ( 'NONE', #638, #1928, #4074, .T. ) ;
#102 = EDGE_LOOP ( 'NONE', ( #4751, #906, #1454, #2846 ) ) ;
#103 = EDGE_CURVE ( 'NONE', #1108, #1770, #5218, .T. ) ;
#104 = ORIENTED_EDGE ( 'NONE', *, *, #3065, .F. ) ;
#105 = PLANE ( 'NONE',  #5428 ) ;
#106 = DIRECTION ( 'NONE',  ( -0.000000000000000000, 0.000000000000000000, 1.000000000000000000 ) ) ;
#107 = DIRECTION ( 'NONE',  ( 1.000000000000000000, -0.000000000000000000, 0.000000000000000000 ) ) ;
#108 = DIRECTION ( 'NONE',  ( -0.000000000000000000, 1.000000000000000000, -0.000000000000000000 ) ) ;
#109 = ORIENTED_EDGE ( 'NONE', *, *, #1327, .F. ) ;
#110 = CARTESIAN_POINT ( 'NONE',  ( 40.00000000000000000, -59.00000000000001421, 9.999999999999998224 ) ) ;
#111 = DIRECTION ( 'NONE',  ( 0.000000000000000000, -1.000000000000000000, 0.000000000000000000 ) ) ;
#112 = EDGE_CURVE ( 'NONE', #3709, #2735, #2744, .T. ) ;
#113 = CARTESIAN_POINT ( 'NONE',  ( -36.00000000000000711, -62.00000000000000000, 5.000000000000000888 ) ) ;
#114 = TOROIDAL_SURFACE ( 'NONE', #3234, 4.000000000000000000, 1.000000000000000000 ) ;
#115 = CARTESIAN_POINT ( 'NONE',  ( 36.00000000000000711, -62.00000000000000000, 5.000000000000000888 ) ) ;
#116 = EDGE_LOOP ( 'NONE', ( #2926, #1878, #449, #4365, #1137, #1199 ) ) ;
#117 = FACE_BOUND ( 'NONE', #1219, .T. ) ;
#118 = ORIENTED_EDGE ( 'NONE', *, *, #2256, .F. ) ;
#119 = DIRECTION ( 'NONE',  ( 0.000000000000000000, -1.000000000000000000, 0.000000000000000000 ) ) ;
#120 = ORIENTED_EDGE ( 'NONE', *, *, #4757, .F. ) ;
#121 = VERTEX_POINT ( 'NONE', #3103 ) ;
#122 = CARTESIAN_POINT ( 'NONE',  ( 20.00000000000001066, -55.00000000000000000, 5.000000000000000000 ) ) ;
#123 = DIRECTION ( 'NONE',  ( 0.000000000000000000, 0.000000000000000000, 1.000000000000000000 ) ) ;
#124 = ORIENTED_EDGE ( 'NONE', *, *, #4236, .F. ) ;
#125 =( LENGTH_UNIT ( ) NAMED_UNIT ( * ) SI_UNIT ( .MILLI., .METRE. ) );
#126 = CARTESIAN_POINT ( 'NONE',  ( 30.00000000000000000, -42.75000000000000000, 11.00000000000000000 ) ) ;
#127 = CARTESIAN_POINT ( 'NONE',  ( -30.60000000000000853, 60.00000000000000000, 5.000000000000000000 ) ) ;
#128 = ORIENTED_EDGE ( 'NONE', *, *, #2589, .F. ) ;
#129 = AXIS2_PLACEMENT_3D ( 'NONE', #3263, #1455, #3570 ) ;
#130 = EDGE_CURVE ( 'NONE', #48, #3471, #1605, .T. ) ;
#131 = ORIENTED_EDGE ( 'NONE', *, *, #3565, .F. ) ;
#132 = EDGE_CURVE ( 'NONE', #4524, #4532, #3189, .T. ) ;
#133 = LINE ( 'NONE', #2960, #5160 ) ;
#134 = CARTESIAN_POINT ( 'NONE',  ( -40.12499999999997868, -12.99999999999999822, 10.00156225593563697 ) ) ;
#135 = AXIS2_PLACEMENT_3D ( 'NONE', #2366, #3233, #606 ) ;
#136 = DIRECTION ( 'NONE',  ( 1.000000000000000000, 0.000000000000000000, -0.000000000000000000 ) ) ;
#137 = EDGE_CURVE ( 'NONE', #2162, #4235, #1154, .T. ) ;
#138 = DIRECTION ( 'NONE',  ( 0.000000000000000000, -0.000000000000000000, -1.000000000000000000 ) ) ;
#139 = ORIENTED_EDGE ( 'NONE', *, *, #112, .F. ) ;
#140 = FACE_OUTER_BOUND ( 'NONE', #4168, .T. ) ;
#141 = DIRECTION ( 'NONE',  ( -0.000000000000000000, -1.000000000000000000, -0.000000000000000000 ) ) ;
#142 = CARTESIAN_POINT ( 'NONE',  ( -34.99999999999997868, -37.25000000000000000, 5.000000000000000000 ) ) ;
#143 = EDGE_LOOP ( 'NONE', ( #2520, #4025, #1959, #496 ) ) ;
#144 = CARTESIAN_POINT ( 'NONE',  ( -35.00000000000000000, -62.00000000000000000, 5.000000000000000000 ) ) ;
#145 = ORIENTED_EDGE ( 'NONE', *, *, #3651, .F. ) ;
#146 = DIRECTION ( 'NONE',  ( -0.000000000000000000, -0.000000000000000000, -1.000000000000000000 ) ) ;
#147 = DIRECTION ( 'NONE',  ( 0.000000000000000000, 0.000000000000000000, -1.000000000000000000 ) ) ;
#148 = DIRECTION ( 'NONE',  ( 0.7071067811865477948, 0.000000000000000000, 0.7071067811865473507 ) ) ;
#149 = CARTESIAN_POINT ( 'NONE',  ( 40.00000000000001421, -75.00000000000001421, 5.000000000000000000 ) ) ;
#150 = VERTEX_POINT ( 'NONE', #817 ) ;
#151 = AXIS2_PLACEMENT_3D ( 'NONE', #1647, #2044, #4135 ) ;
#152 = CIRCLE ( 'NONE', #777, 1.000000000000000888 ) ;
#153 = LINE ( 'NONE', #1931, #1048 ) ;
#154 = CARTESIAN_POINT ( 'NONE',  ( -24.00000000000000000, 4.000000000000000000, 15.00000000000000000 ) ) ;
#155 = ORIENTED_EDGE ( 'NONE', *, *, #2068, .F. ) ;
#156 = ORIENTED_EDGE ( 'NONE', *, *, #1899, .F. ) ;
#157 = ORIENTED_EDGE ( 'NONE', *, *, #3166, .T. ) ;
#158 = DIRECTION ( 'NONE',  ( -0.000000000000000000, 0.000000000000000000, -1.000000000000000000 ) ) ;
#159 = LINE ( 'NONE', #1415, #79 ) ;
#160 = CARTESIAN_POINT ( 'NONE',  ( 25.00000000000000000, -3.000000000000000888, 5.000000000000000000 ) ) ;
#161 = EDGE_CURVE ( 'NONE', #3694, #4661, #763, .T. ) ;
#162 = FACE_OUTER_BOUND ( 'NONE', #2893, .T. ) ;
#163 = ORIENTED_EDGE ( 'NONE', *, *, #4064, .T. ) ;
#164 = AXIS2_PLACEMENT_3D ( 'NONE', #5402, #1119, #4547 ) ;
#165 = CYLINDRICAL_SURFACE ( 'NONE', #1412, 1.000000000000000888 ) ;
#166 = DIRECTION ( 'NONE',  ( 1.000000000000000000, 0.000000000000000000, 0.000000000000000000 ) ) ;
#167 = EDGE_CURVE ( 'NONE', #226, #2460, #3295, .T. ) ;
#168 = CARTESIAN_POINT ( 'NONE',  ( -45.00000000000000711, -58.00000000000000000, 5.000000000000000000 ) ) ;
#169 = ORIENTED_EDGE ( 'NONE', *, *, #3577, .F. ) ;
#170 = CYLINDRICAL_SURFACE ( 'NONE', #5071, 6.250000000000005329 ) ;
#171 = AXIS2_PLACEMENT_3D ( 'NONE', #2251, #1973, #694 ) ;
#172 = EDGE_CURVE ( 'NONE', #2514, #4099, #4827, .T. ) ;
#173 = ORIENTED_EDGE ( 'NONE', *, *, #5478, .F. ) ;
#174 = AXIS2_PLACEMENT_3D ( 'NONE', #4012, #227, #701 ) ;
#175 = DIRECTION ( 'NONE',  ( 0.000000000000000000, 1.000000000000000000, 0.000000000000000000 ) ) ;
#176 = FACE_OUTER_BOUND ( 'NONE', #5207, .T. ) ;
#177 = CARTESIAN_POINT ( 'NONE',  ( -37.12499999999997868, -18.00000000000000355, 15.00000000000000000 ) ) ;
#178 = AXIS2_PLACEMENT_3D ( 'NONE', #3697, #328, #2024 ) ;
#179 = DIRECTION ( 'NONE',  ( 0.000000000000000000, 0.000000000000000000, 1.000000000000000000 ) ) ;
#180 = ORIENTED_EDGE ( 'NONE', *, *, #2873, .T. ) ;
#181 = VECTOR ( 'NONE', #3969, 1000.000000000000000 ) ;
#182 = DIRECTION ( 'NONE',  ( -1.000000000000000000, -0.000000000000000000, -0.000000000000000000 ) ) ;
#183 = CARTESIAN_POINT ( 'NONE',  ( -25.00000000000000000, 0.000000000000000000, 9.999999999999998224 ) ) ;
#184 = ORIENTED_EDGE ( 'NONE', *, *, #2617, .F. ) ;
#185 = VERTEX_POINT ( 'NONE', #2039 ) ;
#186 = CIRCLE ( 'NONE', #892, 10.00000000000000000 ) ;
#187 = FACE_OUTER_BOUND ( 'NONE', #4981, .T. ) ;
#188 = DIRECTION ( 'NONE',  ( -0.000000000000000000, -0.000000000000000000, 1.000000000000000000 ) ) ;
#189 = DIRECTION ( 'NONE',  ( -1.000000000000000000, 0.000000000000000000, 0.000000000000000000 ) ) ;
#190 = DIRECTION ( 'NONE',  ( 0.000000000000000000, -1.000000000000000000, 0.000000000000000000 ) ) ;
#191 = ORIENTED_EDGE ( 'NONE', *, *, #3939, .F. ) ;
#192 = VECTOR ( 'NONE', #4501, 1000.000000000000000 ) ;
#193 = LINE ( 'NONE', #1886, #2571 ) ;
#194 = LINE ( 'NONE', #4907, #1245 ) ;
#195 = DIRECTION ( 'NONE',  ( -0.000000000000000000, -1.000000000000000000, -0.000000000000000000 ) ) ;
#196 = ORIENTED_EDGE ( 'NONE', *, *, #4318, .T. ) ;
#197 = DIRECTION ( 'NONE',  ( 0.000000000000000000, 0.000000000000000000, 1.000000000000000000 ) ) ;
#198 = ORIENTED_EDGE ( 'NONE', *, *, #747, .T. ) ;
#199 = ADVANCED_FACE ( 'NONE', ( #4160 ), #4521, .T. ) ;
#200 = AXIS2_PLACEMENT_3D ( 'NONE', #3735, #2436, #365 ) ;
#201 = ADVANCED_FACE ( 'NONE', ( #3347 ), #4291, .T. ) ;
#202 = CARTESIAN_POINT ( 'NONE',  ( 37.12499999999997868, -12.99999999999999822, 10.00156225593563875 ) ) ;
#203 = VECTOR ( 'NONE', #5211, 1000.000000000000000 ) ;
#204 = LINE ( 'NONE', #3517, #3361 ) ;
#205 = ADVANCED_FACE ( 'NONE', ( #5049 ), #4190, .T. ) ;
#206 = CARTESIAN_POINT ( 'NONE',  ( -34.99999999999997868, -37.25000000000000000, 5.000000000000000000 ) ) ;
#207 = EDGE_LOOP ( 'NONE', ( #5185, #1348, #1579, #1625, #3152, #350, #1411, #4411, #5017, #1696 ) ) ;
#208 = DIRECTION ( 'NONE',  ( 1.000000000000000000, 0.000000000000000000, 0.000000000000000000 ) ) ;
#209 = VERTEX_POINT ( 'NONE', #1987 ) ;
#210 = VECTOR ( 'NONE', #1110, 1000.000000000000000 ) ;
#211 = LINE ( 'NONE', #1902, #3002 ) ;
#212 = CARTESIAN_POINT ( 'NONE',  ( 46.25000000000000711, 74.99999999999998579, 5.000000000000000000 ) ) ;
#213 = VERTEX_POINT ( 'NONE', #3686 ) ;
#214 = ORIENTED_EDGE ( 'NONE', *, *, #5377, .T. ) ;
#215 = CARTESIAN_POINT ( 'NONE',  ( 15.00000000000000533, -3.000000000000000888, 5.000000000000000000 ) ) ;
#216 = EDGE_CURVE ( 'NONE', #1391, #5245, #938, .T. ) ;
#217 = PLANE ( 'NONE',  #4447 ) ;
#218 = CARTESIAN_POINT ( 'NONE',  ( -36.74548407698659247, -37.85248605285649148, 4.999999999999992006 ) ) ;
#219 = PLANE ( 'NONE',  #972 ) ;
#220 = AXIS2_PLACEMENT_3D ( 'NONE', #290, #3153, #3240 ) ;
#221 = CARTESIAN_POINT ( 'NONE',  ( -30.00000000000001066, -25.00000000000000000, 5.000000000000000000 ) ) ;
#222 = ORIENTED_EDGE ( 'NONE', *, *, #2762, .F. ) ;
#223 = PLANE ( 'NONE',  #1239 ) ;
#224 = DIRECTION ( 'NONE',  ( 1.000000000000000000, -0.000000000000000000, 0.000000000000000000 ) ) ;
#225 = CARTESIAN_POINT ( 'NONE',  ( 37.12499999999997868, -12.99999999999999822, 10.00156225593563875 ) ) ;
#226 = VERTEX_POINT ( 'NONE', #705 ) ;
#227 = DIRECTION ( 'NONE',  ( 0.000000000000000000, 1.000000000000000000, 0.000000000000000000 ) ) ;
#228 = ORIENTED_EDGE ( 'NONE', *, *, #4090, .F. ) ;
#229 =( LENGTH_UNIT ( ) NAMED_UNIT ( * ) SI_UNIT ( .MILLI., .METRE. ) );
#230 = DIRECTION ( 'NONE',  ( 0.000000000000000000, 0.000000000000000000, 1.000000000000000000 ) ) ;
#231 = FACE_OUTER_BOUND ( 'NONE', #2483, .T. ) ;
#232 = EDGE_CURVE ( 'NONE', #2514, #3101, #736, .T. ) ;
#233 = AXIS2_PLACEMENT_3D ( 'NONE', #4435, #3105, #5164 ) ;
#234 = VECTOR ( 'NONE', #2518, 1000.000000000000000 ) ;
#235 = ORIENTED_EDGE ( 'NONE', *, *, #343, .F. ) ;
#236 = CARTESIAN_POINT ( 'NONE',  ( 17.01943298838017782, -34.24999999999996447, 0.000000000000000000 ) ) ;
#237 = ADVANCED_FACE ( 'NONE', ( #2064 ), #3270, .F. ) ;
#238 = ORIENTED_EDGE ( 'NONE', *, *, #1529, .T. ) ;
#239 = EDGE_CURVE ( 'NONE', #269, #2272, #1236, .T. ) ;
#240 = CARTESIAN_POINT ( 'NONE',  ( -45.00000000000001421, -18.00000000000000355, 5.000000000000000000 ) ) ;
#241 = LINE ( 'NONE', #1964, #4914 ) ;
#242 = AXIS2_PLACEMENT_3D ( 'NONE', #4471, #1134, #741 ) ;
#243 = ORIENTED_EDGE ( 'NONE', *, *, #674, .T. ) ;
#244 = VERTEX_POINT ( 'NONE', #4107 ) ;
#245 = LINE ( 'NONE', #4953, #655 ) ;
#246 = DIRECTION ( 'NONE',  ( -0.000000000000000000, -1.000000000000000000, -0.000000000000000000 ) ) ;
#247 = VECTOR ( 'NONE', #1343, 1000.000000000000000 ) ;
#248 = AXIS2_PLACEMENT_3D ( 'NONE', #1760, #1873, #990 ) ;
#249 = ORIENTED_EDGE ( 'NONE', *, *, #544, .F. ) ;
#250 = ADVANCED_FACE ( 'NONE', ( #2014 ), #1565, .F. ) ;
#251 = LINE ( 'NONE', #1143, #3472 ) ;
#252 = AXIS2_PLACEMENT_3D ( 'NONE', #4405, #4826, #4852 ) ;
#253 = LINE ( 'NONE', #664, #4348 ) ;
#254 = CARTESIAN_POINT ( 'NONE',  ( -24.00000000000000000, 0.000000000000000000, 9.999999999999998224 ) ) ;
#255 = CIRCLE ( 'NONE', #4164, 4.999999999999997335 ) ;
#256 = CARTESIAN_POINT ( 'NONE',  ( -35.00000000000000000, -62.00000000000000000, 9.999999999999998224 ) ) ;
#257 = ORIENTED_EDGE ( 'NONE', *, *, #3572, .F. ) ;
#258 = CARTESIAN_POINT ( 'NONE',  ( -17.01943298838018137, -34.24999999999998579, 0.000000000000000000 ) ) ;
#259 = DIRECTION ( 'NONE',  ( -0.000000000000000000, -1.000000000000000000, -0.000000000000000000 ) ) ;
#260 = CARTESIAN_POINT ( 'NONE',  ( 46.25000000000002132, -75.00000000000001421, 0.000000000000000000 ) ) ;
#261 = DIRECTION ( 'NONE',  ( -1.000000000000000000, -1.982541115402065849E-16, -0.000000000000000000 ) ) ;
#262 = ORIENTED_EDGE ( 'NONE', *, *, #4257, .F. ) ;
#263 = DIRECTION ( 'NONE',  ( 0.000000000000000000, -1.000000000000000000, 0.000000000000000000 ) ) ;
#264 = DIRECTION ( 'NONE',  ( -0.000000000000000000, 0.000000000000000000, -1.000000000000000000 ) ) ;
#265 = VECTOR ( 'NONE', #3229, 1000.000000000000000 ) ;
#266 = DIRECTION ( 'NONE',  ( 0.000000000000000000, 0.000000000000000000, 1.000000000000000000 ) ) ;
#267 = VECTOR ( 'NONE', #107, 1000.000000000000000 ) ;
#268 = AXIS2_PLACEMENT_3D ( 'NONE', #4793, #796, #978 ) ;
#269 = VERTEX_POINT ( 'NONE', #293 ) ;
#270 = DIRECTION ( 'NONE',  ( 0.000000000000000000, -0.000000000000000000, -1.000000000000000000 ) ) ;
#271 = EDGE_LOOP ( 'NONE', ( #517, #1485, #3723, #3641 ) ) ;
#272 = CARTESIAN_POINT ( 'NONE',  ( 45.00000000000000711, -59.00000000000000711, 9.999999999999998224 ) ) ;
#273 = DIRECTION ( 'NONE',  ( 0.000000000000000000, 0.000000000000000000, -1.000000000000000000 ) ) ;
#274 = CIRCLE ( 'NONE', #1690, 5.000000000000000888 ) ;
#275 = EDGE_CURVE ( 'NONE', #464, #4714, #1588, .T. ) ;
#276 = EDGE_LOOP ( 'NONE', ( #98, #299, #376, #2808 ) ) ;
#277 = VERTEX_POINT ( 'NONE', #3712 ) ;
#278 = CARTESIAN_POINT ( 'NONE',  ( -10.00000000000000000, -65.25000000000001421, 20.00000000000000000 ) ) ;
#279 = AXIS2_PLACEMENT_3D ( 'NONE', #5425, #1275, #857 ) ;
#280 = ORIENTED_EDGE ( 'NONE', *, *, #4946, .T. ) ;
#281 = EDGE_CURVE ( 'NONE', #3128, #850, #3344, .T. ) ;
#282 = FACE_OUTER_BOUND ( 'NONE', #849, .T. ) ;
#283 = DIRECTION ( 'NONE',  ( -0.000000000000000000, -0.000000000000000000, -1.000000000000000000 ) ) ;
#284 = EDGE_CURVE ( 'NONE', #3864, #4327, #1182, .T. ) ;
#285 = DIRECTION ( 'NONE',  ( -1.000000000000000000, 0.000000000000000000, 0.000000000000000000 ) ) ;
#286 = ORIENTED_EDGE ( 'NONE', *, *, #4008, .F. ) ;
#287 = DIRECTION ( 'NONE',  ( -0.000000000000000000, -0.000000000000000000, -1.000000000000000000 ) ) ;
#288 = CARTESIAN_POINT ( 'NONE',  ( -45.00000000000001421, -17.00000000000000000, 5.000000000000000000 ) ) ;
#289 = DIRECTION ( 'NONE',  ( 0.000000000000000000, 0.000000000000000000, 1.000000000000000000 ) ) ;
#290 = CARTESIAN_POINT ( 'NONE',  ( 44.00000000000000711, -62.00000000000000000, 5.000000000000000888 ) ) ;
#291 = ORIENTED_EDGE ( 'NONE', *, *, #1500, .T. ) ;
#292 = CARTESIAN_POINT ( 'NONE',  ( -39.99999999999998579, -75.00000000000001421, 0.000000000000000000 ) ) ;
#293 = CARTESIAN_POINT ( 'NONE',  ( -20.00000000000000000, 3.000000000000000000, 9.999999999999998224 ) ) ;
#294 = CARTESIAN_POINT ( 'NONE',  ( 45.00000000000000711, -58.00000000000000000, 15.00000000000000000 ) ) ;
#295 = EDGE_LOOP ( 'NONE', ( #3995, #926, #2443, #2035, #2724, #1421 ) ) ;
#296 = CARTESIAN_POINT ( 'NONE',  ( 40.64592610078038604, -38.67110656691861692, 0.000000000000000000 ) ) ;
#297 = LINE ( 'NONE', #2917, #1140 ) ;
#298 = FACE_OUTER_BOUND ( 'NONE', #2047, .T. ) ;
#299 = ORIENTED_EDGE ( 'NONE', *, *, #1019, .F. ) ;
#300 = ORIENTED_EDGE ( 'NONE', *, *, #239, .F. ) ;
#301 = CARTESIAN_POINT ( 'NONE',  ( 25.00000000000000000, 5.000000000000000000, 15.00000000000000000 ) ) ;
#302 = LINE ( 'NONE', #1139, #446 ) ;
#303 = CARTESIAN_POINT ( 'NONE',  ( -40.00000000000000711, 74.99999999999998579, 5.000000000000000000 ) ) ;
#304 = EDGE_CURVE ( 'NONE', #244, #3955, #2887, .T. ) ;
#305 = EDGE_CURVE ( 'NONE', #4253, #4425, #33, .T. ) ;
#306 = VERTEX_POINT ( 'NONE', #5102 ) ;
#307 = EDGE_CURVE ( 'NONE', #35, #1969, #410, .T. ) ;
#308 = DIRECTION ( 'NONE',  ( 0.000000000000000000, 0.000000000000000000, -1.000000000000000000 ) ) ;
#309 = DIRECTION ( 'NONE',  ( 1.000000000000000000, 0.000000000000000000, 0.000000000000000000 ) ) ;
#310 = CIRCLE ( 'NONE', #42, 5.000000000000000888 ) ;
#311 = CARTESIAN_POINT ( 'NONE',  ( 40.00000000000000000, -58.00000000000000711, 9.999999999999998224 ) ) ;
#312 = DIRECTION ( 'NONE',  ( -0.000000000000000000, -0.000000000000000000, -1.000000000000000000 ) ) ;
#313 = TOROIDAL_SURFACE ( 'NONE', #4489, 4.000000000000000000, 1.000000000000000000 ) ;
#314 = ORIENTED_EDGE ( 'NONE', *, *, #1194, .F. ) ;
#315 = CARTESIAN_POINT ( 'NONE',  ( 30.00000000000000000, -25.00000000000000000, 5.000000000000000000 ) ) ;
#316 = EDGE_CURVE ( 'NONE', #69, #4382, #1724, .T. ) ;
#317 = MECHANICAL_DESIGN_GEOMETRIC_PRESENTATION_REPRESENTATION (  '', ( #5385 ), #4141 ) ;
#318 = DIRECTION ( 'NONE',  ( -1.000000000000000000, -0.000000000000000000, -0.000000000000000000 ) ) ;
#319 = CARTESIAN_POINT ( 'NONE',  ( -34.99999999779716831, -34.25000000000000000, 0.000000000000000000 ) ) ;
#320 = VERTEX_POINT ( 'NONE', #1365 ) ;
#321 = CARTESIAN_POINT ( 'NONE',  ( -20.00000000000000000, 4.000000000000000000, 5.000000000000000000 ) ) ;
#322 = VECTOR ( 'NONE', #1231, 1000.000000000000000 ) ;
#323 = PLANE ( 'NONE',  #1222 ) ;
#324 = LINE ( 'NONE', #3718, #4775 ) ;
#325 = ORIENTED_EDGE ( 'NONE', *, *, #522, .F. ) ;
#326 = ORIENTED_EDGE ( 'NONE', *, *, #1974, .T. ) ;
#327 = DIRECTION ( 'NONE',  ( -0.000000000000000000, 1.000000000000000000, -0.000000000000000000 ) ) ;
#328 = DIRECTION ( 'NONE',  ( 0.000000000000000000, 0.000000000000000000, -1.000000000000000000 ) ) ;
#329 = VERTEX_POINT ( 'NONE', #3428 ) ;
#330 = DIRECTION ( 'NONE',  ( 0.000000000000000000, -1.000000000000000000, 0.000000000000000000 ) ) ;
#331 = ORIENTED_EDGE ( 'NONE', *, *, #3203, .T. ) ;
#332 = VECTOR ( 'NONE', #897, 1000.000000000000000 ) ;
#333 = DIRECTION ( 'NONE',  ( -0.000000000000000000, -0.000000000000000000, -1.000000000000000000 ) ) ;
#334 = DIRECTION ( 'NONE',  ( 1.000000000000000000, 0.000000000000000000, 0.000000000000000000 ) ) ;
#335 = EDGE_CURVE ( 'NONE', #2271, #5360, #1827, .T. ) ;
#336 = PLANE ( 'NONE',  #1201 ) ;
#337 = ORIENTED_EDGE ( 'NONE', *, *, #3130, .F. ) ;
#338 = EDGE_CURVE ( 'NONE', #2947, #3934, #3482, .T. ) ;
#339 = CARTESIAN_POINT ( 'NONE',  ( 9.999999999999998224, -81.25000000000001421, 20.00000000000000000 ) ) ;
#340 = CARTESIAN_POINT ( 'NONE',  ( 40.00000000000000711, -62.00000000000000000, 9.999999999999998224 ) ) ;
#341 = CARTESIAN_POINT ( 'NONE',  ( -39.99999999999997868, -81.25000000000001421, 5.000000000000000000 ) ) ;
#342 = VERTEX_POINT ( 'NONE', #918 ) ;
#343 = EDGE_CURVE ( 'NONE', #2985, #787, #2638, .T. ) ;
#344 = AXIS2_PLACEMENT_3D ( 'NONE', #1424, #4792, #2736 ) ;
#345 = CARTESIAN_POINT ( 'NONE',  ( 35.71605004760655788, -42.68046795205373201, 4.999999999999994671 ) ) ;
#346 = DIRECTION ( 'NONE',  ( -1.000000000000000000, 0.000000000000000000, 0.000000000000000000 ) ) ;
#347 = AXIS2_PLACEMENT_3D ( 'NONE', #1056, #106, #3919 ) ;
#348 = CARTESIAN_POINT ( 'NONE',  ( -35.00000000000000000, -58.00000000000000711, 15.00000000000000000 ) ) ;
#349 = ORIENTED_EDGE ( 'NONE', *, *, #1500, .F. ) ;
#350 = ORIENTED_EDGE ( 'NONE', *, *, #1974, .F. ) ;
#351 = CARTESIAN_POINT ( 'NONE',  ( 25.00000000000000000, -4.000000000000000888, 5.000000000000000000 ) ) ;
#352 = DIRECTION ( 'NONE',  ( 0.000000000000000000, 0.000000000000000000, -1.000000000000000000 ) ) ;
#353 = VECTOR ( 'NONE', #4385, 1000.000000000000000 ) ;
#354 = CIRCLE ( 'NONE', #1250, 1.000000000000000888 ) ;
#355 = DIRECTION ( 'NONE',  ( -1.000000000000000000, -0.000000000000000000, -0.000000000000000000 ) ) ;
#356 = AXIS2_PLACEMENT_3D ( 'NONE', #4646, #829, #3834 ) ;
#357 = DIRECTION ( 'NONE',  ( 0.000000000000000000, 0.000000000000000000, -1.000000000000000000 ) ) ;
#358 = ORIENTED_EDGE ( 'NONE', *, *, #1292, .T. ) ;
#359 = CARTESIAN_POINT ( 'NONE',  ( -35.00000000000000000, -63.00000000000000000, 9.999999999999998224 ) ) ;
#360 = LINE ( 'NONE', #414, #3419 ) ;
#361 = VERTEX_POINT ( 'NONE', #5182 ) ;
#362 = LINE ( 'NONE', #2458, #1901 ) ;
#363 = VERTEX_POINT ( 'NONE', #5081 ) ;
#364 = LINE ( 'NONE', #2063, #65 ) ;
#365 = DIRECTION ( 'NONE',  ( -1.000000000000000000, 0.000000000000000000, 0.000000000000000000 ) ) ;
#366 = LINE ( 'NONE', #790, #2833 ) ;
#367 = VERTEX_POINT ( 'NONE', #4315 ) ;
#368 = CARTESIAN_POINT ( 'NONE',  ( 35.25802375059495120, -42.75000000000000000, 5.000000000000000000 ) ) ;
#369 = EDGE_CURVE ( 'NONE', #2347, #844, #5126, .T. ) ;
#370 = ADVANCED_FACE ( 'NONE', ( #501 ), #1752, .F. ) ;
#371 = LINE ( 'NONE', #4584, #1659 ) ;
#372 = EDGE_CURVE ( 'NONE', #468, #652, #423, .T. ) ;
#373 = CARTESIAN_POINT ( 'NONE',  ( 30.00000000000000000, -25.00000000000000000, 11.00000000000000000 ) ) ;
#374 = VECTOR ( 'NONE', #4166, 1000.000000000000000 ) ;
#375 = VERTEX_POINT ( 'NONE', #946 ) ;
#376 = ORIENTED_EDGE ( 'NONE', *, *, #880, .F. ) ;
#377 = DIRECTION ( 'NONE',  ( -0.000000000000000000, -0.000000000000000000, -1.000000000000000000 ) ) ;
#378 = FACE_OUTER_BOUND ( 'NONE', #505, .T. ) ;
#379 = ORIENTED_EDGE ( 'NONE', *, *, #2305, .T. ) ;
#380 = CARTESIAN_POINT ( 'NONE',  ( 44.00000000000000711, -59.00000000000000711, 15.00000000000000000 ) ) ;
#381 = AXIS2_PLACEMENT_3D ( 'NONE', #2285, #3981, #58 ) ;
#382 = EDGE_CURVE ( 'NONE', #2575, #209, #2544, .T. ) ;
#383 = VERTEX_POINT ( 'NONE', #4242 ) ;
#384 = AXIS2_PLACEMENT_3D ( 'NONE', #1967, #2444, #2422 ) ;
#385 = CARTESIAN_POINT ( 'NONE',  ( -37.72338347487981736, -39.53097181436596230, 4.999999999999998224 ) ) ;
#386 = DIRECTION ( 'NONE',  ( -0.000000000000000000, -1.000000000000000000, -0.000000000000000000 ) ) ;
#387 = VERTEX_POINT ( 'NONE', #3406 ) ;
#388 = CARTESIAN_POINT ( 'NONE',  ( 25.00000000000000711, -70.00000000000000000, 5.000000000000000000 ) ) ;
#389 = ORIENTED_EDGE ( 'NONE', *, *, #3265, .F. ) ;
#390 = DIRECTION ( 'NONE',  ( 0.000000000000000000, 0.000000000000000000, 1.000000000000000000 ) ) ;
#391 = FACE_BOUND ( 'NONE', #1104, .T. ) ;
#392 = DIRECTION ( 'NONE',  ( 1.000000000000000000, -0.000000000000000000, -0.000000000000000000 ) ) ;
#393 = CARTESIAN_POINT ( 'NONE',  ( 40.00000000000001421, -18.00000000000000355, 13.99999999999999822 ) ) ;
#394 = VECTOR ( 'NONE', #2828, 1000.000000000000000 ) ;
#395 = ORIENTED_EDGE ( 'NONE', *, *, #1586, .T. ) ;
#396 = CARTESIAN_POINT ( 'NONE',  ( -40.05359831970093865, -42.97385022738306759, 0.000000000000000000 ) ) ;
#397 = AXIS2_PLACEMENT_3D ( 'NONE', #1946, #3675, #4510 ) ;
#398 = CARTESIAN_POINT ( 'NONE',  ( -22.25000000000001066, 60.00000000000000000, 5.000000000000000000 ) ) ;
#399 = DIRECTION ( 'NONE',  ( 0.000000000000000000, -1.000000000000000000, 0.000000000000000000 ) ) ;
#400 = EDGE_CURVE ( 'NONE', #2639, #2580, #3068, .T. ) ;
#401 = VERTEX_POINT ( 'NONE', #3010 ) ;
#402 = ORIENTED_EDGE ( 'NONE', *, *, #2385, .T. ) ;
#403 = DIRECTION ( 'NONE',  ( 6.938893903907227392E-16, 1.000000000000000000, -0.000000000000000000 ) ) ;
#404 = ADVANCED_FACE ( 'NONE', ( #2568 ), #3044, .F. ) ;
#405 = FACE_OUTER_BOUND ( 'NONE', #1548, .T. ) ;
#406 = VERTEX_POINT ( 'NONE', #1339 ) ;
#407 = EDGE_CURVE ( 'NONE', #4351, #2130, #3847, .T. ) ;
#408 = DIRECTION ( 'NONE',  ( 0.000000000000000000, 0.000000000000000000, -1.000000000000000000 ) ) ;
#409 = EDGE_CURVE ( 'NONE', #2683, #1089, #3486, .T. ) ;
#410 = CIRCLE ( 'NONE', #1651, 4.000000000000000000 ) ;
#411 = ADVANCED_FACE ( 'NONE', ( #3789 ), #4292, .T. ) ;
#412 = ORIENTED_EDGE ( 'NONE', *, *, #1423, .F. ) ;
#413 = CARTESIAN_POINT ( 'NONE',  ( 36.82231164300146986, -34.51661283459096552, 0.000000000000000000 ) ) ;
#414 = CARTESIAN_POINT ( 'NONE',  ( -24.00000000000000000, -5.000000000000000000, 15.00000000000000000 ) ) ;
#415 = ORIENTED_EDGE ( 'NONE', *, *, #2582, .T. ) ;
#416 = DIRECTION ( 'NONE',  ( 0.000000000000000000, -1.000000000000000000, 0.000000000000000000 ) ) ;
#417 = AXIS2_PLACEMENT_3D ( 'NONE', #5415, #4641, #823 ) ;
#418 = AXIS2_PLACEMENT_3D ( 'NONE', #737, #1927, #266 ) ;
#419 = VERTEX_POINT ( 'NONE', #531 ) ;
#420 = DIRECTION ( 'NONE',  ( 0.000000000000000000, -0.000000000000000000, -1.000000000000000000 ) ) ;
#421 = CARTESIAN_POINT ( 'NONE',  ( 24.99999999999999289, 60.00000000000000000, 5.000000000000000000 ) ) ;
#422 = AXIS2_PLACEMENT_3D ( 'NONE', #1985, #788, #4129 ) ;
#423 = LINE ( 'NONE', #1263, #3786 ) ;
#424 = CARTESIAN_POINT ( 'NONE',  ( -45.00000000000000711, -58.00000000000000000, 15.00000000000000000 ) ) ;
#425 = ORIENTED_EDGE ( 'NONE', *, *, #3912, .F. ) ;
#426 = CARTESIAN_POINT ( 'NONE',  ( -36.28204753555841222, -37.54431123175683638, 5.000000000000006217 ) ) ;
#427 = LINE ( 'NONE', #3436, #4329 ) ;
#428 = ORIENTED_EDGE ( 'NONE', *, *, #1678, .T. ) ;
#429 = ORIENTED_EDGE ( 'NONE', *, *, #4461, .F. ) ;
#430 = DIRECTION ( 'NONE',  ( 0.000000000000000000, 0.000000000000000000, 1.000000000000000000 ) ) ;
#431 = CARTESIAN_POINT ( 'NONE',  ( -25.00000000000000711, 60.00000000000000000, 2.149999999999999911 ) ) ;
#432 = ORIENTED_EDGE ( 'NONE', *, *, #409, .F. ) ;
#433 = CIRCLE ( 'NONE', #1059, 5.000000000000000000 ) ;
#434 = EDGE_CURVE ( 'NONE', #4770, #4667, #4728, .T. ) ;
#435 = LINE ( 'NONE', #5063, #2587 ) ;
#436 = CIRCLE ( 'NONE', #2493, 5.000000000000000000 ) ;
#437 = VECTOR ( 'NONE', #4069, 1000.000000000000000 ) ;
#439 = ADVANCED_FACE ( 'NONE', ( #3925 ), #2654, .F. ) ;
#438 = VECTOR ( 'NONE', #1015, 1000.000000000000000 ) ;
#440 = ORIENTED_EDGE ( 'NONE', *, *, #3974, .T. ) ;
#441 = EDGE_CURVE ( 'NONE', #4574, #5240, #241, .T. ) ;
#442 = CARTESIAN_POINT ( 'NONE',  ( 35.71605004760655788, -42.68046795205373201, 4.999999999999994671 ) ) ;
#443 = LINE ( 'NONE', #3034, #4538 ) ;
#444 = ORIENTED_EDGE ( 'NONE', *, *, #4829, .T. ) ;
#445 = EDGE_CURVE ( 'NONE', #4113, #1984, #2330, .T. ) ;
#446 = VECTOR ( 'NONE', #5421, 1000.000000000000000 ) ;
#447 = AXIS2_PLACEMENT_3D ( 'NONE', #2516, #4213, #390 ) ;
#448 = PLANE ( 'NONE',  #574 ) ;
#449 = ORIENTED_EDGE ( 'NONE', *, *, #3481, .T. ) ;
#450 = FACE_OUTER_BOUND ( 'NONE', #4443, .T. ) ;
#451 = CIRCLE ( 'NONE', #3391, 2.749999999999999112 ) ;
#452 = CARTESIAN_POINT ( 'NONE',  ( -20.00000000000000000, 0.000000000000000000, 9.999999999999998224 ) ) ;
#453 = DIRECTION ( 'NONE',  ( -6.938893903907227392E-16, -1.000000000000000000, 0.000000000000000000 ) ) ;
#454 = ORIENTED_EDGE ( 'NONE', *, *, #1292, .F. ) ;
#455 = CARTESIAN_POINT ( 'NONE',  ( -36.74548407698654984, -42.14751394714358668, 4.999999999999996447 ) ) ;
#456 = EDGE_CURVE ( 'NONE', #464, #18, #1521, .T. ) ;
#457 = DIRECTION ( 'NONE',  ( -1.000000000000000000, 0.000000000000000000, 0.000000000000000000 ) ) ;
#458 = EDGE_LOOP ( 'NONE', ( #1045, #1600, #4930, #2849 ) ) ;
#459 = EDGE_LOOP ( 'NONE', ( #3840, #3365, #5121, #4065 ) ) ;
#460 = DIRECTION ( 'NONE',  ( 1.000000000000000000, 0.000000000000000000, 0.000000000000000000 ) ) ;
#461 = FACE_OUTER_BOUND ( 'NONE', #1838, .T. ) ;
#462 = EDGE_LOOP ( 'NONE', ( #1543, #3893 ) ) ;
#463 = LINE ( 'NONE', #4331, #4102 ) ;
#464 = VERTEX_POINT ( 'NONE', #4976 ) ;
#465 = VECTOR ( 'NONE', #1780, 1000.000000000000000 ) ;
#466 = CARTESIAN_POINT ( 'NONE',  ( -35.71605004760652946, -42.68046795205369648, 5.000000000000005329 ) ) ;
#467 = CARTESIAN_POINT ( 'NONE',  ( -21.00000000000000000, 0.000000000000000000, 9.999999999999998224 ) ) ;
#468 = VERTEX_POINT ( 'NONE', #3668 ) ;
#469 = ADVANCED_FACE ( 'NONE', ( #298 ), #2844, .T. ) ;
#470 = ADVANCED_FACE ( 'NONE', ( #1932 ), #2515, .T. ) ;
#471 = CYLINDRICAL_SURFACE ( 'NONE', #4228, 5.000000000000000000 ) ;
#472 = EDGE_CURVE ( 'NONE', #2538, #3902, #5025, .T. ) ;
#473 = VERTEX_POINT ( 'NONE', #1992 ) ;
#474 = CARTESIAN_POINT ( 'NONE',  ( 24.00000000000000000, 5.000000000000000000, 5.000000000000000000 ) ) ;
#475 = CARTESIAN_POINT ( 'NONE',  ( 35.00000000000000000, -13.00000000000000178, 15.00000000000000000 ) ) ;
#476 = DIRECTION ( 'NONE',  ( 1.000000000000000000, 0.000000000000000000, -0.000000000000000000 ) ) ;
#477 = ORIENTED_EDGE ( 'NONE', *, *, #4388, .T. ) ;
#478 = DIRECTION ( 'NONE',  ( 0.000000000000000000, 0.000000000000000000, 1.000000000000000000 ) ) ;
#479 = EDGE_CURVE ( 'NONE', #1297, #743, #5337, .T. ) ;
#480 = DIRECTION ( 'NONE',  ( -0.000000000000000000, -0.000000000000000000, -1.000000000000000000 ) ) ;
#481 = AXIS2_PLACEMENT_3D ( 'NONE', #1982, #3683, #197 ) ;
#482 = ORIENTED_EDGE ( 'NONE', *, *, #1053, .F. ) ;
#483 = ORIENTED_EDGE ( 'NONE', *, *, #1970, .T. ) ;
#484 = CARTESIAN_POINT ( 'NONE',  ( -21.00000000000000000, 0.000000000000000000, 9.999999999999998224 ) ) ;
#485 = AXIS2_PLACEMENT_3D ( 'NONE', #4877, #259, #1950 ) ;
#486 = CARTESIAN_POINT ( 'NONE',  ( -24.99999999999999645, -55.00000000000000000, 11.00000000000000000 ) ) ;
#487 = VERTEX_POINT ( 'NONE', #5364 ) ;
#488 = DIRECTION ( 'NONE',  ( 0.000000000000000000, 0.000000000000000000, 1.000000000000000000 ) ) ;
#489 = CARTESIAN_POINT ( 'NONE',  ( 30.00000000000000000, -25.00000000000000000, 11.00000000000000000 ) ) ;
#490 = VERTEX_POINT ( 'NONE', #1547 ) ;
#491 = AXIS2_PLACEMENT_3D ( 'NONE', #3397, #4260, #1745 ) ;
#492 = CARTESIAN_POINT ( 'NONE',  ( -18.00748767465333344, -42.75000000000000000, 4.999999999999991118 ) ) ;
#493 = CARTESIAN_POINT ( 'NONE',  ( 24.99999999999999289, 60.00000000000000000, 5.000000000000000000 ) ) ;
#494 = COLOUR_RGB ( '',0.7921568627450980005, 0.8196078431372548767, 0.9333333333333333481 ) ;
#495 = FACE_OUTER_BOUND ( 'NONE', #2999, .T. ) ;
#496 = ORIENTED_EDGE ( 'NONE', *, *, #1903, .F. ) ;
#497 = VECTOR ( 'NONE', #4313, 1000.000000000000000 ) ;
#498 = ADVANCED_FACE ( 'NONE', ( #5442 ), #1189, .F. ) ;
#499 = DIRECTION ( 'NONE',  ( 0.000000000000000000, -0.000000000000000000, 1.000000000000000000 ) ) ;
#500 = LINE ( 'NONE', #2685, #4509 ) ;
#501 = FACE_OUTER_BOUND ( 'NONE', #207, .T. ) ;
#502 = DIRECTION ( 'NONE',  ( 0.000000000000000000, 0.000000000000000000, -1.000000000000000000 ) ) ;
#503 = CIRCLE ( 'NONE', #151, 6.250000000000005329 ) ;
#504 = AXIS2_PLACEMENT_3D ( 'NONE', #1044, #3491, #1406 ) ;
#505 = EDGE_LOOP ( 'NONE', ( #3557, #4472, #913, #1758 ) ) ;
#506 = CARTESIAN_POINT ( 'NONE',  ( -34.99999999779716831, -34.25000000000000000, 0.000000000000000000 ) ) ;
#507 = ORIENTED_EDGE ( 'NONE', *, *, #2495, .T. ) ;
#508 = EDGE_CURVE ( 'NONE', #1567, #1408, #2892, .T. ) ;
#509 = VECTOR ( 'NONE', #2346, 1000.000000000000000 ) ;
#510 = CARTESIAN_POINT ( 'NONE',  ( -25.00000000000000000, 4.000000000000000000, 9.999999999999998224 ) ) ;
#511 = VERTEX_POINT ( 'NONE', #3250 ) ;
#512 = ORIENTED_EDGE ( 'NONE', *, *, #2080, .T. ) ;
#513 = EDGE_CURVE ( 'NONE', #1831, #4084, #1622, .T. ) ;
#514 = CARTESIAN_POINT ( 'NONE',  ( -40.00000000000000000, -59.00000000000000711, 15.00000000000000000 ) ) ;
#515 = EDGE_CURVE ( 'NONE', #1928, #4279, #3276, .T. ) ;
#516 = CARTESIAN_POINT ( 'NONE',  ( 15.00000000000000533, 0.000000000000000000, 9.999999999999998224 ) ) ;
#517 = ORIENTED_EDGE ( 'NONE', *, *, #4946, .F. ) ;
#518 = FACE_OUTER_BOUND ( 'NONE', #2566, .T. ) ;
#519 = CARTESIAN_POINT ( 'NONE',  ( -19.99999999999998579, -25.00000000000000000, 5.000000000000000000 ) ) ;
#520 = ORIENTED_EDGE ( 'NONE', *, *, #4940, .T. ) ;
#521 = ORIENTED_EDGE ( 'NONE', *, *, #1700, .F. ) ;
#522 = EDGE_CURVE ( 'NONE', #1477, #2381, #2780, .T. ) ;
#523 = DIRECTION ( 'NONE',  ( 0.7071067811865477948, 0.000000000000000000, 0.7071067811865473507 ) ) ;
#524 = CARTESIAN_POINT ( 'NONE',  ( 44.00000000000000711, -63.00000000000000000, 5.000000000000000000 ) ) ;
#525 = DIRECTION ( 'NONE',  ( 1.000000000000000000, -0.000000000000000000, -0.000000000000000000 ) ) ;
#526 = DIRECTION ( 'NONE',  ( 0.000000000000000000, 0.000000000000000000, -1.000000000000000000 ) ) ;
#527 = ORIENTED_EDGE ( 'NONE', *, *, #747, .F. ) ;
#528 = VECTOR ( 'NONE', #588, 1000.000000000000000 ) ;
#529 = FACE_OUTER_BOUND ( 'NONE', #2966, .T. ) ;
#530 = LINE ( 'NONE', #2229, #2107 ) ;
#531 = CARTESIAN_POINT ( 'NONE',  ( -39.99999999999997868, -81.25000000000001421, 5.000000000000000000 ) ) ;
#532 = DIRECTION ( 'NONE',  ( -0.7071067811865477948, 8.659560562354936556E-17, 0.7071067811865473507 ) ) ;
#533 = ORIENTED_EDGE ( 'NONE', *, *, #5513, .T. ) ;
#534 = PLANE ( 'NONE',  #4266 ) ;
#535 = ORIENTED_EDGE ( 'NONE', *, *, #1845, .F. ) ;
#536 = LINE ( 'NONE', #4712, #4066 ) ;
#537 = ORIENTED_EDGE ( 'NONE', *, *, #4691, .F. ) ;
#538 = ORIENTED_EDGE ( 'NONE', *, *, #1014, .T. ) ;
#539 = FACE_OUTER_BOUND ( 'NONE', #1102, .T. ) ;
#540 = EDGE_CURVE ( 'NONE', #2630, #3115, #1923, .T. ) ;
#541 = LINE ( 'NONE', #5193, #3907 ) ;
#542 = EDGE_CURVE ( 'NONE', #1461, #1175, #1220, .T. ) ;
#543 = VERTEX_POINT ( 'NONE', #4136 ) ;
#544 = EDGE_CURVE ( 'NONE', #1076, #4105, #324, .T. ) ;
#545 = CARTESIAN_POINT ( 'NONE',  ( -44.00000000000001421, -18.00000000000000355, 5.000000000000000000 ) ) ;
#546 = DIRECTION ( 'NONE',  ( -1.000000000000000000, 0.000000000000000000, 0.000000000000000000 ) ) ;
#547 = EDGE_LOOP ( 'NONE', ( #4177, #4376, #1318, #3022 ) ) ;
#548 = ORIENTED_EDGE ( 'NONE', *, *, #372, .F. ) ;
#549 = CYLINDRICAL_SURFACE ( 'NONE', #5, 1.000000000000000888 ) ;
#550 = LINE ( 'NONE', #3120, #5506 ) ;
#551 = CARTESIAN_POINT ( 'NONE',  ( -44.00000000000000711, -62.00000000000000000, 15.00000000000000000 ) ) ;
#552 = CARTESIAN_POINT ( 'NONE',  ( 40.00000000000000000, -58.00000000000000711, 13.99999999999999822 ) ) ;
#553 = ORIENTED_EDGE ( 'NONE', *, *, #992, .T. ) ;
#554 = DIRECTION ( 'NONE',  ( -0.000000000000000000, 1.000000000000000000, -0.000000000000000000 ) ) ;
#555 = CARTESIAN_POINT ( 'NONE',  ( 40.00000000000000711, -58.00000000000000711, 9.999999999999998224 ) ) ;
#556 = AXIS2_PLACEMENT_3D ( 'NONE', #3658, #5354, #1981 ) ;
#557 = CARTESIAN_POINT ( 'NONE',  ( 30.00000000000000711, -42.74999999999999289, 4.999999999999999112 ) ) ;
#558 = ORIENTED_EDGE ( 'NONE', *, *, #3271, .F. ) ;
#559 = FACE_BOUND ( 'NONE', #116, .T. ) ;
#560 = ORIENTED_EDGE ( 'NONE', *, *, #1828, .T. ) ;
#561 = CARTESIAN_POINT ( 'NONE',  ( 24.00000000000000000, -5.000000000000000000, 15.00000000000000000 ) ) ;
#562 = DIRECTION ( 'NONE',  ( 1.000000000000000000, 0.000000000000000000, 0.000000000000000000 ) ) ;
#563 = CARTESIAN_POINT ( 'NONE',  ( -22.24999999999999645, -70.00000000000000000, 2.149999999999999911 ) ) ;
#564 = DIRECTION ( 'NONE',  ( 1.000000000000000000, -6.938893903907227392E-16, 0.000000000000000000 ) ) ;
#565 = ORIENTED_EDGE ( 'NONE', *, *, #4289, .T. ) ;
#566 = DIRECTION ( 'NONE',  ( 0.000000000000000000, 0.000000000000000000, 1.000000000000000000 ) ) ;
#567 = EDGE_CURVE ( 'NONE', #5489, #1940, #5485, .T. ) ;
#568 = DIRECTION ( 'NONE',  ( 0.000000000000000000, -1.000000000000000000, 0.000000000000000000 ) ) ;
#569 = DIRECTION ( 'NONE',  ( 0.000000000000000000, 1.000000000000000000, 0.000000000000000000 ) ) ;
#570 = EDGE_CURVE ( 'NONE', #4524, #2920, #5469, .T. ) ;
#571 = ORIENTED_EDGE ( 'NONE', *, *, #2280, .T. ) ;
#572 = ORIENTED_EDGE ( 'NONE', *, *, #3651, .T. ) ;
#573 = VECTOR ( 'NONE', #1887, 1000.000000000000000 ) ;
#574 = AXIS2_PLACEMENT_3D ( 'NONE', #5150, #2146, #54 ) ;
#575 = ORIENTED_EDGE ( 'NONE', *, *, #4526, .F. ) ;
#576 = EDGE_CURVE ( 'NONE', #4661, #3968, #1681, .T. ) ;
#577 = CARTESIAN_POINT ( 'NONE',  ( 43.12499999999998579, -58.00000000000000711, 5.000000000000000000 ) ) ;
#578 = FACE_OUTER_BOUND ( 'NONE', #4969, .T. ) ;
#579 = DIRECTION ( 'NONE',  ( 1.000000000000000000, -0.000000000000000000, 0.000000000000000000 ) ) ;
#580 = EDGE_CURVE ( 'NONE', #383, #4235, #5041, .T. ) ;
#581 = CARTESIAN_POINT ( 'NONE',  ( 0.000000000000000000, -65.25000000000001421, 10.00000000000000000 ) ) ;
#582 = ORIENTED_EDGE ( 'NONE', *, *, #3608, .T. ) ;
#583 = VECTOR ( 'NONE', #851, 1000.000000000000000 ) ;
#584 = DIRECTION ( 'NONE',  ( 0.000000000000000000, -1.000000000000000000, 0.000000000000000000 ) ) ;
#585 = CARTESIAN_POINT ( 'NONE',  ( 45.00000000000001421, -14.00000000000000178, 5.000000000000000000 ) ) ;
#586 = CARTESIAN_POINT ( 'NONE',  ( -20.00000000000000000, 4.000000000000000000, 9.999999999999998224 ) ) ;
#587 = EDGE_LOOP ( 'NONE', ( #890, #4531, #3138, #4819 ) ) ;
#588 = DIRECTION ( 'NONE',  ( 0.000000000000000000, 0.000000000000000000, -1.000000000000000000 ) ) ;
#589 = ORIENTED_EDGE ( 'NONE', *, *, #2139, .T. ) ;
#590 = CARTESIAN_POINT ( 'NONE',  ( 40.00000000000001421, -81.25000000000001421, 5.000000000000000000 ) ) ;
#591 = LINE ( 'NONE', #4494, #5319 ) ;
#592 = CARTESIAN_POINT ( 'NONE',  ( 35.00000000000000000, -59.00000000000001421, 9.999999999999998224 ) ) ;
#593 = DIRECTION ( 'NONE',  ( -1.000000000000000000, 0.000000000000000000, -0.000000000000000000 ) ) ;
#594 = ORIENTED_EDGE ( 'NONE', *, *, #983, .T. ) ;
#595 = AXIS2_PLACEMENT_3D ( 'NONE', #1876, #2295, #4949 ) ;
#596 = LINE ( 'NONE', #2721, #2832 ) ;
#597 = LINE ( 'NONE', #519, #1631 ) ;
#598 = ORIENTED_EDGE ( 'NONE', *, *, #1698, .T. ) ;
#599 = ORIENTED_EDGE ( 'NONE', *, *, #4974, .T. ) ;
#600 = EDGE_CURVE ( 'NONE', #4113, #1892, #3039, .T. ) ;
#601 = ORIENTED_EDGE ( 'NONE', *, *, #540, .T. ) ;
#602 = DIRECTION ( 'NONE',  ( -0.000000000000000000, -0.000000000000000000, 1.000000000000000000 ) ) ;
#603 = CARTESIAN_POINT ( 'NONE',  ( -38.99799672150838603, -35.74710240303190290, 0.000000000000000000 ) ) ;
#604 = FACE_OUTER_BOUND ( 'NONE', #4038, .T. ) ;
#605 = EDGE_CURVE ( 'NONE', #3525, #2258, #1834, .T. ) ;
#606 = DIRECTION ( 'NONE',  ( -0.000000000000000000, 0.000000000000000000, -1.000000000000000000 ) ) ;
#607 = EDGE_CURVE ( 'NONE', #4746, #4650, #942, .T. ) ;
#608 = ORIENTED_EDGE ( 'NONE', *, *, #2729, .F. ) ;
#609 = EDGE_CURVE ( 'NONE', #3934, #2096, #917, .T. ) ;
#610 = VECTOR ( 'NONE', #554, 1000.000000000000000 ) ;
#611 = DIRECTION ( 'NONE',  ( 1.000000000000000000, -0.000000000000000000, -0.000000000000000000 ) ) ;
#612 = CARTESIAN_POINT ( 'NONE',  ( 21.00000000000000000, 4.000000000000000000, 9.999999999999998224 ) ) ;
#613 = CARTESIAN_POINT ( 'NONE',  ( 44.00000000000001421, -14.00000000000000178, 5.000000000000000888 ) ) ;
#614 = ORIENTED_EDGE ( 'NONE', *, *, #3378, .F. ) ;
#615 = CARTESIAN_POINT ( 'NONE',  ( -15.00000000000000533, -3.000000000000000888, 5.000000000000000000 ) ) ;
#616 = VECTOR ( 'NONE', #25, 1000.000000000000000 ) ;
#617 = VERTEX_POINT ( 'NONE', #4344 ) ;
#618 = TOROIDAL_SURFACE ( 'NONE', #2943, 4.000000000000000000, 1.000000000000000000 ) ;
#619 = DIRECTION ( 'NONE',  ( 0.000000000000000000, 0.000000000000000000, 1.000000000000000000 ) ) ;
#620 = DIRECTION ( 'NONE',  ( -0.000000000000000000, -1.000000000000000000, -0.000000000000000000 ) ) ;
#621 = LINE ( 'NONE', #2745, #4686 ) ;
#622 = AXIS2_PLACEMENT_3D ( 'NONE', #4140, #1604, #3613 ) ;
#623 = EDGE_LOOP ( 'NONE', ( #1549, #4738, #3107, #4282, #68, #1786, #4993, #1935, #3780 ) ) ;
#624 = CARTESIAN_POINT ( 'NONE',  ( 36.74548407698661379, -37.85248605285640622, 5.000000000000000888 ) ) ;
#625 = ADVANCED_FACE ( 'NONE', ( #85 ), #4222, .F. ) ;
#626 = ORIENTED_EDGE ( 'NONE', *, *, #4696, .T. ) ;
#627 = CONICAL_SURFACE ( 'NONE', #2137, 5.600000000000000533, 0.7853981633974485010 ) ;
#628 = CARTESIAN_POINT ( 'NONE',  ( 44.00000000000000711, -59.00000000000000711, 9.999999999999998224 ) ) ;
#629 = CARTESIAN_POINT ( 'NONE',  ( 40.00000000000000000, 74.99999999999998579, 0.000000000000000000 ) ) ;
#630 = VERTEX_POINT ( 'NONE', #2099 ) ;
#631 = EDGE_LOOP ( 'NONE', ( #533, #4742, #2336, #4132 ) ) ;
#632 = VECTOR ( 'NONE', #2610, 1000.000000000000000 ) ;
#633 = CARTESIAN_POINT ( 'NONE',  ( -40.00000000000001421, -13.00000000000000178, 13.99999999999999822 ) ) ;
#634 = PLANE ( 'NONE',  #2768 ) ;
#635 = DIRECTION ( 'NONE',  ( -1.000000000000000000, 0.000000000000000000, 0.000000000000000000 ) ) ;
#636 = FACE_OUTER_BOUND ( 'NONE', #4615, .T. ) ;
#637 = FACE_OUTER_BOUND ( 'NONE', #5328, .T. ) ;
#638 = VERTEX_POINT ( 'NONE', #373 ) ;
#639 = ADVANCED_FACE ( 'NONE', ( #3767 ), #4642, .F. ) ;
#640 = VECTOR ( 'NONE', #4950, 1000.000000000000000 ) ;
#641 = CARTESIAN_POINT ( 'NONE',  ( -40.00000000000001421, -17.00000000000000000, 15.00000000000000000 ) ) ;
#642 = DIRECTION ( 'NONE',  ( -0.000000000000000000, -0.000000000000000000, -1.000000000000000000 ) ) ;
#643 = EDGE_CURVE ( 'NONE', #4436, #4987, #500, .T. ) ;
#644 = DIRECTION ( 'NONE',  ( 1.000000000000000000, 0.000000000000000000, 0.000000000000000000 ) ) ;
#645 = ORIENTED_EDGE ( 'NONE', *, *, #284, .F. ) ;
#646 = EDGE_CURVE ( 'NONE', #679, #401, #1778, .T. ) ;
#647 = ORIENTED_EDGE ( 'NONE', *, *, #2723, .T. ) ;
#648 = LINE ( 'NONE', #202, #5048 ) ;
#649 = VECTOR ( 'NONE', #2710, 1000.000000000000000 ) ;
#650 = CARTESIAN_POINT ( 'NONE',  ( 40.00000000000000000, -13.00000000000000178, 9.999999999999998224 ) ) ;
#651 = CARTESIAN_POINT ( 'NONE',  ( 20.00000000000001066, -25.00000000000000000, 11.00000000000000000 ) ) ;
#652 = VERTEX_POINT ( 'NONE', #1364 ) ;
#653 = CARTESIAN_POINT ( 'NONE',  ( -8.673617379884035472E-15, -34.25000000000004263, 0.000000000000000000 ) ) ;
#654 = VERTEX_POINT ( 'NONE', #3067 ) ;
#655 = VECTOR ( 'NONE', #327, 1000.000000000000000 ) ;
#656 = FACE_OUTER_BOUND ( 'NONE', #4836, .T. ) ;
#657 = CARTESIAN_POINT ( 'NONE',  ( 24.00000000000000000, -4.000000000000000888, 5.000000000000000888 ) ) ;
#658 = ORIENTED_EDGE ( 'NONE', *, *, #3947, .F. ) ;
#659 = ORIENTED_EDGE ( 'NONE', *, *, #2900, .T. ) ;
#660 = DIRECTION ( 'NONE',  ( -1.000000000000000000, 0.000000000000000000, 0.000000000000000000 ) ) ;
#661 = LINE ( 'NONE', #215, #265 ) ;
#662 = ORIENTED_EDGE ( 'NONE', *, *, #988, .F. ) ;
#663 = DIRECTION ( 'NONE',  ( 0.000000000000000000, -1.000000000000000000, 0.000000000000000000 ) ) ;
#664 = CARTESIAN_POINT ( 'NONE',  ( -45.00000000000000711, -63.00000000000000000, 5.000000000000000000 ) ) ;
#665 = VECTOR ( 'NONE', #1179, 1000.000000000000000 ) ;
#666 = FILL_AREA_STYLE ('',( #4483 ) ) ;
#667 = EDGE_LOOP ( 'NONE', ( #520, #4258, #3835, #2989 ) ) ;
#668 = STYLED_ITEM ( 'NONE', ( #1448 ), #5440 ) ;
#669 = DIRECTION ( 'NONE',  ( 0.000000000000000000, 0.000000000000000000, 1.000000000000000000 ) ) ;
#670 = CARTESIAN_POINT ( 'NONE',  ( 21.00000000000000000, -5.000000000000000000, 9.999999999999998224 ) ) ;
#671 = DIRECTION ( 'NONE',  ( 0.000000000000000000, -1.000000000000000000, 0.000000000000000000 ) ) ;
#672 = DIRECTION ( 'NONE',  ( -1.000000000000000000, 0.000000000000000000, 0.000000000000000000 ) ) ;
#673 = ORIENTED_EDGE ( 'NONE', *, *, #4118, .T. ) ;
#674 = EDGE_CURVE ( 'NONE', #5007, #40, #530, .T. ) ;
#675 = EDGE_LOOP ( 'NONE', ( #3791, #1321, #565, #1278, #2546, #1859, #1666, #1655, #5233 ) ) ;
#676 = CARTESIAN_POINT ( 'NONE',  ( 40.00000000000001421, -14.00000000000000178, 15.00000000000000000 ) ) ;
#677 = CIRCLE ( 'NONE', #5214, 3.999999999999996447 ) ;
#678 = AXIS2_PLACEMENT_3D ( 'NONE', #3662, #5358, #5410 ) ;
#679 = VERTEX_POINT ( 'NONE', #2071 ) ;
#680 = CARTESIAN_POINT ( 'NONE',  ( 35.25802375059495120, -37.24999999999999289, 5.000000000000000000 ) ) ;
#681 = EDGE_CURVE ( 'NONE', #3852, #4650, #2188, .T. ) ;
#682 = ORIENTED_EDGE ( 'NONE', *, *, #2276, .F. ) ;
#683 = DIRECTION ( 'NONE',  ( 1.000000000000000000, 0.000000000000000000, 0.000000000000000000 ) ) ;
#684 = EDGE_CURVE ( 'NONE', #406, #5012, #3376, .T. ) ;
#685 = CARTESIAN_POINT ( 'NONE',  ( 20.00000000000001066, -25.00000000000000000, 11.00000000000000000 ) ) ;
#686 = VECTOR ( 'NONE', #3952, 1000.000000000000000 ) ;
#687 = ORIENTED_EDGE ( 'NONE', *, *, #643, .T. ) ;
#688 = EDGE_LOOP ( 'NONE', ( #527, #3732, #5267, #2446 ) ) ;
#689 = CARTESIAN_POINT ( 'NONE',  ( -36.00000000000000711, -18.00000000000000355, 15.00000000000000000 ) ) ;
#690 = CARTESIAN_POINT ( 'NONE',  ( 20.00000000000000711, -42.74999999999999289, 4.999999999999997335 ) ) ;
#691 = AXIS2_PLACEMENT_3D ( 'NONE', #5412, #3296, #4968 ) ;
#692 = CYLINDRICAL_SURFACE ( 'NONE', #1077, 2.749999999999999112 ) ;
#693 = AXIS2_PLACEMENT_3D ( 'NONE', #3958, #2261, #1841 ) ;
#694 = DIRECTION ( 'NONE',  ( 1.000000000000000000, 0.000000000000000000, 0.000000000000000000 ) ) ;
#695 = DIRECTION ( 'NONE',  ( 0.000000000000000000, 0.000000000000000000, -1.000000000000000000 ) ) ;
#696 = ADVANCED_FACE ( 'NONE', ( #1394 ), #3095, .T. ) ;
#697 = EDGE_LOOP ( 'NONE', ( #2592, #3636, #659, #601 ) ) ;
#698 = FACE_OUTER_BOUND ( 'NONE', #3308, .T. ) ;
#699 = FACE_OUTER_BOUND ( 'NONE', #2083, .T. ) ;
#700 = DIRECTION ( 'NONE',  ( 0.000000000000000000, -1.000000000000000000, 0.000000000000000000 ) ) ;
#701 = DIRECTION ( 'NONE',  ( 0.000000000000000000, 0.000000000000000000, 1.000000000000000000 ) ) ;
#702 = AXIS2_PLACEMENT_3D ( 'NONE', #2909, #1235, #816 ) ;
#703 = EDGE_LOOP ( 'NONE', ( #993, #5394, #2608, #3535 ) ) ;
#704 = DIRECTION ( 'NONE',  ( 1.000000000000000000, 0.000000000000000000, -0.000000000000000000 ) ) ;
#705 = CARTESIAN_POINT ( 'NONE',  ( -40.00000000000000711, 81.24999999999998579, 12.00000000000000000 ) ) ;
#706 = AXIS2_PLACEMENT_3D ( 'NONE', #2788, #722, #2815 ) ;
#707 = DIRECTION ( 'NONE',  ( -1.000000000000000000, 0.000000000000000000, -1.040834085586084848E-15 ) ) ;
#708 = AXIS2_PLACEMENT_3D ( 'NONE', #3938, #1379, #4835 ) ;
#709 = AXIS2_PLACEMENT_3D ( 'NONE', #555, #4372, #3537 ) ;
#710 = ORIENTED_EDGE ( 'NONE', *, *, #2000, .F. ) ;
#711 = CARTESIAN_POINT ( 'NONE',  ( -28.81710979338332379, -34.25000000000000000, 0.000000000000000000 ) ) ;
#712 = VECTOR ( 'NONE', #3410, 1000.000000000000000 ) ;
#713 = DIRECTION ( 'NONE',  ( 0.000000000000000000, 0.000000000000000000, -1.000000000000000000 ) ) ;
#714 = DIRECTION ( 'NONE',  ( 1.000000000000000000, 0.000000000000000000, -0.000000000000000000 ) ) ;
#716 = EDGE_CURVE ( 'NONE', #5212, #1662, #973, .T. ) ;
#715 = CIRCLE ( 'NONE', #3468, 1.000000000000000888 ) ;
#717 = VERTEX_POINT ( 'NONE', #1214 ) ;
#718 = ORIENTED_EDGE ( 'NONE', *, *, #3910, .F. ) ;
#719 = DIRECTION ( 'NONE',  ( -1.000000000000000000, 0.000000000000000000, 0.000000000000000000 ) ) ;
#720 = EDGE_CURVE ( 'NONE', #1299, #3389, #1684, .T. ) ;
#721 = VECTOR ( 'NONE', #2882, 1000.000000000000000 ) ;
#722 = DIRECTION ( 'NONE',  ( -1.000000000000000000, 0.000000000000000000, -0.000000000000000000 ) ) ;
#723 = ORIENTED_EDGE ( 'NONE', *, *, #3232, .T. ) ;
#724 = EDGE_CURVE ( 'NONE', #3714, #4046, #4847, .T. ) ;
#725 = DIRECTION ( 'NONE',  ( 1.000000000000000000, 0.000000000000000000, 0.000000000000000000 ) ) ;
#726 = AXIS2_PLACEMENT_3D ( 'NONE', #3913, #99, #5195 ) ;
#727 = B_SPLINE_SURFACE_WITH_KNOTS ( 'NONE', 3, 1, ( 
 ( #3222, #1517 ),
 ( #1103, #711 ),
 ( #4858, #1960 ),
 ( #5302, #653 ),
 ( #2017, #236 ),
 ( #2351, #4044 ),
 ( #680, #4110 ),
 ( #1159, #3665 ),
 ( #2382, #2747 ),
 ( #624, #5361 ),
 ( #739, #1544 ),
 ( #3246, #2415 ),
 ( #1491, #296 ),
 ( #1990, #3689 ),
 ( #1462, #2865 ),
 ( #3162, #4684 ),
 ( #793, #2067 ),
 ( #4195, #4662 ),
 ( #2913, #4245 ),
 ( #345, #1211 ),
 ( #368, #1592 ),
 ( #3765, #2990 ),
 ( #4219, #845 ),
 ( #5105, #4611 ),
 ( #2890, #1185 ),
 ( #2942, #4998 ),
 ( #870, #3298 ),
 ( #1619, #2043 ),
 ( #5496, #2572 ),
 ( #455, #5023 ),
 ( #1240, #4640 ),
 ( #1290, #396 ),
 ( #2496, #4581 ),
 ( #766, #2097 ),
 ( #4271, #3792 ),
 ( #2153, #4163 ),
 ( #3739, #5084 ),
 ( #5414, #1267 ),
 ( #426, #2466 ),
 ( #5439, #1707 ),
 ( #3324, #5467 ),
 ( #1646, #3350 ) ),
 .UNSPECIFIED., .T., .F., .F.,
 ( 4, 1, 1, 1, 2, 1, 1, 1, 1, 1, 1, 1, 1, 1, 1, 1, 1, 1, 2, 1, 1, 1, 2, 1, 1, 1, 1, 1, 1, 1, 1, 1, 1, 1, 1, 1, 4 ),
 ( 2, 2 ),
 ( 0.000000000000000000, 0.1053133936214546429, 0.2106267872429092858, 0.3159401808643639842, 0.4212535744858185716, 0.4261752260804549386, 0.4310968776750911946, 0.4360185292697275061, 0.4409401808643638732, 0.4507834840536366072, 0.4557051356482728632, 0.4606267872429092858, 0.4655484388375454863, 0.4704700904321819088, 0.4803133936214546429, 0.4852350452160910099, 0.4901566968107272659, 0.4950783484053635775, 0.4999999999999999445, 0.6053133936214547539, 0.7106267872429091748, 0.8159401808643638176, 0.9212535744858185716, 0.9261752260804548831, 0.9310968776750913056, 0.9360185292697276171, 0.9409401808643640397, 0.9507834840536367738, 0.9557051356482729743, 0.9606267872429092858, 0.9655484388375457083, 0.9704700904321817978, 0.9803133936214545319, 0.9852350452160909544, 0.9901566968107272659, 0.9950783484053636885, 1.000000000000000000 ),
 ( 0.000000000000000000, 1.000000000000000000 ),
 .UNSPECIFIED. ) ;
#728 = DIRECTION ( 'NONE',  ( -0.000000000000000000, -1.000000000000000000, -0.000000000000000000 ) ) ;
#729 = VERTEX_POINT ( 'NONE', #1535 ) ;
#730 = DIRECTION ( 'NONE',  ( -0.000000000000000000, -0.000000000000000000, 1.000000000000000000 ) ) ;
#731 = CARTESIAN_POINT ( 'NONE',  ( -40.00000000000001421, -14.00000000000000178, 9.999999999999998224 ) ) ;
#732 = CARTESIAN_POINT ( 'NONE',  ( -19.99999999999998579, -25.00000000000000000, 11.00000000000000000 ) ) ;
#733 = DIRECTION ( 'NONE',  ( 0.000000000000000000, 0.000000000000000000, 1.000000000000000000 ) ) ;
#734 = ORIENTED_EDGE ( 'NONE', *, *, #445, .T. ) ;
#735 = PLANE ( 'NONE',  #1759 ) ;
#736 = LINE ( 'NONE', #2910, #234 ) ;
#737 = CARTESIAN_POINT ( 'NONE',  ( -40.00000000000000000, -62.00000000000000000, 9.999999999999998224 ) ) ;
#738 = ORIENTED_EDGE ( 'NONE', *, *, #3939, .T. ) ;
#739 = CARTESIAN_POINT ( 'NONE',  ( 37.24046787837771433, -38.34288287084400793, 5.000000000000007994 ) ) ;
#740 = FACE_OUTER_BOUND ( 'NONE', #675, .T. ) ;
#741 = DIRECTION ( 'NONE',  ( 1.000000000000000000, 0.000000000000000000, 0.000000000000000000 ) ) ;
#742 = ORIENTED_EDGE ( 'NONE', *, *, #1325, .F. ) ;
#743 = VERTEX_POINT ( 'NONE', #670 ) ;
#744 = PLANE ( 'NONE',  #5392 ) ;
#745 = LINE ( 'NONE', #2359, #3373 ) ;
#746 = ORIENTED_EDGE ( 'NONE', *, *, #3409, .T. ) ;
#747 = EDGE_CURVE ( 'NONE', #2091, #1789, #3213, .T. ) ;
#748 = DIRECTION ( 'NONE',  ( 1.000000000000000000, 0.000000000000000000, 0.000000000000000000 ) ) ;
#749 = CARTESIAN_POINT ( 'NONE',  ( 22.25000000000001066, -70.00000000000000000, 5.000000000000000000 ) ) ;
#750 = ADVANCED_FACE ( 'NONE', ( #1979 ), #3646, .F. ) ;
#751 = ORIENTED_EDGE ( 'NONE', *, *, #3532, .F. ) ;
#752 = LINE ( 'NONE', #5430, #3370 ) ;
#753 = AXIS2_PLACEMENT_3D ( 'NONE', #1150, #4850, #1039 ) ;
#754 = DIRECTION ( 'NONE',  ( 1.000000000000000000, 0.000000000000000000, -0.000000000000000000 ) ) ;
#755 = ADVANCED_FACE ( 'NONE', ( #3237 ), #1064, .T. ) ;
#756 = AXIS2_PLACEMENT_3D ( 'NONE', #2431, #1637, #334 ) ;
#757 = DIRECTION ( 'NONE',  ( 0.000000000000000000, 0.000000000000000000, 1.000000000000000000 ) ) ;
#758 = FACE_OUTER_BOUND ( 'NONE', #3412, .T. ) ;
#759 = CIRCLE ( 'NONE', #1818, 1.000000000000000888 ) ;
#760 = VERTEX_POINT ( 'NONE', #1481 ) ;
#761 = CARTESIAN_POINT ( 'NONE',  ( 30.00000000000000000, -37.24999999999997868, 4.999999999999998224 ) ) ;
#762 = VECTOR ( 'NONE', #2706, 1000.000000000000000 ) ;
#763 = LINE ( 'NONE', #4577, #2585 ) ;
#764 = DIRECTION ( 'NONE',  ( -0.000000000000000000, -0.000000000000000000, -1.000000000000000000 ) ) ;
#765 = ORIENTED_EDGE ( 'NONE', *, *, #1734, .F. ) ;
#766 = CARTESIAN_POINT ( 'NONE',  ( -37.76331478900077343, -40.00000000000000711, 5.000000000000004441 ) ) ;
#767 = VECTOR ( 'NONE', #4368, 1000.000000000000000 ) ;
#768 = CARTESIAN_POINT ( 'NONE',  ( -20.00000000000000000, -4.000000000000000888, 5.000000000000000000 ) ) ;
#769 = DIRECTION ( 'NONE',  ( -1.000000000000000000, 0.000000000000000000, 0.000000000000000000 ) ) ;
#770 = ORIENTED_EDGE ( 'NONE', *, *, #4721, .T. ) ;
#771 = VERTEX_POINT ( 'NONE', #3656 ) ;
#772 = CARTESIAN_POINT ( 'NONE',  ( 24.00000000000000000, -4.000000000000000888, 15.00000000000000000 ) ) ;
#773 = LINE ( 'NONE', #2474, #1599 ) ;
#774 = ORIENTED_EDGE ( 'NONE', *, *, #1352, .T. ) ;
#775 = CARTESIAN_POINT ( 'NONE',  ( -20.00000000000000000, 0.000000000000000000, 9.999999999999998224 ) ) ;
#776 = AXIS2_PLACEMENT_3D ( 'NONE', #5161, #457, #4353 ) ;
#777 = AXIS2_PLACEMENT_3D ( 'NONE', #3220, #2888, #4886 ) ;
#778 = DIRECTION ( 'NONE',  ( 0.000000000000000000, -1.000000000000000000, 0.000000000000000000 ) ) ;
#779 = VERTEX_POINT ( 'NONE', #585 ) ;
#780 = AXIS2_PLACEMENT_3D ( 'NONE', #4014, #1894, #5296 ) ;
#781 = DIRECTION ( 'NONE',  ( 0.000000000000000000, 0.000000000000000000, 1.000000000000000000 ) ) ;
#782 = CARTESIAN_POINT ( 'NONE',  ( 40.00000000000001421, -13.00000000000000178, 9.999999999999998224 ) ) ;
#783 = EDGE_CURVE ( 'NONE', #2753, #329, #5244, .T. ) ;
#784 = EDGE_CURVE ( 'NONE', #2271, #5012, #2671, .T. ) ;
#785 = CARTESIAN_POINT ( 'NONE',  ( 22.24999999999999645, 60.00000000000000000, 8.673617379884035472E-16 ) ) ;
#786 = ADVANCED_FACE ( 'NONE', ( #699 ), #2371, .F. ) ;
#787 = VERTEX_POINT ( 'NONE', #288 ) ;
#788 = DIRECTION ( 'NONE',  ( -0.000000000000000000, -0.000000000000000000, 1.000000000000000000 ) ) ;
#789 = CARTESIAN_POINT ( 'NONE',  ( -40.00000000000000711, 81.24999999999998579, 12.00000000000000000 ) ) ;
#790 = CARTESIAN_POINT ( 'NONE',  ( 20.00000000000000000, -2.999999999999998224, 15.00000000000000178 ) ) ;
#791 = ORIENTED_EDGE ( 'NONE', *, *, #1385, .T. ) ;
#792 = CIRCLE ( 'NONE', #3894, 4.000000000000000000 ) ;
#793 = CARTESIAN_POINT ( 'NONE',  ( 37.24046787837774275, -41.65711712915611997, 5.000000000000002665 ) ) ;
#794 = PLANE ( 'NONE',  #5131 ) ;
#795 = AXIS2_PLACEMENT_3D ( 'NONE', #2369, #2003, #3704 ) ;
#796 = DIRECTION ( 'NONE',  ( 0.000000000000000000, 1.000000000000000000, 0.000000000000000000 ) ) ;
#797 = ORIENTED_EDGE ( 'NONE', *, *, #4257, .T. ) ;
#798 = ORIENTED_EDGE ( 'NONE', *, *, #3140, .T. ) ;
#799 = CARTESIAN_POINT ( 'NONE',  ( 40.00000000000001421, -81.25000000000001421, 5.000000000000000000 ) ) ;
#800 = EDGE_CURVE ( 'NONE', #1928, #1408, #4033, .T. ) ;
#801 = CARTESIAN_POINT ( 'NONE',  ( 25.00000000000000000, 0.000000000000000000, 9.999999999999998224 ) ) ;
#802 = ORIENTED_EDGE ( 'NONE', *, *, #1327, .T. ) ;
#803 = AXIS2_PLACEMENT_3D ( 'NONE', #89, #4797, #3485 ) ;
#804 = LINE ( 'NONE', #5398, #986 ) ;
#805 = CARTESIAN_POINT ( 'NONE',  ( -39.99999999999997868, -81.25000000000001421, 15.00000000000000000 ) ) ;
#806 = AXIS2_PLACEMENT_3D ( 'NONE', #4926, #1114, #2818 ) ;
#807 = ORIENTED_EDGE ( 'NONE', *, *, #3403, .F. ) ;
#808 = CARTESIAN_POINT ( 'NONE',  ( 37.77409858134809895, -34.92553956359887479, 0.000000000000000000 ) ) ;
#809 = PLANE ( 'NONE',  #5287 ) ;
#810 = ORIENTED_EDGE ( 'NONE', *, *, #3363, .T. ) ;
#811 = DIRECTION ( 'NONE',  ( 0.000000000000000000, 0.000000000000000000, -1.000000000000000000 ) ) ;
#812 = ORIENTED_EDGE ( 'NONE', *, *, #1667, .T. ) ;
#813 = EDGE_CURVE ( 'NONE', #468, #1232, #1508, .T. ) ;
#814 = CARTESIAN_POINT ( 'NONE',  ( -40.00000000000000711, 75.24999999999998579, 12.00000000000000000 ) ) ;
#815 = EDGE_CURVE ( 'NONE', #2162, #967, #194, .T. ) ;
#816 = DIRECTION ( 'NONE',  ( -1.000000000000000000, 0.000000000000000000, 0.000000000000000000 ) ) ;
#817 = CARTESIAN_POINT ( 'NONE',  ( 20.00000000000000000, -3.000000000000000000, 5.000000000000000000 ) ) ;
#818 = ADVANCED_FACE ( 'NONE', ( #5237 ), #1092, .T. ) ;
#819 = CARTESIAN_POINT ( 'NONE',  ( 45.00000000000000711, -58.00000000000000000, 9.999999999999998224 ) ) ;
#820 = ORIENTED_EDGE ( 'NONE', *, *, #5478, .T. ) ;
#821 = FACE_OUTER_BOUND ( 'NONE', #4142, .T. ) ;
#822 = EDGE_CURVE ( 'NONE', #2389, #1274, #4933, .T. ) ;
#823 = DIRECTION ( 'NONE',  ( 0.000000000000000000, -0.000000000000000000, -1.000000000000000000 ) ) ;
#824 = DIRECTION ( 'NONE',  ( -0.000000000000000000, -0.000000000000000000, -1.000000000000000000 ) ) ;
#825 = ORIENTED_EDGE ( 'NONE', *, *, #1513, .T. ) ;
#826 = ORIENTED_EDGE ( 'NONE', *, *, #607, .T. ) ;
#827 = ADVANCED_FACE ( 'NONE', ( #5291 ), #1425, .F. ) ;
#828 = FACE_OUTER_BOUND ( 'NONE', #2907, .T. ) ;
#829 = DIRECTION ( 'NONE',  ( 0.000000000000000000, 0.000000000000000000, 1.000000000000000000 ) ) ;
#830 = ORIENTED_EDGE ( 'NONE', *, *, #3586, .F. ) ;
#831 = DIRECTION ( 'NONE',  ( 0.000000000000000000, 0.000000000000000000, 1.000000000000000000 ) ) ;
#832 = VECTOR ( 'NONE', #3594, 1000.000000000000000 ) ;
#833 = ORIENTED_EDGE ( 'NONE', *, *, #2898, .F. ) ;
#834 = CARTESIAN_POINT ( 'NONE',  ( -40.05359831970093865, -42.97385022738306759, 0.000000000000000000 ) ) ;
#835 = CARTESIAN_POINT ( 'NONE',  ( -39.99999999999997868, -81.25000000000001421, 5.000000000000000000 ) ) ;
#836 = ORIENTED_EDGE ( 'NONE', *, *, #5008, .T. ) ;
#837 = DIRECTION ( 'NONE',  ( -1.000000000000000000, 0.000000000000000000, 0.000000000000000000 ) ) ;
#838 = VERTEX_POINT ( 'NONE', #3126 ) ;
#839 = DIRECTION ( 'NONE',  ( 1.000000000000000000, 0.000000000000000000, 0.000000000000000000 ) ) ;
#840 = DIRECTION ( 'NONE',  ( -0.000000000000000000, -0.000000000000000000, 1.000000000000000000 ) ) ;
#841 = CARTESIAN_POINT ( 'NONE',  ( -40.00000000000000711, 81.24999999999998579, 5.000000000000000000 ) ) ;
#842 = FACE_OUTER_BOUND ( 'NONE', #623, .T. ) ;
#843 = VECTOR ( 'NONE', #863, 1000.000000000000000 ) ;
#844 = VERTEX_POINT ( 'NONE', #2404 ) ;
#845 = CARTESIAN_POINT ( 'NONE',  ( 17.01943298838019913, -45.75000000000005684, 0.000000000000000000 ) ) ;
#846 = ADVANCED_FACE ( 'NONE', ( #1120 ), #2826, .F. ) ;
#847 = VECTOR ( 'NONE', #2609, 1000.000000000000000 ) ;
#848 = DIRECTION ( 'NONE',  ( -0.000000000000000000, 1.000000000000000000, -0.000000000000000000 ) ) ;
#849 = EDGE_LOOP ( 'NONE', ( #331, #2620, #2661, #2673 ) ) ;
#850 = VERTEX_POINT ( 'NONE', #5265 ) ;
#851 = DIRECTION ( 'NONE',  ( -0.000000000000000000, 1.000000000000000000, -0.000000000000000000 ) ) ;
#852 = ADVANCED_FACE ( 'NONE', ( #1452 ), #3150, .F. ) ;
#853 = DIRECTION ( 'NONE',  ( 6.938893903907227392E-16, -1.000000000000000000, -0.000000000000000000 ) ) ;
#854 = EDGE_CURVE ( 'NONE', #5117, #2947, #360, .T. ) ;
#855 = ORIENTED_EDGE ( 'NONE', *, *, #783, .T. ) ;
#856 = ADVANCED_FACE ( 'NONE', ( #5431 ), #3156, .T. ) ;
#857 = DIRECTION ( 'NONE',  ( 1.000000000000000000, 0.000000000000000000, 0.000000000000000000 ) ) ;
#858 = ORIENTED_EDGE ( 'NONE', *, *, #1830, .F. ) ;
#859 = CARTESIAN_POINT ( 'NONE',  ( 37.76331478900084448, -40.00000000000004974, 5.000000000000007105 ) ) ;
#860 = FACE_OUTER_BOUND ( 'NONE', #3167, .T. ) ;
#861 = EDGE_LOOP ( 'NONE', ( #2314, #1906, #1430, #3569 ) ) ;
#862 = PRODUCT_RELATED_PRODUCT_CATEGORY ( 'part', '', ( #2819 ) ) ;
#863 = DIRECTION ( 'NONE',  ( -1.000000000000000000, -0.000000000000000000, -0.000000000000000000 ) ) ;
#864 = AXIS2_PLACEMENT_3D ( 'NONE', #3249, #5304, #4021 ) ;
#865 = EDGE_LOOP ( 'NONE', ( #4743, #3990, #5200, #2604 ) ) ;
#866 = DIRECTION ( 'NONE',  ( 0.000000000000000000, 1.000000000000000000, -0.000000000000000000 ) ) ;
#867 = DIRECTION ( 'NONE',  ( -0.000000000000000000, -0.000000000000000000, -1.000000000000000000 ) ) ;
#868 = CARTESIAN_POINT ( 'NONE',  ( -46.24999999999997868, -75.00000000000001421, 5.000000000000000000 ) ) ;
#869 = VERTEX_POINT ( 'NONE', #4626 ) ;
#870 = CARTESIAN_POINT ( 'NONE',  ( -35.25802375059492988, -42.75000000000001421, 5.000000000000000000 ) ) ;
#871 = FACE_OUTER_BOUND ( 'NONE', #5083, .T. ) ;
#872 = EDGE_LOOP ( 'NONE', ( #3318, #810, #4238, #477, #5350, #2713, #2442, #2048, #4864 ) ) ;
#873 = VERTEX_POINT ( 'NONE', #3287 ) ;
#874 = CARTESIAN_POINT ( 'NONE',  ( -21.00000000000000000, 5.000000000000000000, 9.999999999999998224 ) ) ;
#875 = EDGE_LOOP ( 'NONE', ( #2488, #836 ) ) ;
#876 = VECTOR ( 'NONE', #730, 1000.000000000000000 ) ;
#877 = ADVANCED_FACE ( 'NONE', ( #4989 ), #809, .T. ) ;
#878 = FACE_OUTER_BOUND ( 'NONE', #2234, .T. ) ;
#879 = EDGE_CURVE ( 'NONE', #5098, #1117, #4842, .T. ) ;
#880 = EDGE_CURVE ( 'NONE', #4396, #2253, #2978, .T. ) ;
#881 = VECTOR ( 'NONE', #5176, 1000.000000000000000 ) ;
#882 = AXIS2_PLACEMENT_3D ( 'NONE', #5294, #4488, #2341 ) ;
#883 = EDGE_LOOP ( 'NONE', ( #238, #3247, #4198, #2028 ) ) ;
#884 = CARTESIAN_POINT ( 'NONE',  ( 18.00748767465336186, -42.75000000000000711, 4.999999999999993783 ) ) ;
#885 = DIRECTION ( 'NONE',  ( 1.000000000000000000, 0.000000000000000000, 0.000000000000000000 ) ) ;
#886 = ORIENTED_EDGE ( 'NONE', *, *, #2489, .F. ) ;
#887 = AXIS2_PLACEMENT_3D ( 'NONE', #431, #1218, #2158 ) ;
#888 = AXIS2_PLACEMENT_3D ( 'NONE', #5174, #3918, #1260 ) ;
#889 = DIRECTION ( 'NONE',  ( 0.000000000000000000, 0.000000000000000000, 1.000000000000000000 ) ) ;
#890 = ORIENTED_EDGE ( 'NONE', *, *, #3065, .T. ) ;
#891 = FACE_OUTER_BOUND ( 'NONE', #703, .T. ) ;
#892 = AXIS2_PLACEMENT_3D ( 'NONE', #3417, #2583, #4280 ) ;
#893 = CARTESIAN_POINT ( 'NONE',  ( 46.25000000000000711, 74.99999999999998579, 0.000000000000000000 ) ) ;
#894 = CARTESIAN_POINT ( 'NONE',  ( -15.00000000000000533, 3.000000000000000888, 5.000000000000000000 ) ) ;
#895 = ORIENTED_EDGE ( 'NONE', *, *, #3093, .F. ) ;
#896 = FACE_BOUND ( 'NONE', #3256, .T. ) ;
#897 = DIRECTION ( 'NONE',  ( 1.000000000000000000, -0.000000000000000000, -0.000000000000000000 ) ) ;
#898 = ORIENTED_EDGE ( 'NONE', *, *, #1019, .T. ) ;
#899 = ORIENTED_EDGE ( 'NONE', *, *, #3309, .F. ) ;
#900 = CARTESIAN_POINT ( 'NONE',  ( -40.00000000000000000, -58.00000000000000711, 9.999999999999998224 ) ) ;
#901 = DIRECTION ( 'NONE',  ( 1.000000000000000000, 0.000000000000000000, 0.000000000000000000 ) ) ;
#902 = ORIENTED_EDGE ( 'NONE', *, *, #1586, .F. ) ;
#903 = AXIS2_PLACEMENT_3D ( 'NONE', #2045, #714, #273 ) ;
#904 = DIRECTION ( 'NONE',  ( -1.000000000000000000, -0.000000000000000000, 0.000000000000000000 ) ) ;
#905 = EDGE_CURVE ( 'NONE', #1216, #1922, #3690, .T. ) ;
#906 = ORIENTED_EDGE ( 'NONE', *, *, #609, .T. ) ;
#907 = VECTOR ( 'NONE', #532, 999.9999999999998863 ) ;
#908 = CARTESIAN_POINT ( 'NONE',  ( -8.673617379884035472E-15, -34.25000000000004263, 0.000000000000000000 ) ) ;
#909 = CYLINDRICAL_SURFACE ( 'NONE', #2906, 2.749999999999999112 ) ;
#910 = ORIENTED_EDGE ( 'NONE', *, *, #1226, .F. ) ;
#911 = ADVANCED_FACE ( 'NONE', ( #2511 ), #3705, .T. ) ;
#912 = DIRECTION ( 'NONE',  ( 1.000000000000000000, 0.000000000000000000, 0.000000000000000000 ) ) ;
#913 = ORIENTED_EDGE ( 'NONE', *, *, #1161, .F. ) ;
#914 = AXIS2_PLACEMENT_3D ( 'NONE', #5280, #2296, #3993 ) ;
#915 = EDGE_CURVE ( 'NONE', #185, #4574, #2170, .T. ) ;
#916 = CARTESIAN_POINT ( 'NONE',  ( 0.000000000000000000, 0.000000000000000000, -0.001000000000000132727 ) ) ;
#917 = LINE ( 'NONE', #3480, #3793 ) ;
#918 = CARTESIAN_POINT ( 'NONE',  ( -43.12499999999998579, -63.00000000000000000, 10.00156225593563875 ) ) ;
#919 = CARTESIAN_POINT ( 'NONE',  ( -40.00000000000001421, -17.00000000000000000, 13.99999999999999822 ) ) ;
#920 = ORIENTED_EDGE ( 'NONE', *, *, #3841, .F. ) ;
#921 = CARTESIAN_POINT ( 'NONE',  ( 35.00000000000000000, -14.00000000000000178, 15.00000000000000000 ) ) ;
#922 = ORIENTED_EDGE ( 'NONE', *, *, #1657, .T. ) ;
#923 = DIRECTION ( 'NONE',  ( 1.000000000000000000, 0.000000000000000000, 0.000000000000000000 ) ) ;
#924 = VECTOR ( 'NONE', #416, 1000.000000000000000 ) ;
#925 = ORIENTED_EDGE ( 'NONE', *, *, #4723, .T. ) ;
#926 = ORIENTED_EDGE ( 'NONE', *, *, #1678, .F. ) ;
#927 = DIRECTION ( 'NONE',  ( 0.000000000000000000, 0.000000000000000000, 1.000000000000000000 ) ) ;
#928 = LINE ( 'NONE', #3077, #1687 ) ;
#929 = EDGE_CURVE ( 'NONE', #2096, #2615, #310, .T. ) ;
#930 = EDGE_LOOP ( 'NONE', ( #3079, #4374, #5036, #2210 ) ) ;
#931 = CARTESIAN_POINT ( 'NONE',  ( 27.75000000000000711, -70.00000000000000000, 5.000000000000000000 ) ) ;
#932 = VERTEX_POINT ( 'NONE', #1611 ) ;
#933 = ORIENTED_EDGE ( 'NONE', *, *, #3306, .T. ) ;
#934 = DIRECTION ( 'NONE',  ( -0.000000000000000000, -0.000000000000000000, 1.000000000000000000 ) ) ;
#935 = LINE ( 'NONE', #3617, #5331 ) ;
#936 = LINE ( 'NONE', #4339, #2009 ) ;
#937 = VECTOR ( 'NONE', #4805, 1000.000000000000000 ) ;
#938 = CIRCLE ( 'NONE', #2102, 5.600000000000000533 ) ;
#939 = CARTESIAN_POINT ( 'NONE',  ( -25.00000000000000000, 0.000000000000000000, 9.999999999999998224 ) ) ;
#940 = EDGE_LOOP ( 'NONE', ( #560, #1256, #23, #4879 ) ) ;
#941 = EDGE_CURVE ( 'NONE', #4746, #2615, #3314, .T. ) ;
#942 = CIRCLE ( 'NONE', #4601, 1.000000000000000888 ) ;
#943 = CARTESIAN_POINT ( 'NONE',  ( 30.00000000000000000, -25.00000000000000000, 11.00000000000000000 ) ) ;
#944 = CARTESIAN_POINT ( 'NONE',  ( -35.00000000000000000, -17.00000000000000000, 15.00000000000000000 ) ) ;
#945 = ADVANCED_FACE ( 'NONE', ( #2086 ), #3782, .T. ) ;
#946 = CARTESIAN_POINT ( 'NONE',  ( -25.00000000000000000, 3.000000000000000888, 5.000000000000000000 ) ) ;
#947 = CARTESIAN_POINT ( 'NONE',  ( 43.12499999999998579, -12.99999999999999822, 5.000000000000000000 ) ) ;
#948 = AXIS2_PLACEMENT_3D ( 'NONE', #4322, #5107, #923 ) ;
#949 = VECTOR ( 'NONE', #5050, 1000.000000000000000 ) ;
#950 = ORIENTED_EDGE ( 'NONE', *, *, #3271, .T. ) ;
#951 = EDGE_CURVE ( 'NONE', #981, #3654, #1581, .T. ) ;
#952 = DIRECTION ( 'NONE',  ( 0.000000000000000000, 0.000000000000000000, 1.000000000000000000 ) ) ;
#953 = ORIENTED_EDGE ( 'NONE', *, *, #3502, .T. ) ;
#954 = CIRCLE ( 'NONE', #3888, 3.000000000000002665 ) ;
#955 = DIRECTION ( 'NONE',  ( 1.387778780781445676E-15, 0.000000000000000000, -1.000000000000000000 ) ) ;
#956 = VERTEX_POINT ( 'NONE', #2058 ) ;
#957 = ORIENTED_EDGE ( 'NONE', *, *, #2380, .T. ) ;
#958 = CARTESIAN_POINT ( 'NONE',  ( -35.00000000000000000, -14.00000000000000178, 5.000000000000000000 ) ) ;
#959 = VECTOR ( 'NONE', #1895, 1000.000000000000000 ) ;
#960 = DIRECTION ( 'NONE',  ( -1.000000000000000000, 0.000000000000000000, 0.000000000000000000 ) ) ;
#961 = ORIENTED_EDGE ( 'NONE', *, *, #1171, .F. ) ;
#962 = APPLICATION_PROTOCOL_DEFINITION ( 'draft international standard', 'automotive_design', 1998, #2029 ) ;
#963 = CYLINDRICAL_SURFACE ( 'NONE', #3741, 1.000000000000000888 ) ;
#964 = DIRECTION ( 'NONE',  ( 0.000000000000000000, 0.000000000000000000, 1.000000000000000000 ) ) ;
#965 = ORIENTED_EDGE ( 'NONE', *, *, #1124, .F. ) ;
#966 = AXIS2_PLACEMENT_3D ( 'NONE', #4179, #2402, #781 ) ;
#967 = VERTEX_POINT ( 'NONE', #5457 ) ;
#968 = CARTESIAN_POINT ( 'NONE',  ( -40.00000000000000711, 81.24999999999998579, 12.00000000000000000 ) ) ;
#969 = DIRECTION ( 'NONE',  ( 0.000000000000000000, 0.000000000000000000, 1.000000000000000000 ) ) ;
#970 = DIRECTION ( 'NONE',  ( -0.000000000000000000, -0.000000000000000000, 1.000000000000000000 ) ) ;
#971 = CIRCLE ( 'NONE', #1062, 4.999999999999993783 ) ;
#972 = AXIS2_PLACEMENT_3D ( 'NONE', #4871, #579, #1912 ) ;
#973 = CIRCLE ( 'NONE', #709, 4.000000000000003553 ) ;
#974 = CARTESIAN_POINT ( 'NONE',  ( -35.00000000000000000, -62.00000000000000000, 15.00000000000000000 ) ) ;
#975 = ORIENTED_EDGE ( 'NONE', *, *, #5011, .F. ) ;
#976 = AXIS2_PLACEMENT_3D ( 'NONE', #2240, #5275, #3548 ) ;
#977 = DIRECTION ( 'NONE',  ( 0.000000000000000000, 0.000000000000000000, -1.000000000000000000 ) ) ;
#978 = DIRECTION ( 'NONE',  ( 0.000000000000000000, 0.000000000000000000, 1.000000000000000000 ) ) ;
#979 = CIRCLE ( 'NONE', #3657, 5.000000000000000000 ) ;
#980 = DIRECTION ( 'NONE',  ( 0.000000000000000000, -1.000000000000000000, 0.000000000000000000 ) ) ;
#981 = VERTEX_POINT ( 'NONE', #5038 ) ;
#982 = CARTESIAN_POINT ( 'NONE',  ( -37.12499999999997868, -63.00000000000000000, 10.00156225593563875 ) ) ;
#983 = EDGE_CURVE ( 'NONE', #4279, #1567, #5483, .T. ) ;
#984 = ORIENTED_EDGE ( 'NONE', *, *, #2693, .T. ) ;
#985 = EDGE_CURVE ( 'NONE', #2, #3982, #3368, .T. ) ;
#986 = VECTOR ( 'NONE', #3282, 1000.000000000000000 ) ;
#987 = DIRECTION ( 'NONE',  ( 0.000000000000000000, 0.000000000000000000, 1.000000000000000000 ) ) ;
#988 = EDGE_CURVE ( 'NONE', #419, #2202, #2955, .T. ) ;
#989 = FACE_OUTER_BOUND ( 'NONE', #3785, .T. ) ;
#990 = DIRECTION ( 'NONE',  ( 0.000000000000000000, 0.000000000000000000, 1.000000000000000000 ) ) ;
#991 = DIRECTION ( 'NONE',  ( 0.000000000000000000, -1.000000000000000000, 1.734723475976807587E-16 ) ) ;
#992 = EDGE_CURVE ( 'NONE', #4823, #3193, #1558, .T. ) ;
#993 = ORIENTED_EDGE ( 'NONE', *, *, #1557, .F. ) ;
#994 = LINE ( 'NONE', #4748, #2140 ) ;
#995 = B_SPLINE_CURVE_WITH_KNOTS ( 'NONE', 1,
 ( #206, #319 ),
 .UNSPECIFIED., .F., .F.,
 ( 2, 2 ),
 ( 0.000000000000000000, 1.000000000000000000 ),
 .UNSPECIFIED. ) ;
#996 = EDGE_CURVE ( 'NONE', #4227, #1846, #5118, .T. ) ;
#997 = DIRECTION ( 'NONE',  ( -0.000000000000000000, -0.000000000000000000, 1.000000000000000000 ) ) ;
#998 = ORIENTED_EDGE ( 'NONE', *, *, #2007, .T. ) ;
#999 = ORIENTED_EDGE ( 'NONE', *, *, #3306, .F. ) ;
#1000 = CARTESIAN_POINT ( 'NONE',  ( -24.99999999999999289, -70.00000000000000000, 5.000000000000000000 ) ) ;
#1001 = CYLINDRICAL_SURFACE ( 'NONE', #1680, 1.000000000000000888 ) ;
#1002 = DIRECTION ( 'NONE',  ( 0.000000000000000000, 0.000000000000000000, -1.000000000000000000 ) ) ;
#1003 = LINE ( 'NONE', #1975, #2090 ) ;
#1004 = VERTEX_POINT ( 'NONE', #2614 ) ;
#1005 = DIRECTION ( 'NONE',  ( -1.000000000000000000, 0.000000000000000000, 0.000000000000000000 ) ) ;
#1006 = DIRECTION ( 'NONE',  ( 1.000000000000000000, 0.000000000000000000, -0.000000000000000000 ) ) ;
#1007 = CARTESIAN_POINT ( 'NONE',  ( -34.99999999999997868, -42.75000000000000000, 5.000000000000000000 ) ) ;
#1008 = ORIENTED_EDGE ( 'NONE', *, *, #216, .T. ) ;
#1009 = DIRECTION ( 'NONE',  ( 0.000000000000000000, 0.000000000000000000, -1.000000000000000000 ) ) ;
#1010 = EDGE_LOOP ( 'NONE', ( #5104, #3949, #1817, #145 ) ) ;
#1011 = PLANE ( 'NONE',  #252 ) ;
#1012 = CARTESIAN_POINT ( 'NONE',  ( -40.00000000000000000, -59.00000000000001421, 9.999999999999998224 ) ) ;
#1013 = DIRECTION ( 'NONE',  ( 1.000000000000000000, 0.000000000000000000, -0.000000000000000000 ) ) ;
#1014 = EDGE_CURVE ( 'NONE', #2982, #1428, #2164, .T. ) ;
#1015 = DIRECTION ( 'NONE',  ( -0.000000000000000000, -0.000000000000000000, -1.000000000000000000 ) ) ;
#1016 = ORIENTED_EDGE ( 'NONE', *, *, #2280, .F. ) ;
#1017 = DIRECTION ( 'NONE',  ( -1.000000000000000000, 0.000000000000000000, 0.000000000000000000 ) ) ;
#1018 = LINE ( 'NONE', #5305, #3375 ) ;
#1019 = EDGE_CURVE ( 'NONE', #2253, #35, #49, .T. ) ;
#1020 = ORIENTED_EDGE ( 'NONE', *, *, #5450, .F. ) ;
#1021 = ORIENTED_EDGE ( 'NONE', *, *, #441, .T. ) ;
#1022 = VECTOR ( 'NONE', #1202, 1000.000000000000000 ) ;
#1023 = EDGE_CURVE ( 'NONE', #306, #2205, #4144, .T. ) ;
#1024 = CIRCLE ( 'NONE', #1466, 2.099999999999997868 ) ;
#1025 = EDGE_CURVE ( 'NONE', #2460, #3327, #2981, .T. ) ;
#1026 = ORIENTED_EDGE ( 'NONE', *, *, #1303, .T. ) ;
#1027 = LINE ( 'NONE', #3616, #4711 ) ;
#1028 = LINE ( 'NONE', #2223, #4622 ) ;
#1029 = CIRCLE ( 'NONE', #2174, 1.000000000000000888 ) ;
#1030 = LINE ( 'NONE', #3618, #5508 ) ;
#1031 = DIRECTION ( 'NONE',  ( -1.000000000000000000, 0.000000000000000000, 0.000000000000000000 ) ) ;
#1032 = EDGE_LOOP ( 'NONE', ( #3807, #1545, #4644, #1341 ) ) ;
#1033 = AXIS2_PLACEMENT_3D ( 'NONE', #4755, #5146, #2646 ) ;
#1034 = VECTOR ( 'NONE', #5059, 1000.000000000000000 ) ;
#1035 = CARTESIAN_POINT ( 'NONE',  ( -35.00000000000000000, -17.00000000000000000, 5.000000000000000000 ) ) ;
#1036 = DIRECTION ( 'NONE',  ( -0.000000000000000000, -0.000000000000000000, 1.000000000000000000 ) ) ;
#1037 = CARTESIAN_POINT ( 'NONE',  ( 29.99999999999999289, -55.00000000000000000, 5.000000000000000000 ) ) ;
#1038 = ORIENTED_EDGE ( 'NONE', *, *, #4567, .T. ) ;
#1039 = DIRECTION ( 'NONE',  ( 0.000000000000000000, 0.000000000000000000, -1.000000000000000000 ) ) ;
#1040 = ORIENTED_EDGE ( 'NONE', *, *, #409, .T. ) ;
#1041 = FACE_OUTER_BOUND ( 'NONE', #5228, .T. ) ;
#1042 = AXIS2_PLACEMENT_3D ( 'NONE', #2492, #3823, #4192 ) ;
#1043 = DIRECTION ( 'NONE',  ( 0.000000000000000000, 0.000000000000000000, 1.000000000000000000 ) ) ;
#1044 = CARTESIAN_POINT ( 'NONE',  ( -24.99999999999999289, -70.00000000000000000, 8.673617379884035472E-16 ) ) ;
#1045 = ORIENTED_EDGE ( 'NONE', *, *, #2560, .F. ) ;
#1046 = CARTESIAN_POINT ( 'NONE',  ( -45.00000000000000711, -62.00000000000000000, 9.999999999999998224 ) ) ;
#1047 = ORIENTED_EDGE ( 'NONE', *, *, #3409, .F. ) ;
#1048 = VECTOR ( 'NONE', #3637, 1000.000000000000000 ) ;
#1049 = CARTESIAN_POINT ( 'NONE',  ( -45.00000000000000711, -62.00000000000000000, 15.00000000000000000 ) ) ;
#1050 = CARTESIAN_POINT ( 'NONE',  ( 34.99999999977638510, -45.75000000000000000, 0.000000000000000000 ) ) ;
#1051 = ORIENTED_EDGE ( 'NONE', *, *, #1432, .T. ) ;
#1052 = ORIENTED_EDGE ( 'NONE', *, *, #992, .F. ) ;
#1053 = EDGE_CURVE ( 'NONE', #1953, #3223, #936, .T. ) ;
#1054 = ADVANCED_FACE ( 'NONE', ( #5204 ), #2726, .F. ) ;
#1055 = LINE ( 'NONE', #4507, #3998 ) ;
#1056 = CARTESIAN_POINT ( 'NONE',  ( 0.000000000000000000, 0.000000000000000000, 12.00000000000000000 ) ) ;
#1057 = LINE ( 'NONE', #3121, #2128 ) ;
#1058 = ADVANCED_FACE ( 'NONE', ( #2591 ), #2459, .T. ) ;
#1059 = AXIS2_PLACEMENT_3D ( 'NONE', #3404, #3038, #3869 ) ;
#1060 = PLANE ( 'NONE',  #4040 ) ;
#1061 = VERTEX_POINT ( 'NONE', #4307 ) ;
#1062 = AXIS2_PLACEMENT_3D ( 'NONE', #5006, #2392, #4505 ) ;
#1063 = DIRECTION ( 'NONE',  ( -0.000000000000000000, 0.000000000000000000, -1.000000000000000000 ) ) ;
#1064 = CYLINDRICAL_SURFACE ( 'NONE', #5066, 1.000000000000000888 ) ;
#1065 = CARTESIAN_POINT ( 'NONE',  ( -25.00000000000000711, 60.00000000000000000, 8.673617379884035472E-16 ) ) ;
#1066 = VERTEX_POINT ( 'NONE', #1772 ) ;
#1067 = CARTESIAN_POINT ( 'NONE',  ( 30.00000000000000000, -42.75000000000000000, 11.00000000000000000 ) ) ;
#1068 = AXIS2_PLACEMENT_3D ( 'NONE', #3083, #2672, #4332 ) ;
#1069 = ORIENTED_EDGE ( 'NONE', *, *, #1111, .F. ) ;
#1070 = SURFACE_STYLE_USAGE ( .BOTH. , #3188 ) ;
#1071 = DIRECTION ( 'NONE',  ( 0.000000000000000000, 1.000000000000000000, 0.000000000000000000 ) ) ;
#1072 = CARTESIAN_POINT ( 'NONE',  ( 43.12499999999998579, -63.00000000000000000, 5.000000000000000000 ) ) ;
#1073 = AXIS2_PLACEMENT_3D ( 'NONE', #1968, #5369, #5396 ) ;
#1074 = ORIENTED_EDGE ( 'NONE', *, *, #2246, .F. ) ;
#1075 = LINE ( 'NONE', #4498, #2674 ) ;
#1076 = VERTEX_POINT ( 'NONE', #3863 ) ;
#1077 = AXIS2_PLACEMENT_3D ( 'NONE', #1084, #1552, #3257 ) ;
#1078 = FACE_OUTER_BOUND ( 'NONE', #883, .T. ) ;
#1079 = LINE ( 'NONE', #4022, #1856 ) ;
#1080 = VERTEX_POINT ( 'NONE', #1384 ) ;
#1081 = ORIENTED_EDGE ( 'NONE', *, *, #5459, .T. ) ;
#1082 = LINE ( 'NONE', #2783, #53 ) ;
#1083 = DIRECTION ( 'NONE',  ( 1.000000000000000000, 0.000000000000000000, 0.000000000000000000 ) ) ;
#1084 = CARTESIAN_POINT ( 'NONE',  ( -24.99999999999999289, -70.00000000000000000, 5.000000000000000000 ) ) ;
#1085 = PLANE ( 'NONE',  #706 ) ;
#1086 = PLANE ( 'NONE',  #3991 ) ;
#1087 = ADVANCED_FACE ( 'NONE', ( #860 ), #909, .F. ) ;
#1088 = CARTESIAN_POINT ( 'NONE',  ( -44.00000000000000711, -63.00000000000000000, 15.00000000000000000 ) ) ;
#1089 = VERTEX_POINT ( 'NONE', #2563 ) ;
#1090 = AXIS2_PLACEMENT_3D ( 'NONE', #475, #3870, #57 ) ;
#1091 = CARTESIAN_POINT ( 'NONE',  ( 43.12499999999998579, -12.99999999999999822, 10.00156225593563875 ) ) ;
#1092 = CYLINDRICAL_SURFACE ( 'NONE', #1998, 5.000000000000000888 ) ;
#1093 = EDGE_CURVE ( 'NONE', #5458, #4363, #4853, .T. ) ;
#1094 = DIRECTION ( 'NONE',  ( 1.000000000000000000, 0.000000000000000000, 0.000000000000000000 ) ) ;
#1095 = LINE ( 'NONE', #3629, #4182 ) ;
#1096 = EDGE_CURVE ( 'NONE', #4402, #4893, #3839, .T. ) ;
#1097 = ORIENTED_EDGE ( 'NONE', *, *, #2138, .F. ) ;
#1098 = PRESENTATION_STYLE_ASSIGNMENT (( #1070 ) ) ;
#1099 = AXIS2_PLACEMENT_3D ( 'NONE', #1065, #3707, #1094 ) ;
#1100 = CARTESIAN_POINT ( 'NONE',  ( -30.00000000000001776, -42.75000000000000000, 4.999999999999999112 ) ) ;
#1101 = PLANE ( 'NONE',  #691 ) ;
#1102 = EDGE_LOOP ( 'NONE', ( #4875, #2813, #5406, #3883 ) ) ;
#1103 = CARTESIAN_POINT ( 'NONE',  ( -29.47881336083483461, -37.24999999999999289, 4.999999999999999112 ) ) ;
#1104 = EDGE_LOOP ( 'NONE', ( #1052, #2658, #3940, #2532 ) ) ;
#1105 = AXIS2_PLACEMENT_3D ( 'NONE', #3228, #2022, #719 ) ;
#1106 = CYLINDRICAL_SURFACE ( 'NONE', #5312, 5.000000000000000888 ) ;
#1107 = CARTESIAN_POINT ( 'NONE',  ( 20.00000000000001066, -37.25000000000000000, 11.00000000000000000 ) ) ;
#1108 = VERTEX_POINT ( 'NONE', #3920 ) ;
#1109 = ORIENTED_EDGE ( 'NONE', *, *, #47, .T. ) ;
#1110 = DIRECTION ( 'NONE',  ( -0.000000000000000000, 1.000000000000000000, -0.000000000000000000 ) ) ;
#1111 = EDGE_CURVE ( 'NONE', #4235, #4227, #78, .T. ) ;
#1112 = CARTESIAN_POINT ( 'NONE',  ( -37.12499999999997868, -12.99999999999999822, 5.000000000000000000 ) ) ;
#1113 = ORIENTED_EDGE ( 'NONE', *, *, #4045, .F. ) ;
#1114 = DIRECTION ( 'NONE',  ( 0.000000000000000000, 0.000000000000000000, -1.000000000000000000 ) ) ;
#1115 = CARTESIAN_POINT ( 'NONE',  ( -30.00000000000001066, -25.00000000000000000, 11.00000000000000000 ) ) ;
#1116 = DIRECTION ( 'NONE',  ( 1.000000000000000000, 0.000000000000000000, 0.000000000000000000 ) ) ;
#1117 = VERTEX_POINT ( 'NONE', #3891 ) ;
#1118 = AXIS2_PLACEMENT_3D ( 'NONE', #2925, #1738, #1198 ) ;
#1119 = DIRECTION ( 'NONE',  ( 0.000000000000000000, 0.000000000000000000, -1.000000000000000000 ) ) ;
#1120 = FACE_OUTER_BOUND ( 'NONE', #5397, .T. ) ;
#1121 = FACE_OUTER_BOUND ( 'NONE', #1689, .T. ) ;
#1122 = CARTESIAN_POINT ( 'NONE',  ( -45.00000000000001421, -13.00000000000000178, 9.999999999999998224 ) ) ;
#1123 = ORIENTED_EDGE ( 'NONE', *, *, #5205, .F. ) ;
#1124 = EDGE_CURVE ( 'NONE', #2687, #4808, #443, .T. ) ;
#1125 = EDGE_CURVE ( 'NONE', #4556, #4587, #4725, .T. ) ;
#1126 = LINE ( 'NONE', #315, #4607 ) ;
#1127 = CARTESIAN_POINT ( 'NONE',  ( 15.00000000000000533, 3.000000000000000000, 9.999999999999998224 ) ) ;
#1128 = ADVANCED_FACE ( 'NONE', ( #2116 ), #3810, .T. ) ;
#1129 = VECTOR ( 'NONE', #1541, 1000.000000000000000 ) ;
#1130 = ORIENTED_EDGE ( 'NONE', *, *, #822, .F. ) ;
#1131 = DIRECTION ( 'NONE',  ( 0.000000000000000000, 0.000000000000000000, 1.000000000000000000 ) ) ;
#1132 = ORIENTED_EDGE ( 'NONE', *, *, #2362, .T. ) ;
#1133 = CARTESIAN_POINT ( 'NONE',  ( -35.00000000000000000, -13.00000000000000178, 5.000000000000000000 ) ) ;
#1134 = DIRECTION ( 'NONE',  ( -0.000000000000000000, -0.000000000000000000, 1.000000000000000000 ) ) ;
#1135 = UNCERTAINTY_MEASURE_WITH_UNIT (LENGTH_MEASURE( 1.000000000000000082E-05 ), #3752, 'distance_accuracy_value', 'NONE');
#1136 = EDGE_LOOP ( 'NONE', ( #1562, #5499, #2885, #454, #2696, #4024, #2424, #1210, #3045, #3867, #169, #774, #2196, #4355 ) ) ;
#1137 = ORIENTED_EDGE ( 'NONE', *, *, #2676, .T. ) ;
#1138 = DIRECTION ( 'NONE',  ( 0.000000000000000000, 0.000000000000000000, 1.000000000000000000 ) ) ;
#1139 = CARTESIAN_POINT ( 'NONE',  ( -45.00000000000001421, -18.00000000000000355, 5.000000000000000000 ) ) ;
#1140 = VECTOR ( 'NONE', #4973, 1000.000000000000000 ) ;
#1141 = VECTOR ( 'NONE', #4855, 1000.000000000000000 ) ;
#1142 = ORIENTED_EDGE ( 'NONE', *, *, #646, .F. ) ;
#1143 = CARTESIAN_POINT ( 'NONE',  ( 25.00000000000000000, 5.000000000000000000, 5.000000000000000000 ) ) ;
#1144 = TOROIDAL_SURFACE ( 'NONE', #693, 4.000000000000000000, 1.000000000000000000 ) ;
#1145 = LINE ( 'NONE', #805, #847 ) ;
#1146 = EDGE_LOOP ( 'NONE', ( #718, #825, #2144, #4199 ) ) ;
#1147 = CARTESIAN_POINT ( 'NONE',  ( -25.00000000000000000, 3.000000000000000000, 9.999999999999998224 ) ) ;
#1148 = CARTESIAN_POINT ( 'NONE',  ( 0.000000000000000000, 0.000000000000000000, 9.999999999999998224 ) ) ;
#1149 = CARTESIAN_POINT ( 'NONE',  ( 36.00000000000000711, -58.00000000000000711, 15.00000000000000000 ) ) ;
#1150 = CARTESIAN_POINT ( 'NONE',  ( 40.12499999999997868, -63.00000000000000000, 10.00156225593563697 ) ) ;
#1151 = VECTOR ( 'NONE', #3923, 1000.000000000000000 ) ;
#1152 = ORIENTED_EDGE ( 'NONE', *, *, #369, .F. ) ;
#1153 = FACE_BOUND ( 'NONE', #462, .T. ) ;
#1154 = LINE ( 'NONE', #5019, #3738 ) ;
#1155 = DIRECTION ( 'NONE',  ( -1.000000000000000000, 0.000000000000000000, 0.000000000000000000 ) ) ;
#1156 = EDGE_CURVE ( 'NONE', #4770, #1061, #1280, .T. ) ;
#1157 = VECTOR ( 'NONE', #2338, 1000.000000000000000 ) ;
#1158 = EDGE_LOOP ( 'NONE', ( #3783, #4162, #895, #1650 ) ) ;
#1159 = CARTESIAN_POINT ( 'NONE',  ( 35.71605004760657209, -37.31953204794631773, 5.000000000000000888 ) ) ;
#1160 = AXIS2_PLACEMENT_3D ( 'NONE', #2627, #4296, #5158 ) ;
#1161 = EDGE_CURVE ( 'NONE', #5108, #4556, #1826, .T. ) ;
#1162 = CARTESIAN_POINT ( 'NONE',  ( -45.00000000000001421, -18.00000000000000355, 15.00000000000000000 ) ) ;
#1163 = DIRECTION ( 'NONE',  ( -0.000000000000000000, -0.000000000000000000, -1.000000000000000000 ) ) ;
#1164 = AXIS2_PLACEMENT_3D ( 'NONE', #5502, #4589, #2104 ) ;
#1165 = ORIENTED_EDGE ( 'NONE', *, *, #4931, .T. ) ;
#1166 = VERTEX_POINT ( 'NONE', #160 ) ;
#1167 = DIRECTION ( 'NONE',  ( -0.000000000000000000, -0.000000000000000000, 1.000000000000000000 ) ) ;
#1168 = ADVANCED_FACE ( 'NONE', ( #1855 ), #5318, .F. ) ;
#1169 = AXIS2_PLACEMENT_3D ( 'NONE', #1501, #1909, #4897 ) ;
#1170 = LINE ( 'NONE', #2896, #3826 ) ;
#1171 = EDGE_CURVE ( 'NONE', #4671, #3439, #2574, .T. ) ;
#1172 = CARTESIAN_POINT ( 'NONE',  ( -19.99999999999998579, -25.00000000000000000, 11.00000000000000000 ) ) ;
#1173 = AXIS2_PLACEMENT_3D ( 'NONE', #628, #2749, #3194 ) ;
#1174 = FACE_OUTER_BOUND ( 'NONE', #3555, .T. ) ;
#1175 = VERTEX_POINT ( 'NONE', #2757 ) ;
#1176 = DIRECTION ( 'NONE',  ( 0.000000000000000000, 0.000000000000000000, -1.000000000000000000 ) ) ;
#1177 = DIRECTION ( 'NONE',  ( 0.000000000000000000, 0.000000000000000000, 1.000000000000000000 ) ) ;
#1178 = CARTESIAN_POINT ( 'NONE',  ( 39.99999999999989342, 81.24999999999998579, 5.000000000000000000 ) ) ;
#1179 = DIRECTION ( 'NONE',  ( 1.000000000000000000, -0.000000000000000000, 0.000000000000000000 ) ) ;
#1180 = ORIENTED_EDGE ( 'NONE', *, *, #1257, .F. ) ;
#1181 = DIRECTION ( 'NONE',  ( -0.000000000000000000, -0.000000000000000000, 1.000000000000000000 ) ) ;
#1182 = LINE ( 'NONE', #1127, #2825 ) ;
#1183 = CARTESIAN_POINT ( 'NONE',  ( 35.00000000000000000, -37.24999999999998579, 5.000000000000000000 ) ) ;
#1184 = ORIENTED_EDGE ( 'NONE', *, *, #4388, .F. ) ;
#1185 = CARTESIAN_POINT ( 'NONE',  ( -17.01943298838016361, -45.75000000000004263, 0.000000000000000000 ) ) ;
#1186 = VECTOR ( 'NONE', #1208, 1000.000000000000000 ) ;
#1187 = CIRCLE ( 'NONE', #4293, 1.000000000000000888 ) ;
#1188 = CARTESIAN_POINT ( 'NONE',  ( -40.00000000000000711, 81.24999999999998579, 0.000000000000000000 ) ) ;
#1189 = PLANE ( 'NONE',  #2601 ) ;
#1190 = VERTEX_POINT ( 'NONE', #4449 ) ;
#1191 = ORIENTED_EDGE ( 'NONE', *, *, #372, .T. ) ;
#1192 = DIRECTION ( 'NONE',  ( 1.000000000000000000, 0.000000000000000000, -0.000000000000000000 ) ) ;
#1193 = DIRECTION ( 'NONE',  ( 1.000000000000000000, -6.938893903907227392E-16, 0.000000000000000000 ) ) ;
#1194 = EDGE_CURVE ( 'NONE', #48, #4746, #2758, .T. ) ;
#1195 = DIRECTION ( 'NONE',  ( 0.000000000000000000, 0.000000000000000000, -1.000000000000000000 ) ) ;
#1196 = EDGE_CURVE ( 'NONE', #743, #185, #1057, .T. ) ;
#1197 = ADVANCED_FACE ( 'NONE', ( #1503 ), #219, .F. ) ;
#1198 = DIRECTION ( 'NONE',  ( 1.000000000000000000, 0.000000000000000000, 0.000000000000000000 ) ) ;
#1199 = ORIENTED_EDGE ( 'NONE', *, *, #542, .T. ) ;
#1200 = DIRECTION ( 'NONE',  ( -1.000000000000000000, 0.000000000000000000, 0.000000000000000000 ) ) ;
#1201 = AXIS2_PLACEMENT_3D ( 'NONE', #2905, #2486, #4602 ) ;
#1202 = DIRECTION ( 'NONE',  ( 1.000000000000000000, -0.000000000000000000, 0.000000000000000000 ) ) ;
#1203 = DIRECTION ( 'NONE',  ( 0.000000000000000000, 0.000000000000000000, 1.000000000000000000 ) ) ;
#1204 = AXIS2_PLACEMENT_3D ( 'NONE', #2852, #778, #2479 ) ;
#1205 = ORIENTED_EDGE ( 'NONE', *, *, #3027, .F. ) ;
#1206 = EDGE_CURVE ( 'NONE', #1274, #1391, #3561, .T. ) ;
#1207 = CARTESIAN_POINT ( 'NONE',  ( 44.00000000000001421, -18.00000000000000355, 9.999999999999998224 ) ) ;
#1208 = DIRECTION ( 'NONE',  ( 0.000000000000000000, 0.000000000000000000, 1.000000000000000000 ) ) ;
#1209 = LINE ( 'NONE', #1644, #2468 ) ;
#1210 = ORIENTED_EDGE ( 'NONE', *, *, #5199, .T. ) ;
#1211 = CARTESIAN_POINT ( 'NONE',  ( 35.88694630918593731, -45.70656535835941270, 0.000000000000000000 ) ) ;
#1212 = VECTOR ( 'NONE', #1358, 1000.000000000000000 ) ;
#1213 = CARTESIAN_POINT ( 'NONE',  ( -10.00000000000000178, -81.25000000000001421, 20.00000000000000000 ) ) ;
#1214 = CARTESIAN_POINT ( 'NONE',  ( 45.00000000000000711, -62.00000000000000000, 9.999999999999998224 ) ) ;
#1215 = VERTEX_POINT ( 'NONE', #5261 ) ;
#1216 = VERTEX_POINT ( 'NONE', #2705 ) ;
#1217 = DIRECTION ( 'NONE',  ( -1.000000000000000000, 0.000000000000000000, 0.000000000000000000 ) ) ;
#1218 = DIRECTION ( 'NONE',  ( -0.000000000000000000, -0.000000000000000000, 1.000000000000000000 ) ) ;
#1219 = EDGE_LOOP ( 'NONE', ( #1840, #833 ) ) ;
#1220 = CIRCLE ( 'NONE', #1392, 1.000000000000000888 ) ;
#1221 = DIRECTION ( 'NONE',  ( 0.000000000000000000, 0.000000000000000000, -1.000000000000000000 ) ) ;
#1222 = AXIS2_PLACEMENT_3D ( 'NONE', #5497, #346, #1268 ) ;
#1223 = AXIS2_PLACEMENT_3D ( 'NONE', #1436, #70, #4408 ) ;
#1224 = ADVANCED_FACE ( 'NONE', ( #636 ), #3175, .T. ) ;
#1225 = DIRECTION ( 'NONE',  ( 0.000000000000000000, 0.000000000000000000, 1.000000000000000000 ) ) ;
#1226 = EDGE_CURVE ( 'NONE', #4478, #342, #1030, .T. ) ;
#1227 = EDGE_LOOP ( 'NONE', ( #5454, #4784, #3850, #5370 ) ) ;
#1228 = AXIS2_PLACEMENT_3D ( 'NONE', #1371, #5188, #3073 ) ;
#1229 = ADVANCED_FACE ( 'NONE', ( #604 ), #3531, .T. ) ;
#1230 = CARTESIAN_POINT ( 'NONE',  ( 35.00000000000000000, -59.00000000000001421, 5.000000000000000000 ) ) ;
#1231 = DIRECTION ( 'NONE',  ( -0.000000000000000000, -0.000000000000000000, 1.000000000000000000 ) ) ;
#1232 = VERTEX_POINT ( 'NONE', #2279 ) ;
#1233 = ORIENTED_EDGE ( 'NONE', *, *, #1531, .F. ) ;
#1234 = ADVANCED_FACE ( 'NONE', ( #3973 ), #1086, .T. ) ;
#1235 = DIRECTION ( 'NONE',  ( 0.000000000000000000, 0.000000000000000000, -1.000000000000000000 ) ) ;
#1236 = LINE ( 'NONE', #4943, #3082 ) ;
#1237 = LINE ( 'NONE', #4660, #3529 ) ;
#1238 = ORIENTED_EDGE ( 'NONE', *, *, #2796, .T. ) ;
#1239 = AXIS2_PLACEMENT_3D ( 'NONE', #1480, #5236, #2766 ) ;
#1240 = CARTESIAN_POINT ( 'NONE',  ( -37.24046787837769301, -41.65711712915607023, 5.000000000000003553 ) ) ;
#1241 = CARTESIAN_POINT ( 'NONE',  ( 39.99999999999989342, 81.24999999999998579, 12.00000000000000000 ) ) ;
#1242 = AXIS2_PLACEMENT_3D ( 'NONE', #134, #5284, #4367 ) ;
#1243 = CARTESIAN_POINT ( 'NONE',  ( 9.999999999999998224, -65.25000000000001421, 20.00000000000000000 ) ) ;
#1244 = ORIENTED_EDGE ( 'NONE', *, *, #1559, .T. ) ;
#1245 = VECTOR ( 'NONE', #642, 1000.000000000000000 ) ;
#1246 = ORIENTED_EDGE ( 'NONE', *, *, #4229, .F. ) ;
#1247 = CARTESIAN_POINT ( 'NONE',  ( 25.00000000000000711, -70.00000000000000000, 5.000000000000000000 ) ) ;
#1248 = DIRECTION ( 'NONE',  ( 0.000000000000000000, 0.000000000000000000, 1.000000000000000000 ) ) ;
#1249 = ORIENTED_EDGE ( 'NONE', *, *, #3908, .T. ) ;
#1250 = AXIS2_PLACEMENT_3D ( 'NONE', #4072, #3983, #672 ) ;
#1251 = DIRECTION ( 'NONE',  ( -1.000000000000000000, 0.000000000000000000, 0.000000000000000000 ) ) ;
#1252 = AXIS2_PLACEMENT_3D ( 'NONE', #5451, #1195, #3310 ) ;
#1253 = VERTEX_POINT ( 'NONE', #3206 ) ;
#1254 = CARTESIAN_POINT ( 'NONE',  ( 36.28204753555839801, -37.54431123175685059, 4.999999999999996447 ) ) ;
#1255 = CARTESIAN_POINT ( 'NONE',  ( -34.99999999999997868, -42.75000000000000000, 5.000000000000000000 ) ) ;
#1256 = ORIENTED_EDGE ( 'NONE', *, *, #3132, .F. ) ;
#1257 = EDGE_CURVE ( 'NONE', #2920, #2179, #3208, .T. ) ;
#1258 = CARTESIAN_POINT ( 'NONE',  ( -37.12499999999997868, -18.00000000000000355, 5.000000000000000000 ) ) ;
#1259 = ORIENTED_EDGE ( 'NONE', *, *, #4049, .T. ) ;
#1260 = DIRECTION ( 'NONE',  ( 0.000000000000000000, 0.000000000000000000, -1.000000000000000000 ) ) ;
#1261 = ADVANCED_FACE ( 'NONE', ( #4481 ), #2669, .T. ) ;
#1262 = DIRECTION ( 'NONE',  ( -0.000000000000000000, -0.000000000000000000, 1.000000000000000000 ) ) ;
#1263 = CARTESIAN_POINT ( 'NONE',  ( -19.99999999999998579, -37.25000000000000000, 11.00000000000000000 ) ) ;
#1264 = DIRECTION ( 'NONE',  ( -0.000000000000000000, -1.000000000000000000, -0.000000000000000000 ) ) ;
#1265 = ORIENTED_EDGE ( 'NONE', *, *, #3978, .F. ) ;
#1266 = EDGE_CURVE ( 'NONE', #4746, #5117, #2041, .T. ) ;
#1267 = CARTESIAN_POINT ( 'NONE',  ( -37.77409858134808474, -34.92553956359888900, 0.000000000000000000 ) ) ;
#1268 = DIRECTION ( 'NONE',  ( 0.000000000000000000, 0.000000000000000000, 1.000000000000000000 ) ) ;
#1269 = DIRECTION ( 'NONE',  ( -0.000000000000000000, -0.000000000000000000, 1.000000000000000000 ) ) ;
#1270 = VERTEX_POINT ( 'NONE', #3231 ) ;
#1271 = ORIENTED_EDGE ( 'NONE', *, *, #130, .F. ) ;
#1272 = CARTESIAN_POINT ( 'NONE',  ( -30.00000000000001066, -25.00000000000000000, 5.000000000000000000 ) ) ;
#1273 = DIRECTION ( 'NONE',  ( 0.000000000000000000, 0.000000000000000000, -1.000000000000000000 ) ) ;
#1274 = VERTEX_POINT ( 'NONE', #2820 ) ;
#1275 = DIRECTION ( 'NONE',  ( -0.000000000000000000, -0.000000000000000000, 1.000000000000000000 ) ) ;
#1276 = EDGE_CURVE ( 'NONE', #3654, #320, #4704, .T. ) ;
#1277 = AXIS2_PLACEMENT_3D ( 'NONE', #2173, #3455, #4294 ) ;
#1278 = ORIENTED_EDGE ( 'NONE', *, *, #1802, .T. ) ;
#1279 = CARTESIAN_POINT ( 'NONE',  ( 40.80225555767518841, -39.99999999999992184, 0.000000000000000000 ) ) ;
#1280 = LINE ( 'NONE', #2143, #616 ) ;
#1281 = ORIENTED_EDGE ( 'NONE', *, *, #3336, .F. ) ;
#1282 = CARTESIAN_POINT ( 'NONE',  ( 21.00000000000000000, 0.000000000000000000, 9.999999999999998224 ) ) ;
#1283 = ORIENTED_EDGE ( 'NONE', *, *, #1903, .T. ) ;
#1284 = CARTESIAN_POINT ( 'NONE',  ( 44.00000000000000711, -63.00000000000000000, 9.999999999999998224 ) ) ;
#1285 = AXIS2_PLACEMENT_3D ( 'NONE', #5403, #2031, #4652 ) ;
#1286 = DIRECTION ( 'NONE',  ( 0.000000000000000000, 0.000000000000000000, -1.000000000000000000 ) ) ;
#1287 = DIRECTION ( 'NONE',  ( 1.000000000000000000, -0.000000000000000000, -0.000000000000000000 ) ) ;
#1288 = AXIS2_PLACEMENT_3D ( 'NONE', #3843, #28, #4702 ) ;
#1289 = ORIENTED_EDGE ( 'NONE', *, *, #4903, .T. ) ;
#1290 = CARTESIAN_POINT ( 'NONE',  ( -37.56291025298580877, -41.08186852284577384, 4.999999999999992006 ) ) ;
#1291 = EDGE_CURVE ( 'NONE', #3323, #3934, #5243, .T. ) ;
#1292 = EDGE_CURVE ( 'NONE', #1879, #2258, #4508, .T. ) ;
#1293 = VECTOR ( 'NONE', #3443, 1000.000000000000000 ) ;
#1294 = DIRECTION ( 'NONE',  ( -1.000000000000000000, -1.982541115402065849E-16, -0.000000000000000000 ) ) ;
#1295 = EDGE_CURVE ( 'NONE', #2096, #5117, #3610, .T. ) ;
#1296 = EDGE_LOOP ( 'NONE', ( #3451, #2901, #5466, #4597 ) ) ;
#1297 = VERTEX_POINT ( 'NONE', #2700 ) ;
#1298 = CARTESIAN_POINT ( 'NONE',  ( 25.00000000000000000, 5.000000000000000000, 5.000000000000000000 ) ) ;
#1299 = VERTEX_POINT ( 'NONE', #5226 ) ;
#1300 = VECTOR ( 'NONE', #1306, 1000.000000000000000 ) ;
#1301 = STYLED_ITEM ( 'NONE', ( #2974 ), #1608 ) ;
#1302 = DIRECTION ( 'NONE',  ( 1.000000000000000000, 0.000000000000000000, 0.000000000000000000 ) ) ;
#1303 = EDGE_CURVE ( 'NONE', #361, #2631, #1018, .T. ) ;
#1304 = VERTEX_POINT ( 'NONE', #4891 ) ;
#1305 = CARTESIAN_POINT ( 'NONE',  ( -2.775557561562891351E-14, -45.74999999999992895, 0.000000000000000000 ) ) ;
#1306 = DIRECTION ( 'NONE',  ( -0.000000000000000000, -0.000000000000000000, -1.000000000000000000 ) ) ;
#1307 = ORIENTED_EDGE ( 'NONE', *, *, #4649, .F. ) ;
#1308 = CARTESIAN_POINT ( 'NONE',  ( 45.00000000000000711, -63.00000000000000000, 5.000000000000000000 ) ) ;
#1309 = AXIS2_PLACEMENT_3D ( 'NONE', #5336, #2779, #3963 ) ;
#1310 = ORIENTED_EDGE ( 'NONE', *, *, #4423, .T. ) ;
#1311 = DIRECTION ( 'NONE',  ( -0.000000000000000000, -0.000000000000000000, -1.000000000000000000 ) ) ;
#1312 = CARTESIAN_POINT ( 'NONE',  ( 24.00000000000000000, 0.000000000000000000, 9.999999999999998224 ) ) ;
#1313 = DIRECTION ( 'NONE',  ( -1.000000000000000000, 0.000000000000000000, 0.000000000000000000 ) ) ;
#1314 = EDGE_LOOP ( 'NONE', ( #2471, #975, #131, #575 ) ) ;
#1315 = FACE_BOUND ( 'NONE', #4043, .T. ) ;
#1316 = PLANE ( 'NONE',  #776 ) ;
#1317 = ORIENTED_EDGE ( 'NONE', *, *, #3364, .T. ) ;
#1318 = ORIENTED_EDGE ( 'NONE', *, *, #2239, .T. ) ;
#1319 = LINE ( 'NONE', #5192, #5300 ) ;
#1320 = EDGE_CURVE ( 'NONE', #473, #3223, #436, .T. ) ;
#1321 = ORIENTED_EDGE ( 'NONE', *, *, #1594, .T. ) ;
#1322 = CARTESIAN_POINT ( 'NONE',  ( -44.00000000000001421, -13.00000000000000178, 9.999999999999998224 ) ) ;
#1323 = AXIS2_PLACEMENT_3D ( 'NONE', #2228, #287, #4100 ) ;
#1324 = DIRECTION ( 'NONE',  ( 1.000000000000000000, 0.000000000000000000, 0.000000000000000000 ) ) ;
#1325 = EDGE_CURVE ( 'NONE', #5362, #4524, #1494, .T. ) ;
#1326 = AXIS2_PLACEMENT_3D ( 'NONE', #4817, #4030, #4422 ) ;
#1327 = EDGE_CURVE ( 'NONE', #1823, #2272, #3110, .T. ) ;
#1328 = AXIS2_PLACEMENT_3D ( 'NONE', #2688, #2203, #478 ) ;
#1329 = ORIENTED_EDGE ( 'NONE', *, *, #4314, .F. ) ;
#1330 = CARTESIAN_POINT ( 'NONE',  ( -38.99799672150845709, -44.25289759696808289, 0.000000000000000000 ) ) ;
#1331 = DIRECTION ( 'NONE',  ( -0.000000000000000000, -0.000000000000000000, -1.000000000000000000 ) ) ;
#1332 = EDGE_LOOP ( 'NONE', ( #925, #3879, #4832, #5139, #4288, #1936, #507, #3628, #4157 ) ) ;
#1333 = AXIS2_PLACEMENT_3D ( 'NONE', #5060, #3415, #1248 ) ;
#1334 = AXIS2_PLACEMENT_3D ( 'NONE', #3673, #4446, #4028 ) ;
#1335 = DIRECTION ( 'NONE',  ( -0.000000000000000000, -0.000000000000000000, 1.000000000000000000 ) ) ;
#1336 = ORIENTED_EDGE ( 'NONE', *, *, #3753, .F. ) ;
#1337 = VECTOR ( 'NONE', #2863, 1000.000000000000000 ) ;
#1338 = CARTESIAN_POINT ( 'NONE',  ( 39.99999999999989342, 75.24999999999998579, 12.00000000000000000 ) ) ;
#1339 = CARTESIAN_POINT ( 'NONE',  ( -36.00000000000000711, -63.00000000000000000, 9.999999999999998224 ) ) ;
#1340 = DIRECTION ( 'NONE',  ( 0.000000000000000000, 0.000000000000000000, -1.000000000000000000 ) ) ;
#1341 = ORIENTED_EDGE ( 'NONE', *, *, #456, .F. ) ;
#1342 = CARTESIAN_POINT ( 'NONE',  ( -35.00000000000000000, -42.75000000000000000, 11.00000000000000000 ) ) ;
#1343 = DIRECTION ( 'NONE',  ( 0.000000000000000000, -1.000000000000000000, 0.000000000000000000 ) ) ;
#1344 = ORIENTED_EDGE ( 'NONE', *, *, #684, .F. ) ;
#1345 = EDGE_LOOP ( 'NONE', ( #589, #4467, #4004, #5114 ) ) ;
#1346 = PLANE ( 'NONE',  #2908 ) ;
#1347 = CYLINDRICAL_SURFACE ( 'NONE', #3288, 3.000000000000000000 ) ;
#1348 = ORIENTED_EDGE ( 'NONE', *, *, #4629, .F. ) ;
#1349 = AXIS2_PLACEMENT_3D ( 'NONE', #1312, #2597, #2094 ) ;
#1350 = DIRECTION ( 'NONE',  ( -0.000000000000000000, -0.000000000000000000, 1.000000000000000000 ) ) ;
#1351 = EDGE_LOOP ( 'NONE', ( #3424, #4469, #1353, #4511, #4887, #2754, #1074, #4304, #257 ) ) ;
#1352 = EDGE_CURVE ( 'NONE', #2460, #4436, #3016, .T. ) ;
#1353 = ORIENTED_EDGE ( 'NONE', *, *, #2557, .T. ) ;
#1354 = ADVANCED_FACE ( 'NONE', ( #5196 ), #3196, .T. ) ;
#1355 = DIRECTION ( 'NONE',  ( -0.000000000000000000, -1.000000000000000000, 0.000000000000000000 ) ) ;
#1356 = CIRCLE ( 'NONE', #3758, 1.000000000000000888 ) ;
#1357 = CARTESIAN_POINT ( 'NONE',  ( -40.64592610078036472, -41.32889343308141150, 0.000000000000000000 ) ) ;
#1358 = DIRECTION ( 'NONE',  ( 1.000000000000000000, -0.000000000000000000, -0.000000000000000000 ) ) ;
#1359 = EDGE_CURVE ( 'NONE', #844, #4893, #1418, .T. ) ;
#1360 = DIRECTION ( 'NONE',  ( 0.000000000000000000, 0.000000000000000000, -1.000000000000000000 ) ) ;
#1361 = ORIENTED_EDGE ( 'NONE', *, *, #4053, .T. ) ;
#1362 = CIRCLE ( 'NONE', #4482, 5.000000000000000888 ) ;
#1363 = CARTESIAN_POINT ( 'NONE',  ( 19.40000000000000924, -70.00000000000000000, 5.000000000000000000 ) ) ;
#1364 = CARTESIAN_POINT ( 'NONE',  ( -19.99999999999998934, -37.25000000000000000, 4.999999999999999112 ) ) ;
#1365 = CARTESIAN_POINT ( 'NONE',  ( -40.00000000000000000, -58.00000000000000711, 13.99999999999999822 ) ) ;
#1366 = DIRECTION ( 'NONE',  ( 1.000000000000000000, 0.000000000000000000, 0.000000000000000000 ) ) ;
#1367 = ORIENTED_EDGE ( 'NONE', *, *, #239, .T. ) ;
#1368 = LINE ( 'NONE', #921, #528 ) ;
#1369 = ORIENTED_EDGE ( 'NONE', *, *, #4986, .T. ) ;
#1370 = EDGE_CURVE ( 'NONE', #932, #2, #1079, .T. ) ;
#1371 = CARTESIAN_POINT ( 'NONE',  ( -25.00000000000000711, 60.00000000000000000, 5.000000000000000000 ) ) ;
#1372 = AXIS2_PLACEMENT_3D ( 'NONE', #5460, #1699, #1639 ) ;
#1373 = ORIENTED_EDGE ( 'NONE', *, *, #1568, .F. ) ;
#1374 = ORIENTED_EDGE ( 'NONE', *, *, #2345, .F. ) ;
#1375 = FACE_OUTER_BOUND ( 'NONE', #5157, .T. ) ;
#1376 = CYLINDRICAL_SURFACE ( 'NONE', #5510, 6.250000000000005329 ) ;
#1377 = ORIENTED_EDGE ( 'NONE', *, *, #4495, .T. ) ;
#1378 = DIRECTION ( 'NONE',  ( -0.000000000000000000, -0.000000000000000000, 1.000000000000000000 ) ) ;
#1379 = DIRECTION ( 'NONE',  ( 0.000000000000000000, 0.000000000000000000, -1.000000000000000000 ) ) ;
#1380 = ORIENTED_EDGE ( 'NONE', *, *, #4416, .T. ) ;
#1381 = ORIENTED_EDGE ( 'NONE', *, *, #5110, .F. ) ;
#1382 = CARTESIAN_POINT ( 'NONE',  ( -25.00000000000000000, 5.000000000000000000, 15.00000000000000000 ) ) ;
#1383 = CARTESIAN_POINT ( 'NONE',  ( -37.24046787837767170, -38.34288287084390845, 5.000000000000011546 ) ) ;
#1384 = CARTESIAN_POINT ( 'NONE',  ( -21.00000000000000000, 5.000000000000000000, 5.000000000000000000 ) ) ;
#1385 = EDGE_CURVE ( 'NONE', #1629, #844, #100, .T. ) ;
#1386 = VECTOR ( 'NONE', #1787, 1000.000000000000000 ) ;
#1387 = VECTOR ( 'NONE', #1704, 1000.000000000000000 ) ;
#1388 = EDGE_CURVE ( 'NONE', #2735, #4279, #3459, .T. ) ;
#1389 = CARTESIAN_POINT ( 'NONE',  ( -19.40000000000000924, 60.00000000000000000, 5.000000000000000000 ) ) ;
#1390 = EDGE_CURVE ( 'NONE', #4587, #3498, #3113, .T. ) ;
#1391 = VERTEX_POINT ( 'NONE', #127 ) ;
#1392 = AXIS2_PLACEMENT_3D ( 'NONE', #657, #2470, #2441 ) ;
#1393 = DIRECTION ( 'NONE',  ( -1.000000000000000000, -6.938893903907227392E-16, 0.000000000000000000 ) ) ;
#1394 = FACE_OUTER_BOUND ( 'NONE', #4977, .T. ) ;
#1395 = EDGE_CURVE ( 'NONE', #652, #4078, #597, .T. ) ;
#1396 = DIRECTION ( 'NONE',  ( -1.000000000000000000, 6.938893903907227392E-16, -0.000000000000000000 ) ) ;
#1397 = VECTOR ( 'NONE', #2325, 1000.000000000000000 ) ;
#1398 = CIRCLE ( 'NONE', #1042, 4.999999999999993783 ) ;
#1399 = ORIENTED_EDGE ( 'NONE', *, *, #1495, .F. ) ;
#1400 = DIRECTION ( 'NONE',  ( 1.000000000000000000, 0.000000000000000000, -0.000000000000000000 ) ) ;
#1401 = ADVANCED_FACE ( 'NONE', ( #2218 ), #3914, .T. ) ;
#1402 = ORIENTED_EDGE ( 'NONE', *, *, #1125, .F. ) ;
#1403 = CIRCLE ( 'NONE', #4517, 2.749999999999999112 ) ;
#1404 = CARTESIAN_POINT ( 'NONE',  ( -43.12499999999998579, -18.00000000000000355, 15.00000000000000000 ) ) ;
#1405 = DIRECTION ( 'NONE',  ( -0.000000000000000000, 1.000000000000000000, -0.000000000000000000 ) ) ;
#1406 = DIRECTION ( 'NONE',  ( 1.000000000000000000, 0.000000000000000000, 0.000000000000000000 ) ) ;
#1407 = DIRECTION ( 'NONE',  ( 0.000000000000000000, 0.000000000000000000, 1.000000000000000000 ) ) ;
#1408 = VERTEX_POINT ( 'NONE', #1441 ) ;
#1409 = CARTESIAN_POINT ( 'NONE',  ( -44.00000000000000711, -63.00000000000000000, 5.000000000000000000 ) ) ;
#1410 = DIRECTION ( 'NONE',  ( 0.000000000000000000, 0.000000000000000000, 1.000000000000000000 ) ) ;
#1411 = ORIENTED_EDGE ( 'NONE', *, *, #3238, .T. ) ;
#1412 = AXIS2_PLACEMENT_3D ( 'NONE', #4876, #1063, #1005 ) ;
#1413 = EDGE_LOOP ( 'NONE', ( #5383, #1966, #3526, #94, #1377, #2740, #1113, #109, #1123, #249 ) ) ;
#1414 = CARTESIAN_POINT ( 'NONE',  ( 36.00000000000000711, -63.00000000000000000, 5.000000000000000000 ) ) ;
#1415 = CARTESIAN_POINT ( 'NONE',  ( 27.74999999999999289, 60.00000000000000000, 5.000000000000000000 ) ) ;
#1416 = CARTESIAN_POINT ( 'NONE',  ( -30.60000000000000853, 60.00000000000000000, 5.000000000000000000 ) ) ;
#1417 = VECTOR ( 'NONE', #3059, 1000.000000000000000 ) ;
#1418 = CIRCLE ( 'NONE', #4265, 6.250000000000005329 ) ;
#1419 = VECTOR ( 'NONE', #3593, 1000.000000000000000 ) ;
#1420 = CARTESIAN_POINT ( 'NONE',  ( -40.00000000000000711, 75.24999999999998579, 5.000000000000000000 ) ) ;
#1421 = ORIENTED_EDGE ( 'NONE', *, *, #4191, .F. ) ;
#1422 = CIRCLE ( 'NONE', #2765, 3.000000000000002665 ) ;
#1423 = EDGE_CURVE ( 'NONE', #4978, #3168, #3497, .T. ) ;
#1424 = CARTESIAN_POINT ( 'NONE',  ( -24.99999999999999645, -55.00000000000000000, 5.000000000000000000 ) ) ;
#1425 = CYLINDRICAL_SURFACE ( 'NONE', #485, 3.000000000000002665 ) ;
#1426 = CIRCLE ( 'NONE', #447, 4.000000000000000000 ) ;
#1427 = LINE ( 'NONE', #3871, #907 ) ;
#1428 = VERTEX_POINT ( 'NONE', #2270 ) ;
#1429 = CARTESIAN_POINT ( 'NONE',  ( -37.12499999999997868, -12.99999999999999822, 10.00156225593563875 ) ) ;
#1430 = ORIENTED_EDGE ( 'NONE', *, *, #2080, .F. ) ;
#1431 = ADVANCED_FACE ( 'NONE', ( #5254 ), #3964, .T. ) ;
#1432 = EDGE_CURVE ( 'NONE', #5489, #956, #2078, .T. ) ;
#1433 = FILL_AREA_STYLE_COLOUR ( '', #2922 ) ;
#1434 = DIRECTION ( 'NONE',  ( -0.000000000000000000, -1.000000000000000000, -0.000000000000000000 ) ) ;
#1435 = ADVANCED_FACE ( 'NONE', ( #3671 ), #4588, .T. ) ;
#1436 = CARTESIAN_POINT ( 'NONE',  ( -24.99999999999999289, -70.00000000000000000, 2.149999999999999911 ) ) ;
#1437 = CARTESIAN_POINT ( 'NONE',  ( -43.12499999999998579, -12.99999999999999822, 5.000000000000000000 ) ) ;
#1438 = ORIENTED_EDGE ( 'NONE', *, *, #567, .F. ) ;
#1439 = SURFACE_STYLE_USAGE ( .BOTH. , #3467 ) ;
#1440 = CARTESIAN_POINT ( 'NONE',  ( 44.00000000000000711, -58.00000000000000000, 5.000000000000000000 ) ) ;
#1441 = CARTESIAN_POINT ( 'NONE',  ( 20.00000000000001066, -37.25000000000000000, 11.00000000000000000 ) ) ;
#1442 = ORIENTED_EDGE ( 'NONE', *, *, #101, .T. ) ;
#1443 = ORIENTED_EDGE ( 'NONE', *, *, #5001, .F. ) ;
#1444 = ORIENTED_EDGE ( 'NONE', *, *, #3299, .F. ) ;
#1445 = CARTESIAN_POINT ( 'NONE',  ( -45.00000000000000711, -63.00000000000000000, 15.00000000000000000 ) ) ;
#1446 = FACE_OUTER_BOUND ( 'NONE', #459, .T. ) ;
#1447 = DIRECTION ( 'NONE',  ( 0.000000000000000000, 0.000000000000000000, -1.000000000000000000 ) ) ;
#1448 = PRESENTATION_STYLE_ASSIGNMENT (( #1858 ) ) ;
#1449 = AXIS2_PLACEMENT_3D ( 'NONE', #5266, #2598, #3069 ) ;
#1450 = ORIENTED_EDGE ( 'NONE', *, *, #5507, .F. ) ;
#1451 = DIRECTION ( 'NONE',  ( 0.000000000000000000, -1.000000000000000000, 0.000000000000000000 ) ) ;
#1452 = FACE_OUTER_BOUND ( 'NONE', #1314, .T. ) ;
#1453 = DIRECTION ( 'NONE',  ( 1.000000000000000000, 0.000000000000000000, 0.000000000000000000 ) ) ;
#1454 = ORIENTED_EDGE ( 'NONE', *, *, #1295, .T. ) ;
#1455 = DIRECTION ( 'NONE',  ( -0.000000000000000000, -0.000000000000000000, 1.000000000000000000 ) ) ;
#1456 = ORIENTED_EDGE ( 'NONE', *, *, #3710, .T. ) ;
#1457 = DIRECTION ( 'NONE',  ( -0.000000000000000000, -1.000000000000000000, -0.000000000000000000 ) ) ;
#1458 = DIRECTION ( 'NONE',  ( 0.000000000000000000, -1.000000000000000000, 0.000000000000000000 ) ) ;
#1459 = LINE ( 'NONE', #5274, #3434 ) ;
#1460 = EDGE_CURVE ( 'NONE', #4676, #3654, #3321, .T. ) ;
#1461 = VERTEX_POINT ( 'NONE', #351 ) ;
#1462 = CARTESIAN_POINT ( 'NONE',  ( 37.72338347487983157, -40.46902818563409454, 5.000000000000002665 ) ) ;
#1463 = EDGE_CURVE ( 'NONE', #5162, #5458, #2847, .T. ) ;
#1464 = ORIENTED_EDGE ( 'NONE', *, *, #4723, .F. ) ;
#1465 = EDGE_CURVE ( 'NONE', #4552, #3982, #245, .T. ) ;
#1466 = AXIS2_PLACEMENT_3D ( 'NONE', #581, #190, #4003 ) ;
#1467 = CARTESIAN_POINT ( 'NONE',  ( 22.24999999999999645, 60.00000000000000000, 2.149999999999999911 ) ) ;
#1468 = DIRECTION ( 'NONE',  ( 0.000000000000000000, 0.000000000000000000, -1.000000000000000000 ) ) ;
#1469 = ORIENTED_EDGE ( 'NONE', *, *, #4831, .F. ) ;
#1470 = ORIENTED_EDGE ( 'NONE', *, *, #5407, .T. ) ;
#1471 = AXIS2_PLACEMENT_3D ( 'NONE', #4961, #3340, #2004 ) ;
#1472 = PRESENTATION_LAYER_ASSIGNMENT (  '', '', ( #668 ) ) ;
#1473 = DIRECTION ( 'NONE',  ( -1.084202172485504434E-16, -1.000000000000000000, -0.000000000000000000 ) ) ;
#1474 = CARTESIAN_POINT ( 'NONE',  ( -30.00000000000001066, -25.00000000000000000, 11.00000000000000000 ) ) ;
#1475 = DIRECTION ( 'NONE',  ( -0.000000000000000000, -1.000000000000000000, -0.000000000000000000 ) ) ;
#1476 = CARTESIAN_POINT ( 'NONE',  ( 37.12499999999997868, -13.00000000000000178, 5.000000000000000000 ) ) ;
#1477 = VERTEX_POINT ( 'NONE', #1550 ) ;
#1478 = AXIS2_PLACEMENT_3D ( 'NONE', #467, #2224, #4284 ) ;
#1479 = AXIS2_PLACEMENT_3D ( 'NONE', #484, #5089, #1626 ) ;
#1480 = CARTESIAN_POINT ( 'NONE',  ( -35.00000000000000000, -37.25000000000000000, 0.9999999999999991118 ) ) ;
#1481 = CARTESIAN_POINT ( 'NONE',  ( 40.00000000000001421, -81.25000000000001421, 0.000000000000000000 ) ) ;
#1482 = DIRECTION ( 'NONE',  ( 0.000000000000000000, -0.000000000000000000, -1.000000000000000000 ) ) ;
#1483 = ORIENTED_EDGE ( 'NONE', *, *, #3214, .F. ) ;
#1484 = FACE_OUTER_BOUND ( 'NONE', #2853, .T. ) ;
#1485 = ORIENTED_EDGE ( 'NONE', *, *, #3674, .T. ) ;
#1486 = LINE ( 'NONE', #1404, #5492 ) ;
#1487 = AXIS2_PLACEMENT_3D ( 'NONE', #1596, #2469, #4221 ) ;
#1488 = DIRECTION ( 'NONE',  ( 1.000000000000000000, 0.000000000000000000, 0.000000000000000000 ) ) ;
#1489 = CARTESIAN_POINT ( 'NONE',  ( 37.12499999999997868, -63.00000000000000000, 10.00156225593563875 ) ) ;
#1490 = EDGE_LOOP ( 'NONE', ( #483, #3824, #770, #2817, #3591, #3853 ) ) ;
#1491 = CARTESIAN_POINT ( 'NONE',  ( 37.72338347487983867, -39.53097181436592678, 4.999999999999998224 ) ) ;
#1492 = EDGE_LOOP ( 'NONE', ( #4276, #2105, #2781, #5166 ) ) ;
#1493 = DIRECTION ( 'NONE',  ( -0.000000000000000000, 1.000000000000000000, -0.000000000000000000 ) ) ;
#1494 = LINE ( 'NONE', #4781, #5423 ) ;
#1495 = EDGE_CURVE ( 'NONE', #490, #743, #1362, .T. ) ;
#1496 = CLOSED_SHELL ( 'NONE', ( #625, #4756, #786, #5440, #3473, #3647, #2455, #1087, #1054, #2663, #2998, #439, #1533, #3418, #1234, #5172, #1907, #2793, #4867, #846, #2316, #877, #2075, #3768, #4256, #3000, #199, #4633, #3182, #4965, #370, #2616, #5054, #3606, #2450, #5276, #1729, #4220, #3533, #4523, #3827, #4451, #1401, #1168, #4569, #4083, #205, #5342, #2593, #3806, #4254, #2244, #4873, #3335, #1595, #2586, #4286, #1627, #3640, #404, #5241, #750, #639, #3772, #1608, #818, #3742, #4151, #1893, #2383, #3941, #3202, #1763, #3399, #3706, #2428, #250, #3241, #4527, #4666, #3676, #2659, #498, #2082, #5279, #237, #27, #4186, #1197, #4639, #4350, #4664, #3500, #4560, #911, #1914, #4833, #696, #1794, #1229, #1765, #1933, #5353, #755, #4354, #4596, #5040, #5149, #2523, #856, #2698, #3936, #4901, #470, #2037, #2973, #1058, #3967, #2526, #1431, #4791, #2109, #1128, #3844, #3266, #5343, #411, #469, #2311, #5511, #5349, #852, #827, #4281, #3779, #4575, #2549, #4862, #3078, #2830, #3030, #5170, #945, #64, #5379, #3876, #201, #4759, #2806, #1868, #4005, #4389, #2931, #1261, #3542, #3137, #2187, #4972, #3433, #1354, #2733, #2348, #5136, #4170, #1435, #4418, #4011, #1224 ) ) ;
#1497 = VERTEX_POINT ( 'NONE', #1524 ) ;
#1498 = ORIENTED_EDGE ( 'NONE', *, *, #67, .T. ) ;
#1499 = CYLINDRICAL_SURFACE ( 'NONE', #1948, 2.749999999999999112 ) ;
#1500 = EDGE_CURVE ( 'NONE', #838, #3456, #5189, .T. ) ;
#1501 = CARTESIAN_POINT ( 'NONE',  ( 0.000000000000000000, 0.000000000000000000, 20.00000000000000000 ) ) ;
#1502 = DIRECTION ( 'NONE',  ( 0.000000000000000000, 0.000000000000000000, 1.000000000000000000 ) ) ;
#1503 = FACE_OUTER_BOUND ( 'NONE', #2152, .T. ) ;
#1504 = EDGE_CURVE ( 'NONE', #4084, #1477, #2800, .T. ) ;
#1505 = DIRECTION ( 'NONE',  ( -0.000000000000000000, -0.000000000000000000, -1.000000000000000000 ) ) ;
#1506 = ORIENTED_EDGE ( 'NONE', *, *, #4905, .F. ) ;
#1507 = CIRCLE ( 'NONE', #4091, 1.000000000000000888 ) ;
#1508 = LINE ( 'NONE', #3625, #437 ) ;
#1509 = CARTESIAN_POINT ( 'NONE',  ( 37.75000000000000711, 77.24999999999998579, 0.000000000000000000 ) ) ;
#1510 = ORIENTED_EDGE ( 'NONE', *, *, #3842, .T. ) ;
#1511 = ORIENTED_EDGE ( 'NONE', *, *, #4934, .F. ) ;
#1512 = AXIS2_PLACEMENT_3D ( 'NONE', #1437, #2182, #1407 ) ;
#1513 = EDGE_CURVE ( 'NONE', #4671, #2271, #3499, .T. ) ;
#1514 = CYLINDRICAL_SURFACE ( 'NONE', #1751, 5.000000000000000888 ) ;
#1515 = CARTESIAN_POINT ( 'NONE',  ( -40.00000000000000000, 0.000000000000000000, 9.999999999999998224 ) ) ;
#1516 = ORIENTED_EDGE ( 'NONE', *, *, #4311, .F. ) ;
#1517 = CARTESIAN_POINT ( 'NONE',  ( -34.99999999779716831, -34.24999999999999289, 0.000000000000000000 ) ) ;
#1518 = ORIENTED_EDGE ( 'NONE', *, *, #2106, .T. ) ;
#1519 = CIRCLE ( 'NONE', #4635, 5.000000000000011546 ) ;
#1520 = CYLINDRICAL_SURFACE ( 'NONE', #1309, 1.000000000000000888 ) ;
#1521 = LINE ( 'NONE', #4082, #640 ) ;
#1522 = ORIENTED_EDGE ( 'NONE', *, *, #515, .T. ) ;
#1523 = EDGE_LOOP ( 'NONE', ( #2323, #3408, #2649, #1165 ) ) ;
#1524 = CARTESIAN_POINT ( 'NONE',  ( 43.12499999999998579, -18.00000000000000355, 5.000000000000000000 ) ) ;
#1525 = DIRECTION ( 'NONE',  ( 1.040834085586084257E-14, 0.000000000000000000, 1.000000000000000000 ) ) ;
#1526 = ORIENTED_EDGE ( 'NONE', *, *, #3437, .F. ) ;
#1527 = LINE ( 'NONE', #2301, #2503 ) ;
#1528 = CARTESIAN_POINT ( 'NONE',  ( -24.00000000000000000, 0.000000000000000000, 9.999999999999998224 ) ) ;
#1529 = EDGE_CURVE ( 'NONE', #277, #363, #4928, .T. ) ;
#1530 = CARTESIAN_POINT ( 'NONE',  ( 25.00000000000000355, -25.00000000000000000, 11.00000000000000000 ) ) ;
#1531 = EDGE_CURVE ( 'NONE', #468, #1770, #2895, .T. ) ;
#1532 = EDGE_LOOP ( 'NONE', ( #2087, #2782, #4484, #4713 ) ) ;
#1533 = ADVANCED_FACE ( 'NONE', ( #2473 ), #2390, .T. ) ;
#1534 = DIRECTION ( 'NONE',  ( 0.000000000000000000, -1.000000000000000000, 0.000000000000000000 ) ) ;
#1535 = CARTESIAN_POINT ( 'NONE',  ( -20.00000000000000000, 0.000000000000000000, 12.99999999999999822 ) ) ;
#1536 = CARTESIAN_POINT ( 'NONE',  ( -37.74999999999999289, 81.24999999999998579, 0.000000000000000000 ) ) ;
#1537 = DIRECTION ( 'NONE',  ( -1.000000000000000000, -0.000000000000000000, -0.000000000000000000 ) ) ;
#1538 = ORIENTED_EDGE ( 'NONE', *, *, #1976, .F. ) ;
#1539 = CARTESIAN_POINT ( 'NONE',  ( 20.00000000000001066, -25.00000000000000000, 5.000000000000000000 ) ) ;
#1540 = VECTOR ( 'NONE', #3183, 1000.000000000000000 ) ;
#1541 = DIRECTION ( 'NONE',  ( 0.000000000000000000, 1.000000000000000000, 0.000000000000000000 ) ) ;
#1542 = PLANE ( 'NONE',  #2111 ) ;
#1543 = ORIENTED_EDGE ( 'NONE', *, *, #1796, .T. ) ;
#1544 = CARTESIAN_POINT ( 'NONE',  ( 38.99799672150840024, -35.74710240303180342, 0.000000000000000000 ) ) ;
#1545 = ORIENTED_EDGE ( 'NONE', *, *, #5208, .F. ) ;
#1546 = CARTESIAN_POINT ( 'NONE',  ( 46.25000000000000711, 74.99999999999998579, 5.000000000000000000 ) ) ;
#1547 = CARTESIAN_POINT ( 'NONE',  ( 21.00000000000000000, 0.000000000000000000, 15.00000000000000000 ) ) ;
#1548 = EDGE_LOOP ( 'NONE', ( #2101, #4726, #44, #120 ) ) ;
#1549 = ORIENTED_EDGE ( 'NONE', *, *, #2112, .T. ) ;
#1550 = CARTESIAN_POINT ( 'NONE',  ( 36.00000000000000711, -58.00000000000000711, 5.000000000000000000 ) ) ;
#1551 = DIRECTION ( 'NONE',  ( 0.000000000000000000, 0.000000000000000000, -1.000000000000000000 ) ) ;
#1552 = DIRECTION ( 'NONE',  ( -0.000000000000000000, -0.000000000000000000, 1.000000000000000000 ) ) ;
#1553 = VECTOR ( 'NONE', #2682, 1000.000000000000000 ) ;
#1554 = CARTESIAN_POINT ( 'NONE',  ( 34.99999999980003906, -42.75000000000000000, 5.000000000000000000 ) ) ;
#1555 = EDGE_LOOP ( 'NONE', ( #2129, #1026, #1380, #2321, #4647, #2772, #820, #2214, #1776 ) ) ;
#1556 =( GEOMETRIC_REPRESENTATION_CONTEXT ( 3 ) GLOBAL_UNCERTAINTY_ASSIGNED_CONTEXT ( ( #2297 ) ) GLOBAL_UNIT_ASSIGNED_CONTEXT ( ( #1633, #3337, #4719 ) ) REPRESENTATION_CONTEXT ( 'NONE', 'WORKASPACE' ) );
#1557 = EDGE_CURVE ( 'NONE', #2979, #638, #5420, .T. ) ;
#1558 = LINE ( 'NONE', #3261, #1212 ) ;
#1559 = EDGE_CURVE ( 'NONE', #401, #1727, #2274, .T. ) ;
#1560 = CARTESIAN_POINT ( 'NONE',  ( -30.00000000000001066, -55.00000000000000000, 11.00000000000000000 ) ) ;
#1561 = CARTESIAN_POINT ( 'NONE',  ( -34.99999999999997868, -37.25000000000000000, 5.000000000000000000 ) ) ;
#1562 = ORIENTED_EDGE ( 'NONE', *, *, #988, .T. ) ;
#1563 = EDGE_CURVE ( 'NONE', #4945, #2575, #1082, .T. ) ;
#1564 = DIRECTION ( 'NONE',  ( -0.000000000000000000, -1.000000000000000000, -0.000000000000000000 ) ) ;
#1565 = PLANE ( 'NONE',  #1917 ) ;
#1566 = DIRECTION ( 'NONE',  ( -1.000000000000000000, -6.938893903907227392E-16, 0.000000000000000000 ) ) ;
#1567 = VERTEX_POINT ( 'NONE', #3696 ) ;
#1568 = EDGE_CURVE ( 'NONE', #4945, #1892, #3702, .T. ) ;
#1569 = CARTESIAN_POINT ( 'NONE',  ( 35.00000000000000000, -14.00000000000000178, 5.000000000000000000 ) ) ;
#1570 = CARTESIAN_POINT ( 'NONE',  ( -21.00000000000000000, 5.000000000000000000, 15.00000000000000000 ) ) ;
#1571 = DIRECTION ( 'NONE',  ( 0.000000000000000000, 0.000000000000000000, 1.000000000000000000 ) ) ;
#1572 = ORIENTED_EDGE ( 'NONE', *, *, #4971, .F. ) ;
#1573 = VERTEX_POINT ( 'NONE', #4139 ) ;
#1574 = CARTESIAN_POINT ( 'NONE',  ( 25.00000000000000711, -70.00000000000000000, 2.149999999999999911 ) ) ;
#1575 = DIRECTION ( 'NONE',  ( -1.000000000000000000, -0.000000000000000000, -0.000000000000000000 ) ) ;
#1576 = VECTOR ( 'NONE', #4248, 1000.000000000000000 ) ;
#1577 = VECTOR ( 'NONE', #1589, 1000.000000000000000 ) ;
#1578 = CARTESIAN_POINT ( 'NONE',  ( 21.00000000000000000, 5.000000000000000000, 9.999999999999998224 ) ) ;
#1579 = ORIENTED_EDGE ( 'NONE', *, *, #4491, .T. ) ;
#1580 = CARTESIAN_POINT ( 'NONE',  ( -25.00000000000000000, -3.000000000000000000, 9.999999999999998224 ) ) ;
#1581 = LINE ( 'NONE', #4180, #322 ) ;
#1582 = LINE ( 'NONE', #1509, #2160 ) ;
#1583 = CARTESIAN_POINT ( 'NONE',  ( -37.74999999999999289, 77.24999999999998579, 4.000000000000000000 ) ) ;
#1584 = AXIS2_PLACEMENT_3D ( 'NONE', #943, #4267, #3066 ) ;
#1585 = EDGE_LOOP ( 'NONE', ( #4336, #1191, #2465, #4722 ) ) ;
#1586 = EDGE_CURVE ( 'NONE', #3115, #2630, #2727, .T. ) ;
#1587 = LINE ( 'NONE', #339, #5234 ) ;
#1588 = LINE ( 'NONE', #1956, #1129 ) ;
#1589 = DIRECTION ( 'NONE',  ( 0.000000000000000000, -1.734723475976807587E-16, 1.000000000000000000 ) ) ;
#1590 = AXIS2_PLACEMENT_3D ( 'NONE', #1528, #136, #2365 ) ;
#1591 = EDGE_LOOP ( 'NONE', ( #2438, #1020, #2077, #1373 ) ) ;
#1592 = CARTESIAN_POINT ( 'NONE',  ( 35.28894739933467406, -45.75000000000000000, 0.000000000000000000 ) ) ;
#1594 = EDGE_CURVE ( 'NONE', #3278, #4224, #4504, .T. ) ;
#1593 = VECTOR ( 'NONE', #261, 1000.000000000000000 ) ;
#1595 = ADVANCED_FACE ( 'NONE', ( #2872, #4563 ), #744, .F. ) ;
#1596 = CARTESIAN_POINT ( 'NONE',  ( -44.00000000000001421, -14.00000000000000178, 5.000000000000000888 ) ) ;
#1597 = EDGE_CURVE ( 'NONE', #473, #1831, #3881, .T. ) ;
#1598 = DIRECTION ( 'NONE',  ( 0.000000000000000000, 0.000000000000000000, 1.000000000000000000 ) ) ;
#1599 = VECTOR ( 'NONE', #4618, 1000.000000000000000 ) ;
#1600 = ORIENTED_EDGE ( 'NONE', *, *, #3603, .F. ) ;
#1601 = ORIENTED_EDGE ( 'NONE', *, *, #2873, .F. ) ;
#1602 = DIRECTION ( 'NONE',  ( 1.000000000000000000, 0.000000000000000000, 0.000000000000000000 ) ) ;
#1603 = CIRCLE ( 'NONE', #2312, 10.00000000000000000 ) ;
#1604 = DIRECTION ( 'NONE',  ( 0.000000000000000000, -1.000000000000000000, 0.000000000000000000 ) ) ;
#1605 = CIRCLE ( 'NONE', #4194, 1.000000000000000888 ) ;
#1606 = DIRECTION ( 'NONE',  ( -0.000000000000000000, -0.000000000000000000, -1.000000000000000000 ) ) ;
#1607 = VECTOR ( 'NONE', #3081, 1000.000000000000000 ) ;
#1608 = ADVANCED_FACE ( 'NONE', ( #828 ), #4617, .F. ) ;
#1609 = ORIENTED_EDGE ( 'NONE', *, *, #3912, .T. ) ;
#1610 = CARTESIAN_POINT ( 'NONE',  ( -37.12499999999997868, -58.00000000000000711, 10.00156225593563875 ) ) ;
#1611 = CARTESIAN_POINT ( 'NONE',  ( -34.99999999999994316, -42.75000000000001421, 5.000000000000000000 ) ) ;
#1612 = CARTESIAN_POINT ( 'NONE',  ( -30.00000000000001066, -25.00000000000000000, 5.000000000000000000 ) ) ;
#1613 = ORIENTED_EDGE ( 'NONE', *, *, #2208, .T. ) ;
#1614 = VECTOR ( 'NONE', #4585, 1000.000000000000000 ) ;
#1615 = FACE_OUTER_BOUND ( 'NONE', #547, .T. ) ;
#1616 = DIRECTION ( 'NONE',  ( -0.000000000000000000, -0.000000000000000000, 1.000000000000000000 ) ) ;
#1617 = DIRECTION ( 'NONE',  ( 1.000000000000000000, 0.000000000000000000, -0.000000000000000000 ) ) ;
#1618 = ORIENTED_EDGE ( 'NONE', *, *, #3804, .T. ) ;
#1619 = CARTESIAN_POINT ( 'NONE',  ( -35.71605004760652946, -42.68046795205369648, 5.000000000000005329 ) ) ;
#1620 = CIRCLE ( 'NONE', #2249, 1.000000000000000888 ) ;
#1621 = CARTESIAN_POINT ( 'NONE',  ( 35.00000000000000000, -34.25000000000000000, 0.000000000000000000 ) ) ;
#1622 = LINE ( 'NONE', #3225, #374 ) ;
#1623 = EDGE_CURVE ( 'NONE', #320, #3456, #677, .T. ) ;
#1624 = ORIENTED_EDGE ( 'NONE', *, *, #4565, .F. ) ;
#1625 = ORIENTED_EDGE ( 'NONE', *, *, #1025, .F. ) ;
#1626 = DIRECTION ( 'NONE',  ( 0.000000000000000000, 0.000000000000000000, 1.000000000000000000 ) ) ;
#1627 = ADVANCED_FACE ( 'NONE', ( #3800 ), #2823, .F. ) ;
#1628 = CARTESIAN_POINT ( 'NONE',  ( 37.12499999999997868, -18.00000000000000355, 5.000000000000000000 ) ) ;
#1629 = VERTEX_POINT ( 'NONE', #2606 ) ;
#1630 = EDGE_CURVE ( 'NONE', #2615, #4396, #4320, .T. ) ;
#1631 = VECTOR ( 'NONE', #3582, 1000.000000000000000 ) ;
#1632 = PLANE ( 'NONE',  #5074 ) ;
#1633 =( LENGTH_UNIT ( ) NAMED_UNIT ( * ) SI_UNIT ( .MILLI., .METRE. ) );
#1634 = ORIENTED_EDGE ( 'NONE', *, *, #3171, .T. ) ;
#1635 = CARTESIAN_POINT ( 'NONE',  ( 24.00000000000000000, 0.000000000000000000, 9.999999999999998224 ) ) ;
#1636 = VECTOR ( 'NONE', #4183, 1000.000000000000000 ) ;
#1637 = DIRECTION ( 'NONE',  ( -0.000000000000000000, -0.000000000000000000, 1.000000000000000000 ) ) ;
#1638 = VERTEX_POINT ( 'NONE', #1272 ) ;
#1639 = DIRECTION ( 'NONE',  ( 0.000000000000000000, 0.000000000000000000, -1.000000000000000000 ) ) ;
#1640 = AXIS2_PLACEMENT_3D ( 'NONE', #5427, #5399, #1225 ) ;
#1641 = ORIENTED_EDGE ( 'NONE', *, *, #1465, .T. ) ;
#1642 = PLANE ( 'NONE',  #2114 ) ;
#1643 = DIRECTION ( 'NONE',  ( 0.000000000000000000, 0.000000000000000000, -1.000000000000000000 ) ) ;
#1644 = CARTESIAN_POINT ( 'NONE',  ( 30.00000000000000000, -55.00000000000000000, 11.00000000000000000 ) ) ;
#1645 = ORIENTED_EDGE ( 'NONE', *, *, #3740, .T. ) ;
#1646 = CARTESIAN_POINT ( 'NONE',  ( -34.99999999803289086, -37.25000000000001421, 4.999999999999999112 ) ) ;
#1647 = CARTESIAN_POINT ( 'NONE',  ( -40.00000000000000711, 74.99999999999998579, 0.000000000000000000 ) ) ;
#1648 = DIRECTION ( 'NONE',  ( 0.000000000000000000, 0.000000000000000000, -1.000000000000000000 ) ) ;
#1649 = AXIS2_PLACEMENT_3D ( 'NONE', #3832, #3854, #2552 ) ;
#1650 = ORIENTED_EDGE ( 'NONE', *, *, #1194, .T. ) ;
#1651 = AXIS2_PLACEMENT_3D ( 'NONE', #452, #392, #3897 ) ;
#1652 = ORIENTED_EDGE ( 'NONE', *, *, #1828, .F. ) ;
#1653 = LINE ( 'NONE', #2131, #583 ) ;
#1654 = FACE_OUTER_BOUND ( 'NONE', #587, .T. ) ;
#1655 = ORIENTED_EDGE ( 'NONE', *, *, #3506, .T. ) ;
#1656 = AXIS2_PLACEMENT_3D ( 'NONE', #3511, #5498, #2945 ) ;
#1657 = EDGE_CURVE ( 'NONE', #1117, #5098, #1916, .T. ) ;
#1658 = CYLINDRICAL_SURFACE ( 'NONE', #4990, 5.000000000000000000 ) ;
#1659 = VECTOR ( 'NONE', #2944, 1000.000000000000000 ) ;
#1660 = CIRCLE ( 'NONE', #2644, 1.000000000000000888 ) ;
#1661 = EDGE_CURVE ( 'NONE', #1892, #1797, #4594, .T. ) ;
#1662 = VERTEX_POINT ( 'NONE', #4669 ) ;
#1663 = AXIS2_PLACEMENT_3D ( 'NONE', #3985, #146, #5271 ) ;
#1664 = CARTESIAN_POINT ( 'NONE',  ( 35.25802375059495120, -42.75000000000000000, 5.000000000000000000 ) ) ;
#1665 = CARTESIAN_POINT ( 'NONE',  ( 20.00000000000001066, -25.00000000000000000, 5.000000000000000000 ) ) ;
#1666 = ORIENTED_EDGE ( 'NONE', *, *, #3586, .T. ) ;
#1667 = EDGE_CURVE ( 'NONE', #3508, #760, #19, .T. ) ;
#1668 = CIRCLE ( 'NONE', #5053, 5.000000000000011546 ) ;
#1669 = CARTESIAN_POINT ( 'NONE',  ( -34.99999999999997868, -42.75000000000000000, 5.000000000000000000 ) ) ;
#1670 = ORIENTED_EDGE ( 'NONE', *, *, #1370, .F. ) ;
#1671 = CARTESIAN_POINT ( 'NONE',  ( 40.00000000000000000, -14.00000000000000178, 9.999999999999998224 ) ) ;
#1672 = DIRECTION ( 'NONE',  ( -0.000000000000000000, 0.000000000000000000, -1.000000000000000000 ) ) ;
#1673 = DIRECTION ( 'NONE',  ( 0.000000000000000000, 1.000000000000000000, 0.000000000000000000 ) ) ;
#1674 = DIRECTION ( 'NONE',  ( -0.000000000000000000, -0.000000000000000000, -1.000000000000000000 ) ) ;
#1675 = ORIENTED_EDGE ( 'NONE', *, *, #4333, .F. ) ;
#1676 = AXIS2_PLACEMENT_3D ( 'NONE', #3094, #584, #4455 ) ;
#1677 = DIRECTION ( 'NONE',  ( -1.000000000000000000, -0.000000000000000000, 0.000000000000000000 ) ) ;
#1678 = EDGE_CURVE ( 'NONE', #3323, #4184, #1653, .T. ) ;
#1679 = LINE ( 'NONE', #1213, #3622 ) ;
#1680 = AXIS2_PLACEMENT_3D ( 'NONE', #3174, #3945, #2731 ) ;
#1681 = LINE ( 'NONE', #944, #497 ) ;
#1682 = VECTOR ( 'NONE', #2303, 999.9999999999998863 ) ;
#1683 = ORIENTED_EDGE ( 'NONE', *, *, #4125, .F. ) ;
#1684 = CIRCLE ( 'NONE', #4093, 5.600000000000000533 ) ;
#1685 = EDGE_LOOP ( 'NONE', ( #2845, #4431 ) ) ;
#1686 = DIRECTION ( 'NONE',  ( -0.000000000000000000, -0.000000000000000000, 1.000000000000000000 ) ) ;
#1687 = VECTOR ( 'NONE', #1844, 1000.000000000000000 ) ;
#1688 = PLANE ( 'NONE',  #1860 ) ;
#1689 = EDGE_LOOP ( 'NONE', ( #3161, #4921, #5301, #1444 ) ) ;
#1690 = AXIS2_PLACEMENT_3D ( 'NONE', #3520, #3050, #3579 ) ;
#1691 = DIRECTION ( 'NONE',  ( 1.000000000000000000, -0.000000000000000000, 0.000000000000000000 ) ) ;
#1692 = VECTOR ( 'NONE', #2877, 1000.000000000000000 ) ;
#1693 = ORIENTED_EDGE ( 'NONE', *, *, #5076, .T. ) ;
#1694 = CARTESIAN_POINT ( 'NONE',  ( 37.24046787837774275, -41.65711712915611997, 5.000000000000002665 ) ) ;
#1695 = DIRECTION ( 'NONE',  ( -0.000000000000000000, 0.000000000000000000, -1.000000000000000000 ) ) ;
#1696 = ORIENTED_EDGE ( 'NONE', *, *, #472, .F. ) ;
#1697 = EDGE_CURVE ( 'NONE', #1274, #511, #4409, .T. ) ;
#1698 = EDGE_CURVE ( 'NONE', #490, #2683, #3357, .T. ) ;
#1699 = DIRECTION ( 'NONE',  ( 1.000000000000000000, 0.000000000000000000, -0.000000000000000000 ) ) ;
#1700 = EDGE_CURVE ( 'NONE', #4327, #3074, #5111, .T. ) ;
#1701 = ORIENTED_EDGE ( 'NONE', *, *, #4475, .F. ) ;
#1702 = LINE ( 'NONE', #1853, #91 ) ;
#1703 = DIRECTION ( 'NONE',  ( -0.000000000000000000, -0.000000000000000000, -1.000000000000000000 ) ) ;
#1704 = DIRECTION ( 'NONE',  ( 0.000000000000000000, 0.000000000000000000, -1.000000000000000000 ) ) ;
#1705 = CARTESIAN_POINT ( 'NONE',  ( -36.00000000000000711, -17.00000000000000000, 15.00000000000000000 ) ) ;
#1706 = EDGE_LOOP ( 'NONE', ( #5046, #4889, #1246, #4616 ) ) ;
#1707 = CARTESIAN_POINT ( 'NONE',  ( -35.88694630918597994, -34.29343464164053046, 0.000000000000000000 ) ) ;
#1708 = LINE ( 'NONE', #4274, #1576 ) ;
#1709 = ORIENTED_EDGE ( 'NONE', *, *, #1125, .T. ) ;
#1710 = ORIENTED_EDGE ( 'NONE', *, *, #2557, .F. ) ;
#1711 =( LENGTH_UNIT ( ) NAMED_UNIT ( * ) SI_UNIT ( .MILLI., .METRE. ) );
#1712 = DIRECTION ( 'NONE',  ( -0.000000000000000000, -0.000000000000000000, -1.000000000000000000 ) ) ;
#1713 = ORIENTED_EDGE ( 'NONE', *, *, #5138, .T. ) ;
#1714 = DIRECTION ( 'NONE',  ( -0.000000000000000000, -0.000000000000000000, 1.000000000000000000 ) ) ;
#1715 = ORIENTED_EDGE ( 'NONE', *, *, #5447, .T. ) ;
#1716 = CARTESIAN_POINT ( 'NONE',  ( 29.47881336083486659, -37.24999999999997868, 4.999999999999999112 ) ) ;
#1717 = CARTESIAN_POINT ( 'NONE',  ( -45.00000000000000711, -63.00000000000000000, 5.000000000000000000 ) ) ;
#1718 = ORIENTED_EDGE ( 'NONE', *, *, #1529, .F. ) ;
#1719 = CARTESIAN_POINT ( 'NONE',  ( 20.00000000000001066, -55.00000000000000000, 11.00000000000000000 ) ) ;
#1720 = VERTEX_POINT ( 'NONE', #5135 ) ;
#1721 = EDGE_CURVE ( 'NONE', #329, #4425, #1319, .T. ) ;
#1722 = CARTESIAN_POINT ( 'NONE',  ( 37.12499999999997868, -12.99999999999999822, 10.00156225593563875 ) ) ;
#1723 = AXIS2_PLACEMENT_3D ( 'NONE', #4821, #1006, #3567 ) ;
#1724 = LINE ( 'NONE', #3454, #4768 ) ;
#1725 = CARTESIAN_POINT ( 'NONE',  ( 39.99999999999989342, 81.24999999999998579, 12.00000000000000000 ) ) ;
#1726 = AXIS2_PLACEMENT_3D ( 'NONE', #939, #3534, #3450 ) ;
#1727 = VERTEX_POINT ( 'NONE', #958 ) ;
#1728 = FACE_BOUND ( 'NONE', #2374, .T. ) ;
#1729 = ADVANCED_FACE ( 'NONE', ( #1375 ), #1346, .F. ) ;
#1730 = AXIS2_PLACEMENT_3D ( 'NONE', #5167, #566, #1790 ) ;
#1731 = CARTESIAN_POINT ( 'NONE',  ( 40.00000000000000000, -17.00000000000000000, 9.999999999999998224 ) ) ;
#1732 = ORIENTED_EDGE ( 'NONE', *, *, #3804, .F. ) ;
#1733 = ORIENTED_EDGE ( 'NONE', *, *, #4727, .T. ) ;
#1734 = EDGE_CURVE ( 'NONE', #5061, #5134, #3988, .T. ) ;
#1735 = SURFACE_STYLE_USAGE ( .BOTH. , #2948 ) ;
#1736 = DIRECTION ( 'NONE',  ( 1.000000000000000000, 0.000000000000000000, -0.000000000000000000 ) ) ;
#1737 = ORIENTED_EDGE ( 'NONE', *, *, #1563, .T. ) ;
#1738 = DIRECTION ( 'NONE',  ( -0.000000000000000000, -0.000000000000000000, -1.000000000000000000 ) ) ;
#1739 = AXIS2_PLACEMENT_3D ( 'NONE', #5395, #4054, #2814 ) ;
#1740 = LINE ( 'NONE', #931, #4002 ) ;
#1741 = EDGE_LOOP ( 'NONE', ( #4844, #1142, #3360, #26 ) ) ;
#1742 = AXIS2_PLACEMENT_3D ( 'NONE', #2810, #568, #3609 ) ;
#1743 = VECTOR ( 'NONE', #1896, 1000.000000000000000 ) ;
#1744 = CARTESIAN_POINT ( 'NONE',  ( 40.05359831970087470, -37.02614977261691109, 0.000000000000000000 ) ) ;
#1745 = DIRECTION ( 'NONE',  ( 0.000000000000000000, 0.000000000000000000, -1.000000000000000000 ) ) ;
#1746 = ORIENTED_EDGE ( 'NONE', *, *, #2904, .F. ) ;
#1747 = DIRECTION ( 'NONE',  ( -1.000000000000000000, 0.000000000000000000, 0.000000000000000000 ) ) ;
#1748 = VECTOR ( 'NONE', #1493, 1000.000000000000000 ) ;
#1749 = VERTEX_POINT ( 'NONE', #122 ) ;
#1750 = PLANE ( 'NONE',  #5327 ) ;
#1751 = AXIS2_PLACEMENT_3D ( 'NONE', #650, #2378, #1043 ) ;
#1752 = PLANE ( 'NONE',  #5480 ) ;
#1753 = DIRECTION ( 'NONE',  ( -1.000000000000000000, 0.000000000000000000, 0.000000000000000000 ) ) ;
#1754 = ORIENTED_EDGE ( 'NONE', *, *, #985, .T. ) ;
#1755 = FACE_BOUND ( 'NONE', #2994, .T. ) ;
#1756 = CARTESIAN_POINT ( 'NONE',  ( 9.999999999999998224, -81.25000000000001421, 20.00000000000000000 ) ) ;
#1757 = VERTEX_POINT ( 'NONE', #514 ) ;
#1758 = ORIENTED_EDGE ( 'NONE', *, *, #5238, .T. ) ;
#1759 = AXIS2_PLACEMENT_3D ( 'NONE', #5409, #2886, #5047 ) ;
#1760 = CARTESIAN_POINT ( 'NONE',  ( -40.00000000000001421, -18.00000000000000355, 9.999999999999998224 ) ) ;
#1761 = EDGE_CURVE ( 'NONE', #4321, #1814, #2012, .T. ) ;
#1762 = CARTESIAN_POINT ( 'NONE',  ( -37.74999999999999289, 81.24999999999998579, 0.000000000000000000 ) ) ;
#1763 = ADVANCED_FACE ( 'NONE', ( #3519 ), #2692, .F. ) ;
#1764 = VERTEX_POINT ( 'NONE', #4744 ) ;
#1765 = ADVANCED_FACE ( 'NONE', ( #2632 ), #2636, .T. ) ;
#1766 = CARTESIAN_POINT ( 'NONE',  ( 30.00000000000000000, -37.25000000000000000, 11.00000000000000000 ) ) ;
#1767 = ORIENTED_EDGE ( 'NONE', *, *, #605, .T. ) ;
#1768 = AXIS2_PLACEMENT_3D ( 'NONE', #1115, #5285, #3147 ) ;
#1769 = AXIS2_PLACEMENT_3D ( 'NONE', #4807, #991, #2293 ) ;
#1770 = VERTEX_POINT ( 'NONE', #3076 ) ;
#1771 = CARTESIAN_POINT ( 'NONE',  ( 40.05359831970073969, -42.97385022738293969, 0.000000000000000000 ) ) ;
#1772 = CARTESIAN_POINT ( 'NONE',  ( -45.00000000000001421, -17.00000000000000000, 9.999999999999998224 ) ) ;
#1773 = EDGE_CURVE ( 'NONE', #1175, #185, #1459, .T. ) ;
#1774 = VECTOR ( 'NONE', #1824, 999.9999999999998863 ) ;
#1775 = DIRECTION ( 'NONE',  ( -1.000000000000000000, 0.000000000000000000, 0.000000000000000000 ) ) ;
#1776 = ORIENTED_EDGE ( 'NONE', *, *, #1700, .T. ) ;
#1777 = CARTESIAN_POINT ( 'NONE',  ( -37.74999999999999289, 77.24999999999998579, 4.000000000000000000 ) ) ;
#1778 = LINE ( 'NONE', #3896, #3619 ) ;
#1779 = CARTESIAN_POINT ( 'NONE',  ( 20.00000000000000000, 5.000000000000000000, 5.000000000000000000 ) ) ;
#1780 = DIRECTION ( 'NONE',  ( -1.000000000000000000, -0.000000000000000000, -0.000000000000000000 ) ) ;
#1781 = EDGE_LOOP ( 'NONE', ( #4851, #1870, #1456, #4849 ) ) ;
#1782 = FACE_BOUND ( 'NONE', #3611, .T. ) ;
#1783 = ORIENTED_EDGE ( 'NONE', *, *, #3366, .T. ) ;
#1784 = FACE_OUTER_BOUND ( 'NONE', #1897, .T. ) ;
#1785 = ORIENTED_EDGE ( 'NONE', *, *, #2898, .T. ) ;
#1786 = ORIENTED_EDGE ( 'NONE', *, *, #3214, .T. ) ;
#1787 = DIRECTION ( 'NONE',  ( 0.000000000000000000, 0.000000000000000000, -1.000000000000000000 ) ) ;
#1788 = CARTESIAN_POINT ( 'NONE',  ( 43.12499999999998579, -12.99999999999999822, 5.000000000000000000 ) ) ;
#1789 = VERTEX_POINT ( 'NONE', #4774 ) ;
#1790 = DIRECTION ( 'NONE',  ( 1.000000000000000000, 0.000000000000000000, 0.000000000000000000 ) ) ;
#1791 = EDGE_CURVE ( 'NONE', #3965, #2179, #2665, .T. ) ;
#1792 = CARTESIAN_POINT ( 'NONE',  ( -24.00000000000000000, 5.000000000000000000, 15.00000000000000000 ) ) ;
#1793 = DIRECTION ( 'NONE',  ( -0.000000000000000000, 1.000000000000000000, -0.000000000000000000 ) ) ;
#1794 = ADVANCED_FACE ( 'NONE', ( #539 ), #2238, .T. ) ;
#1795 = VERTEX_POINT ( 'NONE', #95 ) ;
#1796 = EDGE_CURVE ( 'NONE', #1922, #1216, #4057, .T. ) ;
#1797 = VERTEX_POINT ( 'NONE', #2264 ) ;
#1798 = LINE ( 'NONE', #3558, #3828 ) ;
#1799 = AXIS2_PLACEMENT_3D ( 'NONE', #732, #4126, #289 ) ;
#1800 = LINE ( 'NONE', #1474, #2215 ) ;
#1801 = DIRECTION ( 'NONE',  ( 0.000000000000000000, 0.000000000000000000, 1.000000000000000000 ) ) ;
#1802 = EDGE_CURVE ( 'NONE', #1215, #3218, #2559, .T. ) ;
#1803 = CARTESIAN_POINT ( 'NONE',  ( 24.99999999999999289, 60.00000000000000000, 5.000000000000000000 ) ) ;
#1804 = ORIENTED_EDGE ( 'NONE', *, *, #9, .T. ) ;
#1805 = FACE_OUTER_BOUND ( 'NONE', #3185, .T. ) ;
#1806 = CARTESIAN_POINT ( 'NONE',  ( -40.00000000000000000, -63.00000000000000000, 9.999999999999998224 ) ) ;
#1807 = DIRECTION ( 'NONE',  ( 0.000000000000000000, 0.000000000000000000, -1.000000000000000000 ) ) ;
#1808 = ORIENTED_EDGE ( 'NONE', *, *, #2176, .T. ) ;
#1809 = PLANE ( 'NONE',  #4983 ) ;
#1810 = ORIENTED_EDGE ( 'NONE', *, *, #1697, .F. ) ;
#1811 = LINE ( 'NONE', #16, #2110 ) ;
#1812 = CIRCLE ( 'NONE', #2085, 5.000000000000000888 ) ;
#1813 = CARTESIAN_POINT ( 'NONE',  ( -24.00000000000000000, 5.000000000000000000, 9.999999999999998224 ) ) ;
#1814 = VERTEX_POINT ( 'NONE', #4379 ) ;
#1815 = DIRECTION ( 'NONE',  ( 1.000000000000000000, 0.000000000000000000, 0.000000000000000000 ) ) ;
#1816 = CARTESIAN_POINT ( 'NONE',  ( 20.00000000000000000, -4.000000000000000888, 5.000000000000000000 ) ) ;
#1817 = ORIENTED_EDGE ( 'NONE', *, *, #3207, .T. ) ;
#1818 = AXIS2_PLACEMENT_3D ( 'NONE', #2334, #4031, #3210 ) ;
#1819 = CARTESIAN_POINT ( 'NONE',  ( 25.00000000000000711, -70.00000000000000000, 5.000000000000000000 ) ) ;
#1820 = CARTESIAN_POINT ( 'NONE',  ( 9.999999999999998224, -81.25000000000001421, 5.000000000000000000 ) ) ;
#1821 = VERTEX_POINT ( 'NONE', #563 ) ;
#1822 = EDGE_CURVE ( 'NONE', #1821, #1190, #621, .T. ) ;
#1823 = VERTEX_POINT ( 'NONE', #2320 ) ;
#1824 = DIRECTION ( 'NONE',  ( -0.7071067811865477948, 8.659560562354936556E-17, 0.7071067811865473507 ) ) ;
#1825 = CARTESIAN_POINT ( 'NONE',  ( -35.71605004760649393, -37.31953204794635326, 4.999999999999996447 ) ) ;
#1826 = LINE ( 'NONE', #2732, #4982 ) ;
#1827 = CIRCLE ( 'NONE', #4955, 5.000000000000000888 ) ;
#1828 = EDGE_CURVE ( 'NONE', #473, #2639, #4330, .T. ) ;
#1829 = DIRECTION ( 'NONE',  ( 0.000000000000000000, -1.000000000000000000, 0.000000000000000000 ) ) ;
#1830 = EDGE_CURVE ( 'NONE', #121, #1821, #5313, .T. ) ;
#1831 = VERTEX_POINT ( 'NONE', #592 ) ;
#1832 = EDGE_CURVE ( 'NONE', #4948, #2381, #3578, .T. ) ;
#1833 = CARTESIAN_POINT ( 'NONE',  ( -37.12499999999997868, -12.99999999999999822, 10.00156225593563875 ) ) ;
#1834 = LINE ( 'NONE', #1243, #2375 ) ;
#1835 = CARTESIAN_POINT ( 'NONE',  ( 36.00000000000000711, -17.00000000000000000, 15.00000000000000000 ) ) ;
#1836 = VECTOR ( 'NONE', #4665, 1000.000000000000000 ) ;
#1837 = AXIS2_PLACEMENT_3D ( 'NONE', #4578, #5299, #2774 ) ;
#1838 = EDGE_LOOP ( 'NONE', ( #5356, #2103, #3760, #3942 ) ) ;
#1839 = FACE_BOUND ( 'NONE', #1685, .T. ) ;
#1840 = ORIENTED_EDGE ( 'NONE', *, *, #2427, .F. ) ;
#1841 = DIRECTION ( 'NONE',  ( 0.000000000000000000, 0.000000000000000000, 1.000000000000000000 ) ) ;
#1842 = CARTESIAN_POINT ( 'NONE',  ( -45.00000000000000711, -62.00000000000000000, 5.000000000000000000 ) ) ;
#1843 = CARTESIAN_POINT ( 'NONE',  ( 36.00000000000000711, -62.00000000000000000, 9.999999999999998224 ) ) ;
#1844 = DIRECTION ( 'NONE',  ( -0.000000000000000000, 0.000000000000000000, 1.000000000000000000 ) ) ;
#1845 = EDGE_CURVE ( 'NONE', #717, #3837, #152, .T. ) ;
#1846 = VERTEX_POINT ( 'NONE', #4496 ) ;
#1847 = CARTESIAN_POINT ( 'NONE',  ( -40.12499999999997868, -58.00000000000000000, 10.00156225593563697 ) ) ;
#1848 = DIRECTION ( 'NONE',  ( -1.000000000000000000, 0.000000000000000000, -0.000000000000000000 ) ) ;
#1849 = ORIENTED_EDGE ( 'NONE', *, *, #1971, .F. ) ;
#1850 = VERTEX_POINT ( 'NONE', #4913 ) ;
#1851 = CIRCLE ( 'NONE', #164, 5.749999999999998224 ) ;
#1852 = VERTEX_POINT ( 'NONE', #1072 ) ;
#1853 = CARTESIAN_POINT ( 'NONE',  ( -37.12499999999997868, -12.99999999999999822, 10.00156225593563875 ) ) ;
#1854 = CARTESIAN_POINT ( 'NONE',  ( -34.99999999803289086, -37.25000000000001421, 4.999999999999999112 ) ) ;
#1855 = FACE_OUTER_BOUND ( 'NONE', #4490, .T. ) ;
#1856 = VECTOR ( 'NONE', #2722, 1000.000000000000000 ) ;
#1857 = VECTOR ( 'NONE', #4349, 1000.000000000000000 ) ;
#1858 = SURFACE_STYLE_USAGE ( .BOTH. , #3975 ) ;
#1859 = ORIENTED_EDGE ( 'NONE', *, *, #4386, .T. ) ;
#1861 = EDGE_CURVE ( 'NONE', #3525, #2162, #3687, .T. ) ;
#1860 = AXIS2_PLACEMENT_3D ( 'NONE', #3441, #5113, #5137 ) ;
#1862 = CARTESIAN_POINT ( 'NONE',  ( -46.25000000000000711, 74.99999999999998579, 5.000000000000000000 ) ) ;
#1863 = DIRECTION ( 'NONE',  ( 1.000000000000000000, 0.000000000000000000, -0.000000000000000000 ) ) ;
#1864 = EDGE_CURVE ( 'NONE', #5470, #4823, #4604, .T. ) ;
#1865 = VECTOR ( 'NONE', #1473, 1000.000000000000000 ) ;
#1866 = LINE ( 'NONE', #894, #465 ) ;
#1867 = ORIENTED_EDGE ( 'NONE', *, *, #1721, .T. ) ;
#1868 = ADVANCED_FACE ( 'NONE', ( #4944 ), #4155, .T. ) ;
#1869 = CARTESIAN_POINT ( 'NONE',  ( 45.00000000000000711, -59.00000000000000711, 5.000000000000000000 ) ) ;
#1870 = ORIENTED_EDGE ( 'NONE', *, *, #1111, .T. ) ;
#1871 = CARTESIAN_POINT ( 'NONE',  ( -43.12499999999998579, -12.99999999999999822, 5.000000000000000000 ) ) ;
#1872 = DIRECTION ( 'NONE',  ( 1.000000000000000000, 0.000000000000000000, 0.000000000000000000 ) ) ;
#1873 = DIRECTION ( 'NONE',  ( -0.000000000000000000, -1.000000000000000000, -0.000000000000000000 ) ) ;
#1874 = FACE_OUTER_BOUND ( 'NONE', #2719, .T. ) ;
#1875 = ORIENTED_EDGE ( 'NONE', *, *, #4045, .T. ) ;
#1876 = CARTESIAN_POINT ( 'NONE',  ( 40.00000000000001421, -18.00000000000000355, 9.999999999999998224 ) ) ;
#1877 = DIRECTION ( 'NONE',  ( 0.000000000000000000, 0.000000000000000000, 1.000000000000000000 ) ) ;
#1878 = ORIENTED_EDGE ( 'NONE', *, *, #915, .T. ) ;
#1879 = VERTEX_POINT ( 'NONE', #2835 ) ;
#1880 = DIRECTION ( 'NONE',  ( -0.000000000000000000, -0.000000000000000000, 1.000000000000000000 ) ) ;
#1881 = DIRECTION ( 'NONE',  ( 0.000000000000000000, -1.000000000000000000, 0.000000000000000000 ) ) ;
#1882 = CARTESIAN_POINT ( 'NONE',  ( 24.00000000000000000, 4.000000000000000000, 15.00000000000000000 ) ) ;
#1883 = PLANE ( 'NONE',  #135 ) ;
#1884 = VECTOR ( 'NONE', #3926, 1000.000000000000000 ) ;
#1885 = ORIENTED_EDGE ( 'NONE', *, *, #3573, .F. ) ;
#1886 = CARTESIAN_POINT ( 'NONE',  ( 37.12499999999997868, -12.99999999999999822, 5.000000000000000000 ) ) ;
#1887 = DIRECTION ( 'NONE',  ( -0.000000000000000000, -0.000000000000000000, 1.000000000000000000 ) ) ;
#1888 = LINE ( 'NONE', #225, #3316 ) ;
#1889 = VERTEX_POINT ( 'NONE', #1489 ) ;
#1890 = DIRECTION ( 'NONE',  ( 0.000000000000000000, 0.000000000000000000, 1.000000000000000000 ) ) ;
#1891 = AXIS2_PLACEMENT_3D ( 'NONE', #301, #1192, #4086 ) ;
#1892 = VERTEX_POINT ( 'NONE', #676 ) ;
#1893 = ADVANCED_FACE ( 'NONE', ( #3272 ), #1101, .F. ) ;
#1894 = DIRECTION ( 'NONE',  ( -6.938893903907227392E-16, -1.000000000000000000, 0.000000000000000000 ) ) ;
#1895 = DIRECTION ( 'NONE',  ( 0.000000000000000000, 0.000000000000000000, 1.000000000000000000 ) ) ;
#1896 = DIRECTION ( 'NONE',  ( 0.000000000000000000, -1.000000000000000000, 0.000000000000000000 ) ) ;
#1897 = EDGE_LOOP ( 'NONE', ( #734, #5087, #1701, #118 ) ) ;
#1898 = CARTESIAN_POINT ( 'NONE',  ( -45.00000000000001421, -13.00000000000000178, 5.000000000000000000 ) ) ;
#1899 = EDGE_CURVE ( 'NONE', #1080, #4718, #3795, .T. ) ;
#1900 = ORIENTED_EDGE ( 'NONE', *, *, #2619, .F. ) ;
#1901 = VECTOR ( 'NONE', #4153, 999.9999999999998863 ) ;
#1902 = CARTESIAN_POINT ( 'NONE',  ( -46.25000000000000711, 74.99999999999998579, 0.000000000000000000 ) ) ;
#1903 = EDGE_CURVE ( 'NONE', #3168, #1953, #5045, .T. ) ;
#1904 = DIRECTION ( 'NONE',  ( -0.000000000000000000, -1.000000000000000000, -0.000000000000000000 ) ) ;
#1905 = ORIENTED_EDGE ( 'NONE', *, *, #4739, .T. ) ;
#1906 = ORIENTED_EDGE ( 'NONE', *, *, #4534, .F. ) ;
#1907 = ADVANCED_FACE ( 'NONE', ( #2379 ), #1542, .T. ) ;
#1908 = LINE ( 'NONE', #1112, #2487 ) ;
#1909 = DIRECTION ( 'NONE',  ( 0.000000000000000000, 0.000000000000000000, -1.000000000000000000 ) ) ;
#1910 = PRODUCT_DEFINITION_SHAPE ( 'NONE', 'NONE',  #3254 ) ;
#1911 = CARTESIAN_POINT ( 'NONE',  ( -36.28204753555841222, -37.54431123175683638, 5.000000000000006217 ) ) ;
#1912 = DIRECTION ( 'NONE',  ( 0.000000000000000000, 0.000000000000000000, -1.000000000000000000 ) ) ;
#1913 = DIRECTION ( 'NONE',  ( 0.000000000000000000, -1.000000000000000000, 0.000000000000000000 ) ) ;
#1914 = ADVANCED_FACE ( 'NONE', ( #3244 ), #4077, .T. ) ;
#1915 = EDGE_LOOP ( 'NONE', ( #5429, #2555, #163, #5179, #2889, #3047, #2147, #3598, #3490 ) ) ;
#1916 = CIRCLE ( 'NONE', #4677, 2.749999999999999112 ) ;
#1917 = AXIS2_PLACEMENT_3D ( 'NONE', #2491, #4636, #264 ) ;
#1918 = CARTESIAN_POINT ( 'NONE',  ( -43.12499999999998579, -12.99999999999999822, 10.00156225593563875 ) ) ;
#1919 = CARTESIAN_POINT ( 'NONE',  ( 35.00000000000000000, -58.00000000000000711, 15.00000000000000000 ) ) ;
#1920 = ORIENTED_EDGE ( 'NONE', *, *, #1832, .T. ) ;
#1921 = LINE ( 'NONE', #2858, #4442 ) ;
#1922 = VERTEX_POINT ( 'NONE', #4108 ) ;
#1923 = CIRCLE ( 'NONE', #242, 2.749999999999999112 ) ;
#1924 = TOROIDAL_SURFACE ( 'NONE', #5044, 4.000000000000000000, 1.000000000000000000 ) ;
#1925 = AXIS2_PLACEMENT_3D ( 'NONE', #2413, #4522, #707 ) ;
#1926 = CARTESIAN_POINT ( 'NONE',  ( 25.00000000000000355, -25.00000000000000000, 11.00000000000000000 ) ) ;
#1927 = DIRECTION ( 'NONE',  ( 0.000000000000000000, 1.000000000000000000, 0.000000000000000000 ) ) ;
#1928 = VERTEX_POINT ( 'NONE', #651 ) ;
#1929 = PLANE ( 'NONE',  #4892 ) ;
#1930 = ORIENTED_EDGE ( 'NONE', *, *, #335, .F. ) ;
#1931 = CARTESIAN_POINT ( 'NONE',  ( -37.74999999999999289, 81.24999999999998579, 4.000000000000000000 ) ) ;
#1932 = FACE_OUTER_BOUND ( 'NONE', #4414, .T. ) ;
#1933 = ADVANCED_FACE ( 'NONE', ( #231 ), #2377, .T. ) ;
#1934 = CIRCLE ( 'NONE', #2652, 1.000000000000000888 ) ;
#1935 = ORIENTED_EDGE ( 'NONE', *, *, #3096, .T. ) ;
#1936 = ORIENTED_EDGE ( 'NONE', *, *, #3976, .T. ) ;
#1937 = DIRECTION ( 'NONE',  ( -0.000000000000000000, -0.000000000000000000, 1.000000000000000000 ) ) ;
#1938 = EDGE_CURVE ( 'NONE', #4253, #3864, #4555, .T. ) ;
#1939 = CARTESIAN_POINT ( 'NONE',  ( 20.00000000000001066, -42.75000000000000000, 11.00000000000000000 ) ) ;
#1940 = VERTEX_POINT ( 'NONE', #1183 ) ;
#1941 = EDGE_CURVE ( 'NONE', #2167, #4823, #995, .T. ) ;
#1942 = CARTESIAN_POINT ( 'NONE',  ( 36.00000000000000711, -63.00000000000000000, 9.999999999999998224 ) ) ;
#1943 = DIRECTION ( 'NONE',  ( 1.000000000000000000, 0.000000000000000000, -0.000000000000000000 ) ) ;
#1944 = DIRECTION ( 'NONE',  ( 0.000000000000000000, 0.000000000000000000, -1.000000000000000000 ) ) ;
#1945 = AXIS2_PLACEMENT_3D ( 'NONE', #916, #840, #56 ) ;
#1946 = CARTESIAN_POINT ( 'NONE',  ( 25.00000000000000000, 0.000000000000000000, 9.999999999999998224 ) ) ;
#1947 = ORIENTED_EDGE ( 'NONE', *, *, #567, .T. ) ;
#1948 = AXIS2_PLACEMENT_3D ( 'NONE', #3200, #4896, #1083 ) ;
#1949 = CARTESIAN_POINT ( 'NONE',  ( 2.255140518769849223E-14, -37.24999999999997158, 5.000000000000004441 ) ) ;
#1950 = DIRECTION ( 'NONE',  ( 0.000000000000000000, 0.000000000000000000, -1.000000000000000000 ) ) ;
#1951 = DIRECTION ( 'NONE',  ( 0.000000000000000000, 0.000000000000000000, -1.000000000000000000 ) ) ;
#1952 = DIRECTION ( 'NONE',  ( -0.000000000000000000, -0.000000000000000000, -1.000000000000000000 ) ) ;
#1953 = VERTEX_POINT ( 'NONE', #1988 ) ;
#1954 = VECTOR ( 'NONE', #1890, 1000.000000000000000 ) ;
#1955 = LINE ( 'NONE', #1871, #4071 ) ;
#1956 = CARTESIAN_POINT ( 'NONE',  ( 35.00000000000000000, -13.00000000000000178, 5.000000000000000000 ) ) ;
#1957 = CARTESIAN_POINT ( 'NONE',  ( -35.00000000000000000, -40.00000000000000000, 0.000000000000000000 ) ) ;
#1958 = APPLICATION_CONTEXT ( 'automotive_design' ) ;
#1959 = ORIENTED_EDGE ( 'NONE', *, *, #2139, .F. ) ;
#1960 = CARTESIAN_POINT ( 'NONE',  ( -17.01943298838018137, -34.24999999999998579, 0.000000000000000000 ) ) ;
#1961 = ORIENTED_EDGE ( 'NONE', *, *, #2996, .T. ) ;
#1962 = VECTOR ( 'NONE', #1221, 1000.000000000000000 ) ;
#1963 = DIRECTION ( 'NONE',  ( -0.000000000000000000, -0.000000000000000000, -1.000000000000000000 ) ) ;
#1964 = CARTESIAN_POINT ( 'NONE',  ( 20.00000000000000000, -4.000000000000000888, 15.00000000000000000 ) ) ;
#1965 = ORIENTED_EDGE ( 'NONE', *, *, #2553, .T. ) ;
#1966 = ORIENTED_EDGE ( 'NONE', *, *, #2959, .T. ) ;
#1967 = CARTESIAN_POINT ( 'NONE',  ( 36.00000000000000711, -59.00000000000001421, 5.000000000000000888 ) ) ;
#1968 = CARTESIAN_POINT ( 'NONE',  ( 40.00000000000001421, -75.00000000000001421, 5.000000000000000000 ) ) ;
#1969 = VERTEX_POINT ( 'NONE', #3663 ) ;
#1970 = EDGE_CURVE ( 'NONE', #779, #209, #2349, .T. ) ;
#1971 = EDGE_CURVE ( 'NONE', #2514, #1852, #5359, .T. ) ;
#1972 = LINE ( 'NONE', #5371, #1865 ) ;
#1973 = DIRECTION ( 'NONE',  ( 6.938893903907227392E-16, 1.000000000000000000, -0.000000000000000000 ) ) ;
#1974 = EDGE_CURVE ( 'NONE', #3666, #226, #3633, .T. ) ;
#1975 = CARTESIAN_POINT ( 'NONE',  ( 43.12499999999998579, -18.00000000000000355, 15.00000000000000000 ) ) ;
#1976 = EDGE_CURVE ( 'NONE', #1814, #4382, #4217, .T. ) ;
#1977 = ORIENTED_EDGE ( 'NONE', *, *, #1513, .F. ) ;
#1978 = CARTESIAN_POINT ( 'NONE',  ( -19.99999999999998579, -25.00000000000000000, 5.000000000000000000 ) ) ;
#1979 = FACE_OUTER_BOUND ( 'NONE', #458, .T. ) ;
#1980 = EDGE_CURVE ( 'NONE', #1749, #2317, #1398, .T. ) ;
#1981 = DIRECTION ( 'NONE',  ( 0.000000000000000000, 0.000000000000000000, 1.000000000000000000 ) ) ;
#1982 = CARTESIAN_POINT ( 'NONE',  ( -40.00000000000000000, -59.00000000000001421, 13.99999999999999822 ) ) ;
#1983 = ADVANCED_BREP_SHAPE_REPRESENTATION ( 'Enclosure_Rear', ( #3576, #1730 ), #1556 ) ;
#1984 = VERTEX_POINT ( 'NONE', #393 ) ;
#1985 = CARTESIAN_POINT ( 'NONE',  ( -24.99999999999999289, -70.00000000000000000, 5.000000000000000000 ) ) ;
#1986 = AXIS2_PLACEMENT_3D ( 'NONE', #1919, #4070, #2313 ) ;
#1987 = CARTESIAN_POINT ( 'NONE',  ( 45.00000000000001421, -17.00000000000000000, 5.000000000000000000 ) ) ;
#1988 = CARTESIAN_POINT ( 'NONE',  ( 40.00000000000000000, -59.00000000000001421, 15.00000000000000000 ) ) ;
#1989 = ORIENTED_EDGE ( 'NONE', *, *, #2843, .F. ) ;
#1990 = CARTESIAN_POINT ( 'NONE',  ( 37.76331478900084448, -40.00000000000004974, 5.000000000000007105 ) ) ;
#1991 = DIRECTION ( 'NONE',  ( 0.000000000000000000, 1.000000000000000000, 0.000000000000000000 ) ) ;
#1992 = CARTESIAN_POINT ( 'NONE',  ( 35.00000000000000000, -62.00000000000000000, 9.999999999999998224 ) ) ;
#1993 = ORIENTED_EDGE ( 'NONE', *, *, #2394, .F. ) ;
#1994 = ORIENTED_EDGE ( 'NONE', *, *, #5306, .T. ) ;
#1995 = DIRECTION ( 'NONE',  ( -0.000000000000000000, -0.000000000000000000, -1.000000000000000000 ) ) ;
#1996 = CYLINDRICAL_SURFACE ( 'NONE', #178, 1.000000000000000888 ) ;
#1997 = DIRECTION ( 'NONE',  ( -1.000000000000000000, 0.000000000000000000, 0.000000000000000000 ) ) ;
#1998 = AXIS2_PLACEMENT_3D ( 'NONE', #4486, #224, #2284 ) ;
#1999 = TOROIDAL_SURFACE ( 'NONE', #3691, 4.000000000000000000, 1.000000000000000000 ) ;
#2000 = EDGE_CURVE ( 'NONE', #3017, #2317, #1209, .T. ) ;
#2001 = ORIENTED_EDGE ( 'NONE', *, *, #1941, .T. ) ;
#2002 = CIRCLE ( 'NONE', #3698, 1.000000000000000888 ) ;
#2003 = DIRECTION ( 'NONE',  ( 6.938893903907227392E-16, -1.000000000000000000, -0.000000000000000000 ) ) ;
#2004 = DIRECTION ( 'NONE',  ( -1.000000000000000000, 0.000000000000000000, 0.000000000000000000 ) ) ;
#2005 = EDGE_CURVE ( 'NONE', #1662, #3101, #2911, .T. ) ;
#2006 = DIRECTION ( 'NONE',  ( 1.000000000000000000, 0.000000000000000000, 0.000000000000000000 ) ) ;
#2007 = EDGE_CURVE ( 'NONE', #5360, #406, #60, .T. ) ;
#2008 = FACE_OUTER_BOUND ( 'NONE', #1741, .T. ) ;
#2009 = VECTOR ( 'NONE', #51, 1000.000000000000000 ) ;
#2010 = EDGE_CURVE ( 'NONE', #419, #4562, #4637, .T. ) ;
#2011 = ORIENTED_EDGE ( 'NONE', *, *, #3470, .F. ) ;
#2012 = CIRCLE ( 'NONE', #5122, 5.000000000000011546 ) ;
#2013 = CYLINDRICAL_SURFACE ( 'NONE', #4869, 2.749999999999999112 ) ;
#2014 = FACE_OUTER_BOUND ( 'NONE', #2016, .T. ) ;
#2015 = CARTESIAN_POINT ( 'NONE',  ( -10.00000000000000000, -65.25000000000001421, 20.00000000000000000 ) ) ;
#2016 = EDGE_LOOP ( 'NONE', ( #4244, #3075, #5173, #1510 ) ) ;
#2017 = CARTESIAN_POINT ( 'NONE',  ( 18.00748767465337252, -37.25000000000000000, 4.999999999999994671 ) ) ;
#2018 = CARTESIAN_POINT ( 'NONE',  ( 0.000000000000000000, -65.25000000000001421, 10.00000000000000000 ) ) ;
#2019 = DIRECTION ( 'NONE',  ( 0.000000000000000000, 1.000000000000000000, 0.000000000000000000 ) ) ;
#2020 = ORIENTED_EDGE ( 'NONE', *, *, #784, .T. ) ;
#2021 = ORIENTED_EDGE ( 'NONE', *, *, #4053, .F. ) ;
#2022 = DIRECTION ( 'NONE',  ( 0.000000000000000000, 0.000000000000000000, -1.000000000000000000 ) ) ;
#2023 = EDGE_CURVE ( 'NONE', #3799, #3666, #2151, .T. ) ;
#2024 = DIRECTION ( 'NONE',  ( -1.000000000000000000, 0.000000000000000000, 0.000000000000000000 ) ) ;
#2025 = VECTOR ( 'NONE', #3275, 1000.000000000000000 ) ;
#2026 = DIRECTION ( 'NONE',  ( 0.000000000000000000, 0.000000000000000000, -1.000000000000000000 ) ) ;
#2027 = DIRECTION ( 'NONE',  ( 1.000000000000000000, 0.000000000000000000, 0.000000000000000000 ) ) ;
#2028 = ORIENTED_EDGE ( 'NONE', *, *, #4801, .F. ) ;
#2029 = APPLICATION_CONTEXT ( 'automotive_design' ) ;
#2030 = CARTESIAN_POINT ( 'NONE',  ( -34.99999999779716831, -34.24999999999999289, 0.000000000000000000 ) ) ;
#2031 = DIRECTION ( 'NONE',  ( -0.000000000000000000, -0.000000000000000000, -1.000000000000000000 ) ) ;
#2032 = VECTOR ( 'NONE', #4906, 1000.000000000000000 ) ;
#2033 = DIRECTION ( 'NONE',  ( -0.000000000000000000, 1.000000000000000000, -0.000000000000000000 ) ) ;
#2034 = CIRCLE ( 'NONE', #702, 1.000000000000000888 ) ;
#2035 = ORIENTED_EDGE ( 'NONE', *, *, #338, .F. ) ;
#2036 = EDGE_CURVE ( 'NONE', #5096, #150, #366, .T. ) ;
#2037 = ADVANCED_FACE ( 'NONE', ( #2095 ), #3348, .T. ) ;
#2038 = LINE ( 'NONE', #2093, #2475 ) ;
#2039 = CARTESIAN_POINT ( 'NONE',  ( 21.00000000000000000, -5.000000000000000000, 5.000000000000000000 ) ) ;
#2040 = EDGE_CURVE ( 'NONE', #3168, #717, #5082, .T. ) ;
#2041 = CIRCLE ( 'NONE', #1590, 5.000000000000000000 ) ;
#2042 = ORIENTED_EDGE ( 'NONE', *, *, #4769, .T. ) ;
#2043 = CARTESIAN_POINT ( 'NONE',  ( -35.88694630918597284, -45.70656535835945533, 0.000000000000000000 ) ) ;
#2044 = DIRECTION ( 'NONE',  ( 0.000000000000000000, 0.000000000000000000, 1.000000000000000000 ) ) ;
#2045 = CARTESIAN_POINT ( 'NONE',  ( 40.00000000000001421, -17.00000000000000000, 13.99999999999999822 ) ) ;
#2046 = AXIS2_PLACEMENT_3D ( 'NONE', #2950, #4226, #2579 ) ;
#2047 = EDGE_LOOP ( 'NONE', ( #2453, #673, #4859, #4536 ) ) ;
#2048 = ORIENTED_EDGE ( 'NONE', *, *, #1257, .T. ) ;
#2049 = CARTESIAN_POINT ( 'NONE',  ( -36.00000000000000711, -14.00000000000000178, 5.000000000000000888 ) ) ;
#2050 = CIRCLE ( 'NONE', #3559, 5.600000000000000533 ) ;
#2051 = CARTESIAN_POINT ( 'NONE',  ( 37.75000000000000711, 77.24999999999998579, 0.000000000000000000 ) ) ;
#2052 = ORIENTED_EDGE ( 'NONE', *, *, #1976, .T. ) ;
#2053 = DIRECTION ( 'NONE',  ( -0.000000000000000000, -0.000000000000000000, -1.000000000000000000 ) ) ;
#2054 = AXIS2_PLACEMENT_3D ( 'NONE', #380, #5476, #5092 ) ;
#2055 = PLANE ( 'NONE',  #3778 ) ;
#2056 = ORIENTED_EDGE ( 'NONE', *, *, #800, .T. ) ;
#2057 = CARTESIAN_POINT ( 'NONE',  ( 45.00000000000000711, -62.00000000000000000, 15.00000000000000000 ) ) ;
#2058 = CARTESIAN_POINT ( 'NONE',  ( 34.99999999977638510, -45.75000000000000000, 0.000000000000000000 ) ) ;
#2059 = ORIENTED_EDGE ( 'NONE', *, *, #4125, .T. ) ;
#2060 = DIRECTION ( 'NONE',  ( 1.000000000000000000, 0.000000000000000000, 0.000000000000000000 ) ) ;
#2061 = VERTEX_POINT ( 'NONE', #868 ) ;
#2062 = VECTOR ( 'NONE', #1163, 1000.000000000000000 ) ;
#2063 = CARTESIAN_POINT ( 'NONE',  ( 35.00000000000000000, -62.00000000000000000, 15.00000000000000000 ) ) ;
#2064 = FACE_OUTER_BOUND ( 'NONE', #5030, .T. ) ;
#2065 = CARTESIAN_POINT ( 'NONE',  ( 44.00000000000000711, -58.00000000000000000, 15.00000000000000000 ) ) ;
#2066 = ORIENTED_EDGE ( 'NONE', *, *, #1390, .T. ) ;
#2067 = CARTESIAN_POINT ( 'NONE',  ( 38.99799672150856367, -44.25289759696823921, 0.000000000000000000 ) ) ;
#2068 = EDGE_CURVE ( 'NONE', #4838, #5061, #1237, .T. ) ;
#2069 = CIRCLE ( 'NONE', #381, 5.000000000000000000 ) ;
#2070 = LINE ( 'NONE', #2525, #2025 ) ;
#2071 = CARTESIAN_POINT ( 'NONE',  ( -36.00000000000000711, -13.00000000000000178, 9.999999999999998224 ) ) ;
#2072 = ORIENTED_EDGE ( 'NONE', *, *, #2206, .F. ) ;
#2073 = EDGE_LOOP ( 'NONE', ( #826, #2534, #2923, #5133 ) ) ;
#2074 = SURFACE_STYLE_FILL_AREA ( #5501 ) ;
#2075 = ADVANCED_FACE ( 'NONE', ( #2965 ), #3011, .F. ) ;
#2076 = PLANE ( 'NONE',  #2409 ) ;
#2077 = ORIENTED_EDGE ( 'NONE', *, *, #1661, .F. ) ;
#2078 = B_SPLINE_CURVE_WITH_KNOTS ( 'NONE', 1,
 ( #4861, #1050 ),
 .UNSPECIFIED., .F., .F.,
 ( 2, 2 ),
 ( 0.000000000000000000, 1.000000000000000000 ),
 .UNSPECIFIED. ) ;
#2079 = AXIS2_PLACEMENT_3D ( 'NONE', #154, #1468, #3165 ) ;
#2080 = EDGE_CURVE ( 'NONE', #5096, #771, #5494, .T. ) ;
#2081 = DIRECTION ( 'NONE',  ( 0.000000000000000000, -1.000000000000000000, 0.000000000000000000 ) ) ;
#2082 = ADVANCED_FACE ( 'NONE', ( #842 ), #2545, .F. ) ;
#2083 = EDGE_LOOP ( 'NONE', ( #3749, #1361, #1785, #2912 ) ) ;
#2084 = CARTESIAN_POINT ( 'NONE',  ( -37.24046787837769301, -41.65711712915607023, 5.000000000000003553 ) ) ;
#2085 = AXIS2_PLACEMENT_3D ( 'NONE', #4655, #3759, #5433 ) ;
#2086 = FACE_OUTER_BOUND ( 'NONE', #1492, .T. ) ;
#2087 = ORIENTED_EDGE ( 'NONE', *, *, #5314, .T. ) ;
#2088 = EDGE_CURVE ( 'NONE', #5007, #981, #1660, .T. ) ;
#2089 = DIRECTION ( 'NONE',  ( 1.000000000000000000, 0.000000000000000000, 0.000000000000000000 ) ) ;
#2090 = VECTOR ( 'NONE', #2734, 1000.000000000000000 ) ;
#2091 = VERTEX_POINT ( 'NONE', #4269 ) ;
#2092 = CARTESIAN_POINT ( 'NONE',  ( -40.00000000000000000, -14.00000000000000178, 9.999999999999998224 ) ) ;
#2093 = CARTESIAN_POINT ( 'NONE',  ( 0.000000000000000000, -81.25000000000001421, 7.900000000000002132 ) ) ;
#2094 = DIRECTION ( 'NONE',  ( 0.000000000000000000, 0.000000000000000000, -1.000000000000000000 ) ) ;
#2095 = FACE_OUTER_BOUND ( 'NONE', #3811, .T. ) ;
#2096 = VERTEX_POINT ( 'NONE', #2569 ) ;
#2097 = CARTESIAN_POINT ( 'NONE',  ( -40.80225555767523815, -39.99999999999995737, 0.000000000000000000 ) ) ;
#2098 = PLANE ( 'NONE',  #2915 ) ;
#2099 = CARTESIAN_POINT ( 'NONE',  ( 44.00000000000001421, -18.00000000000000355, 5.000000000000000000 ) ) ;
#2100 = AXIS2_PLACEMENT_3D ( 'NONE', #1247, #1686, #3390 ) ;
#2101 = ORIENTED_EDGE ( 'NONE', *, *, #4229, .T. ) ;
#2102 = AXIS2_PLACEMENT_3D ( 'NONE', #2939, #1616, #3320 ) ;
#2103 = ORIENTED_EDGE ( 'NONE', *, *, #929, .T. ) ;
#2104 = DIRECTION ( 'NONE',  ( 0.000000000000000000, 0.000000000000000000, -1.000000000000000000 ) ) ;
#2105 = ORIENTED_EDGE ( 'NONE', *, *, #1568, .T. ) ;
#2106 = EDGE_CURVE ( 'NONE', #5240, #1253, #4779, .T. ) ;
#2107 = VECTOR ( 'NONE', #111, 1000.000000000000000 ) ;
#2108 = CARTESIAN_POINT ( 'NONE',  ( 45.00000000000000711, -63.00000000000000000, 15.00000000000000000 ) ) ;
#2109 = ADVANCED_FACE ( 'NONE', ( #2464 ), #5368, .T. ) ;
#2110 = VECTOR ( 'NONE', #2714, 1000.000000000000000 ) ;
#2111 = AXIS2_PLACEMENT_3D ( 'NONE', #294, #4016, #1566 ) ;
#2112 = EDGE_CURVE ( 'NONE', #4417, #981, #3736, .T. ) ;
#2113 = ORIENTED_EDGE ( 'NONE', *, *, #5306, .F. ) ;
#2114 = AXIS2_PLACEMENT_3D ( 'NONE', #292, #5462, #704 ) ;
#2115 = CARTESIAN_POINT ( 'NONE',  ( 35.71605004760657209, -37.31953204794631773, 5.000000000000000888 ) ) ;
#2116 = FACE_OUTER_BOUND ( 'NONE', #667, .T. ) ;
#2117 = EDGE_LOOP ( 'NONE', ( #4915, #4013, #124, #3304 ) ) ;
#2118 = CARTESIAN_POINT ( 'NONE',  ( -39.99999999999997868, -81.25000000000001421, 0.000000000000000000 ) ) ;
#2119 = ORIENTED_EDGE ( 'NONE', *, *, #2695, .F. ) ;
#2120 = PLANE ( 'NONE',  #4545 ) ;
#2121 = CARTESIAN_POINT ( 'NONE',  ( 20.00000000000000000, 3.000000000000000000, 9.999999999999998224 ) ) ;
#2122 = CARTESIAN_POINT ( 'NONE',  ( 45.00000000000001421, -17.00000000000000000, 15.00000000000000000 ) ) ;
#2123 = DIRECTION ( 'NONE',  ( 1.000000000000000000, -6.938893903907227392E-16, 0.000000000000000000 ) ) ;
#2124 = ORIENTED_EDGE ( 'NONE', *, *, #3908, .F. ) ;
#2125 = VECTOR ( 'NONE', #866, 1000.000000000000000 ) ;
#2126 = DIRECTION ( 'NONE',  ( -1.000000000000000000, 0.000000000000000000, 0.000000000000000000 ) ) ;
#2127 = CARTESIAN_POINT ( 'NONE',  ( 24.00000000000000000, 5.000000000000000000, 15.00000000000000000 ) ) ;
#2128 = VECTOR ( 'NONE', #1944, 1000.000000000000000 ) ;
#2129 = ORIENTED_EDGE ( 'NONE', *, *, #4318, .F. ) ;
#2130 = VERTEX_POINT ( 'NONE', #557 ) ;
#2131 = CARTESIAN_POINT ( 'NONE',  ( -20.00000000000000000, 5.000000000000000000, 5.000000000000000000 ) ) ;
#2132 = VECTOR ( 'NONE', #2657, 999.9999999999998863 ) ;
#2133 = CARTESIAN_POINT ( 'NONE',  ( 36.00000000000000711, -18.00000000000000355, 5.000000000000000000 ) ) ;
#2134 = ORIENTED_EDGE ( 'NONE', *, *, #137, .F. ) ;
#2135 = VECTOR ( 'NONE', #2445, 1000.000000000000000 ) ;
#2136 = CARTESIAN_POINT ( 'NONE',  ( 30.00000000000000000, -55.00000000000000000, 11.00000000000000000 ) ) ;
#2137 = AXIS2_PLACEMENT_3D ( 'NONE', #3819, #8, #839 ) ;
#2138 = EDGE_CURVE ( 'NONE', #2096, #1969, #4210, .T. ) ;
#2139 = EDGE_CURVE ( 'NONE', #1953, #5212, #5010, .T. ) ;
#2140 = VECTOR ( 'NONE', #1714, 1000.000000000000000 ) ;
#2141 = EDGE_LOOP ( 'NONE', ( #5400, #52, #2785, #1977 ) ) ;
#2142 = CARTESIAN_POINT ( 'NONE',  ( 36.82231164300139170, -45.48338716540894922, 0.000000000000000000 ) ) ;
#2143 = CARTESIAN_POINT ( 'NONE',  ( -35.00000000000000000, -58.00000000000000711, 5.000000000000000000 ) ) ;
#2144 = ORIENTED_EDGE ( 'NONE', *, *, #4934, .T. ) ;
#2145 = EDGE_CURVE ( 'NONE', #18, #3431, #2883, .T. ) ;
#2146 = DIRECTION ( 'NONE',  ( 0.000000000000000000, 1.000000000000000000, 0.000000000000000000 ) ) ;
#2147 = ORIENTED_EDGE ( 'NONE', *, *, #96, .T. ) ;
#2148 = EDGE_CURVE ( 'NONE', #779, #4945, #3041, .T. ) ;
#2149 = CARTESIAN_POINT ( 'NONE',  ( -35.00000000000000000, -37.25000000000000000, 11.00000000000000000 ) ) ;
#2150 = DIRECTION ( 'NONE',  ( 0.000000000000000000, 0.000000000000000000, 1.000000000000000000 ) ) ;
#2151 = LINE ( 'NONE', #1725, #3179 ) ;
#2152 = EDGE_LOOP ( 'NONE', ( #155, #3695, #3549, #765 ) ) ;
#2153 = CARTESIAN_POINT ( 'NONE',  ( -37.56291025298584429, -38.91813147715434695, 4.999999999999992006 ) ) ;
#2154 = CARTESIAN_POINT ( 'NONE',  ( 36.00000000000000711, -18.00000000000000355, 9.999999999999998224 ) ) ;
#2155 = ORIENTED_EDGE ( 'NONE', *, *, #1938, .F. ) ;
#2156 = ORIENTED_EDGE ( 'NONE', *, *, #996, .T. ) ;
#2157 = CARTESIAN_POINT ( 'NONE',  ( 40.00000000000001421, -14.00000000000000178, 13.99999999999999822 ) ) ;
#2158 = DIRECTION ( 'NONE',  ( 1.000000000000000000, 0.000000000000000000, 0.000000000000000000 ) ) ;
#2159 = ORIENTED_EDGE ( 'NONE', *, *, #4187, .F. ) ;
#2160 = VECTOR ( 'NONE', #5378, 1000.000000000000000 ) ;
#2161 = CARTESIAN_POINT ( 'NONE',  ( 37.12499999999997868, -18.00000000000000355, 10.00156225593563875 ) ) ;
#2162 = VERTEX_POINT ( 'NONE', #3539 ) ;
#2163 = CARTESIAN_POINT ( 'NONE',  ( -36.74548407698654984, -42.14751394714358668, 4.999999999999996447 ) ) ;
#2164 = LINE ( 'NONE', #1717, #767 ) ;
#2165 = VERTEX_POINT ( 'NONE', #3097 ) ;
#2166 = CARTESIAN_POINT ( 'NONE',  ( 20.00000000000000000, -4.000000000000000000, 9.999999999999998224 ) ) ;
#2167 = VERTEX_POINT ( 'NONE', #142 ) ;
#2168 = EDGE_CURVE ( 'NONE', #3955, #1215, #1620, .T. ) ;
#2169 = DIRECTION ( 'NONE',  ( 1.000000000000000000, 0.000000000000000000, 0.000000000000000000 ) ) ;
#2170 = CIRCLE ( 'NONE', #1285, 1.000000000000000888 ) ;
#2171 = EDGE_CURVE ( 'NONE', #2130, #5489, #2625, .T. ) ;
#2172 = DIRECTION ( 'NONE',  ( 1.000000000000000000, 0.000000000000000000, 0.000000000000000000 ) ) ;
#2173 = CARTESIAN_POINT ( 'NONE',  ( 40.00000000000000000, -59.00000000000001421, 13.99999999999999822 ) ) ;
#2174 = AXIS2_PLACEMENT_3D ( 'NONE', #2508, #3258, #5453 ) ;
#2175 = ORIENTED_EDGE ( 'NONE', *, *, #4146, .F. ) ;
#2176 = EDGE_CURVE ( 'NONE', #2580, #4032, #1187, .T. ) ;
#2177 = FACE_BOUND ( 'NONE', #5057, .T. ) ;
#2178 = CARTESIAN_POINT ( 'NONE',  ( -44.00000000000000711, -63.00000000000000000, 9.999999999999998224 ) ) ;
#2179 = VERTEX_POINT ( 'NONE', #4822 ) ;
#2180 = VERTEX_POINT ( 'NONE', #3151 ) ;
#2181 = DIRECTION ( 'NONE',  ( 0.000000000000000000, -1.000000000000000000, 0.000000000000000000 ) ) ;
#2182 = DIRECTION ( 'NONE',  ( -1.000000000000000000, 0.000000000000000000, 0.000000000000000000 ) ) ;
#2183 = ORIENTED_EDGE ( 'NONE', *, *, #2005, .T. ) ;
#2184 = CARTESIAN_POINT ( 'NONE',  ( 25.00000000000000000, -3.000000000000000888, 5.000000000000000000 ) ) ;
#2185 = VECTOR ( 'NONE', #3440, 1000.000000000000000 ) ;
#2186 = CARTESIAN_POINT ( 'NONE',  ( -24.00000000000000000, -5.000000000000000000, 5.000000000000000000 ) ) ;
#2187 = ADVANCED_FACE ( 'NONE', ( #4316 ), #5184, .T. ) ;
#2188 = CIRCLE ( 'NONE', #5307, 4.000000000000000000 ) ;
#2189 = ORIENTED_EDGE ( 'NONE', *, *, #880, .T. ) ;
#2190 = VECTOR ( 'NONE', #4613, 1000.000000000000000 ) ;
#2191 = AXIS2_PLACEMENT_3D ( 'NONE', #4707, #2519, #5103 ) ;
#2192 = CARTESIAN_POINT ( 'NONE',  ( -37.77409858134812026, -45.07446043640108968, 0.000000000000000000 ) ) ;
#2193 = CARTESIAN_POINT ( 'NONE',  ( 0.000000000000000000, -76.25000000000001421, 20.00000000000000000 ) ) ;
#2194 = DIRECTION ( 'NONE',  ( -0.000000000000000000, 1.000000000000000000, -0.000000000000000000 ) ) ;
#2195 = CIRCLE ( 'NONE', #4881, 3.000000000000002665 ) ;
#2196 = ORIENTED_EDGE ( 'NONE', *, *, #3947, .T. ) ;
#2197 = FACE_OUTER_BOUND ( 'NONE', #4638, .T. ) ;
#2198 = AXIS2_PLACEMENT_3D ( 'NONE', #2716, #5273, #147 ) ;
#2199 = CARTESIAN_POINT ( 'NONE',  ( -15.00000000000000533, 0.000000000000000000, 9.999999999999998224 ) ) ;
#2200 = DIRECTION ( 'NONE',  ( 0.000000000000000000, -0.000000000000000000, -1.000000000000000000 ) ) ;
#2201 = CARTESIAN_POINT ( 'NONE',  ( -10.00000000000000178, -81.25000000000001421, 5.000000000000000000 ) ) ;
#2202 = VERTEX_POINT ( 'NONE', #2201 ) ;
#2203 = DIRECTION ( 'NONE',  ( 0.000000000000000000, 1.000000000000000000, 0.000000000000000000 ) ) ;
#2204 = EDGE_CURVE ( 'NONE', #3115, #3745, #1427, .T. ) ;
#2205 = VERTEX_POINT ( 'NONE', #3127 ) ;
#2206 = EDGE_CURVE ( 'NONE', #4605, #375, #1866, .T. ) ;
#2207 = LINE ( 'NONE', #2629, #2286 ) ;
#2208 = EDGE_CURVE ( 'NONE', #4301, #5216, #3483, .T. ) ;
#2209 = ORIENTED_EDGE ( 'NONE', *, *, #2148, .F. ) ;
#2210 = ORIENTED_EDGE ( 'NONE', *, *, #4691, .T. ) ;
#2211 = VECTOR ( 'NONE', #2543, 1000.000000000000000 ) ;
#2212 = CARTESIAN_POINT ( 'NONE',  ( -25.00000000000000000, 5.000000000000000000, 15.00000000000000000 ) ) ;
#2213 = CARTESIAN_POINT ( 'NONE',  ( 46.25000000000002132, -75.00000000000001421, 5.000000000000000000 ) ) ;
#2214 = ORIENTED_EDGE ( 'NONE', *, *, #4534, .T. ) ;
#2215 = VECTOR ( 'NONE', #2756, 1000.000000000000000 ) ;
#2216 = FACE_BOUND ( 'NONE', #3398, .T. ) ;
#2217 = EDGE_CURVE ( 'NONE', #4587, #2352, #5156, .T. ) ;
#2218 = FACE_OUTER_BOUND ( 'NONE', #3277, .T. ) ;
#2219 = EDGE_LOOP ( 'NONE', ( #3984, #4193, #2237, #4760 ) ) ;
#2220 = CIRCLE ( 'NONE', #1160, 1.000000000000000888 ) ;
#2221 = ORIENTED_EDGE ( 'NONE', *, *, #130, .T. ) ;
#2222 = DIRECTION ( 'NONE',  ( 0.000000000000000000, 0.000000000000000000, 1.000000000000000000 ) ) ;
#2223 = CARTESIAN_POINT ( 'NONE',  ( -25.00000000000000000, 5.000000000000000000, 5.000000000000000000 ) ) ;
#2224 = DIRECTION ( 'NONE',  ( -1.000000000000000000, 0.000000000000000000, 0.000000000000000000 ) ) ;
#2225 = CIRCLE ( 'NONE', #5345, 5.600000000000000533 ) ;
#2226 = LINE ( 'NONE', #4729, #3859 ) ;
#2227 = ORIENTED_EDGE ( 'NONE', *, *, #167, .T. ) ;
#2228 = CARTESIAN_POINT ( 'NONE',  ( 24.00000000000000000, 4.000000000000000000, 5.000000000000000888 ) ) ;
#2229 = CARTESIAN_POINT ( 'NONE',  ( -45.00000000000000711, -58.00000000000000000, 5.000000000000000000 ) ) ;
#2230 = DIRECTION ( 'NONE',  ( -0.000000000000000000, -0.000000000000000000, -1.000000000000000000 ) ) ;
#2231 = PLANE ( 'NONE',  #1449 ) ;
#2232 = ORIENTED_EDGE ( 'NONE', *, *, #3532, .T. ) ;
#2233 = FACE_OUTER_BOUND ( 'NONE', #4765, .T. ) ;
#2234 = EDGE_LOOP ( 'NONE', ( #682, #1993, #3584, #2209 ) ) ;
#2235 = LINE ( 'NONE', #1756, #3970 ) ;
#2236 = ORIENTED_EDGE ( 'NONE', *, *, #605, .F. ) ;
#2237 = ORIENTED_EDGE ( 'NONE', *, *, #1773, .F. ) ;
#2238 = CYLINDRICAL_SURFACE ( 'NONE', #2368, 5.000000000000000000 ) ;
#2239 = EDGE_CURVE ( 'NONE', #1922, #1821, #4400, .T. ) ;
#2240 = CARTESIAN_POINT ( 'NONE',  ( -34.99999999999997868, -40.00000000000001421, 5.000000000000000000 ) ) ;
#2241 = EDGE_LOOP ( 'NONE', ( #3966, #2505, #1205, #412 ) ) ;
#2242 = FACE_OUTER_BOUND ( 'NONE', #3515, .T. ) ;
#2243 = DIRECTION ( 'NONE',  ( 1.000000000000000000, 0.000000000000000000, 0.000000000000000000 ) ) ;
#2244 = ADVANCED_FACE ( 'NONE', ( #4373 ), #2231, .T. ) ;
#2245 = ORIENTED_EDGE ( 'NONE', *, *, #2489, .T. ) ;
#2246 = EDGE_CURVE ( 'NONE', #3965, #4610, #4764, .T. ) ;
#2247 = ORIENTED_EDGE ( 'NONE', *, *, #1161, .T. ) ;
#2248 = FACE_OUTER_BOUND ( 'NONE', #2564, .T. ) ;
#2249 = AXIS2_PLACEMENT_3D ( 'NONE', #919, #476, #502 ) ;
#2250 = CARTESIAN_POINT ( 'NONE',  ( -36.00000000000000711, -18.00000000000000355, 9.999999999999998224 ) ) ;
#2251 = CARTESIAN_POINT ( 'NONE',  ( -40.00000000000000711, -58.00000000000000711, 9.999999999999998224 ) ) ;
#2252 = LINE ( 'NONE', #1308, #4579 ) ;
#2253 = VERTEX_POINT ( 'NONE', #586 ) ;
#2254 = LINE ( 'NONE', #4820, #75 ) ;
#2255 = DIRECTION ( 'NONE',  ( -0.000000000000000000, -0.000000000000000000, 1.000000000000000000 ) ) ;
#2256 = EDGE_CURVE ( 'NONE', #4113, #2575, #2069, .T. ) ;
#2257 = CARTESIAN_POINT ( 'NONE',  ( 45.00000000000001421, -14.00000000000000178, 15.00000000000000000 ) ) ;
#2258 = VERTEX_POINT ( 'NONE', #4935 ) ;
#2259 = CARTESIAN_POINT ( 'NONE',  ( 2.571758278209439985E-16, -81.25000000000001421, 12.09999999999999964 ) ) ;
#2260 = EDGE_LOOP ( 'NONE', ( #61, #4148, #4264, #1069 ) ) ;
#2261 = DIRECTION ( 'NONE',  ( 0.000000000000000000, 1.000000000000000000, -0.000000000000000000 ) ) ;
#2262 = AXIS2_PLACEMENT_3D ( 'NONE', #4758, #889, #1747 ) ;
#2263 = CARTESIAN_POINT ( 'NONE',  ( 35.00000000000000000, -17.00000000000000000, 9.999999999999998224 ) ) ;
#2264 = CARTESIAN_POINT ( 'NONE',  ( 40.00000000000001421, -13.00000000000000178, 13.99999999999999822 ) ) ;
#2265 = DIRECTION ( 'NONE',  ( 1.000000000000000000, 0.000000000000000000, 0.000000000000000000 ) ) ;
#2266 = ORIENTED_EDGE ( 'NONE', *, *, #1388, .F. ) ;
#2267 =( NAMED_UNIT ( * ) PLANE_ANGLE_UNIT ( ) SI_UNIT ( $, .RADIAN. ) );
#2268 = COLOUR_RGB ( '',0.7921568627450980005, 0.8196078431372548767, 0.9333333333333333481 ) ;
#2269 = LINE ( 'NONE', #4470, #4246 ) ;
#2270 = CARTESIAN_POINT ( 'NONE',  ( -43.12499999999998579, -63.00000000000000000, 5.000000000000000000 ) ) ;
#2271 = VERTEX_POINT ( 'NONE', #4878 ) ;
#2272 = VERTEX_POINT ( 'NONE', #4458 ) ;
#2273 = EDGE_CURVE ( 'NONE', #4298, #5212, #5452, .T. ) ;
#2274 = CIRCLE ( 'NONE', #4145, 1.000000000000000888 ) ;
#2275 = ORIENTED_EDGE ( 'NONE', *, *, #132, .T. ) ;
#2276 = EDGE_CURVE ( 'NONE', #1795, #779, #1356, .T. ) ;
#2277 = FACE_OUTER_BOUND ( 'NONE', #4250, .T. ) ;
#2278 = FACE_OUTER_BOUND ( 'NONE', #2792, .T. ) ;
#2279 = CARTESIAN_POINT ( 'NONE',  ( -19.99999999999998579, -25.00000000000000000, 11.00000000000000000 ) ) ;
#2280 = EDGE_CURVE ( 'NONE', #1720, #2920, #1888, .T. ) ;
#2281 = CARTESIAN_POINT ( 'NONE',  ( -36.00000000000000711, -17.00000000000000000, 5.000000000000000888 ) ) ;
#2282 = ORIENTED_EDGE ( 'NONE', *, *, #5372, .F. ) ;
#2283 = DIRECTION ( 'NONE',  ( -0.000000000000000000, -1.000000000000000000, -0.000000000000000000 ) ) ;
#2284 = DIRECTION ( 'NONE',  ( 0.000000000000000000, 0.000000000000000000, -1.000000000000000000 ) ) ;
#2285 = CARTESIAN_POINT ( 'NONE',  ( 40.00000000000001421, -17.00000000000000000, 9.999999999999998224 ) ) ;
#2286 = VECTOR ( 'NONE', #3903, 1000.000000000000000 ) ;
#2287 = ORIENTED_EDGE ( 'NONE', *, *, #800, .F. ) ;
#2288 = LINE ( 'NONE', #1122, #394 ) ;
#2289 = ORIENTED_EDGE ( 'NONE', *, *, #2305, .F. ) ;
#2290 = DIRECTION ( 'NONE',  ( 0.000000000000000000, 0.000000000000000000, 1.000000000000000000 ) ) ;
#2291 = CARTESIAN_POINT ( 'NONE',  ( -30.00000000000001421, -42.75000000000000000, 11.00000000000000000 ) ) ;
#2292 = DIRECTION ( 'NONE',  ( 0.000000000000000000, 0.000000000000000000, -1.000000000000000000 ) ) ;
#2293 = DIRECTION ( 'NONE',  ( 0.000000000000000000, -1.734723475976807587E-16, -1.000000000000000000 ) ) ;
#2294 = ORIENTED_EDGE ( 'NONE', *, *, #1531, .T. ) ;
#2295 = DIRECTION ( 'NONE',  ( 0.000000000000000000, -1.000000000000000000, 0.000000000000000000 ) ) ;
#2296 = DIRECTION ( 'NONE',  ( -0.000000000000000000, -0.000000000000000000, -1.000000000000000000 ) ) ;
#2297 = UNCERTAINTY_MEASURE_WITH_UNIT (LENGTH_MEASURE( 1.000000000000000082E-05 ), #1633, 'distance_accuracy_value', 'NONE');
#2298 = ORIENTED_EDGE ( 'NONE', *, *, #4491, .F. ) ;
#2299 = ORIENTED_EDGE ( 'NONE', *, *, #2841, .T. ) ;
#2300 = TOROIDAL_SURFACE ( 'NONE', #5416, 4.000000000000000000, 1.000000000000000000 ) ;
#2301 = CARTESIAN_POINT ( 'NONE',  ( -36.00000000000000711, -63.00000000000000000, 15.00000000000000000 ) ) ;
#2302 = LINE ( 'NONE', #3530, #1417 ) ;
#2303 = DIRECTION ( 'NONE',  ( -0.7071067811865477948, 8.659560562354936556E-17, 0.7071067811865473507 ) ) ;
#2304 = VECTOR ( 'NONE', #1848, 1000.000000000000000 ) ;
#2305 = EDGE_CURVE ( 'NONE', #55, #2389, #5183, .T. ) ;
#2306 = DIRECTION ( 'NONE',  ( -0.000000000000000000, 0.000000000000000000, -1.000000000000000000 ) ) ;
#2307 = ORIENTED_EDGE ( 'NONE', *, *, #3232, .F. ) ;
#2308 = AXIS2_PLACEMENT_3D ( 'NONE', #2531, #1712, #5473 ) ;
#2309 = CARTESIAN_POINT ( 'NONE',  ( -45.00000000000001421, -13.00000000000000178, 5.000000000000000000 ) ) ;
#2310 = DIRECTION ( 'NONE',  ( -0.000000000000000000, -0.000000000000000000, 1.000000000000000000 ) ) ;
#2311 = ADVANCED_FACE ( 'NONE', ( #4034 ), #2432, .T. ) ;
#2312 = AXIS2_PLACEMENT_3D ( 'NONE', #4572, #757, #3289 ) ;
#2313 = DIRECTION ( 'NONE',  ( 0.000000000000000000, 0.000000000000000000, 1.000000000000000000 ) ) ;
#2314 = ORIENTED_EDGE ( 'NONE', *, *, #284, .T. ) ;
#2315 = FACE_OUTER_BOUND ( 'NONE', #5503, .T. ) ;
#2316 = ADVANCED_FACE ( 'NONE', ( #5404 ), #3626, .F. ) ;
#2317 = VERTEX_POINT ( 'NONE', #1037 ) ;
#2318 = CIRCLE ( 'NONE', #5432, 1.000000000000000888 ) ;
#2319 = DIRECTION ( 'NONE',  ( 0.000000000000000000, -1.000000000000000000, 0.000000000000000000 ) ) ;
#2320 = CARTESIAN_POINT ( 'NONE',  ( -25.00000000000000000, 0.000000000000000000, 12.99999999999999822 ) ) ;
#2321 = ORIENTED_EDGE ( 'NONE', *, *, #5382, .T. ) ;
#2322 = CARTESIAN_POINT ( 'NONE',  ( -15.00000000000000533, 0.000000000000000000, 12.99999999999999822 ) ) ;
#2323 = ORIENTED_EDGE ( 'NONE', *, *, #1388, .T. ) ;
#2324 = FILL_AREA_STYLE ('',( #2635 ) ) ;
#2325 = DIRECTION ( 'NONE',  ( 1.000000000000000000, -0.000000000000000000, -0.000000000000000000 ) ) ;
#2326 = DIRECTION ( 'NONE',  ( -1.000000000000000000, 0.000000000000000000, 0.000000000000000000 ) ) ;
#2327 = ORIENTED_EDGE ( 'NONE', *, *, #4380, .T. ) ;
#2328 = EDGE_LOOP ( 'NONE', ( #2221, #4546, #3401, #314 ) ) ;
#2329 = CYLINDRICAL_SURFACE ( 'NONE', #4185, 2.999999999999999112 ) ;
#2330 = CIRCLE ( 'NONE', #903, 1.000000000000000888 ) ;
#2331 = CARTESIAN_POINT ( 'NONE',  ( 0.000000000000000000, 0.000000000000000000, 0.000000000000000000 ) ) ;
#2332 = DIRECTION ( 'NONE',  ( 0.000000000000000000, 0.000000000000000000, 1.000000000000000000 ) ) ;
#2333 = DIRECTION ( 'NONE',  ( -0.000000000000000000, 0.000000000000000000, -1.000000000000000000 ) ) ;
#2334 = CARTESIAN_POINT ( 'NONE',  ( 24.00000000000000000, 0.000000000000000000, 13.99999999999999822 ) ) ;
#2335 = VECTOR ( 'NONE', #4794, 1000.000000000000000 ) ;
#2336 = ORIENTED_EDGE ( 'NONE', *, *, #4423, .F. ) ;
#2337 = DIRECTION ( 'NONE',  ( 1.850371707708594316E-16, -1.000000000000000000, 0.000000000000000000 ) ) ;
#2338 = DIRECTION ( 'NONE',  ( 0.000000000000000000, 0.000000000000000000, 1.000000000000000000 ) ) ;
#2339 = DIRECTION ( 'NONE',  ( 0.000000000000000000, 0.000000000000000000, 1.000000000000000000 ) ) ;
#2340 = ORIENTED_EDGE ( 'NONE', *, *, #3238, .F. ) ;
#2341 = DIRECTION ( 'NONE',  ( 1.000000000000000000, 0.000000000000000000, 0.000000000000000000 ) ) ;
#2342 = AXIS2_PLACEMENT_3D ( 'NONE', #772, #4115, #4474 ) ;
#2343 = ORIENTED_EDGE ( 'NONE', *, *, #32, .T. ) ;
#2344 = EDGE_CURVE ( 'NONE', #3864, #5096, #4923, .T. ) ;
#2345 = EDGE_CURVE ( 'NONE', #213, #4562, #3848, .T. ) ;
#2346 = DIRECTION ( 'NONE',  ( -0.000000000000000000, -0.000000000000000000, 1.000000000000000000 ) ) ;
#2347 = VERTEX_POINT ( 'NONE', #260 ) ;
#2348 = ADVANCED_FACE ( 'NONE', ( #4009 ), #114, .T. ) ;
#2349 = LINE ( 'NONE', #4996, #1743 ) ;
#2350 = ORIENTED_EDGE ( 'NONE', *, *, #4695, .F. ) ;
#2351 = CARTESIAN_POINT ( 'NONE',  ( 29.47881336083486659, -37.24999999999997868, 4.999999999999999112 ) ) ;
#2352 = VERTEX_POINT ( 'NONE', #1536 ) ;
#2353 = CIRCLE ( 'NONE', #5115, 5.600000000000000533 ) ;
#2354 = DIRECTION ( 'NONE',  ( -0.000000000000000000, -0.000000000000000000, -1.000000000000000000 ) ) ;
#2355 = DIRECTION ( 'NONE',  ( 0.000000000000000000, 1.734723475976807587E-16, 1.000000000000000000 ) ) ;
#2356 = ORIENTED_EDGE ( 'NONE', *, *, #2764, .F. ) ;
#2357 = ORIENTED_EDGE ( 'NONE', *, *, #4457, .T. ) ;
#2358 = DIRECTION ( 'NONE',  ( 1.000000000000000000, 0.000000000000000000, 0.000000000000000000 ) ) ;
#2359 = CARTESIAN_POINT ( 'NONE',  ( 25.00000000000000000, 5.000000000000000000, 5.000000000000000000 ) ) ;
#2360 = COLOUR_RGB ( '',0.7921568627450980005, 0.8196078431372548767, 0.9333333333333333481 ) ;
#2361 = EDGE_LOOP ( 'NONE', ( #3438, #1710, #1718, #2725 ) ) ;
#2362 = EDGE_CURVE ( 'NONE', #4556, #3902, #1582, .T. ) ;
#2363 = CARTESIAN_POINT ( 'NONE',  ( 25.00000000000000000, 4.000000000000000000, 9.999999999999998224 ) ) ;
#2364 = FACE_OUTER_BOUND ( 'NONE', #3012, .T. ) ;
#2365 = DIRECTION ( 'NONE',  ( 0.000000000000000000, 0.000000000000000000, -1.000000000000000000 ) ) ;
#2366 = CARTESIAN_POINT ( 'NONE',  ( 45.00000000000001421, -13.00000000000000178, 15.00000000000000000 ) ) ;
#2367 = ORIENTED_EDGE ( 'NONE', *, *, #4593, .T. ) ;
#2368 = AXIS2_PLACEMENT_3D ( 'NONE', #4828, #5219, #2292 ) ;
#2369 = CARTESIAN_POINT ( 'NONE',  ( 40.00000000000000000, -59.00000000000001421, 9.999999999999998224 ) ) ;
#2370 = VECTOR ( 'NONE', #4659, 1000.000000000000000 ) ;
#2371 = CYLINDRICAL_SURFACE ( 'NONE', #3818, 10.00000000000000000 ) ;
#2372 = DIRECTION ( 'NONE',  ( -0.000000000000000000, -1.000000000000000000, -0.000000000000000000 ) ) ;
#2373 = CARTESIAN_POINT ( 'NONE',  ( -34.99999999999997868, -37.25000000000000000, 5.000000000000000000 ) ) ;
#2374 = EDGE_LOOP ( 'NONE', ( #280, #4799, #4939, #3521, #3754, #1808 ) ) ;
#2375 = VECTOR ( 'NONE', #3924, 1000.000000000000000 ) ;
#2376 = VECTOR ( 'NONE', #3386, 1000.000000000000000 ) ;
#2377 = TOROIDAL_SURFACE ( 'NONE', #418, 4.000000000000000000, 1.000000000000000000 ) ;
#2378 = DIRECTION ( 'NONE',  ( 0.000000000000000000, 1.000000000000000000, -0.000000000000000000 ) ) ;
#2379 = FACE_OUTER_BOUND ( 'NONE', #3904, .T. ) ;
#2380 = EDGE_CURVE ( 'NONE', #4321, #3460, #4848, .T. ) ;
#2381 = VERTEX_POINT ( 'NONE', #5292 ) ;
#2382 = CARTESIAN_POINT ( 'NONE',  ( 36.28204753555839801, -37.54431123175685059, 4.999999999999996447 ) ) ;
#2383 = ADVANCED_FACE ( 'NONE', ( #1121 ), #4962, .F. ) ;
#2384 = ORIENTED_EDGE ( 'NONE', *, *, #716, .T. ) ;
#2385 = EDGE_CURVE ( 'NONE', #1477, #4298, #2738, .T. ) ;
#2386 = FACE_OUTER_BOUND ( 'NONE', #2972, .T. ) ;
#2387 = CARTESIAN_POINT ( 'NONE',  ( 37.75000000000000711, 81.24999999999998579, 0.000000000000000000 ) ) ;
#2388 = ORIENTED_EDGE ( 'NONE', *, *, #2023, .F. ) ;
#2389 = VERTEX_POINT ( 'NONE', #2769 ) ;
#2390 = PLANE ( 'NONE',  #1891 ) ;
#2391 = EDGE_CURVE ( 'NONE', #5012, #3439, #4026, .T. ) ;
#2392 = DIRECTION ( 'NONE',  ( 0.000000000000000000, 0.000000000000000000, 1.000000000000000000 ) ) ;
#2393 = EDGE_LOOP ( 'NONE', ( #5039, #3155, #2356, #3338 ) ) ;
#2394 = EDGE_CURVE ( 'NONE', #654, #1795, #2406, .T. ) ;
#2395 = DIRECTION ( 'NONE',  ( 0.000000000000000000, 1.000000000000000000, 0.000000000000000000 ) ) ;
#2396 = CARTESIAN_POINT ( 'NONE',  ( -21.00000000000000000, -4.000000000000000888, 5.000000000000000888 ) ) ;
#2397 = VECTOR ( 'NONE', #3846, 1000.000000000000000 ) ;
#2398 = FACE_OUTER_BOUND ( 'NONE', #1010, .T. ) ;
#2399 = ORIENTED_EDGE ( 'NONE', *, *, #5141, .T. ) ;
#2400 = AXIS2_PLACEMENT_3D ( 'NONE', #5230, #969, #5202 ) ;
#2401 = AXIS2_PLACEMENT_3D ( 'NONE', #183, #546, #1410 ) ;
#2402 = DIRECTION ( 'NONE',  ( -1.000000000000000000, 0.000000000000000000, 0.000000000000000000 ) ) ;
#2403 = AXIS2_PLACEMENT_3D ( 'NONE', #5323, #1863, #2709 ) ;
#2404 = CARTESIAN_POINT ( 'NONE',  ( 46.25000000000000711, 74.99999999999998579, 0.000000000000000000 ) ) ;
#2405 = AXIS2_PLACEMENT_3D ( 'NONE', #5251, #3909, #901 ) ;
#2406 = LINE ( 'NONE', #3215, #4568 ) ;
#2407 = CARTESIAN_POINT ( 'NONE',  ( 40.00000000000000000, 74.99999999999998579, 5.000000000000000000 ) ) ;
#2408 = EDGE_LOOP ( 'NONE', ( #855, #2434, #191, #3211 ) ) ;
#2409 = AXIS2_PLACEMENT_3D ( 'NONE', #2051, #3748, #5448 ) ;
#2410 = CYLINDRICAL_SURFACE ( 'NONE', #1945, 10.00000000000000000 ) ;
#2411 = AXIS2_PLACEMENT_3D ( 'NONE', #2331, #2755, #725 ) ;
#2412 = CARTESIAN_POINT ( 'NONE',  ( -24.99999999999999645, -25.00000000000000000, 11.00000000000000000 ) ) ;
#2413 = CARTESIAN_POINT ( 'NONE',  ( 40.00000000000000711, -59.00000000000001421, 9.999999999999998224 ) ) ;
#2414 = ORIENTED_EDGE ( 'NONE', *, *, #1395, .F. ) ;
#2415 = CARTESIAN_POINT ( 'NONE',  ( 40.05359831970087470, -37.02614977261691109, 0.000000000000000000 ) ) ;
#2416 = VECTOR ( 'NONE', #1350, 1000.000000000000000 ) ;
#2417 = LINE ( 'NONE', #4111, #332 ) ;
#2418 = CARTESIAN_POINT ( 'NONE',  ( 45.00000000000000711, -58.00000000000000000, 15.00000000000000000 ) ) ;
#2419 = EDGE_CURVE ( 'NONE', #4838, #2091, #5272, .T. ) ;
#2420 = ORIENTED_EDGE ( 'NONE', *, *, #281, .T. ) ;
#2421 = ORIENTED_EDGE ( 'NONE', *, *, #4905, .T. ) ;
#2422 = DIRECTION ( 'NONE',  ( 1.000000000000000000, 0.000000000000000000, 0.000000000000000000 ) ) ;
#2423 = DIRECTION ( 'NONE',  ( 0.000000000000000000, 0.000000000000000000, 1.000000000000000000 ) ) ;
#2424 = ORIENTED_EDGE ( 'NONE', *, *, #4200, .T. ) ;
#2425 = EDGE_CURVE ( 'NONE', #2829, #4402, #4991, .T. ) ;
#2426 = CARTESIAN_POINT ( 'NONE',  ( -21.00000000000000000, 0.000000000000000000, 15.00000000000000000 ) ) ;
#2427 = EDGE_CURVE ( 'NONE', #4299, #2165, #1603, .T. ) ;
#2428 = ADVANCED_FACE ( 'NONE', ( #3402 ), #105, .F. ) ;
#2429 = ORIENTED_EDGE ( 'NONE', *, *, #5100, .T. ) ;
#2430 = DIRECTION ( 'NONE',  ( -0.000000000000000000, -1.000000000000000000, -0.000000000000000000 ) ) ;
#2431 = CARTESIAN_POINT ( 'NONE',  ( 24.99999999999999289, 60.00000000000000000, 8.673617379884035472E-16 ) ) ;
#2432 = PLANE ( 'NONE',  #1986 ) ;
#2433 = FACE_OUTER_BOUND ( 'NONE', #4359, .T. ) ;
#2434 = ORIENTED_EDGE ( 'NONE', *, *, #4087, .F. ) ;
#2435 = DIRECTION ( 'NONE',  ( -0.000000000000000000, 0.000000000000000000, -1.000000000000000000 ) ) ;
#2436 = DIRECTION ( 'NONE',  ( -0.000000000000000000, -0.000000000000000000, -1.000000000000000000 ) ) ;
#2437 = DIRECTION ( 'NONE',  ( 0.000000000000000000, 0.000000000000000000, -1.000000000000000000 ) ) ;
#2438 = ORIENTED_EDGE ( 'NONE', *, *, #4156, .T. ) ;
#2439 = DIRECTION ( 'NONE',  ( -1.000000000000000000, 0.000000000000000000, 0.000000000000000000 ) ) ;
#2440 = DIRECTION ( 'NONE',  ( 0.000000000000000000, 0.000000000000000000, -1.000000000000000000 ) ) ;
#2441 = DIRECTION ( 'NONE',  ( 1.000000000000000000, 0.000000000000000000, 0.000000000000000000 ) ) ;
#2442 = ORIENTED_EDGE ( 'NONE', *, *, #570, .T. ) ;
#2443 = ORIENTED_EDGE ( 'NONE', *, *, #1291, .T. ) ;
#2444 = DIRECTION ( 'NONE',  ( -0.000000000000000000, -0.000000000000000000, -1.000000000000000000 ) ) ;
#2445 = DIRECTION ( 'NONE',  ( 0.000000000000000000, 1.734723475976807587E-16, 1.000000000000000000 ) ) ;
#2446 = ORIENTED_EDGE ( 'NONE', *, *, #3506, .F. ) ;
#2447 = CARTESIAN_POINT ( 'NONE',  ( 30.00000000000000000, -25.00000000000000000, 5.000000000000000000 ) ) ;
#2448 = AXIS2_PLACEMENT_3D ( 'NONE', #731, #2855, #2928 ) ;
#2449 = VECTOR ( 'NONE', #2194, 1000.000000000000000 ) ;
#2450 = ADVANCED_FACE ( 'NONE', ( #5490 ), #2120, .F. ) ;
#2451 = LINE ( 'NONE', #749, #1293 ) ;
#2452 = EDGE_CURVE ( 'NONE', #387, #1461, #3377, .T. ) ;
#2453 = ORIENTED_EDGE ( 'NONE', *, *, #2040, .T. ) ;
#2454 = AXIS2_PLACEMENT_3D ( 'NONE', #4302, #3023, #488 ) ;
#2455 = ADVANCED_FACE ( 'NONE', ( #2277 ), #627, .F. ) ;
#2456 = LINE ( 'NONE', #3755, #2668 ) ;
#2457 = DIRECTION ( 'NONE',  ( 0.000000000000000000, 0.000000000000000000, -1.000000000000000000 ) ) ;
#2458 = CARTESIAN_POINT ( 'NONE',  ( -30.59999999999999432, -70.00000000000000000, 5.000000000000000000 ) ) ;
#2459 = TOROIDAL_SURFACE ( 'NONE', #1478, 4.000000000000000000, 1.000000000000000000 ) ;
#2460 = VERTEX_POINT ( 'NONE', #3503 ) ;
#2461 = VECTOR ( 'NONE', #1167, 1000.000000000000000 ) ;
#2462 = CYLINDRICAL_SURFACE ( 'NONE', #422, 2.749999999999999112 ) ;
#2463 = DIRECTION ( 'NONE',  ( -1.084202172485504434E-16, -1.000000000000000000, -0.000000000000000000 ) ) ;
#2464 = FACE_OUTER_BOUND ( 'NONE', #2073, .T. ) ;
#2465 = ORIENTED_EDGE ( 'NONE', *, *, #1395, .T. ) ;
#2466 = CARTESIAN_POINT ( 'NONE',  ( -36.82231164300148407, -34.51661283459091578, 0.000000000000000000 ) ) ;
#2467 = CIRCLE ( 'NONE', #59, 5.000000000000000000 ) ;
#2468 = VECTOR ( 'NONE', #1674, 1000.000000000000000 ) ;
#2469 = DIRECTION ( 'NONE',  ( -0.000000000000000000, -0.000000000000000000, -1.000000000000000000 ) ) ;
#2470 = DIRECTION ( 'NONE',  ( -0.000000000000000000, -0.000000000000000000, -1.000000000000000000 ) ) ;
#2471 = ORIENTED_EDGE ( 'NONE', *, *, #4236, .T. ) ;
#2472 = ORIENTED_EDGE ( 'NONE', *, *, #5042, .F. ) ;
#2473 = FACE_OUTER_BOUND ( 'NONE', #1555, .T. ) ;
#2474 = CARTESIAN_POINT ( 'NONE',  ( -40.00000000000000711, 81.24999999999998579, 0.000000000000000000 ) ) ;
#2475 = VECTOR ( 'NONE', #1564, 1000.000000000000000 ) ;
#2476 = ORIENTED_EDGE ( 'NONE', *, *, #4696, .F. ) ;
#2477 = AXIS2_PLACEMENT_3D ( 'NONE', #1926, #3986, #1872 ) ;
#2478 = CARTESIAN_POINT ( 'NONE',  ( 45.00000000000000711, -63.00000000000000000, 5.000000000000000000 ) ) ;
#2479 = DIRECTION ( 'NONE',  ( 0.000000000000000000, 0.000000000000000000, -1.000000000000000000 ) ) ;
#2480 = ORIENTED_EDGE ( 'NONE', *, *, #1096, .F. ) ;
#2481 = DIRECTION ( 'NONE',  ( 1.000000000000000000, 0.000000000000000000, -0.000000000000000000 ) ) ;
#2482 = DIRECTION ( 'NONE',  ( 0.000000000000000000, 0.000000000000000000, -1.000000000000000000 ) ) ;
#2483 = EDGE_LOOP ( 'NONE', ( #2020, #1344, #3281, #1930 ) ) ;
#2484 = CIRCLE ( 'NONE', #3638, 1.000000000000000888 ) ;
#2485 = EDGE_CURVE ( 'NONE', #511, #5245, #3118, .T. ) ;
#2486 = DIRECTION ( 'NONE',  ( 1.000000000000000000, 1.850371707708594316E-16, -0.000000000000000000 ) ) ;
#2487 = VECTOR ( 'NONE', #4477, 1000.000000000000000 ) ;
#2488 = ORIENTED_EDGE ( 'NONE', *, *, #1023, .T. ) ;
#2489 = EDGE_CURVE ( 'NONE', #3223, #717, #3294, .T. ) ;
#2490 = FACE_OUTER_BOUND ( 'NONE', #5474, .T. ) ;
#2491 = CARTESIAN_POINT ( 'NONE',  ( -45.00000000000001421, -13.00000000000000178, 15.00000000000000000 ) ) ;
#2492 = CARTESIAN_POINT ( 'NONE',  ( 25.00000000000000355, -55.00000000000000000, 5.000000000000000000 ) ) ;
#2493 = AXIS2_PLACEMENT_3D ( 'NONE', #4441, #1793, #2751 ) ;
#2494 = ORIENTED_EDGE ( 'NONE', *, *, #2992, .F. ) ;
#2495 = EDGE_CURVE ( 'NONE', #4904, #4838, #1702, .T. ) ;
#2496 = CARTESIAN_POINT ( 'NONE',  ( -37.72338347487980315, -40.46902818563409454, 4.999999999999999112 ) ) ;
#2497 = CIRCLE ( 'NONE', #3553, 5.000000000000000000 ) ;
#2498 = CARTESIAN_POINT ( 'NONE',  ( -35.00000000000000000, -37.25000000000000000, 0.9999999999999991118 ) ) ;
#2499 = CARTESIAN_POINT ( 'NONE',  ( 24.99999999999999289, 60.00000000000000000, 5.000000000000000000 ) ) ;
#2500 = ORIENTED_EDGE ( 'NONE', *, *, #815, .F. ) ;
#2501 = ORIENTED_EDGE ( 'NONE', *, *, #2145, .T. ) ;
#2502 = DIRECTION ( 'NONE',  ( 0.000000000000000000, 1.000000000000000000, -0.000000000000000000 ) ) ;
#2503 = VECTOR ( 'NONE', #3997, 1000.000000000000000 ) ;
#2504 = DIRECTION ( 'NONE',  ( 0.000000000000000000, 0.000000000000000000, -1.000000000000000000 ) ) ;
#2505 = ORIENTED_EDGE ( 'NONE', *, *, #2005, .F. ) ;
#2506 = DIRECTION ( 'NONE',  ( -0.000000000000000000, -0.000000000000000000, 1.000000000000000000 ) ) ;
#2507 = EDGE_CURVE ( 'NONE', #2630, #4010, #1798, .T. ) ;
#2508 = CARTESIAN_POINT ( 'NONE',  ( -40.00000000000001421, -14.00000000000000178, 13.99999999999999822 ) ) ;
#2509 = ORIENTED_EDGE ( 'NONE', *, *, #2522, .T. ) ;
#2510 = CARTESIAN_POINT ( 'NONE',  ( -36.28204753555838380, -42.45568876824316362, 4.999999999999997335 ) ) ;
#2511 = FACE_OUTER_BOUND ( 'NONE', #1158, .T. ) ;
#2512 = EDGE_LOOP ( 'NONE', ( #1618, #4789, #1683, #5163 ) ) ;
#2513 = LINE ( 'NONE', #1583, #5198 ) ;
#2514 = VERTEX_POINT ( 'NONE', #577 ) ;
#2515 = TOROIDAL_SURFACE ( 'NONE', #5177, 4.000000000000000000, 1.000000000000000000 ) ;
#2516 = CARTESIAN_POINT ( 'NONE',  ( 40.00000000000000000, -13.00000000000000178, 9.999999999999998224 ) ) ;
#2517 = LINE ( 'NONE', #1539, #3987 ) ;
#2518 = DIRECTION ( 'NONE',  ( 1.000000000000000000, 6.938893903907227392E-16, 0.000000000000000000 ) ) ;
#2519 = DIRECTION ( 'NONE',  ( 1.000000000000000000, 0.000000000000000000, -0.000000000000000000 ) ) ;
#2520 = ORIENTED_EDGE ( 'NONE', *, *, #3027, .T. ) ;
#2521 = CYLINDRICAL_SURFACE ( 'NONE', #3114, 1.000000000000000888 ) ;
#2522 = EDGE_CURVE ( 'NONE', #1892, #277, #4273, .T. ) ;
#2523 = ADVANCED_FACE ( 'NONE', ( #5078 ), #4809, .T. ) ;
#2524 = AXIS2_PLACEMENT_3D ( 'NONE', #2857, #3682, #644 ) ;
#2525 = CARTESIAN_POINT ( 'NONE',  ( -30.00000000000001066, -42.75000000000000000, 11.00000000000000000 ) ) ;
#2526 = ADVANCED_FACE ( 'NONE', ( #2937 ), #549, .T. ) ;
#2527 = CARTESIAN_POINT ( 'NONE',  ( 37.12499999999997868, -18.00000000000000355, 15.00000000000000000 ) ) ;
#2528 = EDGE_LOOP ( 'NONE', ( #5144, #3540, #1645, #1307 ) ) ;
#2529 = ORIENTED_EDGE ( 'NONE', *, *, #2385, .F. ) ;
#2530 = FILL_AREA_STYLE_COLOUR ( '', #494 ) ;
#2531 = CARTESIAN_POINT ( 'NONE',  ( 36.00000000000000711, -17.00000000000000000, 5.000000000000000888 ) ) ;
#2532 = ORIENTED_EDGE ( 'NONE', *, *, #4049, .F. ) ;
#2533 = CARTESIAN_POINT ( 'NONE',  ( 39.99999999999989342, 75.24999999999998579, 5.000000000000000000 ) ) ;
#2534 = ORIENTED_EDGE ( 'NONE', *, *, #681, .F. ) ;
#2535 = CARTESIAN_POINT ( 'NONE',  ( -37.56291025298584429, -38.91813147715434695, 4.999999999999992006 ) ) ;
#2536 = VECTOR ( 'NONE', #2647, 1000.000000000000000 ) ;
#2537 = DIRECTION ( 'NONE',  ( -1.000000000000000000, 0.000000000000000000, 0.000000000000000000 ) ) ;
#2538 = VERTEX_POINT ( 'NONE', #4240 ) ;
#2539 = LINE ( 'NONE', #1612, #924 ) ;
#2540 = MECHANICAL_DESIGN_GEOMETRIC_PRESENTATION_REPRESENTATION (  '', ( #668 ), #4583 ) ;
#2541 = ORIENTED_EDGE ( 'NONE', *, *, #2088, .F. ) ;
#2542 = CARTESIAN_POINT ( 'NONE',  ( -21.00000000000000000, 4.000000000000000000, 15.00000000000000000 ) ) ;
#2543 = DIRECTION ( 'NONE',  ( 1.000000000000000000, -0.000000000000000000, -0.000000000000000000 ) ) ;
#2544 = LINE ( 'NONE', #2122, #1387 ) ;
#2545 = PLANE ( 'NONE',  #4067 ) ;
#2546 = ORIENTED_EDGE ( 'NONE', *, *, #3841, .T. ) ;
#2547 = DIRECTION ( 'NONE',  ( 0.000000000000000000, 8.881784197001252323E-16, -1.000000000000000000 ) ) ;
#2548 = CARTESIAN_POINT ( 'NONE',  ( 19.39999999999999503, 60.00000000000000000, 5.000000000000000000 ) ) ;
#2549 = ADVANCED_FACE ( 'NONE', ( #2248 ), #3058, .T. ) ;
#2550 = ORIENTED_EDGE ( 'NONE', *, *, #5106, .F. ) ;
#2551 = VERTEX_POINT ( 'NONE', #814 ) ;
#2552 = DIRECTION ( 'NONE',  ( 1.000000000000000000, 0.000000000000000000, 0.000000000000000000 ) ) ;
#2553 = EDGE_CURVE ( 'NONE', #487, #4299, #133, .T. ) ;
#2554 = DIRECTION ( 'NONE',  ( -1.000000000000000000, 0.000000000000000000, 0.000000000000000000 ) ) ;
#2555 = ORIENTED_EDGE ( 'NONE', *, *, #2589, .T. ) ;
#2556 = CYLINDRICAL_SURFACE ( 'NONE', #2054, 1.000000000000000888 ) ;
#2557 = EDGE_CURVE ( 'NONE', #363, #1797, #1426, .T. ) ;
#2558 = VECTOR ( 'NONE', #2440, 1000.000000000000000 ) ;
#2559 = CIRCLE ( 'NONE', #248, 4.000000000000000000 ) ;
#2560 = EDGE_CURVE ( 'NONE', #3128, #3389, #2642, .T. ) ;
#2561 = VERTEX_POINT ( 'NONE', #3527 ) ;
#2562 = CARTESIAN_POINT ( 'NONE',  ( 37.56291025298579456, -41.08186852284570278, 4.999999999999994671 ) ) ;
#2563 = CARTESIAN_POINT ( 'NONE',  ( 24.00000000000000000, 5.000000000000000000, 9.999999999999998224 ) ) ;
#2564 = EDGE_LOOP ( 'NONE', ( #440, #521, #645, #2155 ) ) ;
#2565 = DIRECTION ( 'NONE',  ( 0.000000000000000000, -1.000000000000000000, 0.000000000000000000 ) ) ;
#2566 = EDGE_LOOP ( 'NONE', ( #2742, #1081, #950, #662, #3564, #4137, #3571, #4429 ) ) ;
#2567 = DIRECTION ( 'NONE',  ( 0.000000000000000000, 0.000000000000000000, -1.000000000000000000 ) ) ;
#2568 = FACE_OUTER_BOUND ( 'NONE', #5388, .T. ) ;
#2569 = CARTESIAN_POINT ( 'NONE',  ( -21.00000000000000000, -5.000000000000000000, 9.999999999999998224 ) ) ;
#2570 = ORIENTED_EDGE ( 'NONE', *, *, #3203, .F. ) ;
#2571 = VECTOR ( 'NONE', #4485, 1000.000000000000000 ) ;
#2572 = CARTESIAN_POINT ( 'NONE',  ( -36.82231164300147697, -45.48338716540906290, 0.000000000000000000 ) ) ;
#2573 = CARTESIAN_POINT ( 'NONE',  ( 44.00000000000001421, -18.00000000000000355, 15.00000000000000000 ) ) ;
#2574 = CIRCLE ( 'NONE', #1326, 1.000000000000000888 ) ;
#2575 = VERTEX_POINT ( 'NONE', #4337 ) ;
#2576 = ORIENTED_EDGE ( 'NONE', *, *, #4565, .T. ) ;
#2577 = CARTESIAN_POINT ( 'NONE',  ( 35.00000000000000000, -58.00000000000000711, 9.999999999999998224 ) ) ;
#2578 = TOROIDAL_SURFACE ( 'NONE', #174, 4.000000000000000000, 1.000000000000000000 ) ;
#2579 = DIRECTION ( 'NONE',  ( 0.000000000000000000, 0.000000000000000000, 1.000000000000000000 ) ) ;
#2580 = VERTEX_POINT ( 'NONE', #1414 ) ;
#2581 = CIRCLE ( 'NONE', #887, 2.749999999999999112 ) ;
#2582 = EDGE_CURVE ( 'NONE', #4814, #1190, #2050, .T. ) ;
#2583 = DIRECTION ( 'NONE',  ( 0.000000000000000000, 0.000000000000000000, 1.000000000000000000 ) ) ;
#2584 = AXIS2_PLACEMENT_3D ( 'NONE', #303, #4094, #1997 ) ;
#2585 = VECTOR ( 'NONE', #2834, 1000.000000000000000 ) ;
#2586 = ADVANCED_FACE ( 'NONE', ( #2850 ), #3173, .F. ) ;
#2587 = VECTOR ( 'NONE', #4621, 1000.000000000000000 ) ;
#2588 = ORIENTED_EDGE ( 'NONE', *, *, #1390, .F. ) ;
#2589 = EDGE_CURVE ( 'NONE', #4172, #3837, #1055, .T. ) ;
#2590 = CARTESIAN_POINT ( 'NONE',  ( -29.47881336083483816, -42.75000000000000000, 5.000000000000000000 ) ) ;
#2591 = FACE_OUTER_BOUND ( 'NONE', #3018, .T. ) ;
#2592 = ORIENTED_EDGE ( 'NONE', *, *, #5475, .F. ) ;
#2593 = ADVANCED_FACE ( 'NONE', ( #4956 ), #634, .F. ) ;
#2594 = LINE ( 'NONE', #4309, #2449 ) ;
#2595 = ORIENTED_EDGE ( 'NONE', *, *, #822, .T. ) ;
#2596 = LINE ( 'NONE', #2986, #4975 ) ;
#2597 = DIRECTION ( 'NONE',  ( -1.000000000000000000, -0.000000000000000000, 0.000000000000000000 ) ) ;
#2598 = DIRECTION ( 'NONE',  ( 0.000000000000000000, 0.000000000000000000, 1.000000000000000000 ) ) ;
#2599 = ORIENTED_EDGE ( 'NONE', *, *, #5072, .F. ) ;
#2600 = FACE_BOUND ( 'NONE', #3757, .T. ) ;
#2601 = AXIS2_PLACEMENT_3D ( 'NONE', #348, #2811, #4559 ) ;
#2602 = EDGE_CURVE ( 'NONE', #967, #2202, #1972, .T. ) ;
#2603 = CARTESIAN_POINT ( 'NONE',  ( -35.00000000000000000, -14.00000000000000178, 15.00000000000000000 ) ) ;
#2604 = ORIENTED_EDGE ( 'NONE', *, *, #4361, .F. ) ;
#2605 = ORIENTED_EDGE ( 'NONE', *, *, #479, .F. ) ;
#2606 = CARTESIAN_POINT ( 'NONE',  ( 46.25000000000000711, 74.99999999999998579, 5.000000000000000000 ) ) ;
#2607 = PLANE ( 'NONE',  #1512 ) ;
#2608 = ORIENTED_EDGE ( 'NONE', *, *, #112, .T. ) ;
#2609 = DIRECTION ( 'NONE',  ( -1.000000000000000000, 0.000000000000000000, -0.000000000000000000 ) ) ;
#2610 = DIRECTION ( 'NONE',  ( -0.000000000000000000, -0.000000000000000000, -1.000000000000000000 ) ) ;
#2611 = AXIS2_PLACEMENT_3D ( 'NONE', #4922, #1138, #1602 ) ;
#2612 = ORIENTED_EDGE ( 'NONE', *, *, #1597, .F. ) ;
#2613 = CARTESIAN_POINT ( 'NONE',  ( -35.28894739933466695, -45.75000000000000000, 0.000000000000000000 ) ) ;
#2614 = CARTESIAN_POINT ( 'NONE',  ( 40.00000000000000000, -63.00000000000000000, 13.99999999999999822 ) ) ;
#2615 = VERTEX_POINT ( 'NONE', #2426 ) ;
#2616 = ADVANCED_FACE ( 'NONE', ( #282 ), #4119, .T. ) ;
#2617 = EDGE_CURVE ( 'NONE', #5093, #375, #1027, .T. ) ;
#2618 = DIRECTION ( 'NONE',  ( -0.000000000000000000, -0.000000000000000000, -1.000000000000000000 ) ) ;
#2619 = EDGE_CURVE ( 'NONE', #487, #1270, #4898, .T. ) ;
#2620 = ORIENTED_EDGE ( 'NONE', *, *, #643, .F. ) ;
#2621 = CIRCLE ( 'NONE', #3064, 5.600000000000000533 ) ;
#2622 = PLANE ( 'NONE',  #1584 ) ;
#2623 = CARTESIAN_POINT ( 'NONE',  ( -24.00000000000000000, 0.000000000000000000, 13.99999999999999822 ) ) ;
#2624 = CARTESIAN_POINT ( 'NONE',  ( -40.00000000000000000, -62.00000000000000000, 9.999999999999998224 ) ) ;
#2625 = LINE ( 'NONE', #1007, #4734 ) ;
#2626 = ORIENTED_EDGE ( 'NONE', *, *, #4380, .F. ) ;
#2627 = CARTESIAN_POINT ( 'NONE',  ( -36.00000000000000711, -59.00000000000001421, 5.000000000000000888 ) ) ;
#2628 = VERTEX_POINT ( 'NONE', #3145 ) ;
#2629 = CARTESIAN_POINT ( 'NONE',  ( -34.99999999999997868, -37.25000000000000000, 5.000000000000000000 ) ) ;
#2630 = VERTEX_POINT ( 'NONE', #5315 ) ;
#2631 = VERTEX_POINT ( 'NONE', #2363 ) ;
#2632 = FACE_OUTER_BOUND ( 'NONE', #2141, .T. ) ;
#2633 = LINE ( 'NONE', #1762, #4806 ) ;
#2634 = ORIENTED_EDGE ( 'NONE', *, *, #5110, .T. ) ;
#2635 = FILL_AREA_STYLE_COLOUR ( '', #2268 ) ;
#2636 = TOROIDAL_SURFACE ( 'NONE', #233, 4.000000000000000000, 1.000000000000000000 ) ;
#2637 = LINE ( 'NONE', #74, #632 ) ;
#2638 = CIRCLE ( 'NONE', #4058, 1.000000000000000888 ) ;
#2639 = VERTEX_POINT ( 'NONE', #1942 ) ;
#2640 = VECTOR ( 'NONE', #3387, 1000.000000000000000 ) ;
#2641 = ORIENTED_EDGE ( 'NONE', *, *, #1370, .T. ) ;
#2642 = LINE ( 'NONE', #4657, #1774 ) ;
#2643 = VECTOR ( 'NONE', #38, 1000.000000000000000 ) ;
#2644 = AXIS2_PLACEMENT_3D ( 'NONE', #13, #4682, #2988 ) ;
#2645 = PLANE ( 'NONE',  #347 ) ;
#2646 = DIRECTION ( 'NONE',  ( 0.000000000000000000, 0.000000000000000000, 1.000000000000000000 ) ) ;
#2647 = DIRECTION ( 'NONE',  ( 0.000000000000000000, 0.000000000000000000, -1.000000000000000000 ) ) ;
#2648 = VECTOR ( 'NONE', #263, 1000.000000000000000 ) ;
#2649 = ORIENTED_EDGE ( 'NONE', *, *, #101, .F. ) ;
#2650 = EDGE_CURVE ( 'NONE', #760, #2347, #3029, .T. ) ;
#2651 = CARTESIAN_POINT ( 'NONE',  ( -25.00000000000000711, 60.00000000000000000, 5.000000000000000000 ) ) ;
#2652 = AXIS2_PLACEMENT_3D ( 'NONE', #3959, #1071, #230 ) ;
#2653 = DIRECTION ( 'NONE',  ( 0.000000000000000000, 0.000000000000000000, 1.000000000000000000 ) ) ;
#2654 = CYLINDRICAL_SURFACE ( 'NONE', #5443, 2.749999999999999112 ) ;
#2655 = CARTESIAN_POINT ( 'NONE',  ( 36.00000000000000711, -17.00000000000000000, 9.999999999999998224 ) ) ;
#2656 = ORIENTED_EDGE ( 'NONE', *, *, #3333, .F. ) ;
#2657 = DIRECTION ( 'NONE',  ( 0.7071067811865477948, 0.000000000000000000, 0.7071067811865473507 ) ) ;
#2658 = ORIENTED_EDGE ( 'NONE', *, *, #1864, .F. ) ;
#2659 = ADVANCED_FACE ( 'NONE', ( #5259 ), #217, .F. ) ;
#2660 = LINE ( 'NONE', #5217, #3445 ) ;
#2661 = ORIENTED_EDGE ( 'NONE', *, *, #1352, .F. ) ;
#2662 = ORIENTED_EDGE ( 'NONE', *, *, #2380, .F. ) ;
#2663 = ADVANCED_FACE ( 'NONE', ( #4059 ), #692, .F. ) ;
#2664 = AXIS2_PLACEMENT_3D ( 'NONE', #1722, #3895, #2567 ) ;
#2665 = LINE ( 'NONE', #3960, #937 ) ;
#2666 = PLANE ( 'NONE',  #1769 ) ;
#2667 = ORIENTED_EDGE ( 'NONE', *, *, #5042, .T. ) ;
#2668 = VECTOR ( 'NONE', #3655, 1000.000000000000000 ) ;
#2669 = TOROIDAL_SURFACE ( 'NONE', #4439, 4.000000000000000000, 1.000000000000000000 ) ;
#2670 = LINE ( 'NONE', #5142, #4716 ) ;
#2671 = CIRCLE ( 'NONE', #2403, 1.000000000000000888 ) ;
#2672 = DIRECTION ( 'NONE',  ( 0.000000000000000000, 0.000000000000000000, 1.000000000000000000 ) ) ;
#2673 = ORIENTED_EDGE ( 'NONE', *, *, #1025, .T. ) ;
#2674 = VECTOR ( 'NONE', #4888, 1000.000000000000000 ) ;
#2675 = ORIENTED_EDGE ( 'NONE', *, *, #724, .F. ) ;
#2676 = EDGE_CURVE ( 'NONE', #1166, #1461, #251, .T. ) ;
#2677 = DIRECTION ( 'NONE',  ( 0.7071067811865477948, 0.000000000000000000, 0.7071067811865473507 ) ) ;
#2678 = CIRCLE ( 'NONE', #279, 2.749999999999999112 ) ;
#2679 = CARTESIAN_POINT ( 'NONE',  ( 44.00000000000001421, -14.00000000000000178, 9.999999999999998224 ) ) ;
#2680 = DIRECTION ( 'NONE',  ( -0.000000000000000000, -1.000000000000000000, -0.000000000000000000 ) ) ;
#2681 = AXIS2_PLACEMENT_3D ( 'NONE', #4648, #2053, #5009 ) ;
#2682 = DIRECTION ( 'NONE',  ( 0.000000000000000000, 0.000000000000000000, -1.000000000000000000 ) ) ;
#2683 = VERTEX_POINT ( 'NONE', #2730 ) ;
#2684 = CARTESIAN_POINT ( 'NONE',  ( 37.75000000000000711, 81.24999999999998579, 0.000000000000000000 ) ) ;
#2685 = CARTESIAN_POINT ( 'NONE',  ( -46.25000000000000711, 74.99999999999998579, 5.000000000000000000 ) ) ;
#2686 = DIRECTION ( 'NONE',  ( -0.000000000000000000, -0.000000000000000000, -1.000000000000000000 ) ) ;
#2687 = VERTEX_POINT ( 'NONE', #3648 ) ;
#2688 = CARTESIAN_POINT ( 'NONE',  ( -40.00000000000000711, 0.000000000000000000, 9.999999999999998224 ) ) ;
#2689 = ORIENTED_EDGE ( 'NONE', *, *, #5477, .T. ) ;
#2690 = SURFACE_STYLE_FILL_AREA ( #5247 ) ;
#2691 = DIRECTION ( 'NONE',  ( 0.000000000000000000, 0.000000000000000000, 1.000000000000000000 ) ) ;
#2692 = PLANE ( 'NONE',  #5033 ) ;
#2693 = EDGE_CURVE ( 'NONE', #4417, #1428, #3587, .T. ) ;
#2694 = CYLINDRICAL_SURFACE ( 'NONE', #5246, 5.000000000000000888 ) ;
#2695 = EDGE_CURVE ( 'NONE', #4667, #406, #1527, .T. ) ;
#2696 = ORIENTED_EDGE ( 'NONE', *, *, #4352, .T. ) ;
#2697 =( NAMED_UNIT ( * ) SI_UNIT ( $, .STERADIAN. ) SOLID_ANGLE_UNIT ( ) );
#2698 = ADVANCED_FACE ( 'NONE', ( #187 ), #3230, .T. ) ;
#2699 = LINE ( 'NONE', #4780, #4549 ) ;
#2700 = CARTESIAN_POINT ( 'NONE',  ( 24.00000000000000000, -5.000000000000000000, 9.999999999999998224 ) ) ;
#2701 = EDGE_LOOP ( 'NONE', ( #2859, #1516, #5419, #1244, #104, #214 ) ) ;
#2702 = ORIENTED_EDGE ( 'NONE', *, *, #1623, .F. ) ;
#2703 = DIRECTION ( 'NONE',  ( 0.000000000000000000, -1.000000000000000000, 0.000000000000000000 ) ) ;
#2704 = DIRECTION ( 'NONE',  ( -0.000000000000000000, -1.000000000000000000, -0.000000000000000000 ) ) ;
#2705 = CARTESIAN_POINT ( 'NONE',  ( -27.74999999999999289, -70.00000000000000000, 8.673617379884035472E-16 ) ) ;
#2706 = DIRECTION ( 'NONE',  ( 0.000000000000000000, -1.000000000000000000, 0.000000000000000000 ) ) ;
#2707 = ORIENTED_EDGE ( 'NONE', *, *, #1830, .T. ) ;
#2708 = CARTESIAN_POINT ( 'NONE',  ( -45.00000000000000711, -58.00000000000000000, 9.999999999999998224 ) ) ;
#2709 = DIRECTION ( 'NONE',  ( 0.000000000000000000, 0.000000000000000000, -1.000000000000000000 ) ) ;
#2710 = DIRECTION ( 'NONE',  ( -0.000000000000000000, 1.000000000000000000, -0.000000000000000000 ) ) ;
#2711 = ORIENTED_EDGE ( 'NONE', *, *, #1463, .F. ) ;
#2712 = PLANE ( 'NONE',  #803 ) ;
#2713 = ORIENTED_EDGE ( 'NONE', *, *, #132, .F. ) ;
#2714 = DIRECTION ( 'NONE',  ( 0.000000000000000000, 1.000000000000000000, 0.000000000000000000 ) ) ;
#2715 = AXIS2_PLACEMENT_3D ( 'NONE', #4369, #2565, #138 ) ;
#2716 = CARTESIAN_POINT ( 'NONE',  ( -40.12499999999997868, -12.99999999999999822, 10.00156225593563697 ) ) ;
#2717 = DIRECTION ( 'NONE',  ( -1.000000000000000000, 0.000000000000000000, 0.000000000000000000 ) ) ;
#2718 = CARTESIAN_POINT ( 'NONE',  ( -39.99999999999997868, -81.25000000000001421, 0.000000000000000000 ) ) ;
#2719 = EDGE_LOOP ( 'NONE', ( #3595, #5325, #3312, #957 ) ) ;
#2720 = AXIS2_PLACEMENT_3D ( 'NONE', #4453, #3176, #2761 ) ;
#2721 = CARTESIAN_POINT ( 'NONE',  ( -25.00000000000000000, 5.000000000000000000, 5.000000000000000000 ) ) ;
#2722 = DIRECTION ( 'NONE',  ( 1.000000000000000000, 1.982541115402065849E-16, 0.000000000000000000 ) ) ;
#2723 = EDGE_CURVE ( 'NONE', #1232, #1108, #1519, .T. ) ;
#2724 = ORIENTED_EDGE ( 'NONE', *, *, #5221, .T. ) ;
#2725 = ORIENTED_EDGE ( 'NONE', *, *, #2522, .F. ) ;
#2726 = CONICAL_SURFACE ( 'NONE', #5297, 5.600000000000000533, 0.7853981633974485010 ) ;
#2727 = CIRCLE ( 'NONE', #3615, 2.749999999999999112 ) ;
#2728 = ORIENTED_EDGE ( 'NONE', *, *, #4200, .F. ) ;
#2729 = EDGE_CURVE ( 'NONE', #5245, #1391, #2225, .T. ) ;
#2730 = CARTESIAN_POINT ( 'NONE',  ( 24.00000000000000000, 0.000000000000000000, 15.00000000000000000 ) ) ;
#2731 = DIRECTION ( 'NONE',  ( -1.000000000000000000, 0.000000000000000000, 0.000000000000000000 ) ) ;
#2732 = CARTESIAN_POINT ( 'NONE',  ( 37.75000000000000711, 77.24999999999998579, 0.000000000000000000 ) ) ;
#2733 = ADVANCED_FACE ( 'NONE', ( #3724 ), #2977, .T. ) ;
#2734 = DIRECTION ( 'NONE',  ( 0.000000000000000000, 0.000000000000000000, -1.000000000000000000 ) ) ;
#2735 = VERTEX_POINT ( 'NONE', #2447 ) ;
#2736 = DIRECTION ( 'NONE',  ( 1.000000000000000000, 0.000000000000000000, 0.000000000000000000 ) ) ;
#2737 = CARTESIAN_POINT ( 'NONE',  ( 20.00000000000001066, -25.00000000000000000, 11.00000000000000000 ) ) ;
#2738 = LINE ( 'NONE', #1149, #1540 ) ;
#2739 = AXIS2_PLACEMENT_3D ( 'NONE', #3139, #1963, #4500 ) ;
#2740 = ORIENTED_EDGE ( 'NONE', *, *, #2617, .T. ) ;
#2741 = CARTESIAN_POINT ( 'NONE',  ( -37.12499999999997868, -12.99999999999999822, 5.000000000000000000 ) ) ;
#2742 = ORIENTED_EDGE ( 'NONE', *, *, #3364, .F. ) ;
#2743 = PLANE ( 'NONE',  #3091 ) ;
#2744 = LINE ( 'NONE', #3601, #4001 ) ;
#2745 = CARTESIAN_POINT ( 'NONE',  ( -19.39999999999999503, -70.00000000000000000, 5.000000000000000000 ) ) ;
#2746 = EDGE_LOOP ( 'NONE', ( #2021, #157, #1965, #4997 ) ) ;
#2747 = CARTESIAN_POINT ( 'NONE',  ( 36.82231164300146986, -34.51661283459096552, 0.000000000000000000 ) ) ;
#2748 = ORIENTED_EDGE ( 'NONE', *, *, #2869, .T. ) ;
#2749 = DIRECTION ( 'NONE',  ( 0.000000000000000000, 0.000000000000000000, 1.000000000000000000 ) ) ;
#2750 = CIRCLE ( 'NONE', #1323, 1.000000000000000888 ) ;
#2751 = DIRECTION ( 'NONE',  ( 1.387778780781445676E-15, 0.000000000000000000, -1.000000000000000000 ) ) ;
#2752 = UNCERTAINTY_MEASURE_WITH_UNIT (LENGTH_MEASURE( 1.000000000000000082E-05 ), #1711, 'distance_accuracy_value', 'NONE');
#2753 = VERTEX_POINT ( 'NONE', #1578 ) ;
#2754 = ORIENTED_EDGE ( 'NONE', *, *, #3744, .F. ) ;
#2755 = DIRECTION ( 'NONE',  ( -0.000000000000000000, -0.000000000000000000, -1.000000000000000000 ) ) ;
#2756 = DIRECTION ( 'NONE',  ( 0.000000000000000000, -1.000000000000000000, 0.000000000000000000 ) ) ;
#2757 = CARTESIAN_POINT ( 'NONE',  ( 24.00000000000000000, -5.000000000000000000, 5.000000000000000000 ) ) ;
#2758 = CIRCLE ( 'NONE', #4178, 5.000000000000000000 ) ;
#2760 = EDGE_CURVE ( 'NONE', #244, #4317, #979, .T. ) ;
#2759 = VECTOR ( 'NONE', #3596, 1000.000000000000000 ) ;
#2761 = DIRECTION ( 'NONE',  ( -1.000000000000000000, 0.000000000000000000, 0.000000000000000000 ) ) ;
#2762 = EDGE_CURVE ( 'NONE', #4676, #5007, #4174, .T. ) ;
#2763 = EDGE_LOOP ( 'NONE', ( #1470, #4795, #2175, #432 ) ) ;
#2764 = EDGE_CURVE ( 'NONE', #209, #630, #5080, .T. ) ;
#2765 = AXIS2_PLACEMENT_3D ( 'NONE', #3773, #853, #2554 ) ;
#2766 = DIRECTION ( 'NONE',  ( 0.000000000000000000, -0.000000000000000000, 1.000000000000000000 ) ) ;
#2767 = DIRECTION ( 'NONE',  ( 0.000000000000000000, -0.000000000000000000, 1.000000000000000000 ) ) ;
#2768 = AXIS2_PLACEMENT_3D ( 'NONE', #4542, #4479, #2787 ) ;
#2769 = CARTESIAN_POINT ( 'NONE',  ( -27.75000000000000711, 60.00000000000000000, 8.673617379884035472E-16 ) ) ;
#2770 = ORIENTED_EDGE ( 'NONE', *, *, #307, .T. ) ;
#2771 = LINE ( 'NONE', #2373, #1593 ) ;
#2772 = ORIENTED_EDGE ( 'NONE', *, *, #2676, .F. ) ;
#2773 = CARTESIAN_POINT ( 'NONE',  ( -22.25000000000001066, 60.00000000000000000, 8.673617379884035472E-16 ) ) ;
#2774 = DIRECTION ( 'NONE',  ( -1.000000000000000000, -6.938893903907227392E-16, 0.000000000000000000 ) ) ;
#2775 = EDGE_LOOP ( 'NONE', ( #4688, #4209, #2707, #5109 ) ) ;
#2776 = LINE ( 'NONE', #1898, #4800 ) ;
#2777 = EDGE_CURVE ( 'NONE', #2258, #967, #3750, .T. ) ;
#2778 = EDGE_LOOP ( 'NONE', ( #5027, #3092, #349, #5333 ) ) ;
#2779 = DIRECTION ( 'NONE',  ( 0.000000000000000000, 0.000000000000000000, -1.000000000000000000 ) ) ;
#2780 = LINE ( 'NONE', #5391, #1614 ) ;
#2781 = ORIENTED_EDGE ( 'NONE', *, *, #600, .F. ) ;
#2782 = ORIENTED_EDGE ( 'NONE', *, *, #5035, .F. ) ;
#2783 = CARTESIAN_POINT ( 'NONE',  ( 45.00000000000001421, -13.00000000000000178, 9.999999999999998224 ) ) ;
#2784 = CARTESIAN_POINT ( 'NONE',  ( 36.00000000000000000, -58.00000000000000711, 9.999999999999998224 ) ) ;
#2785 = ORIENTED_EDGE ( 'NONE', *, *, #784, .F. ) ;
#2786 = VECTOR ( 'NONE', #769, 1000.000000000000000 ) ;
#2787 = DIRECTION ( 'NONE',  ( -0.000000000000000000, 0.000000000000000000, -1.000000000000000000 ) ) ;
#2788 = CARTESIAN_POINT ( 'NONE',  ( 43.12499999999998579, -12.99999999999999822, 5.000000000000000000 ) ) ;
#2789 = DIRECTION ( 'NONE',  ( 0.000000000000000000, 0.000000000000000000, -1.000000000000000000 ) ) ;
#2790 = CYLINDRICAL_SURFACE ( 'NONE', #4306, 1.000000000000000888 ) ;
#2791 = AXIS2_PLACEMENT_3D ( 'NONE', #1835, #1807, #1753 ) ;
#2792 = EDGE_LOOP ( 'NONE', ( #5187, #2576, #4570, #326 ) ) ;
#2793 = ADVANCED_FACE ( 'NONE', ( #4566 ), #1632, .T. ) ;
#2794 = FACE_OUTER_BOUND ( 'NONE', #276, .T. ) ;
#2795 = DIRECTION ( 'NONE',  ( -1.000000000000000000, 0.000000000000000000, 0.000000000000000000 ) ) ;
#2796 = EDGE_CURVE ( 'NONE', #2389, #55, #2678, .T. ) ;
#2797 = CARTESIAN_POINT ( 'NONE',  ( 21.00000000000000000, 0.000000000000000000, 9.999999999999998224 ) ) ;
#2798 = EDGE_CURVE ( 'NONE', #4893, #3902, #3334, .T. ) ;
#2799 = CARTESIAN_POINT ( 'NONE',  ( 45.00000000000001421, -14.00000000000000178, 9.999999999999998224 ) ) ;
#2800 = CIRCLE ( 'NONE', #384, 1.000000000000000888 ) ;
#2801 = EDGE_LOOP ( 'NONE', ( #2066, #1713, #2247, #1709 ) ) ;
#2802 =( NAMED_UNIT ( * ) SI_UNIT ( $, .STERADIAN. ) SOLID_ANGLE_UNIT ( ) );
#2803 = DIRECTION ( 'NONE',  ( 0.000000000000000000, 0.000000000000000000, -1.000000000000000000 ) ) ;
#2804 = CARTESIAN_POINT ( 'NONE',  ( 20.00000000000000000, 2.999999999999999112, 15.00000000000000000 ) ) ;
#2805 = ORIENTED_EDGE ( 'NONE', *, *, #3775, .F. ) ;
#2806 = ADVANCED_FACE ( 'NONE', ( #2899 ), #2556, .T. ) ;
#2807 = LINE ( 'NONE', #2322, #3020 ) ;
#2808 = ORIENTED_EDGE ( 'NONE', *, *, #1630, .F. ) ;
#2809 = AXIS2_PLACEMENT_3D ( 'NONE', #4287, #1360, #1775 ) ;
#2810 = CARTESIAN_POINT ( 'NONE',  ( 40.00000000000000000, -63.00000000000000000, 9.999999999999998224 ) ) ;
#2811 = DIRECTION ( 'NONE',  ( -1.000000000000000000, 0.000000000000000000, 0.000000000000000000 ) ) ;
#2812 = ORIENTED_EDGE ( 'NONE', *, *, #2507, .T. ) ;
#2813 = ORIENTED_EDGE ( 'NONE', *, *, #3812, .T. ) ;
#2814 = DIRECTION ( 'NONE',  ( 0.000000000000000000, 0.000000000000000000, 1.000000000000000000 ) ) ;
#2815 = DIRECTION ( 'NONE',  ( -0.000000000000000000, 0.000000000000000000, 1.000000000000000000 ) ) ;
#2816 = CIRCLE ( 'NONE', #397, 4.000000000000000000 ) ;
#2817 = ORIENTED_EDGE ( 'NONE', *, *, #30, .F. ) ;
#2818 = DIRECTION ( 'NONE',  ( -1.000000000000000000, 0.000000000000000000, 0.000000000000000000 ) ) ;
#2819 = PRODUCT ( 'Enclosure_Rear', 'Enclosure_Rear', '', ( #4747 ) ) ;
#2820 = CARTESIAN_POINT ( 'NONE',  ( -27.75000000000000711, 60.00000000000000000, 2.149999999999999911 ) ) ;
#2821 = DIRECTION ( 'NONE',  ( -0.000000000000000000, 0.000000000000000000, 1.000000000000000000 ) ) ;
#2822 = ORIENTED_EDGE ( 'NONE', *, *, #3715, .T. ) ;
#2823 = CONICAL_SURFACE ( 'NONE', #2100, 5.600000000000000533, 0.7853981633974485010 ) ;
#2824 = CARTESIAN_POINT ( 'NONE',  ( 40.00000000000000711, -63.00000000000000000, 9.999999999999998224 ) ) ;
#2825 = VECTOR ( 'NONE', #4967, 1000.000000000000000 ) ;
#2826 = PLANE ( 'NONE',  #1723 ) ;
#2827 = CARTESIAN_POINT ( 'NONE',  ( -35.00000000000000000, -42.75000000000000000, 0.9999999999999991118 ) ) ;
#2828 = DIRECTION ( 'NONE',  ( -0.000000000000000000, 1.000000000000000000, -0.000000000000000000 ) ) ;
#2829 = VERTEX_POINT ( 'NONE', #2533 ) ;
#2830 = ADVANCED_FACE ( 'NONE', ( #4591 ), #1658, .T. ) ;
#2831 = FACE_OUTER_BOUND ( 'NONE', #5197, .T. ) ;
#2832 = VECTOR ( 'NONE', #182, 1000.000000000000000 ) ;
#2833 = VECTOR ( 'NONE', #3763, 1000.000000000000000 ) ;
#2834 = DIRECTION ( 'NONE',  ( -0.000000000000000000, -1.000000000000000000, -0.000000000000000000 ) ) ;
#2835 = CARTESIAN_POINT ( 'NONE',  ( 9.999999999999998224, -81.25000000000001421, 5.000000000000000000 ) ) ;
#2836 = ORIENTED_EDGE ( 'NONE', *, *, #1325, .T. ) ;
#2837 = LINE ( 'NONE', #4970, #4628 ) ;
#2838 = EDGE_CURVE ( 'NONE', #3799, #2829, #435, .T. ) ;
#2839 = ORIENTED_EDGE ( 'NONE', *, *, #5130, .T. ) ;
#2840 = CIRCLE ( 'NONE', #780, 4.999999999999997335 ) ;
#2841 = EDGE_CURVE ( 'NONE', #2561, #729, #3300, .T. ) ;
#2842 = CARTESIAN_POINT ( 'NONE',  ( -20.00000000000000000, 5.000000000000000000, 9.999999999999998224 ) ) ;
#2843 = EDGE_CURVE ( 'NONE', #2982, #40, #2318, .T. ) ;
#2844 = PLANE ( 'NONE',  #4466 ) ;
#2845 = ORIENTED_EDGE ( 'NONE', *, *, #720, .F. ) ;
#2846 = ORIENTED_EDGE ( 'NONE', *, *, #854, .T. ) ;
#2847 = LINE ( 'NONE', #3747, #3055 ) ;
#2848 = CARTESIAN_POINT ( 'NONE',  ( -45.00000000000001421, -14.00000000000000178, 9.999999999999998224 ) ) ;
#2849 = ORIENTED_EDGE ( 'NONE', *, *, #720, .T. ) ;
#2850 = FACE_OUTER_BOUND ( 'NONE', #1781, .T. ) ;
#2851 = CIRCLE ( 'NONE', #3013, 5.600000000000000533 ) ;
#2852 = CARTESIAN_POINT ( 'NONE',  ( -40.12499999999997868, -63.00000000000000000, 10.00156225593563697 ) ) ;
#2853 = EDGE_LOOP ( 'NONE', ( #3388, #2480, #3703, #791 ) ) ;
#2854 = LINE ( 'NONE', #5037, #876 ) ;
#2855 = DIRECTION ( 'NONE',  ( 0.000000000000000000, -1.000000000000000000, 0.000000000000000000 ) ) ;
#2856 = CIRCLE ( 'NONE', #4096, 1.000000000000000888 ) ;
#2857 = CARTESIAN_POINT ( 'NONE',  ( -39.99999999999998579, -75.00000000000001421, 0.000000000000000000 ) ) ;
#2858 = CARTESIAN_POINT ( 'NONE',  ( 30.00000000000000000, -25.00000000000000000, 11.00000000000000000 ) ) ;
#2859 = ORIENTED_EDGE ( 'NONE', *, *, #3169, .F. ) ;
#2860 = CIRCLE ( 'NONE', #3556, 4.000000000000000000 ) ;
#2861 = FACE_OUTER_BOUND ( 'NONE', #3117, .T. ) ;
#2862 = AXIS2_PLACEMENT_3D ( 'NONE', #2092, #3787, #4391 ) ;
#2863 = DIRECTION ( 'NONE',  ( -0.000000000000000000, -0.000000000000000000, -1.000000000000000000 ) ) ;
#2864 = ORIENTED_EDGE ( 'NONE', *, *, #2560, .T. ) ;
#2865 = CARTESIAN_POINT ( 'NONE',  ( 40.64592610078044999, -41.32889343308139729, 0.000000000000000000 ) ) ;
#2866 = CIRCLE ( 'NONE', #3122, 4.000000000000000000 ) ;
#2867 = DIRECTION ( 'NONE',  ( -0.000000000000000000, -0.000000000000000000, -1.000000000000000000 ) ) ;
#2868 = DIRECTION ( 'NONE',  ( -0.000000000000000000, -0.000000000000000000, 1.000000000000000000 ) ) ;
#2869 = EDGE_CURVE ( 'NONE', #4172, #1852, #5505, .T. ) ;
#2870 = EDGE_LOOP ( 'NONE', ( #5365, #2500, #3413, #1767 ) ) ;
#2871 = ORIENTED_EDGE ( 'NONE', *, *, #103, .T. ) ;
#2872 = FACE_BOUND ( 'NONE', #3977, .T. ) ;
#2873 = EDGE_CURVE ( 'NONE', #2551, #5171, #804, .T. ) ;
#2874 = CARTESIAN_POINT ( 'NONE',  ( -19.99999999999998224, -42.75000000000000000, 11.00000000000000000 ) ) ;
#2875 = ORIENTED_EDGE ( 'NONE', *, *, #3435, .T. ) ;
#2876 = EDGE_CURVE ( 'NONE', #1232, #4078, #4984, .T. ) ;
#2877 = DIRECTION ( 'NONE',  ( -0.000000000000000000, -0.000000000000000000, -1.000000000000000000 ) ) ;
#2878 = APPLICATION_PROTOCOL_DEFINITION ( 'draft international standard', 'automotive_design', 1998, #1958 ) ;
#2879 = EDGE_LOOP ( 'NONE', ( #5308, #1746, #39, #812 ) ) ;
#2880 = CARTESIAN_POINT ( 'NONE',  ( -34.99999999803289086, -37.25000000000001421, 4.999999999999999112 ) ) ;
#2881 = CARTESIAN_POINT ( 'NONE',  ( 40.12499999999997868, -12.99999999999999822, 10.00156225593563697 ) ) ;
#2882 = DIRECTION ( 'NONE',  ( -0.000000000000000000, 1.000000000000000000, -0.000000000000000000 ) ) ;
#2883 = CIRCLE ( 'NONE', #2969, 1.000000000000000888 ) ;
#2884 = CARTESIAN_POINT ( 'NONE',  ( -40.00000000000000000, -13.00000000000000178, 9.999999999999998224 ) ) ;
#2885 = ORIENTED_EDGE ( 'NONE', *, *, #2777, .F. ) ;
#2886 = DIRECTION ( 'NONE',  ( -1.000000000000000000, 0.000000000000000000, 0.000000000000000000 ) ) ;
#2887 = LINE ( 'NONE', #5493, #5215 ) ;
#2888 = DIRECTION ( 'NONE',  ( 0.000000000000000000, 0.000000000000000000, -1.000000000000000000 ) ) ;
#2889 = ORIENTED_EDGE ( 'NONE', *, *, #400, .T. ) ;
#2890 = CARTESIAN_POINT ( 'NONE',  ( -18.00748767465333344, -42.75000000000000000, 4.999999999999991118 ) ) ;
#2891 = CARTESIAN_POINT ( 'NONE',  ( -30.00000000000001066, -37.25000000000000000, 11.00000000000000000 ) ) ;
#2892 = LINE ( 'NONE', #1107, #192 ) ;
#2893 = EDGE_LOOP ( 'NONE', ( #5051, #3297, #1652, #4730 ) ) ;
#2894 = ORIENTED_EDGE ( 'NONE', *, *, #3265, .T. ) ;
#2895 = LINE ( 'NONE', #3199, #4216 ) ;
#2896 = CARTESIAN_POINT ( 'NONE',  ( -43.12499999999998579, -58.00000000000000000, 15.00000000000000000 ) ) ;
#2897 = CIRCLE ( 'NONE', #753, 3.000000000000002665 ) ;
#2898 = EDGE_CURVE ( 'NONE', #2165, #4299, #186, .T. ) ;
#2899 = FACE_OUTER_BOUND ( 'NONE', #2241, .T. ) ;
#2900 = EDGE_CURVE ( 'NONE', #306, #2630, #1740, .T. ) ;
#2901 = ORIENTED_EDGE ( 'NONE', *, *, #3333, .T. ) ;
#2902 = LINE ( 'NONE', #2057, #3900 ) ;
#2903 = DIRECTION ( 'NONE',  ( 0.000000000000000000, 0.000000000000000000, 1.000000000000000000 ) ) ;
#2904 = EDGE_CURVE ( 'NONE', #4561, #2347, #2637, .T. ) ;
#2905 = CARTESIAN_POINT ( 'NONE',  ( -46.25000000000000711, 74.99999999999998579, 5.000000000000000000 ) ) ;
#2906 = AXIS2_PLACEMENT_3D ( 'NONE', #493, #3089, #4787 ) ;
#2907 = EDGE_LOOP ( 'NONE', ( #965, #1281, #572, #1249 ) ) ;
#2908 = AXIS2_PLACEMENT_3D ( 'NONE', #5249, #3906, #3135 ) ;
#2909 = CARTESIAN_POINT ( 'NONE',  ( 36.00000000000000711, -59.00000000000001421, 9.999999999999998224 ) ) ;
#2910 = CARTESIAN_POINT ( 'NONE',  ( 45.00000000000000711, -58.00000000000000000, 5.000000000000000000 ) ) ;
#2911 = LINE ( 'NONE', #2065, #4513 ) ;
#2912 = ORIENTED_EDGE ( 'NONE', *, *, #2553, .F. ) ;
#2913 = CARTESIAN_POINT ( 'NONE',  ( 36.28204753555839090, -42.45568876824307125, 5.000000000000004441 ) ) ;
#2914 = AXIS2_PLACEMENT_3D ( 'NONE', #2199, #4197, #4614 ) ;
#2915 = AXIS2_PLACEMENT_3D ( 'NONE', #2498, #3325, #5468 ) ;
#2916 = AXIS2_PLACEMENT_3D ( 'NONE', #1705, #3407, #2940 ) ;
#2917 = CARTESIAN_POINT ( 'NONE',  ( -45.00000000000000711, -58.00000000000000000, 5.000000000000000000 ) ) ;
#2918 = CARTESIAN_POINT ( 'NONE',  ( 40.00000000000001421, 0.000000000000000000, 15.00000000000000000 ) ) ;
#2919 = EDGE_LOOP ( 'NONE', ( #797, #4586, #3420, #3845, #4580, #538, #1336, #1450, #3518 ) ) ;
#2920 = VERTEX_POINT ( 'NONE', #2161 ) ;
#2921 = DIRECTION ( 'NONE',  ( -1.000000000000000000, 0.000000000000000000, 0.000000000000000000 ) ) ;
#2922 = COLOUR_RGB ( '',0.7921568627450980005, 0.8196078431372548767, 0.9333333333333333481 ) ;
#2923 = ORIENTED_EDGE ( 'NONE', *, *, #4940, .F. ) ;
#2924 = CARTESIAN_POINT ( 'NONE',  ( -40.00000000000000711, 81.24999999999998579, 0.000000000000000000 ) ) ;
#2925 = CARTESIAN_POINT ( 'NONE',  ( 44.00000000000000711, -59.00000000000000711, 5.000000000000000888 ) ) ;
#2926 = ORIENTED_EDGE ( 'NONE', *, *, #1773, .T. ) ;
#2927 = CARTESIAN_POINT ( 'NONE',  ( 30.60000000000000853, -70.00000000000000000, 5.000000000000000000 ) ) ;
#2928 = DIRECTION ( 'NONE',  ( 0.000000000000000000, 0.000000000000000000, -1.000000000000000000 ) ) ;
#2929 = EDGE_LOOP ( 'NONE', ( #922, #3042 ) ) ;
#2930 = AXIS2_PLACEMENT_3D ( 'NONE', #2651, #5125, #4705 ) ;
#2931 = ADVANCED_FACE ( 'NONE', ( #878 ), #963, .T. ) ;
#2932 = EDGE_CURVE ( 'NONE', #3017, #3003, #5169, .T. ) ;
#2933 = LINE ( 'NONE', #2983, #665 ) ;
#2934 = EDGE_CURVE ( 'NONE', #1216, #121, #2699, .T. ) ;
#2935 = CIRCLE ( 'NONE', #5064, 4.000000000000000000 ) ;
#2936 = ORIENTED_EDGE ( 'NONE', *, *, #4649, .T. ) ;
#2937 = FACE_OUTER_BOUND ( 'NONE', #4089, .T. ) ;
#2938 = CARTESIAN_POINT ( 'NONE',  ( 25.00000000000000000, 0.000000000000000000, 13.99999999999999822 ) ) ;
#2939 = CARTESIAN_POINT ( 'NONE',  ( -25.00000000000000711, 60.00000000000000000, 5.000000000000000000 ) ) ;
#2940 = DIRECTION ( 'NONE',  ( -1.000000000000000000, 0.000000000000000000, 0.000000000000000000 ) ) ;
#2941 = EDGE_LOOP ( 'NONE', ( #4308, #3746, #3962, #3927 ) ) ;
#2942 = CARTESIAN_POINT ( 'NONE',  ( -29.47881336083483816, -42.75000000000000000, 5.000000000000000000 ) ) ;
#2943 = AXIS2_PLACEMENT_3D ( 'NONE', #3136, #97, #564 ) ;
#2944 = DIRECTION ( 'NONE',  ( 0.000000000000000000, 0.000000000000000000, -1.000000000000000000 ) ) ;
#2945 = DIRECTION ( 'NONE',  ( 0.000000000000000000, 1.000000000000000000, 0.000000000000000000 ) ) ;
#2946 = ORIENTED_EDGE ( 'NONE', *, *, #3299, .T. ) ;
#2947 = VERTEX_POINT ( 'NONE', #2186 ) ;
#2948 = SURFACE_SIDE_STYLE ('',( #2074 ) ) ;
#2949 = AXIS2_PLACEMENT_3D ( 'NONE', #1671, #1355, #2222 ) ;
#2950 = CARTESIAN_POINT ( 'NONE',  ( 25.00000000000000000, 0.000000000000000000, 9.999999999999998224 ) ) ;
#2951 = ORIENTED_EDGE ( 'NONE', *, *, #1291, .F. ) ;
#2952 = DIRECTION ( 'NONE',  ( -1.000000000000000000, -0.000000000000000000, -0.000000000000000000 ) ) ;
#2953 = VERTEX_POINT ( 'NONE', #3857 ) ;
#2954 = CARTESIAN_POINT ( 'NONE',  ( 37.24046787837771433, -38.34288287084400793, 5.000000000000007994 ) ) ;
#2955 = LINE ( 'NONE', #835, #4592 ) ;
#2956 = ORIENTED_EDGE ( 'NONE', *, *, #5377, .F. ) ;
#2957 = DIRECTION ( 'NONE',  ( 1.000000000000000000, 1.982541115402065849E-16, 0.000000000000000000 ) ) ;
#2958 = ORIENTED_EDGE ( 'NONE', *, *, #1721, .F. ) ;
#2959 = EDGE_CURVE ( 'NONE', #1304, #3852, #463, .T. ) ;
#2960 = CARTESIAN_POINT ( 'NONE',  ( 10.00000000000000000, 0.000000000000000000, -0.001000000000000132727 ) ) ;
#2961 = EDGE_CURVE ( 'NONE', #543, #48, #3887, .T. ) ;
#2962 = DIRECTION ( 'NONE',  ( 0.000000000000000000, 0.000000000000000000, 1.000000000000000000 ) ) ;
#2963 = DIRECTION ( 'NONE',  ( 0.000000000000000000, -1.000000000000000000, 0.000000000000000000 ) ) ;
#2964 = EDGE_CURVE ( 'NONE', #4650, #3471, #2866, .T. ) ;
#2965 = FACE_OUTER_BOUND ( 'NONE', #4167, .T. ) ;
#2966 = EDGE_LOOP ( 'NONE', ( #742, #5366, #571, #3580 ) ) ;
#2967 = DIRECTION ( 'NONE',  ( 0.000000000000000000, 0.000000000000000000, -1.000000000000000000 ) ) ;
#2968 = EDGE_CURVE ( 'NONE', #5171, #2829, #2670, .T. ) ;
#2969 = AXIS2_PLACEMENT_3D ( 'NONE', #2655, #5239, #3568 ) ;
#2970 = LINE ( 'NONE', #3488, #247 ) ;
#2971 = EDGE_LOOP ( 'NONE', ( #291, #2702, #3051, #4590 ) ) ;
#2972 = EDGE_LOOP ( 'NONE', ( #4459, #3774, #2728, #2976 ) ) ;
#2973 = ADVANCED_FACE ( 'NONE', ( #4360 ), #3496, .T. ) ;
#2974 = PRESENTATION_STYLE_ASSIGNMENT (( #1735 ) ) ;
#2975 = CARTESIAN_POINT ( 'NONE',  ( 44.00000000000001421, -17.00000000000000000, 9.999999999999998224 ) ) ;
#2976 = ORIENTED_EDGE ( 'NONE', *, *, #2904, .T. ) ;
#2977 = CYLINDRICAL_SURFACE ( 'NONE', #1252, 1.000000000000000888 ) ;
#2978 = CIRCLE ( 'NONE', #1471, 1.000000000000000888 ) ;
#2979 = VERTEX_POINT ( 'NONE', #1766 ) ;
#2980 = CARTESIAN_POINT ( 'NONE',  ( 37.72338347487983157, -40.46902818563409454, 5.000000000000002665 ) ) ;
#2981 = LINE ( 'NONE', #5120, #1300 ) ;
#2982 = VERTEX_POINT ( 'NONE', #1409 ) ;
#2983 = CARTESIAN_POINT ( 'NONE',  ( 25.00000000000000000, 5.000000000000000000, 9.999999999999998224 ) ) ;
#2984 = PRESENTATION_LAYER_ASSIGNMENT (  '', '', ( #5385 ) ) ;
#2985 = VERTEX_POINT ( 'NONE', #545 ) ;
#2986 = CARTESIAN_POINT ( 'NONE',  ( -43.12499999999998579, -63.00000000000000000, 5.000000000000000000 ) ) ;
#2987 = DIRECTION ( 'NONE',  ( -0.000000000000000000, -0.000000000000000000, 1.000000000000000000 ) ) ;
#2988 = DIRECTION ( 'NONE',  ( 1.000000000000000000, 0.000000000000000000, 0.000000000000000000 ) ) ;
#2989 = ORIENTED_EDGE ( 'NONE', *, *, #854, .F. ) ;
#2990 = CARTESIAN_POINT ( 'NONE',  ( 28.81710979338331313, -45.74999999999999289, 0.000000000000000000 ) ) ;
#2991 = VECTOR ( 'NONE', #377, 1000.000000000000000 ) ;
#2992 = EDGE_CURVE ( 'NONE', #2091, #4203, #3469, .T. ) ;
#2993 = DIRECTION ( 'NONE',  ( 0.000000000000000000, 1.000000000000000000, 0.000000000000000000 ) ) ;
#2994 = EDGE_LOOP ( 'NONE', ( #1381, #5191 ) ) ;
#2995 = ORIENTED_EDGE ( 'NONE', *, *, #3435, .F. ) ;
#2996 = EDGE_CURVE ( 'NONE', #5098, #3128, #994, .T. ) ;
#2997 = CARTESIAN_POINT ( 'NONE',  ( -43.12499999999998579, -58.00000000000000000, 10.00156225593563875 ) ) ;
#2998 = ADVANCED_FACE ( 'NONE', ( #2242 ), #4813, .F. ) ;
#2999 = EDGE_LOOP ( 'NONE', ( #3478, #3466, #1624, #180 ) ) ;
#3000 = ADVANCED_FACE ( 'NONE', ( #518, #2216 ), #5116, .F. ) ;
#3001 = DIRECTION ( 'NONE',  ( -0.000000000000000000, -0.000000000000000000, 1.000000000000000000 ) ) ;
#3002 = VECTOR ( 'NONE', #4890, 1000.000000000000000 ) ;
#3003 = VERTEX_POINT ( 'NONE', #126 ) ;
#3004 = CARTESIAN_POINT ( 'NONE',  ( -17.01943298838016361, -45.75000000000004263, 0.000000000000000000 ) ) ;
#3005 = DIRECTION ( 'NONE',  ( -0.000000000000000000, -0.000000000000000000, 1.000000000000000000 ) ) ;
#3006 = EDGE_LOOP ( 'NONE', ( #5338, #3198, #953, #2357, #3032, #196 ) ) ;
#3007 = PLANE ( 'NONE',  #2715 ) ;
#3008 = ORIENTED_EDGE ( 'NONE', *, *, #4829, .F. ) ;
#3009 = CARTESIAN_POINT ( 'NONE',  ( -45.00000000000001421, -14.00000000000000178, 5.000000000000000000 ) ) ;
#3010 = CARTESIAN_POINT ( 'NONE',  ( -36.00000000000000711, -13.00000000000000178, 5.000000000000000000 ) ) ;
#3011 = PLANE ( 'NONE',  #2191 ) ;
#3012 = EDGE_LOOP ( 'NONE', ( #1732, #3931, #1442, #2056 ) ) ;
#3013 = AXIS2_PLACEMENT_3D ( 'NONE', #421, #1262, #2169 ) ;
#3014 = LINE ( 'NONE', #982, #1857 ) ;
#3015 = CARTESIAN_POINT ( 'NONE',  ( -30.00000000000001066, -55.00000000000000000, 5.000000000000000000 ) ) ;
#3016 = CIRCLE ( 'NONE', #82, 6.250000000000005329 ) ;
#3017 = VERTEX_POINT ( 'NONE', #2136 ) ;
#3018 = EDGE_LOOP ( 'NONE', ( #4812, #3035, #3664, #5335 ) ) ;
#3019 = DIRECTION ( 'NONE',  ( 1.000000000000000000, 0.000000000000000000, 0.000000000000000000 ) ) ;
#3020 = VECTOR ( 'NONE', #4916, 1000.000000000000000 ) ;
#3021 = CARTESIAN_POINT ( 'NONE',  ( 20.00000000000001066, -55.00000000000000000, 11.00000000000000000 ) ) ;
#3022 = ORIENTED_EDGE ( 'NONE', *, *, #3025, .T. ) ;
#3023 = DIRECTION ( 'NONE',  ( -1.000000000000000000, 0.000000000000000000, 0.000000000000000000 ) ) ;
#3025 = EDGE_CURVE ( 'NONE', #1821, #121, #451, .T. ) ;
#3024 = CIRCLE ( 'NONE', #3, 1.000000000000000888 ) ;
#3026 = CARTESIAN_POINT ( 'NONE',  ( -21.00000000000000000, -4.000000000000000888, 15.00000000000000000 ) ) ;
#3027 = EDGE_CURVE ( 'NONE', #3168, #1662, #3562, .T. ) ;
#3028 = PRODUCT_DEFINITION_CONTEXT ( 'detailed design', #2029, 'design' ) ;
#3029 = CIRCLE ( 'NONE', #1334, 6.250000000000005329 ) ;
#3030 = ADVANCED_FACE ( 'NONE', ( #4918 ), #4081, .T. ) ;
#3031 = AXIS2_PLACEMENT_3D ( 'NONE', #775, #1251, #3805 ) ;
#3032 = ORIENTED_EDGE ( 'NONE', *, *, #4008, .T. ) ;
#3033 = CARTESIAN_POINT ( 'NONE',  ( -37.72338347487980315, -40.46902818563409454, 4.999999999999999112 ) ) ;
#3034 = CARTESIAN_POINT ( 'NONE',  ( 2.571758278209438999E-16, -81.25000000000001421, 12.09999999999999787 ) ) ;
#3035 = ORIENTED_EDGE ( 'NONE', *, *, #307, .F. ) ;
#3036 = FACE_OUTER_BOUND ( 'NONE', #865, .T. ) ;
#3037 = ORIENTED_EDGE ( 'NONE', *, *, #1156, .F. ) ;
#3038 = DIRECTION ( 'NONE',  ( 0.000000000000000000, -1.000000000000000000, 0.000000000000000000 ) ) ;
#3039 = LINE ( 'NONE', #2918, #686 ) ;
#3040 = DIRECTION ( 'NONE',  ( 1.000000000000000000, 0.000000000000000000, 0.000000000000000000 ) ) ;
#3041 = LINE ( 'NONE', #2257, #1884 ) ;
#3042 = ORIENTED_EDGE ( 'NONE', *, *, #879, .T. ) ;
#3043 = DIRECTION ( 'NONE',  ( 1.000000000000000000, 0.000000000000000000, 0.000000000000000000 ) ) ;
#3044 = CONICAL_SURFACE ( 'NONE', #3751, 5.600000000000000533, 0.7853981633974485010 ) ;
#3045 = ORIENTED_EDGE ( 'NONE', *, *, #2425, .F. ) ;
#3046 = CARTESIAN_POINT ( 'NONE',  ( -36.00000000000000000, -58.00000000000000711, 9.999999999999998224 ) ) ;
#3047 = ORIENTED_EDGE ( 'NONE', *, *, #5168, .F. ) ;
#3048 = ORIENTED_EDGE ( 'NONE', *, *, #2843, .T. ) ;
#3049 = CARTESIAN_POINT ( 'NONE',  ( -24.99999999999999645, -55.00000000000000000, 11.00000000000000000 ) ) ;
#3050 = DIRECTION ( 'NONE',  ( 0.000000000000000000, 1.000000000000000000, 0.000000000000000000 ) ) ;
#3051 = ORIENTED_EDGE ( 'NONE', *, *, #5005, .F. ) ;
#3052 = AXIS2_PLACEMENT_3D ( 'NONE', #5437, #1617, #1340 ) ;
#3053 = DIRECTION ( 'NONE',  ( -0.000000000000000000, -0.000000000000000000, -1.000000000000000000 ) ) ;
#3054 = EDGE_LOOP ( 'NONE', ( #4882, #4295, #3554, #2282 ) ) ;
#3055 = VECTOR ( 'NONE', #5446, 1000.000000000000000 ) ;
#3056 = EDGE_CURVE ( 'NONE', #1080, #543, #596, .T. ) ;
#3057 = ORIENTED_EDGE ( 'NONE', *, *, #5270, .F. ) ;
#3058 = PLANE ( 'NONE',  #4364 ) ;
#3059 = DIRECTION ( 'NONE',  ( -9.251858538542971581E-17, 1.000000000000000000, -0.000000000000000000 ) ) ;
#3060 = CARTESIAN_POINT ( 'NONE',  ( 9.999999999999998224, -76.25000000000001421, 15.00000000000000000 ) ) ;
#3061 = EDGE_CURVE ( 'NONE', #3688, #1984, #5401, .T. ) ;
#3062 = CARTESIAN_POINT ( 'NONE',  ( 40.00000000000000711, -58.00000000000000000, 9.999999999999998224 ) ) ;
#3063 = ORIENTED_EDGE ( 'NONE', *, *, #1698, .F. ) ;
#3064 = AXIS2_PLACEMENT_3D ( 'NONE', #388, #5016, #6 ) ;
#3065 = EDGE_CURVE ( 'NONE', #3968, #1727, #3667, .T. ) ;
#3066 = DIRECTION ( 'NONE',  ( 0.000000000000000000, 0.000000000000000000, 1.000000000000000000 ) ) ;
#3067 = CARTESIAN_POINT ( 'NONE',  ( 44.00000000000001421, -13.00000000000000178, 9.999999999999998224 ) ) ;
#3068 = LINE ( 'NONE', #4681, #4506 ) ;
#3069 = DIRECTION ( 'NONE',  ( 1.000000000000000000, 0.000000000000000000, -0.000000000000000000 ) ) ;
#3070 = EDGE_LOOP ( 'NONE', ( #2476, #3737, #4310, #5445 ) ) ;
#3071 = FACE_BOUND ( 'NONE', #295, .T. ) ;
#3072 = ORIENTED_EDGE ( 'NONE', *, *, #3910, .T. ) ;
#3073 = DIRECTION ( 'NONE',  ( 1.000000000000000000, 0.000000000000000000, 0.000000000000000000 ) ) ;
#3074 = VERTEX_POINT ( 'NONE', #4860 ) ;
#3075 = ORIENTED_EDGE ( 'NONE', *, *, #4, .T. ) ;
#3076 = CARTESIAN_POINT ( 'NONE',  ( -30.00000000000001421, -37.25000000000000000, 11.00000000000000000 ) ) ;
#3077 = CARTESIAN_POINT ( 'NONE',  ( 21.00000000000000000, 5.000000000000000000, 15.00000000000000000 ) ) ;
#3078 = ADVANCED_FACE ( 'NONE', ( #656 ), #1106, .T. ) ;
#3079 = ORIENTED_EDGE ( 'NONE', *, *, #2345, .T. ) ;
#3080 = AXIS2_PLACEMENT_3D ( 'NONE', #4201, #5028, #3329 ) ;
#3081 = DIRECTION ( 'NONE',  ( -0.000000000000000000, 1.000000000000000000, -0.000000000000000000 ) ) ;
#3082 = VECTOR ( 'NONE', #318, 1000.000000000000000 ) ;
#3083 = CARTESIAN_POINT ( 'NONE',  ( 25.00000000000000355, -25.00000000000000000, 5.000000000000000000 ) ) ;
#3084 = ORIENTED_EDGE ( 'NONE', *, *, #5073, .T. ) ;
#3085 = ORIENTED_EDGE ( 'NONE', *, *, #1460, .F. ) ;
#3086 = DIRECTION ( 'NONE',  ( 1.000000000000000000, 0.000000000000000000, -0.000000000000000000 ) ) ;
#3087 = VECTOR ( 'NONE', #4042, 1000.000000000000000 ) ;
#3088 = CARTESIAN_POINT ( 'NONE',  ( -10.00000000000000178, -76.25000000000001421, 20.00000000000000000 ) ) ;
#3089 = DIRECTION ( 'NONE',  ( -0.000000000000000000, -0.000000000000000000, 1.000000000000000000 ) ) ;
#3090 = CYLINDRICAL_SURFACE ( 'NONE', #3950, 2.749999999999999112 ) ;
#3091 = AXIS2_PLACEMENT_3D ( 'NONE', #3133, #3599, #619 ) ;
#3092 = ORIENTED_EDGE ( 'NONE', *, *, #3371, .F. ) ;
#3093 = EDGE_CURVE ( 'NONE', #48, #4396, #4440, .T. ) ;
#3094 = CARTESIAN_POINT ( 'NONE',  ( 40.00000000000000000, -62.00000000000000000, 9.999999999999998224 ) ) ;
#3095 = CYLINDRICAL_SURFACE ( 'NONE', #268, 5.000000000000000888 ) ;
#3096 = EDGE_CURVE ( 'NONE', #4046, #4478, #4958, .T. ) ;
#3097 = CARTESIAN_POINT ( 'NONE',  ( -10.00000000000000000, 1.224646799147353256E-15, 5.000000000000000000 ) ) ;
#3098 = ORIENTED_EDGE ( 'NONE', *, *, #783, .F. ) ;
#3099 = EDGE_CURVE ( 'NONE', #40, #4671, #3551, .T. ) ;
#3100 = CARTESIAN_POINT ( 'NONE',  ( 30.59999999999999432, 60.00000000000000000, 5.000000000000000000 ) ) ;
#3101 = VERTEX_POINT ( 'NONE', #1440 ) ;
#3102 = DIRECTION ( 'NONE',  ( 0.000000000000000000, -0.000000000000000000, 1.000000000000000000 ) ) ;
#3103 = CARTESIAN_POINT ( 'NONE',  ( -27.74999999999999289, -70.00000000000000000, 2.149999999999999911 ) ) ;
#3104 = AXIS2_PLACEMENT_3D ( 'NONE', #3427, #1703, #10 ) ;
#3105 = DIRECTION ( 'NONE',  ( 0.000000000000000000, 1.000000000000000000, 0.000000000000000000 ) ) ;
#3106 = DIRECTION ( 'NONE',  ( 1.000000000000000000, -0.000000000000000000, -0.000000000000000000 ) ) ;
#3107 = ORIENTED_EDGE ( 'NONE', *, *, #1276, .T. ) ;
#3108 = PRESENTATION_STYLE_ASSIGNMENT (( #1439 ) ) ;
#3109 = CIRCLE ( 'NONE', #4885, 1.000000000000000888 ) ;
#3110 = CIRCLE ( 'NONE', #2401, 2.999999999999999112 ) ;
#3111 = DIRECTION ( 'NONE',  ( -1.000000000000000000, 0.000000000000000000, 0.000000000000000000 ) ) ;
#3112 = AXIS2_PLACEMENT_3D ( 'NONE', #4456, #2310, #166 ) ;
#3113 = LINE ( 'NONE', #4413, #5065 ) ;
#3114 = AXIS2_PLACEMENT_3D ( 'NONE', #3383, #2967, #2126 ) ;
#3115 = VERTEX_POINT ( 'NONE', #3224 ) ;
#3116 = CIRCLE ( 'NONE', #622, 4.000000000000000000 ) ;
#3117 = EDGE_LOOP ( 'NONE', ( #243, #3226, #3072, #4052 ) ) ;
#3118 = LINE ( 'NONE', #4366, #3916 ) ;
#3119 = AXIS2_PLACEMENT_3D ( 'NONE', #4487, #671, #1951 ) ;
#3120 = CARTESIAN_POINT ( 'NONE',  ( 43.12499999999998579, -12.99999999999999822, 10.00156225593563875 ) ) ;
#3121 = CARTESIAN_POINT ( 'NONE',  ( 21.00000000000000000, -5.000000000000000000, 15.00000000000000000 ) ) ;
#3122 = AXIS2_PLACEMENT_3D ( 'NONE', #3444, #904, #4694 ) ;
#3123 = LINE ( 'NONE', #221, #3862 ) ;
#3124 = ORIENTED_EDGE ( 'NONE', *, *, #4936, .F. ) ;
#3125 = FACE_OUTER_BOUND ( 'NONE', #940, .T. ) ;
#3126 = CARTESIAN_POINT ( 'NONE',  ( -35.00000000000000000, -59.00000000000001421, 9.999999999999998224 ) ) ;
#3127 = CARTESIAN_POINT ( 'NONE',  ( 22.25000000000001066, -70.00000000000000000, 8.673617379884035472E-16 ) ) ;
#3128 = VERTEX_POINT ( 'NONE', #1467 ) ;
#3129 = CARTESIAN_POINT ( 'NONE',  ( 39.99999999999999289, 81.24999999999998579, 0.000000000000000000 ) ) ;
#3130 = EDGE_CURVE ( 'NONE', #4987, #213, #211, .T. ) ;
#3131 = ORIENTED_EDGE ( 'NONE', *, *, #4090, .T. ) ;
#3132 = EDGE_CURVE ( 'NONE', #1004, #2639, #4159, .T. ) ;
#3133 = CARTESIAN_POINT ( 'NONE',  ( -37.74999999999999289, 77.24999999999998579, 0.000000000000000000 ) ) ;
#3134 = LINE ( 'NONE', #4884, #71 ) ;
#3135 = DIRECTION ( 'NONE',  ( 0.000000000000000000, 0.000000000000000000, 1.000000000000000000 ) ) ;
#3136 = CARTESIAN_POINT ( 'NONE',  ( -40.00000000000000711, -59.00000000000000711, 9.999999999999998224 ) ) ;
#3137 = ADVANCED_FACE ( 'NONE', ( #1078 ), #1520, .T. ) ;
#3138 = ORIENTED_EDGE ( 'NONE', *, *, #161, .T. ) ;
#3139 = CARTESIAN_POINT ( 'NONE',  ( 0.000000000000000000, 0.000000000000000000, 0.000000000000000000 ) ) ;
#3140 = EDGE_CURVE ( 'NONE', #1108, #1638, #2269, .T. ) ;
#3141 = CARTESIAN_POINT ( 'NONE',  ( -25.00000000000000000, -5.000000000000000000, 9.999999999999998224 ) ) ;
#3142 = ORIENTED_EDGE ( 'NONE', *, *, #1206, .T. ) ;
#3143 = ORIENTED_EDGE ( 'NONE', *, *, #63, .F. ) ;
#3144 = ORIENTED_EDGE ( 'NONE', *, *, #3740, .F. ) ;
#3145 = CARTESIAN_POINT ( 'NONE',  ( 45.00000000000000711, -62.00000000000000000, 5.000000000000000000 ) ) ;
#3146 = CARTESIAN_POINT ( 'NONE',  ( -35.28894739933466695, -34.25000000000000000, 0.000000000000000000 ) ) ;
#3147 = DIRECTION ( 'NONE',  ( -0.000000000000000000, 0.000000000000000000, -1.000000000000000000 ) ) ;
#3148 = ORIENTED_EDGE ( 'NONE', *, *, #4971, .T. ) ;
#3149 = DIRECTION ( 'NONE',  ( -1.000000000000000000, 0.000000000000000000, 0.000000000000000000 ) ) ;
#3150 = CYLINDRICAL_SURFACE ( 'NONE', #4394, 3.000000000000002665 ) ;
#3151 = CARTESIAN_POINT ( 'NONE',  ( 21.00000000000000000, 5.000000000000000000, 5.000000000000000000 ) ) ;
#3152 = ORIENTED_EDGE ( 'NONE', *, *, #167, .F. ) ;
#3153 = DIRECTION ( 'NONE',  ( -0.000000000000000000, -0.000000000000000000, -1.000000000000000000 ) ) ;
#3154 = AXIS2_PLACEMENT_3D ( 'NONE', #5075, #3400, #1203 ) ;
#3155 = ORIENTED_EDGE ( 'NONE', *, *, #3363, .F. ) ;
#3156 = TOROIDAL_SURFACE ( 'NONE', #2448, 4.000000000000000000, 1.000000000000000000 ) ;
#3157 = FACE_OUTER_BOUND ( 'NONE', #3830, .T. ) ;
#3158 = CIRCLE ( 'NONE', #3422, 1.000000000000000888 ) ;
#3159 = DIRECTION ( 'NONE',  ( -0.000000000000000000, -0.000000000000000000, 1.000000000000000000 ) ) ;
#3160 = CARTESIAN_POINT ( 'NONE',  ( 37.12499999999997868, -58.00000000000000711, 15.00000000000000000 ) ) ;
#3161 = ORIENTED_EDGE ( 'NONE', *, *, #316, .T. ) ;
#3162 = CARTESIAN_POINT ( 'NONE',  ( 37.56291025298579456, -41.08186852284570278, 4.999999999999994671 ) ) ;
#3163 = ORIENTED_EDGE ( 'NONE', *, *, #4526, .T. ) ;
#3164 = CARTESIAN_POINT ( 'NONE',  ( 25.00000000000000000, 0.000000000000000000, 9.999999999999998224 ) ) ;
#3165 = DIRECTION ( 'NONE',  ( -1.000000000000000000, 0.000000000000000000, 0.000000000000000000 ) ) ;
#3166 = EDGE_CURVE ( 'NONE', #1270, #487, #3885, .T. ) ;
#3167 = EDGE_LOOP ( 'NONE', ( #4825, #1961, #2420, #2159 ) ) ;
#3168 = VERTEX_POINT ( 'NONE', #272 ) ;
#3169 = EDGE_CURVE ( 'NONE', #5134, #3278, #4048, .T. ) ;
#3170 = VECTOR ( 'NONE', #3681, 1000.000000000000000 ) ;
#3171 = EDGE_CURVE ( 'NONE', #873, #2538, #153, .T. ) ;
#3172 = PRESENTATION_LAYER_ASSIGNMENT (  '', '', ( #1301 ) ) ;
#3173 = PLANE ( 'NONE',  #1169 ) ;
#3174 = CARTESIAN_POINT ( 'NONE',  ( 21.00000000000000000, -4.000000000000000000, 15.00000000000000000 ) ) ;
#3175 = CYLINDRICAL_SURFACE ( 'NONE', #3285, 1.000000000000000888 ) ;
#3176 = DIRECTION ( 'NONE',  ( 0.000000000000000000, 0.000000000000000000, -1.000000000000000000 ) ) ;
#3177 = ORIENTED_EDGE ( 'NONE', *, *, #3565, .T. ) ;
#3178 = VECTOR ( 'NONE', #3458, 1000.000000000000000 ) ;
#3179 = VECTOR ( 'NONE', #5020, 1000.000000000000000 ) ;
#3180 = CARTESIAN_POINT ( 'NONE',  ( -19.99999999999998579, -42.75000000000000000, 11.00000000000000000 ) ) ;
#3181 = DIRECTION ( 'NONE',  ( 0.000000000000000000, 0.000000000000000000, -1.000000000000000000 ) ) ;
#3182 = ADVANCED_FACE ( 'NONE', ( #2386 ), #5363, .F. ) ;
#3183 = DIRECTION ( 'NONE',  ( -0.000000000000000000, -0.000000000000000000, 1.000000000000000000 ) ) ;
#3184 = AXIS2_PLACEMENT_3D ( 'NONE', #5357, #4576, #2435 ) ;
#3185 = EDGE_LOOP ( 'NONE', ( #235, #920, #2350, #5393 ) ) ;
#3186 = LINE ( 'NONE', #1067, #1954 ) ;
#3187 = ORIENTED_EDGE ( 'NONE', *, *, #2273, .T. ) ;
#3188 = SURFACE_SIDE_STYLE ('',( #2690 ) ) ;
#3189 = LINE ( 'NONE', #5330, #4277 ) ;
#3190 = DIRECTION ( 'NONE',  ( 0.000000000000000000, 0.000000000000000000, -1.000000000000000000 ) ) ;
#3191 = ORIENTED_EDGE ( 'NONE', *, *, #1276, .F. ) ;
#3192 = CARTESIAN_POINT ( 'NONE',  ( 45.00000000000001421, -18.00000000000000355, 5.000000000000000000 ) ) ;
#3193 = VERTEX_POINT ( 'NONE', #1621 ) ;
#3194 = DIRECTION ( 'NONE',  ( 1.000000000000000000, 0.000000000000000000, 0.000000000000000000 ) ) ;
#3195 = VECTOR ( 'NONE', #611, 1000.000000000000000 ) ;
#3196 = CYLINDRICAL_SURFACE ( 'NONE', #708, 1.000000000000000888 ) ;
#3197 = ORIENTED_EDGE ( 'NONE', *, *, #4333, .T. ) ;
#3198 = ORIENTED_EDGE ( 'NONE', *, *, #305, .T. ) ;
#3199 = CARTESIAN_POINT ( 'NONE',  ( -35.00000000000000000, -37.25000000000000000, 11.00000000000000000 ) ) ;
#3200 = CARTESIAN_POINT ( 'NONE',  ( 25.00000000000000711, -70.00000000000000000, 5.000000000000000000 ) ) ;
#3201 = AXIS2_PLACEMENT_3D ( 'NONE', #5260, #635, #2332 ) ;
#3202 = ADVANCED_FACE ( 'NONE', ( #3301 ), #2098, .F. ) ;
#3203 = EDGE_CURVE ( 'NONE', #3327, #4987, #503, .T. ) ;
#3204 = DIRECTION ( 'NONE',  ( 0.000000000000000000, -0.000000000000000000, 1.000000000000000000 ) ) ;
#3205 = DIRECTION ( 'NONE',  ( 1.000000000000000000, 0.000000000000000000, 0.000000000000000000 ) ) ;
#3206 = CARTESIAN_POINT ( 'NONE',  ( 20.00000000000000000, 0.000000000000000000, 13.99999999999999822 ) ) ;
#3207 = EDGE_CURVE ( 'NONE', #4808, #367, #4420, .T. ) ;
#3208 = CIRCLE ( 'NONE', #4092, 3.000000000000002665 ) ;
#3209 = VECTOR ( 'NONE', #3043, 1000.000000000000000 ) ;
#3210 = DIRECTION ( 'NONE',  ( 0.000000000000000000, 0.000000000000000000, 1.000000000000000000 ) ) ;
#3211 = ORIENTED_EDGE ( 'NONE', *, *, #5031, .F. ) ;
#3212 = CARTESIAN_POINT ( 'NONE',  ( 0.000000000000000000, -81.25000000000001421, 10.00000000000000000 ) ) ;
#3213 = LINE ( 'NONE', #1918, #4798 ) ;
#3214 = EDGE_CURVE ( 'NONE', #1573, #3714, #297, .T. ) ;
#3215 = CARTESIAN_POINT ( 'NONE',  ( 44.00000000000001421, -13.00000000000000178, 15.00000000000000000 ) ) ;
#3216 = ORIENTED_EDGE ( 'NONE', *, *, #1156, .T. ) ;
#3217 = CARTESIAN_POINT ( 'NONE',  ( 35.00000000000000000, -58.00000000000000711, 5.000000000000000000 ) ) ;
#3218 = VERTEX_POINT ( 'NONE', #4196 ) ;
#3219 = CARTESIAN_POINT ( 'NONE',  ( 37.12499999999997868, -63.00000000000000000, 10.00156225593563875 ) ) ;
#3220 = CARTESIAN_POINT ( 'NONE',  ( 44.00000000000000711, -62.00000000000000000, 9.999999999999998224 ) ) ;
#3221 = ORIENTED_EDGE ( 'NONE', *, *, #1822, .F. ) ;
#3222 = CARTESIAN_POINT ( 'NONE',  ( -34.99999999803289086, -37.25000000000001421, 4.999999999999999112 ) ) ;
#3223 = VERTEX_POINT ( 'NONE', #3353 ) ;
#3224 = CARTESIAN_POINT ( 'NONE',  ( 22.25000000000001066, -70.00000000000000000, 2.149999999999999911 ) ) ;
#3225 = CARTESIAN_POINT ( 'NONE',  ( 35.00000000000000000, -59.00000000000001421, 15.00000000000000000 ) ) ;
#3226 = ORIENTED_EDGE ( 'NONE', *, *, #3099, .T. ) ;
#3227 = ORIENTED_EDGE ( 'NONE', *, *, #5347, .F. ) ;
#3228 = CARTESIAN_POINT ( 'NONE',  ( 36.00000000000000711, -14.00000000000000178, 9.999999999999998224 ) ) ;
#3229 = DIRECTION ( 'NONE',  ( 1.000000000000000000, -0.000000000000000000, -0.000000000000000000 ) ) ;
#3230 = CYLINDRICAL_SURFACE ( 'NONE', #806, 1.000000000000000888 ) ;
#3231 = CARTESIAN_POINT ( 'NONE',  ( -10.00000000000000000, 1.224646799147353256E-15, 0.000000000000000000 ) ) ;
#3232 = EDGE_CURVE ( 'NONE', #1850, #1770, #5441, .T. ) ;
#3233 = DIRECTION ( 'NONE',  ( 1.000000000000000000, 0.000000000000000000, -0.000000000000000000 ) ) ;
#3234 = AXIS2_PLACEMENT_3D ( 'NONE', #2797, #3262, #3239 ) ;
#3235 = EDGE_LOOP ( 'NONE', ( #4232, #2245, #5293, #1283 ) ) ;
#3236 = DIRECTION ( 'NONE',  ( 0.000000000000000000, 0.000000000000000000, -1.000000000000000000 ) ) ;
#3237 = FACE_OUTER_BOUND ( 'NONE', #2778, .T. ) ;
#3238 = EDGE_CURVE ( 'NONE', #3666, #4402, #4999, .T. ) ;
#3239 = DIRECTION ( 'NONE',  ( 0.000000000000000000, 0.000000000000000000, 1.000000000000000000 ) ) ;
#3240 = DIRECTION ( 'NONE',  ( 1.000000000000000000, 0.000000000000000000, 0.000000000000000000 ) ) ;
#3241 = ADVANCED_FACE ( 'NONE', ( #740 ), #794, .F. ) ;
#3242 = ORIENTED_EDGE ( 'NONE', *, *, #3943, .F. ) ;
#3243 = DIRECTION ( 'NONE',  ( 0.000000000000000000, -1.000000000000000000, 0.000000000000000000 ) ) ;
#3244 = FACE_OUTER_BOUND ( 'NONE', #4920, .T. ) ;
#3245 = ORIENTED_EDGE ( 'NONE', *, *, #1359, .F. ) ;
#3246 = CARTESIAN_POINT ( 'NONE',  ( 37.56291025298579456, -38.91813147715421195, 4.999999999999986677 ) ) ;
#3247 = ORIENTED_EDGE ( 'NONE', *, *, #4117, .F. ) ;
#3248 = CIRCLE ( 'NONE', #5286, 1.000000000000000888 ) ;
#3249 = CARTESIAN_POINT ( 'NONE',  ( 40.00000000000000000, -58.00000000000000711, 9.999999999999998224 ) ) ;
#3250 = CARTESIAN_POINT ( 'NONE',  ( -22.25000000000001066, 60.00000000000000000, 2.149999999999999911 ) ) ;
#3251 = ORIENTED_EDGE ( 'NONE', *, *, #5005, .T. ) ;
#3252 = ORIENTED_EDGE ( 'NONE', *, *, #4593, .F. ) ;
#3253 = DIRECTION ( 'NONE',  ( 0.000000000000000000, 0.000000000000000000, 1.000000000000000000 ) ) ;
#3254 = PRODUCT_DEFINITION ( 'UNKNOWN', '', #4754, #3028 ) ;
#3255 = LINE ( 'NONE', #4116, #2135 ) ;
#3256 = EDGE_LOOP ( 'NONE', ( #14, #1483, #5067, #3037, #3798, #262 ) ) ;
#3257 = DIRECTION ( 'NONE',  ( 1.000000000000000000, 0.000000000000000000, 0.000000000000000000 ) ) ;
#3258 = DIRECTION ( 'NONE',  ( -1.000000000000000000, 0.000000000000000000, 0.000000000000000000 ) ) ;
#3259 = ORIENTED_EDGE ( 'NONE', *, *, #540, .F. ) ;
#3260 = CARTESIAN_POINT ( 'NONE',  ( 35.00000000000000000, -62.00000000000000000, 5.000000000000000000 ) ) ;
#3261 = CARTESIAN_POINT ( 'NONE',  ( 35.00000000000000000, -34.25000000000000000, 0.000000000000000000 ) ) ;
#3262 = DIRECTION ( 'NONE',  ( -1.000000000000000000, 0.000000000000000000, 0.000000000000000000 ) ) ;
#3263 = CARTESIAN_POINT ( 'NONE',  ( 25.00000000000000711, -70.00000000000000000, 8.673617379884035472E-16 ) ) ;
#3264 = EDGE_LOOP ( 'NONE', ( #3251, #3191, #3085, #1885 ) ) ;
#3265 = EDGE_CURVE ( 'NONE', #1969, #3323, #371, .T. ) ;
#3266 = ADVANCED_FACE ( 'NONE', ( #5024 ), #3692, .T. ) ;
#3267 = DIRECTION ( 'NONE',  ( -0.000000000000000000, -0.000000000000000000, 1.000000000000000000 ) ) ;
#3268 = VECTOR ( 'NONE', #5055, 1000.000000000000000 ) ;
#3269 = AXIS2_PLACEMENT_3D ( 'NONE', #3713, #764, #4465 ) ;
#3270 = PLANE ( 'NONE',  #3523 ) ;
#3271 = EDGE_CURVE ( 'NONE', #383, #2202, #1679, .T. ) ;
#3272 = FACE_OUTER_BOUND ( 'NONE', #3369, .T. ) ;
#3273 = ORIENTED_EDGE ( 'NONE', *, *, #4495, .F. ) ;
#3274 = DIRECTION ( 'NONE',  ( 0.000000000000000000, 0.000000000000000000, -1.000000000000000000 ) ) ;
#3275 = DIRECTION ( 'NONE',  ( 0.000000000000000000, 0.000000000000000000, -1.000000000000000000 ) ) ;
#3276 = LINE ( 'NONE', #685, #4017 ) ;
#3277 = EDGE_LOOP ( 'NONE', ( #1804, #90, #4404, #5422 ) ) ;
#3278 = VERTEX_POINT ( 'NONE', #5390 ) ;
#3279 = CARTESIAN_POINT ( 'NONE',  ( -44.00000000000000711, -59.00000000000000000, 9.999999999999998224 ) ) ;
#3280 = FACE_OUTER_BOUND ( 'NONE', #2971, .T. ) ;
#3281 = ORIENTED_EDGE ( 'NONE', *, *, #2007, .F. ) ;
#3282 = DIRECTION ( 'NONE',  ( -0.000000000000000000, -0.000000000000000000, -1.000000000000000000 ) ) ;
#3283 = VECTOR ( 'NONE', #2337, 1000.000000000000000 ) ;
#3284 = ORIENTED_EDGE ( 'NONE', *, *, #576, .F. ) ;
#3285 = AXIS2_PLACEMENT_3D ( 'NONE', #1882, #1447, #189 ) ;
#3286 = LINE ( 'NONE', #5014, #4175 ) ;
#3287 = CARTESIAN_POINT ( 'NONE',  ( -37.74999999999999289, 81.24999999999998579, 4.000000000000000000 ) ) ;
#3288 = AXIS2_PLACEMENT_3D ( 'NONE', #516, #3106, #3989 ) ;
#3289 = DIRECTION ( 'NONE',  ( 1.000000000000000000, 0.000000000000000000, 0.000000000000000000 ) ) ;
#3290 = CYLINDRICAL_SURFACE ( 'NONE', #4134, 1.000000000000000888 ) ;
#3291 = ORIENTED_EDGE ( 'NONE', *, *, #275, .T. ) ;
#3292 = TOROIDAL_SURFACE ( 'NONE', #1164, 4.000000000000000000, 1.000000000000000000 ) ;
#3293 = DIRECTION ( 'NONE',  ( 1.000000000000000000, 0.000000000000000000, 0.000000000000000000 ) ) ;
#3294 = CIRCLE ( 'NONE', #888, 5.000000000000000000 ) ;
#3295 = LINE ( 'NONE', #789, #1337 ) ;
#3296 = DIRECTION ( 'NONE',  ( 0.000000000000000000, -1.000000000000000000, 0.000000000000000000 ) ) ;
#3297 = ORIENTED_EDGE ( 'NONE', *, *, #400, .F. ) ;
#3298 = CARTESIAN_POINT ( 'NONE',  ( -35.28894739933466695, -45.75000000000000000, 0.000000000000000000 ) ) ;
#3299 = EDGE_CURVE ( 'NONE', #69, #2, #2070, .T. ) ;
#3300 = CIRCLE ( 'NONE', #3031, 2.999999999999999112 ) ;
#3301 = FACE_OUTER_BOUND ( 'NONE', #2512, .T. ) ;
#3302 = DIRECTION ( 'NONE',  ( 1.000000000000000000, 0.000000000000000000, 0.000000000000000000 ) ) ;
#3303 = ORIENTED_EDGE ( 'NONE', *, *, #3880, .T. ) ;
#3304 = ORIENTED_EDGE ( 'NONE', *, *, #172, .F. ) ;
#3305 = DIRECTION ( 'NONE',  ( 0.000000000000000000, 0.000000000000000000, 1.000000000000000000 ) ) ;
#3306 = EDGE_CURVE ( 'NONE', #3769, #5162, #3794, .T. ) ;
#3307 = FACE_OUTER_BOUND ( 'NONE', #697, .T. ) ;
#3308 = EDGE_LOOP ( 'NONE', ( #1641, #3303, #1538, #5269 ) ) ;
#3309 = EDGE_CURVE ( 'NONE', #55, #511, #4558, .T. ) ;
#3310 = DIRECTION ( 'NONE',  ( -1.000000000000000000, 0.000000000000000000, 0.000000000000000000 ) ) ;
#3311 = AXIS2_PLACEMENT_3D ( 'NONE', #113, #2230, #4345 ) ;
#3312 = ORIENTED_EDGE ( 'NONE', *, *, #1761, .F. ) ;
#3313 = CARTESIAN_POINT ( 'NONE',  ( 43.12499999999998579, -58.00000000000000000, 10.00156225593563875 ) ) ;
#3314 = LINE ( 'NONE', #5015, #1022 ) ;
#3315 = AXIS2_PLACEMENT_3D ( 'NONE', #340, #5436, #1643 ) ;
#3316 = VECTOR ( 'NONE', #195, 1000.000000000000000 ) ;
#3317 = CARTESIAN_POINT ( 'NONE',  ( 25.00000000000000711, -70.00000000000000000, 5.000000000000000000 ) ) ;
#3318 = ORIENTED_EDGE ( 'NONE', *, *, #4721, .F. ) ;
#3319 = DIRECTION ( 'NONE',  ( -0.000000000000000000, 1.000000000000000000, -0.000000000000000000 ) ) ;
#3320 = DIRECTION ( 'NONE',  ( 1.000000000000000000, 0.000000000000000000, 0.000000000000000000 ) ) ;
#3321 = CIRCLE ( 'NONE', #5455, 1.000000000000000888 ) ;
#3322 = DIRECTION ( 'NONE',  ( 0.000000000000000000, 0.000000000000000000, -1.000000000000000000 ) ) ;
#3323 = VERTEX_POINT ( 'NONE', #768 ) ;
#3324 = CARTESIAN_POINT ( 'NONE',  ( -35.25802375059492988, -37.25000000000001421, 5.000000000000000000 ) ) ;
#3325 = DIRECTION ( 'NONE',  ( -0.000000000000000000, 1.000000000000000000, 0.000000000000000000 ) ) ;
#3326 = DIRECTION ( 'NONE',  ( 1.000000000000000000, 0.000000000000000000, -0.000000000000000000 ) ) ;
#3327 = VERTEX_POINT ( 'NONE', #1188 ) ;
#3328 = ORIENTED_EDGE ( 'NONE', *, *, #4663, .T. ) ;
#3329 = DIRECTION ( 'NONE',  ( 0.000000000000000000, 0.000000000000000000, -1.000000000000000000 ) ) ;
#3330 = CARTESIAN_POINT ( 'NONE',  ( -44.00000000000001421, -14.00000000000000178, 9.999999999999998224 ) ) ;
#3331 = ORIENTED_EDGE ( 'NONE', *, *, #1206, .F. ) ;
#3332 = CIRCLE ( 'NONE', #481, 1.000000000000000888 ) ;
#3333 = EDGE_CURVE ( 'NONE', #4396, #1080, #3796, .T. ) ;
#3334 = LINE ( 'NONE', #2924, #3385 ) ;
#3335 = ADVANCED_FACE ( 'NONE', ( #4165 ), #323, .F. ) ;
#3336 = EDGE_CURVE ( 'NONE', #617, #2687, #5487, .T. ) ;
#3337 =( NAMED_UNIT ( * ) PLANE_ANGLE_UNIT ( ) SI_UNIT ( $, .RADIAN. ) );
#3338 = ORIENTED_EDGE ( 'NONE', *, *, #382, .F. ) ;
#3339 = DIRECTION ( 'NONE',  ( -1.000000000000000000, 0.000000000000000000, 0.000000000000000000 ) ) ;
#3340 = DIRECTION ( 'NONE',  ( 0.000000000000000000, 0.000000000000000000, -1.000000000000000000 ) ) ;
#3341 = EDGE_LOOP ( 'NONE', ( #1130, #2289, #3899, #3446 ) ) ;
#3342 = CARTESIAN_POINT ( 'NONE',  ( -40.00000000000000000, -63.00000000000000000, 13.99999999999999822 ) ) ;
#3343 = ORIENTED_EDGE ( 'NONE', *, *, #3130, .T. ) ;
#3344 = CIRCLE ( 'NONE', #678, 2.749999999999999112 ) ;
#3345 = EDGE_CURVE ( 'NONE', #5248, #5362, #2417, .T. ) ;
#3346 = CARTESIAN_POINT ( 'NONE',  ( -44.00000000000000711, -58.00000000000000000, 9.999999999999998224 ) ) ;
#3347 = FACE_OUTER_BOUND ( 'NONE', #4370, .T. ) ;
#3348 = CYLINDRICAL_SURFACE ( 'NONE', #2916, 1.000000000000000888 ) ;
#3349 = EDGE_LOOP ( 'NONE', ( #2836, #2275, #3612, #3291, #1038, #4697 ) ) ;
#3350 = CARTESIAN_POINT ( 'NONE',  ( -34.99999999779716831, -34.24999999999999289, 0.000000000000000000 ) ) ;
#3351 = CIRCLE ( 'NONE', #948, 1.000000000000000888 ) ;
#3352 = VECTOR ( 'NONE', #4243, 1000.000000000000000 ) ;
#3353 = CARTESIAN_POINT ( 'NONE',  ( 40.00000000000000000, -62.00000000000000000, 15.00000000000000000 ) ) ;
#3354 = DIRECTION ( 'NONE',  ( -0.000000000000000000, -0.000000000000000000, 1.000000000000000000 ) ) ;
#3355 = ORIENTED_EDGE ( 'NONE', *, *, #1970, .F. ) ;
#3356 = EDGE_LOOP ( 'NONE', ( #3484, #1947, #3831, #2059, #5026, #746, #2421, #2001, #553, #1259 ) ) ;
#3357 = LINE ( 'NONE', #3414, #1034 ) ;
#3358 = PLANE ( 'NONE',  #1333 ) ;
#3359 = CIRCLE ( 'NONE', #1663, 1.000000000000000888 ) ;
#3360 = ORIENTED_EDGE ( 'NONE', *, *, #5314, .F. ) ;
#3361 = VECTOR ( 'NONE', #2319, 1000.000000000000000 ) ;
#3362 = CARTESIAN_POINT ( 'NONE',  ( -45.00000000000000711, -59.00000000000000711, 15.00000000000000000 ) ) ;
#3363 = EDGE_CURVE ( 'NONE', #630, #3688, #92, .T. ) ;
#3364 = EDGE_CURVE ( 'NONE', #1846, #1879, #2235, .T. ) ;
#3365 = ORIENTED_EDGE ( 'NONE', *, *, #441, .F. ) ;
#3366 = EDGE_CURVE ( 'NONE', #269, #4605, #2660, .T. ) ;
#3367 = CARTESIAN_POINT ( 'NONE',  ( 35.28894739933467406, -45.75000000000000000, 0.000000000000000000 ) ) ;
#3368 = LINE ( 'NONE', #1255, #3872 ) ;
#3369 = EDGE_LOOP ( 'NONE', ( #4643, #2011, #444, #1572 ) ) ;
#3370 = VECTOR ( 'NONE', #333, 1000.000000000000000 ) ;
#3371 = EDGE_CURVE ( 'NONE', #3456, #1573, #1708, .T. ) ;
#3372 = CARTESIAN_POINT ( 'NONE',  ( 21.00000000000000000, -4.000000000000000000, 9.999999999999998224 ) ) ;
#3373 = VECTOR ( 'NONE', #4980, 1000.000000000000000 ) ;
#3374 = ORIENTED_EDGE ( 'NONE', *, *, #4695, .T. ) ;
#3375 = VECTOR ( 'NONE', #4811, 1000.000000000000000 ) ;
#3376 = CIRCLE ( 'NONE', #4539, 4.000000000000000000 ) ;
#3377 = LINE ( 'NONE', #5229, #181 ) ;
#3378 = EDGE_CURVE ( 'NONE', #1940, #3709, #2207, .T. ) ;
#3379 = LINE ( 'NONE', #5079, #5148 ) ;
#3380 = DIRECTION ( 'NONE',  ( 0.000000000000000000, 0.000000000000000000, -1.000000000000000000 ) ) ;
#3381 = DIRECTION ( 'NONE',  ( 0.000000000000000000, 0.000000000000000000, -1.000000000000000000 ) ) ;
#3382 = ORIENTED_EDGE ( 'NONE', *, *, #2204, .F. ) ;
#3383 = CARTESIAN_POINT ( 'NONE',  ( 44.00000000000000711, -62.00000000000000000, 15.00000000000000000 ) ) ;
#3384 = CIRCLE ( 'NONE', #976, 2.750000000000002665 ) ;
#3385 = VECTOR ( 'NONE', #2952, 1000.000000000000000 ) ;
#3386 = DIRECTION ( 'NONE',  ( -0.000000000000000000, -0.000000000000000000, 1.000000000000000000 ) ) ;
#3387 = DIRECTION ( 'NONE',  ( -0.000000000000000000, 0.000000000000000000, 1.000000000000000000 ) ) ;
#3388 = ORIENTED_EDGE ( 'NONE', *, *, #1359, .T. ) ;
#3389 = VERTEX_POINT ( 'NONE', #2548 ) ;
#3390 = DIRECTION ( 'NONE',  ( 1.000000000000000000, 0.000000000000000000, 0.000000000000000000 ) ) ;
#3391 = AXIS2_PLACEMENT_3D ( 'NONE', #3836, #22, #1302 ) ;
#3392 = LINE ( 'NONE', #1298, #4985 ) ;
#3393 = ORIENTED_EDGE ( 'NONE', *, *, #4598, .T. ) ;
#3394 = DIRECTION ( 'NONE',  ( -1.000000000000000000, 0.000000000000000000, 0.000000000000000000 ) ) ;
#3395 = EDGE_LOOP ( 'NONE', ( #1016, #81, #4683, #1180 ) ) ;
#3396 = CARTESIAN_POINT ( 'NONE',  ( 35.25802375059495120, -37.24999999999999289, 5.000000000000000000 ) ) ;
#3397 = CARTESIAN_POINT ( 'NONE',  ( -40.00000000000001421, -13.00000000000000178, 9.999999999999998224 ) ) ;
#3398 = EDGE_LOOP ( 'NONE', ( #2124, #5258 ) ) ;
#3399 = ADVANCED_FACE ( 'NONE', ( #4687 ), #5132, .F. ) ;
#3400 = DIRECTION ( 'NONE',  ( 1.000000000000000000, -0.000000000000000000, -0.000000000000000000 ) ) ;
#3401 = ORIENTED_EDGE ( 'NONE', *, *, #607, .F. ) ;
#3402 = FACE_OUTER_BOUND ( 'NONE', #1296, .T. ) ;
#3403 = EDGE_CURVE ( 'NONE', #18, #4113, #2467, .T. ) ;
#3404 = CARTESIAN_POINT ( 'NONE',  ( -40.00000000000000000, -14.00000000000000178, 9.999999999999998224 ) ) ;
#3405 = EDGE_CURVE ( 'NONE', #1727, #3694, #3929, .T. ) ;
#3406 = CARTESIAN_POINT ( 'NONE',  ( 25.00000000000000000, -4.000000000000000000, 9.999999999999998224 ) ) ;
#3407 = DIRECTION ( 'NONE',  ( 0.000000000000000000, 0.000000000000000000, -1.000000000000000000 ) ) ;
#3408 = ORIENTED_EDGE ( 'NONE', *, *, #515, .F. ) ;
#3409 = EDGE_CURVE ( 'NONE', #652, #1850, #427, .T. ) ;
#3410 = DIRECTION ( 'NONE',  ( -1.000000000000000000, 0.000000000000000000, 0.000000000000000000 ) ) ;
#3411 = LINE ( 'NONE', #2127, #2643 ) ;
#3412 = EDGE_LOOP ( 'NONE', ( #3343, #537, #658, #687 ) ) ;
#3413 = ORIENTED_EDGE ( 'NONE', *, *, #1861, .F. ) ;
#3414 = CARTESIAN_POINT ( 'NONE',  ( 0.000000000000000000, 0.000000000000000000, 15.00000000000000000 ) ) ;
#3415 = DIRECTION ( 'NONE',  ( -1.000000000000000000, 0.000000000000000000, 0.000000000000000000 ) ) ;
#3416 = ORIENTED_EDGE ( 'NONE', *, *, #2650, .F. ) ;
#3417 = CARTESIAN_POINT ( 'NONE',  ( 0.000000000000000000, 0.000000000000000000, 5.000000000000000000 ) ) ;
#3418 = ADVANCED_FACE ( 'NONE', ( #871 ), #1316, .T. ) ;
#3419 = VECTOR ( 'NONE', #4124, 1000.000000000000000 ) ;
#3420 = ORIENTED_EDGE ( 'NONE', *, *, #684, .T. ) ;
#3421 = CARTESIAN_POINT ( 'NONE',  ( 28.81710979338331313, -45.74999999999999289, 0.000000000000000000 ) ) ;
#3422 = AXIS2_PLACEMENT_3D ( 'NONE', #4929, #4097, #1116 ) ;
#3423 = CARTESIAN_POINT ( 'NONE',  ( 25.00000000000000711, -70.00000000000000000, 8.673617379884035472E-16 ) ) ;
#3424 = ORIENTED_EDGE ( 'NONE', *, *, #3345, .F. ) ;
#3425 = CARTESIAN_POINT ( 'NONE',  ( 36.00000000000000711, -13.00000000000000178, 5.000000000000000000 ) ) ;
#3426 = EDGE_LOOP ( 'NONE', ( #614, #1438, #5413, #3922, #4951, #3144, #3642, #3461, #3242, #2472, #1670, #3957, #1506, #4700, #5022, #2414, #3124, #4020, #2266, #139 ) ) ;
#3427 = CARTESIAN_POINT ( 'NONE',  ( 25.00000000000000355, -55.00000000000000000, 11.00000000000000000 ) ) ;
#3428 = CARTESIAN_POINT ( 'NONE',  ( 20.00000000000000000, 4.000000000000000000, 9.999999999999998224 ) ) ;
#3429 = DIRECTION ( 'NONE',  ( 0.000000000000000000, 0.000000000000000000, 1.000000000000000000 ) ) ;
#3430 = AXIS2_PLACEMENT_3D ( 'NONE', #3060, #525, #1801 ) ;
#3431 = VERTEX_POINT ( 'NONE', #2154 ) ;
#3432 = FACE_BOUND ( 'NONE', #5077, .T. ) ;
#3433 = ADVANCED_FACE ( 'NONE', ( #1784 ), #1924, .T. ) ;
#3434 = VECTOR ( 'NONE', #2717, 1000.000000000000000 ) ;
#3435 = EDGE_CURVE ( 'NONE', #1089, #3764, #3411, .T. ) ;
#3436 = CARTESIAN_POINT ( 'NONE',  ( -34.99999999999997868, -37.25000000000000000, 5.000000000000000000 ) ) ;
#3437 = EDGE_CURVE ( 'NONE', #3769, #787, #2970, .T. ) ;
#3438 = ORIENTED_EDGE ( 'NONE', *, *, #1661, .T. ) ;
#3439 = VERTEX_POINT ( 'NONE', #2178 ) ;
#3440 = DIRECTION ( 'NONE',  ( 0.000000000000000000, 1.734723475976807587E-16, -1.000000000000000000 ) ) ;
#3441 = CARTESIAN_POINT ( 'NONE',  ( 0.000000000000000000, 77.24999999999998579, 0.000000000000000000 ) ) ;
#3442 = ORIENTED_EDGE ( 'NONE', *, *, #4064, .F. ) ;
#3443 = DIRECTION ( 'NONE',  ( -0.000000000000000000, -0.000000000000000000, 1.000000000000000000 ) ) ;
#3444 = CARTESIAN_POINT ( 'NONE',  ( -25.00000000000000000, 0.000000000000000000, 9.999999999999998224 ) ) ;
#3445 = VECTOR ( 'NONE', #3516, 1000.000000000000000 ) ;
#3446 = ORIENTED_EDGE ( 'NONE', *, *, #4461, .T. ) ;
#3447 = CARTESIAN_POINT ( 'NONE',  ( 35.88694630918597994, -34.29343464164055888, 0.000000000000000000 ) ) ;
#3448 = CARTESIAN_POINT ( 'NONE',  ( 39.99999999999999289, 81.24999999999998579, 5.000000000000000000 ) ) ;
#3449 = EDGE_LOOP ( 'NONE', ( #4772, #4444, #395, #4212 ) ) ;
#3450 = DIRECTION ( 'NONE',  ( 0.000000000000000000, 0.000000000000000000, 1.000000000000000000 ) ) ;
#3451 = ORIENTED_EDGE ( 'NONE', *, *, #3093, .T. ) ;
#3452 = CIRCLE ( 'NONE', #3725, 4.000000000000000000 ) ;
#3453 = DIRECTION ( 'NONE',  ( -0.000000000000000000, 0.000000000000000000, 1.000000000000000000 ) ) ;
#3454 = CARTESIAN_POINT ( 'NONE',  ( -35.00000000000000000, -42.75000000000000000, 11.00000000000000000 ) ) ;
#3455 = DIRECTION ( 'NONE',  ( -1.000000000000000000, 0.000000000000000000, 0.000000000000000000 ) ) ;
#3456 = VERTEX_POINT ( 'NONE', #3046 ) ;
#3457 = FACE_OUTER_BOUND ( 'NONE', #2328, .T. ) ;
#3458 = DIRECTION ( 'NONE',  ( -0.000000000000000000, -0.000000000000000000, 1.000000000000000000 ) ) ;
#3459 = CIRCLE ( 'NONE', #1068, 4.999999999999993783 ) ;
#3460 = VERTEX_POINT ( 'NONE', #3015 ) ;
#3461 = ORIENTED_EDGE ( 'NONE', *, *, #1465, .F. ) ;
#3462 = DIRECTION ( 'NONE',  ( 0.000000000000000000, 0.000000000000000000, 1.000000000000000000 ) ) ;
#3463 = CIRCLE ( 'NONE', #2405, 1.000000000000000888 ) ;
#3464 = EDGE_CURVE ( 'NONE', #5093, #543, #3351, .T. ) ;
#3465 = CARTESIAN_POINT ( 'NONE',  ( 0.000000000000000000, 0.000000000000000000, 9.999999999999998224 ) ) ;
#3466 = ORIENTED_EDGE ( 'NONE', *, *, #2838, .F. ) ;
#3467 = SURFACE_SIDE_STYLE ('',( #4328 ) ) ;
#3468 = AXIS2_PLACEMENT_3D ( 'NONE', #2975, #2504, #2921 ) ;
#3469 = LINE ( 'NONE', #3522, #3833 ) ;
#3470 = EDGE_CURVE ( 'NONE', #4301, #4351, #536, .T. ) ;
#3471 = VERTEX_POINT ( 'NONE', #510 ) ;
#3472 = VECTOR ( 'NONE', #4839, 1000.000000000000000 ) ;
#3473 = ADVANCED_FACE ( 'NONE', ( #3829 ), #5223, .F. ) ;
#3474 = EDGE_LOOP ( 'NONE', ( #2612, #3669, #482, #3911 ) ) ;
#3475 = CARTESIAN_POINT ( 'NONE',  ( 36.28204753555839090, -42.45568876824307125, 5.000000000000004441 ) ) ;
#3476 = CARTESIAN_POINT ( 'NONE',  ( -37.74999999999999289, 77.24999999999998579, 0.000000000000000000 ) ) ;
#3477 = DIRECTION ( 'NONE',  ( -1.000000000000000000, 0.000000000000000000, 0.000000000000000000 ) ) ;
#3478 = ORIENTED_EDGE ( 'NONE', *, *, #2968, .T. ) ;
#3479 = CARTESIAN_POINT ( 'NONE',  ( 25.00000000000000000, 5.000000000000000000, 15.00000000000000000 ) ) ;
#3480 = CARTESIAN_POINT ( 'NONE',  ( -21.00000000000000000, -5.000000000000000000, 15.00000000000000000 ) ) ;
#3481 = EDGE_CURVE ( 'NONE', #4574, #150, #1811, .T. ) ;
#3482 = LINE ( 'NONE', #4706, #5034 ) ;
#3483 = LINE ( 'NONE', #3898, #4383 ) ;
#3484 = ORIENTED_EDGE ( 'NONE', *, *, #1432, .F. ) ;
#3485 = DIRECTION ( 'NONE',  ( 0.000000000000000000, 1.734723475976807587E-16, 1.000000000000000000 ) ) ;
#3486 = CIRCLE ( 'NONE', #1349, 5.000000000000000000 ) ;
#3487 = ORIENTED_EDGE ( 'NONE', *, *, #2171, .T. ) ;
#3488 = CARTESIAN_POINT ( 'NONE',  ( -45.00000000000001421, -13.00000000000000178, 5.000000000000000000 ) ) ;
#3489 = ORIENTED_EDGE ( 'NONE', *, *, #1495, .T. ) ;
#3490 = ORIENTED_EDGE ( 'NONE', *, *, #5310, .T. ) ;
#3491 = DIRECTION ( 'NONE',  ( -0.000000000000000000, -0.000000000000000000, 1.000000000000000000 ) ) ;
#3492 = FACE_OUTER_BOUND ( 'NONE', #3493, .T. ) ;
#3493 = EDGE_LOOP ( 'NONE', ( #751, #2494, #198, #830 ) ) ;
#3494 = SHAPE_DEFINITION_REPRESENTATION ( #1910, #1983 ) ;
#3495 = AXIS2_PLACEMENT_3D ( 'NONE', #311, #4428, #4516 ) ;
#3496 = CYLINDRICAL_SURFACE ( 'NONE', #4452, 1.000000000000000888 ) ;
#3497 = LINE ( 'NONE', #3524, #4741 ) ;
#3498 = VERTEX_POINT ( 'NONE', #3574 ) ;
#3499 = CIRCLE ( 'NONE', #5013, 5.000000000000000888 ) ;
#3500 = ADVANCED_FACE ( 'NONE', ( #1041 ), #1011, .F. ) ;
#3501 = EDGE_LOOP ( 'NONE', ( #2822, #2529, #4863, #3816 ) ) ;
#3502 = EDGE_CURVE ( 'NONE', #4425, #2180, #3359, .T. ) ;
#3503 = CARTESIAN_POINT ( 'NONE',  ( -40.00000000000000711, 81.24999999999998579, 5.000000000000000000 ) ) ;
#3504 = CARTESIAN_POINT ( 'NONE',  ( -35.25802375059492988, -37.25000000000001421, 5.000000000000000000 ) ) ;
#3505 = DIRECTION ( 'NONE',  ( 1.000000000000000000, 0.000000000000000000, 0.000000000000000000 ) ) ;
#3506 = EDGE_CURVE ( 'NONE', #1789, #5061, #954, .T. ) ;
#3507 = FACE_OUTER_BOUND ( 'NONE', #2941, .T. ) ;
#3508 = VERTEX_POINT ( 'NONE', #590 ) ;
#3509 = CIRCLE ( 'NONE', #1726, 2.999999999999999112 ) ;
#3510 = LINE ( 'NONE', #2309, #4529 ) ;
#3511 = CARTESIAN_POINT ( 'NONE',  ( -10.00000000000000178, -76.25000000000001421, 15.00000000000000000 ) ) ;
#3512 = CARTESIAN_POINT ( 'NONE',  ( -22.24999999999999645, -70.00000000000000000, 5.000000000000000000 ) ) ;
#3513 = ORIENTED_EDGE ( 'NONE', *, *, #3868, .T. ) ;
#3514 = FACE_BOUND ( 'NONE', #3006, .T. ) ;
#3515 = EDGE_LOOP ( 'NONE', ( #902, #4454, #1693, #3543 ) ) ;
#3516 = DIRECTION ( 'NONE',  ( 0.000000000000000000, 1.734723475976807587E-16, -1.000000000000000000 ) ) ;
#3517 = CARTESIAN_POINT ( 'NONE',  ( 45.00000000000000711, -58.00000000000000000, 5.000000000000000000 ) ) ;
#3518 = ORIENTED_EDGE ( 'NONE', *, *, #4872, .F. ) ;
#3519 = FACE_OUTER_BOUND ( 'NONE', #1413, .T. ) ;
#3520 = CARTESIAN_POINT ( 'NONE',  ( -40.00000000000001421, -17.00000000000000000, 9.999999999999998224 ) ) ;
#3521 = ORIENTED_EDGE ( 'NONE', *, *, #3978, .T. ) ;
#3522 = CARTESIAN_POINT ( 'NONE',  ( -43.12499999999998579, -12.99999999999999822, 5.000000000000000000 ) ) ;
#3523 = AXIS2_PLACEMENT_3D ( 'NONE', #4995, #3762, #4130 ) ;
#3524 = CARTESIAN_POINT ( 'NONE',  ( 45.00000000000000711, -59.00000000000000711, 15.00000000000000000 ) ) ;
#3525 = VERTEX_POINT ( 'NONE', #4463 ) ;
#3526 = ORIENTED_EDGE ( 'NONE', *, *, #681, .T. ) ;
#3527 = CARTESIAN_POINT ( 'NONE',  ( -20.00000000000000000, -3.000000000000000000, 9.999999999999998224 ) ) ;
#3528 = AXIS2_PLACEMENT_3D ( 'NONE', #1847, #4412, #3992 ) ;
#3529 = VECTOR ( 'NONE', #1264, 1000.000000000000000 ) ;
#3530 = CARTESIAN_POINT ( 'NONE',  ( 46.25000000000000711, 74.99999999999998579, 5.000000000000000000 ) ) ;
#3531 = CYLINDRICAL_SURFACE ( 'NONE', #5152, 1.000000000000000888 ) ;
#3532 = EDGE_CURVE ( 'NONE', #4203, #869, #1955, .T. ) ;
#3533 = ADVANCED_FACE ( 'NONE', ( #3157 ), #2743, .F. ) ;
#3534 = DIRECTION ( 'NONE',  ( -1.000000000000000000, 0.000000000000000000, 0.000000000000000000 ) ) ;
#3535 = ORIENTED_EDGE ( 'NONE', *, *, #4931, .F. ) ;
#3536 = DIRECTION ( 'NONE',  ( 0.000000000000000000, 0.000000000000000000, -1.000000000000000000 ) ) ;
#3537 = DIRECTION ( 'NONE',  ( -1.000000000000000000, 0.000000000000000000, 0.000000000000000000 ) ) ;
#3538 = EDGE_CURVE ( 'NONE', #1175, #1297, #4883, .T. ) ;
#3539 = CARTESIAN_POINT ( 'NONE',  ( -10.00000000000000000, -65.25000000000001421, 20.00000000000000000 ) ) ;
#3540 = ORIENTED_EDGE ( 'NONE', *, *, #3470, .T. ) ;
#3541 = DIRECTION ( 'NONE',  ( 1.000000000000000000, -1.084202172485504557E-16, 0.000000000000000000 ) ) ;
#3542 = ADVANCED_FACE ( 'NONE', ( #4432 ), #1144, .T. ) ;
#3543 = ORIENTED_EDGE ( 'NONE', *, *, #2507, .F. ) ;
#3544 = LINE ( 'NONE', #4802, #5316 ) ;
#3545 = CARTESIAN_POINT ( 'NONE',  ( -37.12499999999997868, -12.99999999999999822, 5.000000000000000000 ) ) ;
#3546 = VECTOR ( 'NONE', #1672, 1000.000000000000000 ) ;
#3547 = DIRECTION ( 'NONE',  ( 1.000000000000000000, 0.000000000000000000, 0.000000000000000000 ) ) ;
#3548 = DIRECTION ( 'NONE',  ( 1.000000000000000000, 0.000000000000000000, 0.000000000000000000 ) ) ;
#3549 = ORIENTED_EDGE ( 'NONE', *, *, #4311, .T. ) ;
#3550 = AXIS2_PLACEMENT_3D ( 'NONE', #2396, #283, #4095 ) ;
#3551 = LINE ( 'NONE', #1049, #4603 ) ;
#3552 = DIRECTION ( 'NONE',  ( 0.000000000000000000, 0.000000000000000000, 1.000000000000000000 ) ) ;
#3553 = AXIS2_PLACEMENT_3D ( 'NONE', #5052, #1677, #2547 ) ;
#3554 = ORIENTED_EDGE ( 'NONE', *, *, #30, .T. ) ;
#3555 = EDGE_LOOP ( 'NONE', ( #3177, #4085, #1265, #5281 ) ) ;
#3556 = AXIS2_PLACEMENT_3D ( 'NONE', #801, #1736, #1273 ) ;
#3557 = ORIENTED_EDGE ( 'NONE', *, *, #472, .T. ) ;
#3558 = CARTESIAN_POINT ( 'NONE',  ( 30.60000000000000853, -70.00000000000000000, 5.000000000000000000 ) ) ;
#3559 = AXIS2_PLACEMENT_3D ( 'NONE', #1000, #602, #4868 ) ;
#3560 = DIRECTION ( 'NONE',  ( 1.000000000000000000, 0.000000000000000000, 0.000000000000000000 ) ) ;
#3561 = LINE ( 'NONE', #1416, #1682 ) ;
#3562 = CIRCLE ( 'NONE', #1173, 1.000000000000000888 ) ;
#3563 = CARTESIAN_POINT ( 'NONE',  ( -36.00000000000000711, -62.00000000000000000, 15.00000000000000000 ) ) ;
#3564 = ORIENTED_EDGE ( 'NONE', *, *, #2010, .T. ) ;
#3565 = EDGE_CURVE ( 'NONE', #4948, #1889, #3544, .T. ) ;
#3566 = LINE ( 'NONE', #4426, #3195 ) ;
#3567 = DIRECTION ( 'NONE',  ( -0.000000000000000000, 0.000000000000000000, -1.000000000000000000 ) ) ;
#3568 = DIRECTION ( 'NONE',  ( 1.000000000000000000, 0.000000000000000000, 0.000000000000000000 ) ) ;
#3569 = ORIENTED_EDGE ( 'NONE', *, *, #2344, .F. ) ;
#3570 = DIRECTION ( 'NONE',  ( 1.000000000000000000, 0.000000000000000000, 0.000000000000000000 ) ) ;
#3571 = ORIENTED_EDGE ( 'NONE', *, *, #1667, .F. ) ;
#3572 = EDGE_CURVE ( 'NONE', #5362, #1720, #648, .T. ) ;
#3573 = EDGE_CURVE ( 'NONE', #1757, #4676, #2840, .T. ) ;
#3574 = CARTESIAN_POINT ( 'NONE',  ( -37.74999999999999289, 77.24999999999998579, 4.000000000000000000 ) ) ;
#3575 = CARTESIAN_POINT ( 'NONE',  ( -30.00000000000001066, -25.00000000000000000, 11.00000000000000000 ) ) ;
#3576 = MANIFOLD_SOLID_BREP ( 'Mirror1', #1496 ) ;
#3577 = EDGE_CURVE ( 'NONE', #2460, #5171, #4075, .T. ) ;
#3578 = LINE ( 'NONE', #3160, #1141 ) ;
#3579 = DIRECTION ( 'NONE',  ( 0.000000000000000000, 0.000000000000000000, 1.000000000000000000 ) ) ;
#3580 = ORIENTED_EDGE ( 'NONE', *, *, #570, .F. ) ;
#3581 = DIRECTION ( 'NONE',  ( 0.000000000000000000, 0.000000000000000000, 1.000000000000000000 ) ) ;
#3582 = DIRECTION ( 'NONE',  ( -0.000000000000000000, 1.000000000000000000, -0.000000000000000000 ) ) ;
#3583 = ORIENTED_EDGE ( 'NONE', *, *, #3577, .T. ) ;
#3584 = ORIENTED_EDGE ( 'NONE', *, *, #4156, .F. ) ;
#3585 = AXIS2_PLACEMENT_3D ( 'NONE', #4735, #3953, #1366 ) ;
#3586 = EDGE_CURVE ( 'NONE', #869, #1789, #1486, .T. ) ;
#3587 = LINE ( 'NONE', #5344, #4189 ) ;
#3588 = CARTESIAN_POINT ( 'NONE',  ( -36.82231164300148407, -34.51661283459091578, 0.000000000000000000 ) ) ;
#3589 = DIRECTION ( 'NONE',  ( -0.000000000000000000, -0.000000000000000000, -1.000000000000000000 ) ) ;
#3590 = DIRECTION ( 'NONE',  ( -0.000000000000000000, -0.000000000000000000, -1.000000000000000000 ) ) ;
#3591 = ORIENTED_EDGE ( 'NONE', *, *, #3744, .T. ) ;
#3592 = CARTESIAN_POINT ( 'NONE',  ( -19.99999999999999645, -42.74999999999999289, 4.999999999999997335 ) ) ;
#3593 = DIRECTION ( 'NONE',  ( 0.000000000000000000, -1.000000000000000000, 0.000000000000000000 ) ) ;
#3594 = DIRECTION ( 'NONE',  ( -0.000000000000000000, -0.000000000000000000, -1.000000000000000000 ) ) ;
#3595 = ORIENTED_EDGE ( 'NONE', *, *, #3943, .T. ) ;
#3596 = DIRECTION ( 'NONE',  ( 0.000000000000000000, 1.000000000000000000, 0.000000000000000000 ) ) ;
#3597 = CIRCLE ( 'NONE', #220, 1.000000000000000888 ) ;
#3598 = ORIENTED_EDGE ( 'NONE', *, *, #5011, .T. ) ;
#3599 = DIRECTION ( 'NONE',  ( -1.000000000000000000, 0.000000000000000000, 0.000000000000000000 ) ) ;
#3600 = CIRCLE ( 'NONE', #1640, 4.000000000000000000 ) ;
#3601 = CARTESIAN_POINT ( 'NONE',  ( 30.00000000000000000, -25.00000000000000000, 5.000000000000000000 ) ) ;
#3602 = CARTESIAN_POINT ( 'NONE',  ( 43.12499999999998579, -12.99999999999999822, 5.000000000000000000 ) ) ;
#3603 = EDGE_CURVE ( 'NONE', #850, #3128, #1403, .T. ) ;
#3604 = EDGE_LOOP ( 'NONE', ( #3621, #2156, #1317, #358, #2236 ) ) ;
#3605 = CARTESIAN_POINT ( 'NONE',  ( -44.00000000000001421, -17.00000000000000000, 9.999999999999998224 ) ) ;
#3606 = ADVANCED_FACE ( 'NONE', ( #391, #5435, #4106, #4214, #1153, #5384, #4158 ), #1642, .F. ) ;
#3607 = ORIENTED_EDGE ( 'NONE', *, *, #2602, .T. ) ;
#3608 = EDGE_CURVE ( 'NONE', #2317, #2130, #1126, .T. ) ;
#3609 = DIRECTION ( 'NONE',  ( 0.000000000000000000, 0.000000000000000000, -1.000000000000000000 ) ) ;
#3610 = LINE ( 'NONE', #3141, #2304 ) ;
#3611 = EDGE_LOOP ( 'NONE', ( #1849, #3917, #1715, #1498, #1369, #2748 ) ) ;
#3612 = ORIENTED_EDGE ( 'NONE', *, *, #4492, .T. ) ;
#3613 = DIRECTION ( 'NONE',  ( 0.000000000000000000, 0.000000000000000000, -1.000000000000000000 ) ) ;
#3614 = VECTOR ( 'NONE', #1331, 1000.000000000000000 ) ;
#3615 = AXIS2_PLACEMENT_3D ( 'NONE', #1574, #1937, #3721 ) ;
#3616 = CARTESIAN_POINT ( 'NONE',  ( -25.00000000000000000, 5.000000000000000000, 5.000000000000000000 ) ) ;
#3617 = CARTESIAN_POINT ( 'NONE',  ( 30.00000000000000000, -37.25000000000000000, 11.00000000000000000 ) ) ;
#3618 = CARTESIAN_POINT ( 'NONE',  ( -43.12499999999998579, -12.99999999999999822, 10.00156225593563875 ) ) ;
#3619 = VECTOR ( 'NONE', #5181, 1000.000000000000000 ) ;
#3620 = CYLINDRICAL_SURFACE ( 'NONE', #5203, 4.999999999999993783 ) ;
#3621 = ORIENTED_EDGE ( 'NONE', *, *, #3710, .F. ) ;
#3622 = VECTOR ( 'NONE', #2867, 1000.000000000000000 ) ;
#3623 = VECTOR ( 'NONE', #1287, 1000.000000000000000 ) ;
#3624 = CARTESIAN_POINT ( 'NONE',  ( -21.00000000000000000, 0.000000000000000000, 9.999999999999998224 ) ) ;
#3625 = CARTESIAN_POINT ( 'NONE',  ( -19.99999999999998579, -25.00000000000000000, 11.00000000000000000 ) ) ;
#3626 = PLANE ( 'NONE',  #1799 ) ;
#3627 = STYLED_ITEM ( 'NONE', ( #1098 ), #3576 ) ;
#3628 = ORIENTED_EDGE ( 'NONE', *, *, #2419, .T. ) ;
#3629 = CARTESIAN_POINT ( 'NONE',  ( -40.00000000000000000, -58.00000000000000711, 15.00000000000000000 ) ) ;
#3630 = ORIENTED_EDGE ( 'NONE', *, *, #1594, .F. ) ;
#3631 = VECTOR ( 'NONE', #620, 1000.000000000000000 ) ;
#3632 = ORIENTED_EDGE ( 'NONE', *, *, #2485, .T. ) ;
#3633 = LINE ( 'NONE', #5332, #3352 ) ;
#3634 = ORIENTED_EDGE ( 'NONE', *, *, #434, .F. ) ;
#3635 = CARTESIAN_POINT ( 'NONE',  ( -36.00000000000000711, -63.00000000000000000, 5.000000000000000000 ) ) ;
#3636 = ORIENTED_EDGE ( 'NONE', *, *, #1023, .F. ) ;
#3637 = DIRECTION ( 'NONE',  ( 1.000000000000000000, 0.000000000000000000, 0.000000000000000000 ) ) ;
#3638 = AXIS2_PLACEMENT_3D ( 'NONE', #4398, #1451, #3536 ) ;
#3639 = DIRECTION ( 'NONE',  ( -0.000000000000000000, -0.000000000000000000, 1.000000000000000000 ) ) ;
#3640 = ADVANCED_FACE ( 'NONE', ( #1615 ), #2462, .F. ) ;
#3641 = ORIENTED_EDGE ( 'NONE', *, *, #513, .T. ) ;
#3642 = ORIENTED_EDGE ( 'NONE', *, *, #5141, .F. ) ;
#3643 = DIRECTION ( 'NONE',  ( 1.000000000000000000, -0.000000000000000000, -0.000000000000000000 ) ) ;
#3644 = FACE_OUTER_BOUND ( 'NONE', #3070, .T. ) ;
#3645 = VECTOR ( 'NONE', #2430, 1000.000000000000000 ) ;
#3646 = CONICAL_SURFACE ( 'NONE', #3112, 5.600000000000000533, 0.7853981633974485010 ) ;
#3647 = ADVANCED_FACE ( 'NONE', ( #2490 ), #2013, .F. ) ;
#3648 = CARTESIAN_POINT ( 'NONE',  ( 2.571758278209438999E-16, -65.25000000000001421, 12.09999999999999787 ) ) ;
#3649 = PLANE ( 'NONE',  #3815 ) ;
#3650 = DIRECTION ( 'NONE',  ( 0.000000000000000000, 1.000000000000000000, -0.000000000000000000 ) ) ;
#3651 = EDGE_CURVE ( 'NONE', #617, #367, #2038, .T. ) ;
#3652 = AXIS2_PLACEMENT_3D ( 'NONE', #4824, #5186, #1009 ) ;
#3653 = LINE ( 'NONE', #4818, #762 ) ;
#3654 = VERTEX_POINT ( 'NONE', #3346 ) ;
#3655 = DIRECTION ( 'NONE',  ( -0.000000000000000000, 0.000000000000000000, 1.000000000000000000 ) ) ;
#3656 = CARTESIAN_POINT ( 'NONE',  ( 25.00000000000000000, -2.999999999999999112, 9.999999999999998224 ) ) ;
#3657 = AXIS2_PLACEMENT_3D ( 'NONE', #4143, #330, #2026 ) ;
#3658 = CARTESIAN_POINT ( 'NONE',  ( 20.00000000000000000, 0.000000000000000000, 9.999999999999998224 ) ) ;
#3659 = FACE_OUTER_BOUND ( 'NONE', #5309, .T. ) ;
#3660 = VERTEX_POINT ( 'NONE', #2938 ) ;
#3661 = CARTESIAN_POINT ( 'NONE',  ( -40.00000000000000711, 81.24999999999998579, 5.000000000000000000 ) ) ;
#3662 = CARTESIAN_POINT ( 'NONE',  ( 24.99999999999999289, 60.00000000000000000, 2.149999999999999911 ) ) ;
#3663 = CARTESIAN_POINT ( 'NONE',  ( -20.00000000000000000, -4.000000000000000000, 9.999999999999998224 ) ) ;
#3664 = ORIENTED_EDGE ( 'NONE', *, *, #36, .F. ) ;
#3665 = CARTESIAN_POINT ( 'NONE',  ( 35.88694630918597994, -34.29343464164055888, 0.000000000000000000 ) ) ;
#3666 = VERTEX_POINT ( 'NONE', #4188 ) ;
#3667 = LINE ( 'NONE', #1133, #1748 ) ;
#3668 = CARTESIAN_POINT ( 'NONE',  ( -19.99999999999998224, -37.25000000000000000, 11.00000000000000000 ) ) ;
#3669 = ORIENTED_EDGE ( 'NONE', *, *, #1320, .T. ) ;
#3670 = ORIENTED_EDGE ( 'NONE', *, *, #4386, .F. ) ;
#3671 = FACE_OUTER_BOUND ( 'NONE', #1706, .T. ) ;
#3672 = CARTESIAN_POINT ( 'NONE',  ( -40.00000000000000000, -59.00000000000001421, 9.999999999999998224 ) ) ;
#3673 = CARTESIAN_POINT ( 'NONE',  ( 40.00000000000001421, -75.00000000000001421, 0.000000000000000000 ) ) ;
#3674 = EDGE_CURVE ( 'NONE', #4032, #473, #364, .T. ) ;
#3675 = DIRECTION ( 'NONE',  ( 1.000000000000000000, 0.000000000000000000, -0.000000000000000000 ) ) ;
#3676 = ADVANCED_FACE ( 'NONE', ( #2861 ), #3761, .F. ) ;
#3677 = AXIS2_PLACEMENT_3D ( 'NONE', #3849, #34, #3429 ) ;
#3678 = ORIENTED_EDGE ( 'NONE', *, *, #343, .T. ) ;
#3679 = EDGE_CURVE ( 'NONE', #1720, #3965, #2195, .T. ) ;
#3680 = PLANE ( 'NONE',  #966 ) ;
#3681 = DIRECTION ( 'NONE',  ( 0.000000000000000000, -1.000000000000000000, 0.000000000000000000 ) ) ;
#3682 = DIRECTION ( 'NONE',  ( 0.000000000000000000, 0.000000000000000000, 1.000000000000000000 ) ) ;
#3683 = DIRECTION ( 'NONE',  ( -1.000000000000000000, 0.000000000000000000, 0.000000000000000000 ) ) ;
#3684 = EDGE_LOOP ( 'NONE', ( #5147, #2958, #3098, #4080 ) ) ;
#3685 = DIRECTION ( 'NONE',  ( -0.000000000000000000, 1.000000000000000000, -0.000000000000000000 ) ) ;
#3686 = CARTESIAN_POINT ( 'NONE',  ( -46.24999999999997868, -75.00000000000001421, 0.000000000000000000 ) ) ;
#3687 = LINE ( 'NONE', #2015, #5224 ) ;
#3688 = VERTEX_POINT ( 'NONE', #1207 ) ;
#3689 = CARTESIAN_POINT ( 'NONE',  ( 40.80225555767518841, -39.99999999999992184, 0.000000000000000000 ) ) ;
#3690 = CIRCLE ( 'NONE', #4582, 2.749999999999999112 ) ;
#3691 = AXIS2_PLACEMENT_3D ( 'NONE', #1282, #4211, #733 ) ;
#3692 = PLANE ( 'NONE',  #417 ) ;
#3693 = DIRECTION ( 'NONE',  ( -0.000000000000000000, -0.000000000000000000, -1.000000000000000000 ) ) ;
#3694 = VERTEX_POINT ( 'NONE', #4553 ) ;
#3695 = ORIENTED_EDGE ( 'NONE', *, *, #2495, .F. ) ;
#3696 = CARTESIAN_POINT ( 'NONE',  ( 20.00000000000000000, -37.24999999999998579, 4.999999999999999112 ) ) ;
#3697 = CARTESIAN_POINT ( 'NONE',  ( 36.00000000000000711, -59.00000000000001421, 15.00000000000000000 ) ) ;
#3698 = AXIS2_PLACEMENT_3D ( 'NONE', #2281, #1505, #5373 ) ;
#3699 = ORIENTED_EDGE ( 'NONE', *, *, #2168, .F. ) ;
#3700 = DIRECTION ( 'NONE',  ( 1.000000000000000000, 0.000000000000000000, 0.000000000000000000 ) ) ;
#3701 = AXIS2_PLACEMENT_3D ( 'NONE', #3423, #3005, #3505 ) ;
#3702 = CIRCLE ( 'NONE', #1739, 5.000000000000000888 ) ;
#3703 = ORIENTED_EDGE ( 'NONE', *, *, #5199, .F. ) ;
#3704 = DIRECTION ( 'NONE',  ( -1.000000000000000000, 0.000000000000000000, 0.000000000000000000 ) ) ;
#3705 = CYLINDRICAL_SURFACE ( 'NONE', #5112, 5.000000000000000000 ) ;
#3706 = ADVANCED_FACE ( 'NONE', ( #2831 ), #735, .F. ) ;
#3707 = DIRECTION ( 'NONE',  ( -0.000000000000000000, -0.000000000000000000, 1.000000000000000000 ) ) ;
#3708 = DIRECTION ( 'NONE',  ( 0.000000000000000000, 0.000000000000000000, -1.000000000000000000 ) ) ;
#3709 = VERTEX_POINT ( 'NONE', #761 ) ;
#3710 = EDGE_CURVE ( 'NONE', #4227, #3525, #1587, .T. ) ;
#3711 = DIRECTION ( 'NONE',  ( -0.000000000000000000, -0.000000000000000000, 1.000000000000000000 ) ) ;
#3712 = CARTESIAN_POINT ( 'NONE',  ( 35.00000000000000000, -14.00000000000000178, 9.999999999999998224 ) ) ;
#3713 = CARTESIAN_POINT ( 'NONE',  ( -21.00000000000000000, 4.000000000000000000, 5.000000000000000888 ) ) ;
#3714 = VERTEX_POINT ( 'NONE', #4634 ) ;
#3715 = EDGE_CURVE ( 'NONE', #1831, #4298, #2034, .T. ) ;
#3716 = CARTESIAN_POINT ( 'NONE',  ( -24.00000000000000000, 0.000000000000000000, 15.00000000000000000 ) ) ;
#3717 = DIRECTION ( 'NONE',  ( 0.000000000000000000, -0.000000000000000000, 1.000000000000000000 ) ) ;
#3718 = CARTESIAN_POINT ( 'NONE',  ( -25.00000000000000000, -3.000000000000000888, 5.000000000000000000 ) ) ;
#3719 = ORIENTED_EDGE ( 'NONE', *, *, #2961, .F. ) ;
#3720 = ORIENTED_EDGE ( 'NONE', *, *, #103, .F. ) ;
#3721 = DIRECTION ( 'NONE',  ( 1.000000000000000000, 0.000000000000000000, 0.000000000000000000 ) ) ;
#3722 = DIRECTION ( 'NONE',  ( -6.938893903907227392E-16, -1.000000000000000000, 0.000000000000000000 ) ) ;
#3723 = ORIENTED_EDGE ( 'NONE', *, *, #1597, .T. ) ;
#3724 = FACE_OUTER_BOUND ( 'NONE', #3684, .T. ) ;
#3725 = AXIS2_PLACEMENT_3D ( 'NONE', #2824, #1534, #4514 ) ;
#3726 = ORIENTED_EDGE ( 'NONE', *, *, #2425, .T. ) ;
#3727 = AXIS2_PLACEMENT_3D ( 'NONE', #1, #1695, #5095 ) ;
#3728 = CARTESIAN_POINT ( 'NONE',  ( -18.00748767465333344, -37.25000000000000711, 4.999999999999996447 ) ) ;
#3729 = CARTESIAN_POINT ( 'NONE',  ( -21.00000000000000000, 0.000000000000000000, 9.999999999999998224 ) ) ;
#3730 = VECTOR ( 'NONE', #5389, 1000.000000000000000 ) ;
#3731 = DIRECTION ( 'NONE',  ( -0.000000000000000000, -0.000000000000000000, 1.000000000000000000 ) ) ;
#3732 = ORIENTED_EDGE ( 'NONE', *, *, #2419, .F. ) ;
#3733 = VECTOR ( 'NONE', #352, 1000.000000000000000 ) ;
#3734 = CARTESIAN_POINT ( 'NONE',  ( 40.12499999999997868, -12.99999999999999822, 10.00156225593563697 ) ) ;
#3735 = CARTESIAN_POINT ( 'NONE',  ( -39.99999999999998579, -75.00000000000001421, 5.000000000000000000 ) ) ;
#3736 = LINE ( 'NONE', #168, #4476 ) ;
#3737 = ORIENTED_EDGE ( 'NONE', *, *, #2841, .F. ) ;
#3738 = VECTOR ( 'NONE', #2463, 1000.000000000000000 ) ;
#3739 = CARTESIAN_POINT ( 'NONE',  ( -37.24046787837767170, -38.34288287084390845, 5.000000000000011546 ) ) ;
#3740 = EDGE_CURVE ( 'NONE', #4351, #1749, #2517, .T. ) ;
#3741 = AXIS2_PLACEMENT_3D ( 'NONE', #4810, #4303, #5225 ) ;
#3742 = ADVANCED_FACE ( 'NONE', ( #4941 ), #2410, .F. ) ;
#3743 = DIRECTION ( 'NONE',  ( 0.000000000000000000, 0.000000000000000000, -1.000000000000000000 ) ) ;
#3744 = EDGE_CURVE ( 'NONE', #4610, #1795, #4761, .T. ) ;
#3745 = VERTEX_POINT ( 'NONE', #1363 ) ;
#3746 = ORIENTED_EDGE ( 'NONE', *, *, #1657, .F. ) ;
#3747 = CARTESIAN_POINT ( 'NONE',  ( -44.00000000000001421, -13.00000000000000178, 15.00000000000000000 ) ) ;
#3748 = DIRECTION ( 'NONE',  ( 1.000000000000000000, 0.000000000000000000, -0.000000000000000000 ) ) ;
#3749 = ORIENTED_EDGE ( 'NONE', *, *, #2619, .T. ) ;
#3750 = LINE ( 'NONE', #3777, #4098 ) ;
#3751 = AXIS2_PLACEMENT_3D ( 'NONE', #4763, #2987, #4268 ) ;
#3752 =( LENGTH_UNIT ( ) NAMED_UNIT ( * ) SI_UNIT ( .MILLI., .METRE. ) );
#3753 = EDGE_CURVE ( 'NONE', #342, #1428, #2596, .T. ) ;
#3754 = ORIENTED_EDGE ( 'NONE', *, *, #5168, .T. ) ;
#3755 = CARTESIAN_POINT ( 'NONE',  ( 36.00000000000000711, -13.00000000000000178, 15.00000000000000000 ) ) ;
#3756 = DIRECTION ( 'NONE',  ( -0.000000000000000000, -0.000000000000000000, 1.000000000000000000 ) ) ;
#3757 = EDGE_LOOP ( 'NONE', ( #2232, #3670, #3678, #1526, #933, #1464 ) ) ;
#3758 = AXIS2_PLACEMENT_3D ( 'NONE', #613, #4103, #2006 ) ;
#3759 = DIRECTION ( 'NONE',  ( 0.000000000000000000, 1.000000000000000000, 0.000000000000000000 ) ) ;
#3760 = ORIENTED_EDGE ( 'NONE', *, *, #941, .F. ) ;
#3761 = PLANE ( 'NONE',  #3184 ) ;
#3762 = DIRECTION ( 'NONE',  ( 1.000000000000000000, -0.000000000000000000, 0.000000000000000000 ) ) ;
#3763 = DIRECTION ( 'NONE',  ( 0.000000000000000000, -1.734723475976807587E-16, -1.000000000000000000 ) ) ;
#3764 = VERTEX_POINT ( 'NONE', #474 ) ;
#3765 = CARTESIAN_POINT ( 'NONE',  ( 29.47881336083487014, -42.74999999999999289, 5.000000000000000000 ) ) ;
#3766 = CARTESIAN_POINT ( 'NONE',  ( 0.000000000000000000, -81.25000000000001421, 10.00000000000000000 ) ) ;
#3767 = FACE_OUTER_BOUND ( 'NONE', #3341, .T. ) ;
#3768 = ADVANCED_FACE ( 'NONE', ( #891 ), #2622, .F. ) ;
#3769 = VERTEX_POINT ( 'NONE', #3009 ) ;
#3770 = ORIENTED_EDGE ( 'NONE', *, *, #5099, .F. ) ;
#3771 = DIRECTION ( 'NONE',  ( 0.000000000000000000, -0.000000000000000000, -1.000000000000000000 ) ) ;
#3772 = ADVANCED_FACE ( 'NONE', ( #450 ), #4790, .F. ) ;
#3773 = CARTESIAN_POINT ( 'NONE',  ( 40.12499999999997868, -58.00000000000000000, 10.00156225593563697 ) ) ;
#3774 = ORIENTED_EDGE ( 'NONE', *, *, #1385, .F. ) ;
#3775 = EDGE_CURVE ( 'NONE', #18, #277, #4343, .T. ) ;
#3776 = CIRCLE ( 'NONE', #1372, 1.000000000000000888 ) ;
#3777 = CARTESIAN_POINT ( 'NONE',  ( -10.00000000000000000, -65.25000000000001421, 5.000000000000000000 ) ) ;
#3778 = AXIS2_PLACEMENT_3D ( 'NONE', #4176, #2027, #357 ) ;
#3779 = ADVANCED_FACE ( 'NONE', ( #529 ), #4680, .T. ) ;
#3780 = ORIENTED_EDGE ( 'NONE', *, *, #4361, .T. ) ;
#3781 = CARTESIAN_POINT ( 'NONE',  ( -40.64592610078033630, -38.67110656691864534, 0.000000000000000000 ) ) ;
#3782 = CYLINDRICAL_SURFACE ( 'NONE', #4406, 5.000000000000000000 ) ;
#3783 = ORIENTED_EDGE ( 'NONE', *, *, #941, .T. ) ;
#3784 = LINE ( 'NONE', #2118, #1636 ) ;
#3785 = EDGE_LOOP ( 'NONE', ( #4894, #2509, #2805, #73 ) ) ;
#3786 = VECTOR ( 'NONE', #3380, 1000.000000000000000 ) ;
#3787 = DIRECTION ( 'NONE',  ( 0.000000000000000000, -1.000000000000000000, 0.000000000000000000 ) ) ;
#3788 = LINE ( 'NONE', #2149, #2397 ) ;
#3789 = FACE_OUTER_BOUND ( 'NONE', #1227, .T. ) ;
#3790 = CARTESIAN_POINT ( 'NONE',  ( 15.00000000000000533, -3.000000000000000000, 9.999999999999998224 ) ) ;
#3791 = ORIENTED_EDGE ( 'NONE', *, *, #3169, .T. ) ;
#3792 = CARTESIAN_POINT ( 'NONE',  ( -40.64592610078033630, -38.67110656691864534, 0.000000000000000000 ) ) ;
#3793 = VECTOR ( 'NONE', #1269, 1000.000000000000000 ) ;
#3794 = CIRCLE ( 'NONE', #1487, 1.000000000000000888 ) ;
#3795 = CIRCLE ( 'NONE', #3269, 1.000000000000000888 ) ;
#3796 = LINE ( 'NONE', #1570, #2558 ) ;
#3797 = CARTESIAN_POINT ( 'NONE',  ( -25.00000000000000711, 60.00000000000000000, 5.000000000000000000 ) ) ;
#3798 = ORIENTED_EDGE ( 'NONE', *, *, #434, .T. ) ;
#3799 = VERTEX_POINT ( 'NONE', #1338 ) ;
#3800 = FACE_OUTER_BOUND ( 'NONE', #5374, .T. ) ;
#3801 = CARTESIAN_POINT ( 'NONE',  ( 39.99999999999999289, 81.24999999999998579, 5.000000000000000000 ) ) ;
#3802 =( GEOMETRIC_REPRESENTATION_CONTEXT ( 3 ) GLOBAL_UNCERTAINTY_ASSIGNED_CONTEXT ( ( #3858 ) ) GLOBAL_UNIT_ASSIGNED_CONTEXT ( ( #229, #5329, #2802 ) ) REPRESENTATION_CONTEXT ( 'NONE', 'WORKASPACE' ) );
#3803 = ORIENTED_EDGE ( 'NONE', *, *, #2106, .F. ) ;
#3804 = EDGE_CURVE ( 'NONE', #2979, #1408, #3788, .T. ) ;
#3805 = DIRECTION ( 'NONE',  ( 0.000000000000000000, 0.000000000000000000, 1.000000000000000000 ) ) ;
#3806 = ADVANCED_FACE ( 'NONE', ( #31 ), #5491, .T. ) ;
#3807 = ORIENTED_EDGE ( 'NONE', *, *, #4492, .F. ) ;
#3808 = EDGE_CURVE ( 'NONE', #3389, #1299, #2851, .T. ) ;
#3809 = CARTESIAN_POINT ( 'NONE',  ( 37.56291025298579456, -38.91813147715421195, 4.999999999999986677 ) ) ;
#3810 = CYLINDRICAL_SURFACE ( 'NONE', #3727, 1.000000000000000888 ) ;
#3811 = EDGE_LOOP ( 'NONE', ( #1733, #3630, #2956, #3284 ) ) ;
#3812 = EDGE_CURVE ( 'NONE', #3694, #244, #433, .T. ) ;
#3813 = CIRCLE ( 'NONE', #4262, 2.099999999999999645 ) ;
#3814 = DIRECTION ( 'NONE',  ( -1.000000000000000000, 0.000000000000000000, 0.000000000000000000 ) ) ;
#3815 = AXIS2_PLACEMENT_3D ( 'NONE', #4480, #1502, #1943 ) ;
#3816 = ORIENTED_EDGE ( 'NONE', *, *, #513, .F. ) ;
#3817 = VECTOR ( 'NONE', #569, 1000.000000000000000 ) ;
#3818 = AXIS2_PLACEMENT_3D ( 'NONE', #4007, #1036, #4515 ) ;
#3819 = CARTESIAN_POINT ( 'NONE',  ( 24.99999999999999289, 60.00000000000000000, 5.000000000000000000 ) ) ;
#3820 = TOROIDAL_SURFACE ( 'NONE', #3652, 4.000000000000000000, 1.000000000000000000 ) ;
#3821 = LINE ( 'NONE', #1833, #1151 ) ;
#3822 = DIRECTION ( 'NONE',  ( 1.000000000000000000, 0.000000000000000000, 0.000000000000000000 ) ) ;
#3823 = DIRECTION ( 'NONE',  ( 0.000000000000000000, 0.000000000000000000, 1.000000000000000000 ) ) ;
#3824 = ORIENTED_EDGE ( 'NONE', *, *, #2764, .T. ) ;
#3825 = LINE ( 'NONE', #15, #712 ) ;
#3826 = VECTOR ( 'NONE', #1551, 1000.000000000000000 ) ;
#3827 = ADVANCED_FACE ( 'NONE', ( #5101 ), #1750, .F. ) ;
#3828 = VECTOR ( 'NONE', #2677, 999.9999999999998863 ) ;
#3829 = FACE_OUTER_BOUND ( 'NONE', #4668, .T. ) ;
#3830 = EDGE_LOOP ( 'NONE', ( #4925, #2113, #2588, #4502 ) ) ;
#3831 = ORIENTED_EDGE ( 'NONE', *, *, #3378, .T. ) ;
#3832 = CARTESIAN_POINT ( 'NONE',  ( -25.00000000000000711, 60.00000000000000000, 2.149999999999999911 ) ) ;
#3833 = VECTOR ( 'NONE', #3053, 1000.000000000000000 ) ;
#3834 = DIRECTION ( 'NONE',  ( 1.000000000000000000, 0.000000000000000000, 0.000000000000000000 ) ) ;
#3835 = ORIENTED_EDGE ( 'NONE', *, *, #5221, .F. ) ;
#3836 = CARTESIAN_POINT ( 'NONE',  ( -24.99999999999999289, -70.00000000000000000, 2.149999999999999911 ) ) ;
#3837 = VERTEX_POINT ( 'NONE', #1284 ) ;
#3838 = CARTESIAN_POINT ( 'NONE',  ( 35.88694630918593731, -45.70656535835941270, 0.000000000000000000 ) ) ;
#3839 = LINE ( 'NONE', #3448, #3614 ) ;
#3840 = ORIENTED_EDGE ( 'NONE', *, *, #5106, .T. ) ;
#3841 = EDGE_CURVE ( 'NONE', #3218, #2985, #4731, .T. ) ;
#3842 = EDGE_CURVE ( 'NONE', #787, #1066, #3379, .T. ) ;
#3843 = CARTESIAN_POINT ( 'NONE',  ( -43.12499999999998579, -12.99999999999999822, 5.000000000000000000 ) ) ;
#3844 = ADVANCED_FACE ( 'NONE', ( #2197 ), #84, .T. ) ;
#3845 = ORIENTED_EDGE ( 'NONE', *, *, #2391, .T. ) ;
#3846 = DIRECTION ( 'NONE',  ( -1.000000000000000000, -0.000000000000000000, -0.000000000000000000 ) ) ;
#3847 = LINE ( 'NONE', #4733, #4205 ) ;
#3848 = CIRCLE ( 'NONE', #2524, 6.249999999999998224 ) ;
#3849 = CARTESIAN_POINT ( 'NONE',  ( 20.00000000000000000, 0.000000000000000000, 9.999999999999998224 ) ) ;
#3850 = ORIENTED_EDGE ( 'NONE', *, *, #275, .F. ) ;
#3851 = LINE ( 'NONE', #3100, #2132 ) ;
#3852 = VERTEX_POINT ( 'NONE', #4241 ) ;
#3853 = ORIENTED_EDGE ( 'NONE', *, *, #2276, .T. ) ;
#3854 = DIRECTION ( 'NONE',  ( -0.000000000000000000, -0.000000000000000000, 1.000000000000000000 ) ) ;
#3855 = DIRECTION ( 'NONE',  ( 0.000000000000000000, 0.000000000000000000, -1.000000000000000000 ) ) ;
#3856 = ORIENTED_EDGE ( 'NONE', *, *, #304, .F. ) ;
#3857 = CARTESIAN_POINT ( 'NONE',  ( 43.12499999999998579, -63.00000000000000000, 10.00156225593563875 ) ) ;
#3858 = UNCERTAINTY_MEASURE_WITH_UNIT (LENGTH_MEASURE( 1.000000000000000082E-05 ), #229, 'distance_accuracy_value', 'NONE');
#3859 = VECTOR ( 'NONE', #108, 1000.000000000000000 ) ;
#3860 = ORIENTED_EDGE ( 'NONE', *, *, #172, .T. ) ;
#3861 = CARTESIAN_POINT ( 'NONE',  ( 35.28894739933467406, -34.25000000000000000, 0.000000000000000000 ) ) ;
#3862 = VECTOR ( 'NONE', #1913, 1000.000000000000000 ) ;
#3863 = CARTESIAN_POINT ( 'NONE',  ( -25.00000000000000000, -3.000000000000000888, 5.000000000000000000 ) ) ;
#3864 = VERTEX_POINT ( 'NONE', #2121 ) ;
#3865 = CARTESIAN_POINT ( 'NONE',  ( -24.00000000000000000, -4.000000000000000000, 5.000000000000000888 ) ) ;
#3866 = CIRCLE ( 'NONE', #1204, 3.000000000000002665 ) ;
#3867 = ORIENTED_EDGE ( 'NONE', *, *, #2968, .F. ) ;
#3868 = EDGE_CURVE ( 'NONE', #4046, #4656, #3821, .T. ) ;
#3869 = DIRECTION ( 'NONE',  ( 0.000000000000000000, 0.000000000000000000, -1.000000000000000000 ) ) ;
#3870 = DIRECTION ( 'NONE',  ( -1.000000000000000000, 0.000000000000000000, 0.000000000000000000 ) ) ;
#3871 = CARTESIAN_POINT ( 'NONE',  ( 19.40000000000000924, -70.00000000000000000, 5.000000000000000000 ) ) ;
#3872 = VECTOR ( 'NONE', #5069, 1000.000000000000000 ) ;
#3873 = ORIENTED_EDGE ( 'NONE', *, *, #3099, .F. ) ;
#3874 = FACE_BOUND ( 'NONE', #2701, .T. ) ;
#3875 =( GEOMETRIC_REPRESENTATION_CONTEXT ( 3 ) GLOBAL_UNCERTAINTY_ASSIGNED_CONTEXT ( ( #2752 ) ) GLOBAL_UNIT_ASSIGNED_CONTEXT ( ( #1711, #4645, #4690 ) ) REPRESENTATION_CONTEXT ( 'NONE', 'WORKASPACE' ) );
#3876 = ADVANCED_FACE ( 'NONE', ( #3125 ), #4701, .T. ) ;
#3877 = DIRECTION ( 'NONE',  ( 0.000000000000000000, 0.000000000000000000, -1.000000000000000000 ) ) ;
#3878 = ORIENTED_EDGE ( 'NONE', *, *, #4757, .T. ) ;
#3879 = ORIENTED_EDGE ( 'NONE', *, *, #1463, .T. ) ;
#3880 = EDGE_CURVE ( 'NONE', #3982, #4382, #5290, .T. ) ;
#3881 = LINE ( 'NONE', #2577, #4856 ) ;
#3882 = CARTESIAN_POINT ( 'NONE',  ( -25.00000000000000000, 0.000000000000000000, 13.99999999999999822 ) ) ;
#3883 = ORIENTED_EDGE ( 'NONE', *, *, #5099, .T. ) ;
#3884 = DIRECTION ( 'NONE',  ( 0.000000000000000000, 1.734723475976807587E-16, 1.000000000000000000 ) ) ;
#3885 = CIRCLE ( 'NONE', #2739, 10.00000000000000000 ) ;
#3886 = VECTOR ( 'NONE', #5464, 1000.000000000000000 ) ;
#3887 = LINE ( 'NONE', #1792, #2416 ) ;
#3888 = AXIS2_PLACEMENT_3D ( 'NONE', #4377, #175, #2290 ) ;
#3889 = ORIENTED_EDGE ( 'NONE', *, *, #2112, .F. ) ;
#3890 = CARTESIAN_POINT ( 'NONE',  ( 1.561251128379126385E-14, -42.74999999999998579, 5.000000000000009770 ) ) ;
#3891 = CARTESIAN_POINT ( 'NONE',  ( 27.74999999999999289, 60.00000000000000000, 8.673617379884035472E-16 ) ) ;
#3892 = LINE ( 'NONE', #80, #4397 ) ;
#3893 = ORIENTED_EDGE ( 'NONE', *, *, #905, .T. ) ;
#3894 = AXIS2_PLACEMENT_3D ( 'NONE', #5375, #3339, #669 ) ;
#3895 = DIRECTION ( 'NONE',  ( 1.000000000000000000, 0.000000000000000000, 0.000000000000000000 ) ) ;
#3896 = CARTESIAN_POINT ( 'NONE',  ( -36.00000000000000711, -13.00000000000000178, 15.00000000000000000 ) ) ;
#3897 = DIRECTION ( 'NONE',  ( 0.000000000000000000, 0.000000000000000000, 1.000000000000000000 ) ) ;
#3898 = CARTESIAN_POINT ( 'NONE',  ( 20.00000000000001066, -25.00000000000000000, 11.00000000000000000 ) ) ;
#3899 = ORIENTED_EDGE ( 'NONE', *, *, #3309, .T. ) ;
#3900 = VECTOR ( 'NONE', #308, 1000.000000000000000 ) ;
#3901 = FACE_OUTER_BOUND ( 'NONE', #5339, .T. ) ;
#3902 = VERTEX_POINT ( 'NONE', #2684 ) ;
#3903 = DIRECTION ( 'NONE',  ( -1.000000000000000000, -1.982541115402065849E-16, -0.000000000000000000 ) ) ;
#3904 = EDGE_LOOP ( 'NONE', ( #325, #402, #3187, #2384, #2183, #4356, #3860, #3163, #1920 ) ) ;
#3905 = ORIENTED_EDGE ( 'NONE', *, *, #2148, .T. ) ;
#3906 = DIRECTION ( 'NONE',  ( -1.000000000000000000, 0.000000000000000000, 0.000000000000000000 ) ) ;
#3908 = EDGE_CURVE ( 'NONE', #367, #4808, #3813, .T. ) ;
#3907 = VECTOR ( 'NONE', #2265, 1000.000000000000000 ) ;
#3909 = DIRECTION ( 'NONE',  ( -0.000000000000000000, -0.000000000000000000, -1.000000000000000000 ) ) ;
#3910 = EDGE_CURVE ( 'NONE', #4671, #4676, #4371, .T. ) ;
#3911 = ORIENTED_EDGE ( 'NONE', *, *, #4121, .T. ) ;
#3912 = EDGE_CURVE ( 'NONE', #4605, #4718, #2254, .T. ) ;
#3913 = CARTESIAN_POINT ( 'NONE',  ( -39.99999999999997868, -81.25000000000001421, 5.000000000000000000 ) ) ;
#3914 = CYLINDRICAL_SURFACE ( 'NONE', #914, 5.000000000000011546 ) ;
#3915 = ORIENTED_EDGE ( 'NONE', *, *, #2168, .T. ) ;
#3916 = VECTOR ( 'NONE', #523, 999.9999999999998863 ) ;
#3917 = ORIENTED_EDGE ( 'NONE', *, *, #232, .T. ) ;
#3918 = DIRECTION ( 'NONE',  ( -0.000000000000000000, 1.000000000000000000, -0.000000000000000000 ) ) ;
#3919 = DIRECTION ( 'NONE',  ( 1.000000000000000000, 0.000000000000000000, 0.000000000000000000 ) ) ;
#3920 = CARTESIAN_POINT ( 'NONE',  ( -30.00000000000001066, -25.00000000000000000, 11.00000000000000000 ) ) ;
#3921 = FACE_OUTER_BOUND ( 'NONE', #3235, .T. ) ;
#3922 = ORIENTED_EDGE ( 'NONE', *, *, #3608, .F. ) ;
#3923 = DIRECTION ( 'NONE',  ( -0.000000000000000000, -1.000000000000000000, -0.000000000000000000 ) ) ;
#3924 = DIRECTION ( 'NONE',  ( -0.000000000000000000, -0.000000000000000000, -1.000000000000000000 ) ) ;
#3925 = FACE_OUTER_BOUND ( 'NONE', #3449, .T. ) ;
#3926 = DIRECTION ( 'NONE',  ( -0.000000000000000000, -0.000000000000000000, 1.000000000000000000 ) ) ;
#3927 = ORIENTED_EDGE ( 'NONE', *, *, #3603, .T. ) ;
#3928 = EDGE_LOOP ( 'NONE', ( #4334, #29, #598, #1040 ) ) ;
#3929 = LINE ( 'NONE', #2603, #3178 ) ;
#3930 = ORIENTED_EDGE ( 'NONE', *, *, #2036, .T. ) ;
#3931 = ORIENTED_EDGE ( 'NONE', *, *, #1557, .T. ) ;
#3932 = DIRECTION ( 'NONE',  ( 0.000000000000000000, 0.000000000000000000, -1.000000000000000000 ) ) ;
#3933 = CARTESIAN_POINT ( 'NONE',  ( -20.00000000000000000, 3.000000000000000444, 5.000000000000000000 ) ) ;
#3934 = VERTEX_POINT ( 'NONE', #5264 ) ;
#3935 = AXIS2_PLACEMENT_3D ( 'NONE', #2827, #700, #1482 ) ;
#3936 = ADVANCED_FACE ( 'NONE', ( #1805 ), #165, .T. ) ;
#3937 = DIRECTION ( 'NONE',  ( -0.000000000000000000, -0.000000000000000000, 1.000000000000000000 ) ) ;
#3938 = CARTESIAN_POINT ( 'NONE',  ( 44.00000000000001421, -17.00000000000000000, 15.00000000000000000 ) ) ;
#3939 = EDGE_CURVE ( 'NONE', #490, #1253, #2484, .T. ) ;
#3940 = ORIENTED_EDGE ( 'NONE', *, *, #4769, .F. ) ;
#3941 = ADVANCED_FACE ( 'NONE', ( #140 ), #223, .F. ) ;
#3942 = ORIENTED_EDGE ( 'NONE', *, *, #1266, .T. ) ;
#3943 = EDGE_CURVE ( 'NONE', #3460, #4552, #5062, .T. ) ;
#3944 = CARTESIAN_POINT ( 'NONE',  ( 15.00000000000000533, 3.000000000000000000, 9.999999999999998224 ) ) ;
#3945 = DIRECTION ( 'NONE',  ( 0.000000000000000000, 0.000000000000000000, -1.000000000000000000 ) ) ;
#3946 = CARTESIAN_POINT ( 'NONE',  ( 40.12499999999997868, -18.00000000000000355, 10.00156225593563697 ) ) ;
#3947 = EDGE_CURVE ( 'NONE', #4436, #2061, #3979, .T. ) ;
#3948 = FACE_OUTER_BOUND ( 'NONE', #872, .T. ) ;
#3949 = ORIENTED_EDGE ( 'NONE', *, *, #1124, .T. ) ;
#3950 = AXIS2_PLACEMENT_3D ( 'NONE', #1803, #1335, #912 ) ;
#3951 = DIRECTION ( 'NONE',  ( -0.000000000000000000, 1.000000000000000000, -0.000000000000000000 ) ) ;
#3952 = DIRECTION ( 'NONE',  ( -0.000000000000000000, 1.000000000000000000, -0.000000000000000000 ) ) ;
#3953 = DIRECTION ( 'NONE',  ( 0.000000000000000000, 0.000000000000000000, 1.000000000000000000 ) ) ;
#3954 = VECTOR ( 'NONE', #3884, 1000.000000000000000 ) ;
#3955 = VERTEX_POINT ( 'NONE', #641 ) ;
#3956 = FACE_BOUND ( 'NONE', #3426, .T. ) ;
#3957 = ORIENTED_EDGE ( 'NONE', *, *, #4598, .F. ) ;
#3958 = CARTESIAN_POINT ( 'NONE',  ( 40.00000000000000000, -14.00000000000000178, 9.999999999999998224 ) ) ;
#3959 = CARTESIAN_POINT ( 'NONE',  ( -21.00000000000000000, 0.000000000000000000, 13.99999999999999822 ) ) ;
#3960 = CARTESIAN_POINT ( 'NONE',  ( 43.12499999999998579, -12.99999999999999822, 10.00156225593563875 ) ) ;
#3961 = FACE_OUTER_BOUND ( 'NONE', #861, .T. ) ;
#3962 = ORIENTED_EDGE ( 'NONE', *, *, #4187, .T. ) ;
#3963 = DIRECTION ( 'NONE',  ( -1.000000000000000000, 0.000000000000000000, 0.000000000000000000 ) ) ;
#3964 = CYLINDRICAL_SURFACE ( 'NONE', #2079, 1.000000000000000888 ) ;
#3965 = VERTEX_POINT ( 'NONE', #1091 ) ;
#3966 = ORIENTED_EDGE ( 'NONE', *, *, #5447, .F. ) ;
#3967 = ADVANCED_FACE ( 'NONE', ( #2794 ), #5504, .T. ) ;
#3968 = VERTEX_POINT ( 'NONE', #1035 ) ;
#3969 = DIRECTION ( 'NONE',  ( 0.000000000000000000, 0.000000000000000000, -1.000000000000000000 ) ) ;
#3970 = VECTOR ( 'NONE', #480, 1000.000000000000000 ) ;
#3971 = VECTOR ( 'NONE', #5127, 1000.000000000000000 ) ;
#3972 = PLANE ( 'NONE',  #3201 ) ;
#3973 = FACE_OUTER_BOUND ( 'NONE', #1351, .T. ) ;
#3974 = EDGE_CURVE ( 'NONE', #4253, #3074, #3566, .T. ) ;
#3975 = SURFACE_SIDE_STYLE ('',( #4395 ) ) ;
#3976 = EDGE_CURVE ( 'NONE', #401, #4904, #3510, .T. ) ;
#3977 = EDGE_LOOP ( 'NONE', ( #4782, #4275 ) ) ;
#3978 = EDGE_CURVE ( 'NONE', #2381, #1764, #193, .T. ) ;
#3979 = LINE ( 'NONE', #1862, #3283 ) ;
#3980 = CARTESIAN_POINT ( 'NONE',  ( -37.12499999999997868, -58.00000000000000711, 15.00000000000000000 ) ) ;
#3981 = DIRECTION ( 'NONE',  ( -0.000000000000000000, 1.000000000000000000, -0.000000000000000000 ) ) ;
#3982 = VERTEX_POINT ( 'NONE', #3592 ) ;
#3983 = DIRECTION ( 'NONE',  ( -0.000000000000000000, -0.000000000000000000, -1.000000000000000000 ) ) ;
#3984 = ORIENTED_EDGE ( 'NONE', *, *, #479, .T. ) ;
#3985 = CARTESIAN_POINT ( 'NONE',  ( 21.00000000000000000, 4.000000000000000000, 5.000000000000000888 ) ) ;
#3986 = DIRECTION ( 'NONE',  ( 0.000000000000000000, 0.000000000000000000, 1.000000000000000000 ) ) ;
#3987 = VECTOR ( 'NONE', #3243, 1000.000000000000000 ) ;
#3988 = LINE ( 'NONE', #177, #1386 ) ;
#3989 = DIRECTION ( 'NONE',  ( 0.000000000000000000, 0.000000000000000000, -1.000000000000000000 ) ) ;
#3990 = ORIENTED_EDGE ( 'NONE', *, *, #3753, .T. ) ;
#3991 = AXIS2_PLACEMENT_3D ( 'NONE', #4900, #5231, #4841 ) ;
#3992 = DIRECTION ( 'NONE',  ( 1.000000000000000000, 0.000000000000000000, 0.000000000000000000 ) ) ;
#3993 = DIRECTION ( 'NONE',  ( -1.000000000000000000, 0.000000000000000000, 0.000000000000000000 ) ) ;
#3994 = CIRCLE ( 'NONE', #882, 5.600000000000000533 ) ;
#3995 = ORIENTED_EDGE ( 'NONE', *, *, #4974, .F. ) ;
#3996 = ORIENTED_EDGE ( 'NONE', *, *, #1822, .T. ) ;
#3997 = DIRECTION ( 'NONE',  ( -0.000000000000000000, -0.000000000000000000, 1.000000000000000000 ) ) ;
#3998 = VECTOR ( 'NONE', #1880, 1000.000000000000000 ) ;
#3999 = CARTESIAN_POINT ( 'NONE',  ( -34.99999999779716831, -34.24999999999999289, 0.000000000000000000 ) ) ;
#4000 = DIRECTION ( 'NONE',  ( 1.000000000000000000, 0.000000000000000000, -0.000000000000000000 ) ) ;
#4001 = VECTOR ( 'NONE', #1405, 1000.000000000000000 ) ;
#4002 = VECTOR ( 'NONE', #1378, 1000.000000000000000 ) ;
#4003 = DIRECTION ( 'NONE',  ( 0.000000000000000000, 0.000000000000000000, -1.000000000000000000 ) ) ;
#4004 = ORIENTED_EDGE ( 'NONE', *, *, #3715, .F. ) ;
#4005 = ADVANCED_FACE ( 'NONE', ( #5322 ), #4173, .T. ) ;
#4006 = DIRECTION ( 'NONE',  ( -1.000000000000000000, -0.000000000000000000, -0.000000000000000000 ) ) ;
#4007 = CARTESIAN_POINT ( 'NONE',  ( 0.000000000000000000, 0.000000000000000000, -0.001000000000000132727 ) ) ;
#4008 = EDGE_CURVE ( 'NONE', #3764, #361, #2750, .T. ) ;
#4009 = FACE_OUTER_BOUND ( 'NONE', #2408, .T. ) ;
#4010 = VERTEX_POINT ( 'NONE', #2927 ) ;
#4011 = ADVANCED_FACE ( 'NONE', ( #5456 ), #2300, .T. ) ;
#4012 = CARTESIAN_POINT ( 'NONE',  ( -40.00000000000001421, -17.00000000000000000, 9.999999999999998224 ) ) ;
#4013 = ORIENTED_EDGE ( 'NONE', *, *, #5310, .F. ) ;
#4014 = CARTESIAN_POINT ( 'NONE',  ( -40.00000000000000711, -59.00000000000000000, 9.999999999999998224 ) ) ;
#4015 = DIRECTION ( 'NONE',  ( 1.000000000000000000, 0.000000000000000000, 0.000000000000000000 ) ) ;
#4016 = DIRECTION ( 'NONE',  ( -6.938893903907227392E-16, 1.000000000000000000, 0.000000000000000000 ) ) ;
#4017 = VECTOR ( 'NONE', #3693, 1000.000000000000000 ) ;
#4018 = ORIENTED_EDGE ( 'NONE', *, *, #2000, .T. ) ;
#4019 = LINE ( 'NONE', #3192, #3730 ) ;
#4020 = ORIENTED_EDGE ( 'NONE', *, *, #983, .F. ) ;
#4021 = DIRECTION ( 'NONE',  ( 0.000000000000000000, 0.000000000000000000, 1.000000000000000000 ) ) ;
#4022 = CARTESIAN_POINT ( 'NONE',  ( -34.99999999999997868, -42.75000000000000000, 5.000000000000000000 ) ) ;
#4023 = UNCERTAINTY_MEASURE_WITH_UNIT (LENGTH_MEASURE( 1.000000000000000082E-05 ), #125, 'distance_accuracy_value', 'NONE');
#4024 = ORIENTED_EDGE ( 'NONE', *, *, #4358, .T. ) ;
#4025 = ORIENTED_EDGE ( 'NONE', *, *, #716, .F. ) ;
#4026 = CIRCLE ( 'NONE', #4654, 4.000000000000000000 ) ;
#4027 = CARTESIAN_POINT ( 'NONE',  ( -40.00000000000000000, -18.00000000000000355, 9.999999999999998224 ) ) ;
#4028 = DIRECTION ( 'NONE',  ( 1.000000000000000000, 0.000000000000000000, 0.000000000000000000 ) ) ;
#4029 = CARTESIAN_POINT ( 'NONE',  ( -37.77409858134808474, -34.92553956359888900, 0.000000000000000000 ) ) ;
#4030 = DIRECTION ( 'NONE',  ( 0.000000000000000000, 0.000000000000000000, 1.000000000000000000 ) ) ;
#4031 = DIRECTION ( 'NONE',  ( 0.000000000000000000, 1.000000000000000000, 0.000000000000000000 ) ) ;
#4032 = VERTEX_POINT ( 'NONE', #3260 ) ;
#4033 = LINE ( 'NONE', #2737, #1419 ) ;
#4034 = FACE_OUTER_BOUND ( 'NONE', #271, .T. ) ;
#4035 = ORIENTED_EDGE ( 'NONE', *, *, #4872, .T. ) ;
#4036 = CARTESIAN_POINT ( 'NONE',  ( 40.00000000000000000, -17.00000000000000000, 9.999999999999998224 ) ) ;
#4037 = CIRCLE ( 'NONE', #129, 2.749999999999999112 ) ;
#4038 = EDGE_LOOP ( 'NONE', ( #1989, #3227, #961, #3873 ) ) ;
#4039 = EDGE_CURVE ( 'NONE', #1814, #4552, #752, .T. ) ;
#4040 = AXIS2_PLACEMENT_3D ( 'NONE', #4874, #5288, #2821 ) ;
#4041 = LINE ( 'NONE', #4803, #4612 ) ;
#4042 = DIRECTION ( 'NONE',  ( -0.000000000000000000, -1.000000000000000000, -0.000000000000000000 ) ) ;
#4043 = EDGE_LOOP ( 'NONE', ( #4051, #4122 ) ) ;
#4044 = CARTESIAN_POINT ( 'NONE',  ( 28.81710979338332379, -34.25000000000000000, -0.000000000000000000 ) ) ;
#4045 = EDGE_CURVE ( 'NONE', #2272, #375, #4599, .T. ) ;
#4046 = VERTEX_POINT ( 'NONE', #1610 ) ;
#4047 = B_SPLINE_SURFACE_WITH_KNOTS ( 'NONE', 3, 1, ( 
 ( #2880, #2030 ),
 ( #4068, #4571 ),
 ( #3728, #258 ),
 ( #1949, #908 ),
 ( #5482, #4233 ),
 ( #1716, #5068 ),
 ( #3396, #3861 ),
 ( #2115, #3447 ),
 ( #1254, #413 ),
 ( #5094, #808 ),
 ( #2954, #4698 ),
 ( #3809, #1744 ),
 ( #4259, #77 ),
 ( #859, #1279 ),
 ( #2980, #50 ),
 ( #2562, #1771 ),
 ( #1694, #5514 ),
 ( #4675, #5145 ),
 ( #3475, #2142 ),
 ( #442, #3838 ),
 ( #1664, #3367 ),
 ( #24, #3421 ),
 ( #884, #5119 ),
 ( #3890, #1305 ),
 ( #492, #3004 ),
 ( #2590, #4305 ),
 ( #4283, #2613 ),
 ( #466, #4651 ),
 ( #2510, #5175 ),
 ( #2163, #2192 ),
 ( #2084, #1330 ),
 ( #4724, #834 ),
 ( #3033, #1357 ),
 ( #4625, #4207 ),
 ( #385, #3781 ),
 ( #2535, #4338 ),
 ( #1383, #603 ),
 ( #218, #4029 ),
 ( #1911, #3588 ),
 ( #1825, #4753 ),
 ( #3504, #3146 ),
 ( #1854, #3999 ) ),
 .UNSPECIFIED., .T., .F., .F.,
 ( 4, 1, 1, 1, 2, 1, 1, 1, 1, 1, 1, 1, 1, 1, 1, 1, 1, 1, 2, 1, 1, 1, 2, 1, 1, 1, 1, 1, 1, 1, 1, 1, 1, 1, 1, 1, 4 ),
 ( 2, 2 ),
 ( 0.000000000000000000, 0.1053133936214546429, 0.2106267872429092858, 0.3159401808643639842, 0.4212535744858185716, 0.4261752260804549386, 0.4310968776750911946, 0.4360185292697275061, 0.4409401808643638732, 0.4507834840536366072, 0.4557051356482728632, 0.4606267872429092858, 0.4655484388375454863, 0.4704700904321819088, 0.4803133936214546429, 0.4852350452160910099, 0.4901566968107272659, 0.4950783484053635775, 0.4999999999999999445, 0.6053133936214547539, 0.7106267872429091748, 0.8159401808643638176, 0.9212535744858185716, 0.9261752260804548831, 0.9310968776750913056, 0.9360185292697276171, 0.9409401808643640397, 0.9507834840536367738, 0.9557051356482729743, 0.9606267872429092858, 0.9655484388375457083, 0.9704700904321817978, 0.9803133936214545319, 0.9852350452160909544, 0.9901566968107272659, 0.9950783484053636885, 1.000000000000000000 ),
 ( 0.000000000000000000, 1.000000000000000000 ),
 .UNSPECIFIED. ) ;
#4048 = LINE ( 'NONE', #240, #4512 ) ;
#4049 = EDGE_CURVE ( 'NONE', #3193, #956, #1851, .T. ) ;
#4050 = CARTESIAN_POINT ( 'NONE',  ( 25.00000000000000711, -70.00000000000000000, 5.000000000000000000 ) ) ;
#4051 = ORIENTED_EDGE ( 'NONE', *, *, #4903, .F. ) ;
#4052 = ORIENTED_EDGE ( 'NONE', *, *, #2762, .T. ) ;
#4053 = EDGE_CURVE ( 'NONE', #1270, #2165, #2854, .T. ) ;
#4054 = DIRECTION ( 'NONE',  ( -0.000000000000000000, -1.000000000000000000, 0.000000000000000000 ) ) ;
#4055 = DIRECTION ( 'NONE',  ( 1.000000000000000000, 0.000000000000000000, 0.000000000000000000 ) ) ;
#4056 = ORIENTED_EDGE ( 'NONE', *, *, #2206, .T. ) ;
#4057 = CIRCLE ( 'NONE', #504, 2.749999999999999112 ) ;
#4058 = AXIS2_PLACEMENT_3D ( 'NONE', #12, #867, #3822 ) ;
#4059 = FACE_OUTER_BOUND ( 'NONE', #2775, .T. ) ;
#4060 = CARTESIAN_POINT ( 'NONE',  ( 20.00000000000001066, -25.00000000000000000, 5.000000000000000000 ) ) ;
#4061 = CARTESIAN_POINT ( 'NONE',  ( 40.00000000000001421, -14.00000000000000178, 9.999999999999998224 ) ) ;
#4062 = AXIS2_PLACEMENT_3D ( 'NONE', #3797, #2255, #5086 ) ;
#4063 = FACE_OUTER_BOUND ( 'NONE', #2117, .T. ) ;
#4064 = EDGE_CURVE ( 'NONE', #3837, #1004, #3452, .T. ) ;
#4065 = ORIENTED_EDGE ( 'NONE', *, *, #1196, .F. ) ;
#4066 = VECTOR ( 'NONE', #4740, 1000.000000000000000 ) ;
#4067 = AXIS2_PLACEMENT_3D ( 'NONE', #424, #453, #2123 ) ;
#4068 = CARTESIAN_POINT ( 'NONE',  ( -29.47881336083483461, -37.24999999999999289, 4.999999999999999112 ) ) ;
#4069 = DIRECTION ( 'NONE',  ( -0.000000000000000000, 1.000000000000000000, -0.000000000000000000 ) ) ;
#4070 = DIRECTION ( 'NONE',  ( -1.000000000000000000, 0.000000000000000000, 0.000000000000000000 ) ) ;
#4071 = VECTOR ( 'NONE', #1457, 1000.000000000000000 ) ;
#4072 = CARTESIAN_POINT ( 'NONE',  ( -24.00000000000000000, -4.000000000000000000, 9.999999999999998224 ) ) ;
#4073 = ORIENTED_EDGE ( 'NONE', *, *, #2729, .T. ) ;
#4074 = CIRCLE ( 'NONE', #2477, 4.999999999999993783 ) ;
#4075 = LINE ( 'NONE', #3661, #2648 ) ;
#4076 = CARTESIAN_POINT ( 'NONE',  ( -20.00000000000000000, 0.000000000000000000, 13.99999999999999822 ) ) ;
#4077 = CYLINDRICAL_SURFACE ( 'NONE', #4866, 5.000000000000000000 ) ;
#4078 = VERTEX_POINT ( 'NONE', #1978 ) ;
#4079 = DIRECTION ( 'NONE',  ( -1.000000000000000000, -0.000000000000000000, -0.000000000000000000 ) ) ;
#4080 = ORIENTED_EDGE ( 'NONE', *, *, #4663, .F. ) ;
#4081 = CYLINDRICAL_SURFACE ( 'NONE', #864, 5.000000000000000888 ) ;
#4082 = CARTESIAN_POINT ( 'NONE',  ( 35.00000000000000000, -17.00000000000000000, 15.00000000000000000 ) ) ;
#4083 = ADVANCED_FACE ( 'NONE', ( #698 ), #3680, .F. ) ;
#4084 = VERTEX_POINT ( 'NONE', #1230 ) ;
#4085 = ORIENTED_EDGE ( 'NONE', *, *, #96, .F. ) ;
#4086 = DIRECTION ( 'NONE',  ( -0.000000000000000000, 0.000000000000000000, -1.000000000000000000 ) ) ;
#4087 = EDGE_CURVE ( 'NONE', #1253, #329, #792, .T. ) ;
#4088 = CARTESIAN_POINT ( 'NONE',  ( -39.99999999999997868, -81.25000000000001421, 5.000000000000000000 ) ) ;
#4089 = EDGE_LOOP ( 'NONE', ( #2189, #3143, #156, #2656 ) ) ;
#4090 = EDGE_CURVE ( 'NONE', #838, #5360, #4960, .T. ) ;
#4091 = AXIS2_PLACEMENT_3D ( 'NONE', #2679, #4840, #3560 ) ;
#4092 = AXIS2_PLACEMENT_3D ( 'NONE', #3946, #4927, #2789 ) ;
#4093 = AXIS2_PLACEMENT_3D ( 'NONE', #2499, #3354, #5056 ) ;
#4094 = DIRECTION ( 'NONE',  ( -0.000000000000000000, -0.000000000000000000, -1.000000000000000000 ) ) ;
#4095 = DIRECTION ( 'NONE',  ( 1.000000000000000000, 0.000000000000000000, 0.000000000000000000 ) ) ;
#4096 = AXIS2_PLACEMENT_3D ( 'NONE', #3605, #1131, #208 ) ;
#4097 = DIRECTION ( 'NONE',  ( 0.000000000000000000, 0.000000000000000000, 1.000000000000000000 ) ) ;
#4098 = VECTOR ( 'NONE', #355, 1000.000000000000000 ) ;
#4099 = VERTEX_POINT ( 'NONE', #3313 ) ;
#4100 = DIRECTION ( 'NONE',  ( 1.000000000000000000, 0.000000000000000000, 0.000000000000000000 ) ) ;
#4101 = CARTESIAN_POINT ( 'NONE',  ( -27.75000000000000711, 60.00000000000000000, 5.000000000000000000 ) ) ;
#4102 = VECTOR ( 'NONE', #46, 1000.000000000000000 ) ;
#4103 = DIRECTION ( 'NONE',  ( -0.000000000000000000, -0.000000000000000000, -1.000000000000000000 ) ) ;
#4104 = LINE ( 'NONE', #1561, #5153 ) ;
#4105 = VERTEX_POINT ( 'NONE', #1580 ) ;
#4106 = FACE_BOUND ( 'NONE', #5444, .T. ) ;
#4107 = CARTESIAN_POINT ( 'NONE',  ( -40.00000000000001421, -14.00000000000000178, 15.00000000000000000 ) ) ;
#4108 = CARTESIAN_POINT ( 'NONE',  ( -22.24999999999999645, -70.00000000000000000, 8.673617379884035472E-16 ) ) ;
#4109 = ORIENTED_EDGE ( 'NONE', *, *, #2760, .T. ) ;
#4110 = CARTESIAN_POINT ( 'NONE',  ( 35.28894739933467406, -34.25000000000000000, 0.000000000000000000 ) ) ;
#4111 = CARTESIAN_POINT ( 'NONE',  ( 45.00000000000001421, -13.00000000000000178, 5.000000000000000000 ) ) ;
#4112 = DIRECTION ( 'NONE',  ( -0.000000000000000000, 0.000000000000000000, -1.000000000000000000 ) ) ;
#4113 = VERTEX_POINT ( 'NONE', #4123 ) ;
#4114 = ORIENTED_EDGE ( 'NONE', *, *, #5138, .F. ) ;
#4115 = DIRECTION ( 'NONE',  ( 0.000000000000000000, 0.000000000000000000, -1.000000000000000000 ) ) ;
#4116 = CARTESIAN_POINT ( 'NONE',  ( -20.00000000000000000, -2.999999999999998224, 15.00000000000000178 ) ) ;
#4117 = EDGE_CURVE ( 'NONE', #5248, #363, #2456, .T. ) ;
#4118 = EDGE_CURVE ( 'NONE', #717, #2628, #2902, .T. ) ;
#4119 = CYLINDRICAL_SURFACE ( 'NONE', #2584, 6.250000000000005329 ) ;
#4120 = CARTESIAN_POINT ( 'NONE',  ( 0.000000000000000000, -81.25000000000001421, 10.00000000000000000 ) ) ;
#4121 = EDGE_CURVE ( 'NONE', #1953, #1831, #4537, .T. ) ;
#4122 = ORIENTED_EDGE ( 'NONE', *, *, #2582, .F. ) ;
#4123 = CARTESIAN_POINT ( 'NONE',  ( 40.00000000000001421, -17.00000000000000000, 15.00000000000000000 ) ) ;
#4124 = DIRECTION ( 'NONE',  ( -0.000000000000000000, 0.000000000000000000, -1.000000000000000000 ) ) ;
#4125 = EDGE_CURVE ( 'NONE', #3709, #1567, #3286, .T. ) ;
#4126 = DIRECTION ( 'NONE',  ( -1.000000000000000000, 0.000000000000000000, 0.000000000000000000 ) ) ;
#4127 = CARTESIAN_POINT ( 'NONE',  ( -25.00000000000000000, 4.000000000000000000, 5.000000000000000000 ) ) ;
#4128 = EDGE_LOOP ( 'NONE', ( #3583, #1601, #4952, #2227 ) ) ;
#4129 = DIRECTION ( 'NONE',  ( 1.000000000000000000, 0.000000000000000000, 0.000000000000000000 ) ) ;
#4130 = DIRECTION ( 'NONE',  ( 0.000000000000000000, 0.000000000000000000, -1.000000000000000000 ) ) ;
#4131 = DIRECTION ( 'NONE',  ( 0.000000000000000000, -1.000000000000000000, 0.000000000000000000 ) ) ;
#4132 = ORIENTED_EDGE ( 'NONE', *, *, #2760, .F. ) ;
#4133 = CARTESIAN_POINT ( 'NONE',  ( -45.00000000000000711, -59.00000000000000000, 9.999999999999998224 ) ) ;
#4134 = AXIS2_PLACEMENT_3D ( 'NONE', #4992, #3708, #837 ) ;
#4135 = DIRECTION ( 'NONE',  ( 1.000000000000000000, 0.000000000000000000, 0.000000000000000000 ) ) ;
#4136 = CARTESIAN_POINT ( 'NONE',  ( -24.00000000000000000, 5.000000000000000000, 5.000000000000000000 ) ) ;
#4137 = ORIENTED_EDGE ( 'NONE', *, *, #5072, .T. ) ;
#4138 = EDGE_LOOP ( 'NONE', ( #4964, #3273, #1271, #3719 ) ) ;
#4139 = CARTESIAN_POINT ( 'NONE',  ( -36.00000000000000711, -58.00000000000000711, 5.000000000000000000 ) ) ;
#4140 = CARTESIAN_POINT ( 'NONE',  ( 40.00000000000000000, -18.00000000000000355, 9.999999999999998224 ) ) ;
#4141 =( GEOMETRIC_REPRESENTATION_CONTEXT ( 3 ) GLOBAL_UNCERTAINTY_ASSIGNED_CONTEXT ( ( #4023 ) ) GLOBAL_UNIT_ASSIGNED_CONTEXT ( ( #125, #2267, #2697 ) ) REPRESENTATION_CONTEXT ( 'NONE', 'WORKASPACE' ) );
#4142 = EDGE_LOOP ( 'NONE', ( #5151, #128, #5500, #5070 ) ) ;
#4143 = CARTESIAN_POINT ( 'NONE',  ( -40.00000000000001421, -14.00000000000000178, 9.999999999999998224 ) ) ;
#4144 = CIRCLE ( 'NONE', #3701, 2.749999999999999112 ) ;
#4145 = AXIS2_PLACEMENT_3D ( 'NONE', #2049, #1995, #2358 ) ;
#4146 = EDGE_CURVE ( 'NONE', #1089, #2631, #3109, .T. ) ;
#4147 = DIRECTION ( 'NONE',  ( 0.000000000000000000, 0.000000000000000000, -1.000000000000000000 ) ) ;
#4148 = ORIENTED_EDGE ( 'NONE', *, *, #5459, .F. ) ;
#4149 = CARTESIAN_POINT ( 'NONE',  ( 24.00000000000000000, 4.000000000000000000, 9.999999999999998224 ) ) ;
#4150 = DIRECTION ( 'NONE',  ( 1.000000000000000000, 0.000000000000000000, 0.000000000000000000 ) ) ;
#4151 = ADVANCED_FACE ( 'NONE', ( #5351 ), #4047, .F. ) ;
#4152 = EDGE_CURVE ( 'NONE', #2979, #3709, #935, .T. ) ;
#4153 = DIRECTION ( 'NONE',  ( -0.7071067811865477948, 8.659560562354936556E-17, 0.7071067811865473507 ) ) ;
#4154 = AXIS2_PLACEMENT_3D ( 'NONE', #3766, #5085, #3743 ) ;
#4155 = TOROIDAL_SURFACE ( 'NONE', #1837, 4.000000000000000000, 1.000000000000000000 ) ;
#4156 = EDGE_CURVE ( 'NONE', #4945, #654, #1507, .T. ) ;
#4157 = ORIENTED_EDGE ( 'NONE', *, *, #2992, .T. ) ;
#4158 = FACE_OUTER_BOUND ( 'NONE', #5461, .T. ) ;
#4159 = CIRCLE ( 'NONE', #1742, 4.000000000000000000 ) ;
#4160 = FACE_OUTER_BOUND ( 'NONE', #930, .T. ) ;
#4161 = CARTESIAN_POINT ( 'NONE',  ( -19.99999999999998579, -25.00000000000000000, 11.00000000000000000 ) ) ;
#4162 = ORIENTED_EDGE ( 'NONE', *, *, #1630, .T. ) ;
#4163 = CARTESIAN_POINT ( 'NONE',  ( -40.05359831970097417, -37.02614977261683293, 0.000000000000000000 ) ) ;
#4164 = AXIS2_PLACEMENT_3D ( 'NONE', #1012, #4407, #4015 ) ;
#4165 = FACE_OUTER_BOUND ( 'NONE', #3604, .T. ) ;
#4166 = DIRECTION ( 'NONE',  ( 0.000000000000000000, 0.000000000000000000, -1.000000000000000000 ) ) ;
#4167 = EDGE_LOOP ( 'NONE', ( #594, #4438, #2287, #1522 ) ) ;
#4168 = EDGE_LOOP ( 'NONE', ( #1047, #548, #2294, #2307 ) ) ;
#4169 = CARTESIAN_POINT ( 'NONE',  ( 30.00000000000000000, -25.00000000000000000, 11.00000000000000000 ) ) ;
#4170 = ADVANCED_FACE ( 'NONE', ( #1446 ), #1001, .T. ) ;
#4171 = LINE ( 'NONE', #4202, #3733 ) ;
#4172 = VERTEX_POINT ( 'NONE', #524 ) ;
#4173 = TOROIDAL_SURFACE ( 'NONE', #5143, 4.000000000000000000, 1.000000000000000000 ) ;
#4174 = LINE ( 'NONE', #3362, #1962 ) ;
#4175 = VECTOR ( 'NONE', #4988, 1000.000000000000000 ) ;
#4176 = CARTESIAN_POINT ( 'NONE',  ( 37.12499999999997868, -12.99999999999999822, 10.00156225593563875 ) ) ;
#4177 = ORIENTED_EDGE ( 'NONE', *, *, #2934, .F. ) ;
#4178 = AXIS2_PLACEMENT_3D ( 'NONE', #254, #4000, #1002 ) ;
#4179 = CARTESIAN_POINT ( 'NONE',  ( -19.99999999999998579, -25.00000000000000000, 11.00000000000000000 ) ) ;
#4180 = CARTESIAN_POINT ( 'NONE',  ( -44.00000000000000711, -58.00000000000000000, 15.00000000000000000 ) ) ;
#4181 = ORIENTED_EDGE ( 'NONE', *, *, #5235, .F. ) ;
#4182 = VECTOR ( 'NONE', #4551, 1000.000000000000000 ) ;
#4183 = DIRECTION ( 'NONE',  ( 1.000000000000000000, 0.000000000000000000, 0.000000000000000000 ) ) ;
#4184 = VERTEX_POINT ( 'NONE', #5317 ) ;
#4186 = ADVANCED_FACE ( 'NONE', ( #4870 ), #4421, .F. ) ;
#4185 = AXIS2_PLACEMENT_3D ( 'NONE', #4535, #1575, #2423 ) ;
#4187 = EDGE_CURVE ( 'NONE', #1117, #850, #159, .T. ) ;
#4188 = CARTESIAN_POINT ( 'NONE',  ( 39.99999999999989342, 81.24999999999998579, 12.00000000000000000 ) ) ;
#4189 = VECTOR ( 'NONE', #4419, 1000.000000000000000 ) ;
#4190 = PLANE ( 'NONE',  #4450 ) ;
#4191 = EDGE_CURVE ( 'NONE', #1076, #1304, #1028, .T. ) ;
#4192 = DIRECTION ( 'NONE',  ( 1.000000000000000000, 0.000000000000000000, 0.000000000000000000 ) ) ;
#4193 = ORIENTED_EDGE ( 'NONE', *, *, #1196, .T. ) ;
#4194 = AXIS2_PLACEMENT_3D ( 'NONE', #4433, #5298, #1488 ) ;
#4195 = CARTESIAN_POINT ( 'NONE',  ( 36.74548407698654984, -42.14751394714355825, 4.999999999999992006 ) ) ;
#4196 = CARTESIAN_POINT ( 'NONE',  ( -44.00000000000001421, -18.00000000000000355, 9.999999999999998224 ) ) ;
#4197 = DIRECTION ( 'NONE',  ( -1.000000000000000000, -0.000000000000000000, -0.000000000000000000 ) ) ;
#4198 = ORIENTED_EDGE ( 'NONE', *, *, #4567, .F. ) ;
#4199 = ORIENTED_EDGE ( 'NONE', *, *, #3573, .T. ) ;
#4200 = EDGE_CURVE ( 'NONE', #4561, #1629, #2302, .T. ) ;
#4201 = CARTESIAN_POINT ( 'NONE',  ( 0.000000000000000000, -81.25000000000001421, 10.00000000000000000 ) ) ;
#4202 = CARTESIAN_POINT ( 'NONE',  ( -25.00000000000000000, 4.000000000000000000, 15.00000000000000000 ) ) ;
#4203 = VERTEX_POINT ( 'NONE', #4816 ) ;
#4204 = DIRECTION ( 'NONE',  ( 0.000000000000000000, -0.000000000000000000, -1.000000000000000000 ) ) ;
#4205 = VECTOR ( 'NONE', #4215, 1000.000000000000000 ) ;
#4206 = ORIENTED_EDGE ( 'NONE', *, *, #2932, .F. ) ;
#4207 = CARTESIAN_POINT ( 'NONE',  ( -40.80225555767523815, -39.99999999999995737, 0.000000000000000000 ) ) ;
#4208 = DIRECTION ( 'NONE',  ( 0.000000000000000000, 0.000000000000000000, -1.000000000000000000 ) ) ;
#4209 = ORIENTED_EDGE ( 'NONE', *, *, #2934, .T. ) ;
#4210 = CIRCLE ( 'NONE', #3585, 1.000000000000000888 ) ;
#4211 = DIRECTION ( 'NONE',  ( -1.000000000000000000, 0.000000000000000000, 0.000000000000000000 ) ) ;
#4212 = ORIENTED_EDGE ( 'NONE', *, *, #2900, .F. ) ;
#4213 = DIRECTION ( 'NONE',  ( 0.000000000000000000, 1.000000000000000000, -0.000000000000000000 ) ) ;
#4214 = FACE_BOUND ( 'NONE', #2929, .T. ) ;
#4215 = DIRECTION ( 'NONE',  ( 1.000000000000000000, 1.982541115402065849E-16, 0.000000000000000000 ) ) ;
#4216 = VECTOR ( 'NONE', #4895, 1000.000000000000000 ) ;
#4217 = LINE ( 'NONE', #4161, #3971 ) ;
#4218 = ORIENTED_EDGE ( 'NONE', *, *, #216, .F. ) ;
#4219 = CARTESIAN_POINT ( 'NONE',  ( 18.00748767465336186, -42.75000000000000711, 4.999999999999993783 ) ) ;
#4220 = ADVANCED_FACE ( 'NONE', ( #2278 ), #2645, .T. ) ;
#4221 = DIRECTION ( 'NONE',  ( 1.000000000000000000, 0.000000000000000000, 0.000000000000000000 ) ) ;
#4222 = CYLINDRICAL_SURFACE ( 'NONE', #2914, 2.999999999999999112 ) ;
#4223 = ORIENTED_EDGE ( 'NONE', *, *, #4289, .F. ) ;
#4224 = VERTEX_POINT ( 'NONE', #2250 ) ;
#4225 = EDGE_CURVE ( 'NONE', #69, #4321, #1800, .T. ) ;
#4226 = DIRECTION ( 'NONE',  ( -1.000000000000000000, -0.000000000000000000, -0.000000000000000000 ) ) ;
#4227 = VERTEX_POINT ( 'NONE', #4448 ) ;
#4228 = AXIS2_PLACEMENT_3D ( 'NONE', #3062, #1829, #526 ) ;
#4229 = EDGE_CURVE ( 'NONE', #1297, #387, #4796, .T. ) ;
#4230 = DIRECTION ( 'NONE',  ( 1.000000000000000000, 0.000000000000000000, 0.000000000000000000 ) ) ;
#4231 = CIRCLE ( 'NONE', #1118, 1.000000000000000888 ) ;
#4232 = ORIENTED_EDGE ( 'NONE', *, *, #1053, .T. ) ;
#4233 = CARTESIAN_POINT ( 'NONE',  ( 17.01943298838017782, -34.24999999999996447, 0.000000000000000000 ) ) ;
#4234 = CARTESIAN_POINT ( 'NONE',  ( -24.99999999999999645, -25.00000000000000000, 11.00000000000000000 ) ) ;
#4235 = VERTEX_POINT ( 'NONE', #3088 ) ;
#4236 = EDGE_CURVE ( 'NONE', #4099, #2953, #550, .T. ) ;
#4237 = FACE_OUTER_BOUND ( 'NONE', #21, .T. ) ;
#4238 = ORIENTED_EDGE ( 'NONE', *, *, #3061, .T. ) ;
#4239 = VECTOR ( 'NONE', #1673, 1000.000000000000000 ) ;
#4240 = CARTESIAN_POINT ( 'NONE',  ( 37.75000000000000711, 81.24999999999998579, 4.000000000000000000 ) ) ;
#4241 = CARTESIAN_POINT ( 'NONE',  ( -25.00000000000000000, -4.000000000000000000, 9.999999999999998224 ) ) ;
#4242 = CARTESIAN_POINT ( 'NONE',  ( -10.00000000000000178, -81.25000000000001421, 15.00000000000000000 ) ) ;
#4243 = DIRECTION ( 'NONE',  ( -1.000000000000000000, -0.000000000000000000, -0.000000000000000000 ) ) ;
#4244 = ORIENTED_EDGE ( 'NONE', *, *, #5001, .T. ) ;
#4245 = CARTESIAN_POINT ( 'NONE',  ( 36.82231164300139170, -45.48338716540894922, 0.000000000000000000 ) ) ;
#4246 = VECTOR ( 'NONE', #2354, 1000.000000000000000 ) ;
#4247 = AXIS2_PLACEMENT_3D ( 'NONE', #4609, #3381, #1313 ) ;
#4248 = DIRECTION ( 'NONE',  ( 0.000000000000000000, 0.000000000000000000, -1.000000000000000000 ) ) ;
#4249 = ORIENTED_EDGE ( 'NONE', *, *, #2485, .F. ) ;
#4250 = EDGE_LOOP ( 'NONE', ( #4957, #2864, #5303, #1469 ) ) ;
#4251 = CARTESIAN_POINT ( 'NONE',  ( 24.99999999999999289, 60.00000000000000000, 8.673617379884035472E-16 ) ) ;
#4252 = DIRECTION ( 'NONE',  ( -1.000000000000000000, 0.000000000000000000, 0.000000000000000000 ) ) ;
#4253 = VERTEX_POINT ( 'NONE', #4392 ) ;
#4254 = ADVANCED_FACE ( 'NONE', ( #578 ), #3972, .F. ) ;
#4255 = CARTESIAN_POINT ( 'NONE',  ( 25.00000000000000000, 0.000000000000000000, 9.999999999999998224 ) ) ;
#4256 = ADVANCED_FACE ( 'NONE', ( #2364 ), #3649, .T. ) ;
#4257 = EDGE_CURVE ( 'NONE', #5002, #4667, #253, .T. ) ;
#4258 = ORIENTED_EDGE ( 'NONE', *, *, #2959, .F. ) ;
#4259 = CARTESIAN_POINT ( 'NONE',  ( 37.72338347487983867, -39.53097181436592678, 4.999999999999998224 ) ) ;
#4260 = DIRECTION ( 'NONE',  ( -0.000000000000000000, 1.000000000000000000, -0.000000000000000000 ) ) ;
#4261 = ORIENTED_EDGE ( 'NONE', *, *, #316, .F. ) ;
#4262 = AXIS2_PLACEMENT_3D ( 'NONE', #3212, #2283, #977 ) ;
#4263 = LINE ( 'NONE', #974, #1553 ) ;
#4264 = ORIENTED_EDGE ( 'NONE', *, *, #996, .F. ) ;
#4265 = AXIS2_PLACEMENT_3D ( 'NONE', #629, #964, #2326 ) ;
#4266 = AXIS2_PLACEMENT_3D ( 'NONE', #5213, #952, #1400 ) ;
#4267 = DIRECTION ( 'NONE',  ( -1.000000000000000000, 0.000000000000000000, 0.000000000000000000 ) ) ;
#4268 = DIRECTION ( 'NONE',  ( 1.000000000000000000, 0.000000000000000000, 0.000000000000000000 ) ) ;
#4269 = CARTESIAN_POINT ( 'NONE',  ( -43.12499999999998579, -12.99999999999999822, 10.00156225593563875 ) ) ;
#4270 = ORIENTED_EDGE ( 'NONE', *, *, #3464, .T. ) ;
#4271 = CARTESIAN_POINT ( 'NONE',  ( -37.72338347487981736, -39.53097181436596230, 4.999999999999998224 ) ) ;
#4272 = CIRCLE ( 'NONE', #1073, 6.250000000000005329 ) ;
#4273 = CIRCLE ( 'NONE', #2949, 5.000000000000000888 ) ;
#4274 = CARTESIAN_POINT ( 'NONE',  ( -36.00000000000000711, -58.00000000000000711, 15.00000000000000000 ) ) ;
#4275 = ORIENTED_EDGE ( 'NONE', *, *, #5324, .T. ) ;
#4276 = ORIENTED_EDGE ( 'NONE', *, *, #1563, .F. ) ;
#4277 = VECTOR ( 'NONE', #4608, 1000.000000000000000 ) ;
#4278 = CARTESIAN_POINT ( 'NONE',  ( 37.75000000000000000, 77.24999999999998579, 0.000000000000000000 ) ) ;
#4279 = VERTEX_POINT ( 'NONE', #4060 ) ;
#4280 = DIRECTION ( 'NONE',  ( 1.000000000000000000, 0.000000000000000000, 0.000000000000000000 ) ) ;
#4281 = ADVANCED_FACE ( 'NONE', ( #4899 ), #1085, .T. ) ;
#4282 = ORIENTED_EDGE ( 'NONE', *, *, #1623, .T. ) ;
#4283 = CARTESIAN_POINT ( 'NONE',  ( -35.25802375059492988, -42.75000000000001421, 5.000000000000000000 ) ) ;
#4284 = DIRECTION ( 'NONE',  ( 0.000000000000000000, 0.000000000000000000, 1.000000000000000000 ) ) ;
#4285 = ORIENTED_EDGE ( 'NONE', *, *, #815, .T. ) ;
#4286 = ADVANCED_FACE ( 'NONE', ( #3307 ), #1499, .F. ) ;
#4287 = CARTESIAN_POINT ( 'NONE',  ( -36.00000000000000711, -14.00000000000000178, 15.00000000000000000 ) ) ;
#4288 = ORIENTED_EDGE ( 'NONE', *, *, #646, .T. ) ;
#4289 = EDGE_CURVE ( 'NONE', #4224, #1215, #2935, .T. ) ;
#4290 = CARTESIAN_POINT ( 'NONE',  ( 35.00000000000000000, -13.00000000000000178, 9.999999999999998224 ) ) ;
#4291 = TOROIDAL_SURFACE ( 'NONE', #3315, 4.000000000000000000, 1.000000000000000000 ) ;
#4292 = PLANE ( 'NONE',  #1090 ) ;
#4293 = AXIS2_PLACEMENT_3D ( 'NONE', #115, #2686, #1453 ) ;
#4294 = DIRECTION ( 'NONE',  ( 0.000000000000000000, 0.000000000000000000, 1.000000000000000000 ) ) ;
#4295 = ORIENTED_EDGE ( 'NONE', *, *, #2246, .T. ) ;
#4296 = DIRECTION ( 'NONE',  ( -0.000000000000000000, -0.000000000000000000, -1.000000000000000000 ) ) ;
#4297 = CARTESIAN_POINT ( 'NONE',  ( 40.00000000000001421, -17.00000000000000000, 9.999999999999998224 ) ) ;
#4298 = VERTEX_POINT ( 'NONE', #2784 ) ;
#4299 = VERTEX_POINT ( 'NONE', #5341 ) ;
#4300 = CARTESIAN_POINT ( 'NONE',  ( -35.00000000000000000, -17.00000000000000000, 9.999999999999998224 ) ) ;
#4301 = VERTEX_POINT ( 'NONE', #1939 ) ;
#4302 = CARTESIAN_POINT ( 'NONE',  ( -20.00000000000000000, 0.000000000000000000, 9.999999999999998224 ) ) ;
#4303 = DIRECTION ( 'NONE',  ( 0.000000000000000000, 0.000000000000000000, -1.000000000000000000 ) ) ;
#4304 = ORIENTED_EDGE ( 'NONE', *, *, #3679, .F. ) ;
#4305 = CARTESIAN_POINT ( 'NONE',  ( -28.81710979338332734, -45.74999999999999289, -0.000000000000000000 ) ) ;
#4306 = AXIS2_PLACEMENT_3D ( 'NONE', #3563, #695, #285 ) ;
#4307 = CARTESIAN_POINT ( 'NONE',  ( -35.00000000000000000, -59.00000000000001421, 5.000000000000000000 ) ) ;
#4308 = ORIENTED_EDGE ( 'NONE', *, *, #2996, .F. ) ;
#4309 = CARTESIAN_POINT ( 'NONE',  ( -37.74999999999999289, 77.24999999999998579, 4.000000000000000000 ) ) ;
#4310 = ORIENTED_EDGE ( 'NONE', *, *, #5235, .T. ) ;
#4311 = EDGE_CURVE ( 'NONE', #4904, #5134, #1908, .T. ) ;
#4312 = CARTESIAN_POINT ( 'NONE',  ( -44.00000000000001421, -18.00000000000000355, 15.00000000000000000 ) ) ;
#4313 = DIRECTION ( 'NONE',  ( 0.000000000000000000, 0.000000000000000000, -1.000000000000000000 ) ) ;
#4314 = EDGE_CURVE ( 'NONE', #150, #1166, #661, .T. ) ;
#4315 = CARTESIAN_POINT ( 'NONE',  ( 0.000000000000000000, -81.25000000000001421, 7.900000000000000355 ) ) ;
#4316 = FACE_OUTER_BOUND ( 'NONE', #1032, .T. ) ;
#4317 = VERTEX_POINT ( 'NONE', #2848 ) ;
#4318 = EDGE_CURVE ( 'NONE', #361, #3074, #745, .T. ) ;
#4319 = CYLINDRICAL_SURFACE ( 'NONE', #1328, 5.000000000000000888 ) ;
#4320 = CIRCLE ( 'NONE', #1479, 5.000000000000000888 ) ;
#4321 = VERTEX_POINT ( 'NONE', #4924 ) ;
#4322 = CARTESIAN_POINT ( 'NONE',  ( -24.00000000000000000, 4.000000000000000000, 5.000000000000000888 ) ) ;
#4323 = ORIENTED_EDGE ( 'NONE', *, *, #3025, .F. ) ;
#4324 = ORIENTED_EDGE ( 'NONE', *, *, #407, .T. ) ;
#4325 = AXIS2_PLACEMENT_3D ( 'NONE', #5417, #1598, #3302 ) ;
#4326 = DIRECTION ( 'NONE',  ( -1.000000000000000000, 0.000000000000000000, 0.000000000000000000 ) ) ;
#4327 = VERTEX_POINT ( 'NONE', #4954 ) ;
#4328 = SURFACE_STYLE_FILL_AREA ( #2324 ) ;
#4329 = VECTOR ( 'NONE', #1294, 1000.000000000000000 ) ;
#4330 = CIRCLE ( 'NONE', #4959, 1.000000000000000888 ) ;
#4331 = CARTESIAN_POINT ( 'NONE',  ( -25.00000000000000000, -4.000000000000000888, 15.00000000000000000 ) ) ;
#4332 = DIRECTION ( 'NONE',  ( 1.000000000000000000, 0.000000000000000000, 0.000000000000000000 ) ) ;
#4333 = EDGE_CURVE ( 'NONE', #5216, #3017, #971, .T. ) ;
#4334 = ORIENTED_EDGE ( 'NONE', *, *, #5100, .F. ) ;
#4335 = PRESENTATION_LAYER_ASSIGNMENT (  '', '', ( #3627 ) ) ;
#4336 = ORIENTED_EDGE ( 'NONE', *, *, #813, .F. ) ;
#4337 = CARTESIAN_POINT ( 'NONE',  ( 45.00000000000001421, -17.00000000000000000, 9.999999999999998224 ) ) ;
#4338 = CARTESIAN_POINT ( 'NONE',  ( -40.05359831970097417, -37.02614977261683293, 0.000000000000000000 ) ) ;
#4339 = CARTESIAN_POINT ( 'NONE',  ( 40.00000000000000000, 0.000000000000000000, 15.00000000000000000 ) ) ;
#4340 = CARTESIAN_POINT ( 'NONE',  ( -44.00000000000001421, -13.00000000000000178, 5.000000000000000000 ) ) ;
#4341 = ORIENTED_EDGE ( 'NONE', *, *, #3056, .F. ) ;
#4342 = AXIS2_PLACEMENT_3D ( 'NONE', #3624, #3149, #4846 ) ;
#4343 = LINE ( 'NONE', #4290, #2125 ) ;
#4344 = CARTESIAN_POINT ( 'NONE',  ( 0.000000000000000000, -65.25000000000001421, 7.900000000000002132 ) ) ;
#4345 = DIRECTION ( 'NONE',  ( 1.000000000000000000, 0.000000000000000000, 0.000000000000000000 ) ) ;
#4346 = DIRECTION ( 'NONE',  ( 1.000000000000000000, 1.982541115402065849E-16, 0.000000000000000000 ) ) ;
#4347 = EDGE_LOOP ( 'NONE', ( #3131, #5449, #3216, #1905 ) ) ;
#4348 = VECTOR ( 'NONE', #3205, 1000.000000000000000 ) ;
#4349 = DIRECTION ( 'NONE',  ( -0.000000000000000000, -0.000000000000000000, 1.000000000000000000 ) ) ;
#4350 = ADVANCED_FACE ( 'NONE', ( #3644 ), #2329, .F. ) ;
#4351 = VERTEX_POINT ( 'NONE', #690 ) ;
#4352 = EDGE_CURVE ( 'NONE', #1879, #3508, #4564, .T. ) ;
#4353 = DIRECTION ( 'NONE',  ( 0.000000000000000000, 0.000000000000000000, 1.000000000000000000 ) ) ;
#4354 = ADVANCED_FACE ( 'NONE', ( #3280 ), #5426, .T. ) ;
#4355 = ORIENTED_EDGE ( 'NONE', *, *, #4540, .T. ) ;
#4356 = ORIENTED_EDGE ( 'NONE', *, *, #232, .F. ) ;
#4357 = DIRECTION ( 'NONE',  ( -0.000000000000000000, 0.000000000000000000, -1.000000000000000000 ) ) ;
#4358 = EDGE_CURVE ( 'NONE', #3508, #4561, #4272, .T. ) ;
#4359 = EDGE_LOOP ( 'NONE', ( #738, #3803, #2550, #1399 ) ) ;
#4360 = FACE_OUTER_BOUND ( 'NONE', #4689, .T. ) ;
#4361 = EDGE_CURVE ( 'NONE', #4478, #4417, #1170, .T. ) ;
#4362 = CARTESIAN_POINT ( 'NONE',  ( -40.00000000000000711, 74.99999999999998579, 5.000000000000000000 ) ) ;
#4363 = VERTEX_POINT ( 'NONE', #633 ) ;
#4364 = AXIS2_PLACEMENT_3D ( 'NONE', #3944, #4632, #4752 ) ;
#4365 = ORIENTED_EDGE ( 'NONE', *, *, #4314, .T. ) ;
#4366 = CARTESIAN_POINT ( 'NONE',  ( -19.40000000000000924, 60.00000000000000000, 5.000000000000000000 ) ) ;
#4367 = DIRECTION ( 'NONE',  ( 0.000000000000000000, 0.000000000000000000, -1.000000000000000000 ) ) ;
#4368 = DIRECTION ( 'NONE',  ( 1.000000000000000000, 0.000000000000000000, 0.000000000000000000 ) ) ;
#4369 = CARTESIAN_POINT ( 'NONE',  ( 45.00000000000001421, -18.00000000000000355, 15.00000000000000000 ) ) ;
#4370 = EDGE_LOOP ( 'NONE', ( #2839, #3442, #535, #886 ) ) ;
#4371 = LINE ( 'NONE', #2708, #610 ) ;
#4372 = DIRECTION ( 'NONE',  ( -6.938893903907227392E-16, 1.000000000000000000, 0.000000000000000000 ) ) ;
#4373 = FACE_OUTER_BOUND ( 'NONE', #5471, .T. ) ;
#4374 = ORIENTED_EDGE ( 'NONE', *, *, #2010, .F. ) ;
#4375 = CARTESIAN_POINT ( 'NONE',  ( -10.00000000000000178, -81.25000000000001421, 20.00000000000000000 ) ) ;
#4376 = ORIENTED_EDGE ( 'NONE', *, *, #1796, .F. ) ;
#4377 = CARTESIAN_POINT ( 'NONE',  ( -40.12499999999997868, -18.00000000000000355, 10.00156225593563697 ) ) ;
#4378 = CARTESIAN_POINT ( 'NONE',  ( -24.99999999999999645, -25.00000000000000000, 5.000000000000000000 ) ) ;
#4379 = CARTESIAN_POINT ( 'NONE',  ( -19.99999999999998579, -55.00000000000000000, 11.00000000000000000 ) ) ;
#4380 = EDGE_CURVE ( 'NONE', #4184, #2561, #3255, .T. ) ;
#4381 = CARTESIAN_POINT ( 'NONE',  ( -37.74999999999999289, 77.24999999999998579, 0.000000000000000000 ) ) ;
#4382 = VERTEX_POINT ( 'NONE', #2874 ) ;
#4383 = VECTOR ( 'NONE', #980, 1000.000000000000000 ) ;
#4384 = DIRECTION ( 'NONE',  ( 1.000000000000000000, 0.000000000000000000, 0.000000000000000000 ) ) ;
#4385 = DIRECTION ( 'NONE',  ( -0.000000000000000000, -0.000000000000000000, -1.000000000000000000 ) ) ;
#4386 = EDGE_CURVE ( 'NONE', #2985, #869, #302, .T. ) ;
#4387 = ORIENTED_EDGE ( 'NONE', *, *, #1980, .T. ) ;
#4388 = EDGE_CURVE ( 'NONE', #1984, #3431, #3116, .T. ) ;
#4389 = ADVANCED_FACE ( 'NONE', ( #5311 ), #1996, .T. ) ;
#4390 = ORIENTED_EDGE ( 'NONE', *, *, #1761, .T. ) ;
#4391 = DIRECTION ( 'NONE',  ( 0.000000000000000000, 0.000000000000000000, -1.000000000000000000 ) ) ;
#4392 = CARTESIAN_POINT ( 'NONE',  ( 20.00000000000000000, 3.000000000000000888, 5.000000000000000000 ) ) ;
#4393 = DIRECTION ( 'NONE',  ( -1.000000000000000000, 0.000000000000000000, 0.000000000000000000 ) ) ;
#4394 = AXIS2_PLACEMENT_3D ( 'NONE', #2881, #386, #2457 ) ;
#4395 = SURFACE_STYLE_FILL_AREA ( #666 ) ;
#4396 = VERTEX_POINT ( 'NONE', #874 ) ;
#4397 = VECTOR ( 'NONE', #5348, 1000.000000000000000 ) ;
#4398 = CARTESIAN_POINT ( 'NONE',  ( 21.00000000000000000, 0.000000000000000000, 13.99999999999999822 ) ) ;
#4399 = DIRECTION ( 'NONE',  ( -0.000000000000000000, -1.000000000000000000, -0.000000000000000000 ) ) ;
#4400 = LINE ( 'NONE', #3512, #2335 ) ;
#4401 = CIRCLE ( 'NONE', #2454, 2.999999999999999112 ) ;
#4402 = VERTEX_POINT ( 'NONE', #3801 ) ;
#4403 = FACE_BOUND ( 'NONE', #1490, .T. ) ;
#4404 = ORIENTED_EDGE ( 'NONE', *, *, #2723, .F. ) ;
#4405 = CARTESIAN_POINT ( 'NONE',  ( -15.00000000000000533, 3.000000000000000000, 9.999999999999998224 ) ) ;
#4406 = AXIS2_PLACEMENT_3D ( 'NONE', #782, #4600, #2482 ) ;
#4407 = DIRECTION ( 'NONE',  ( -6.938893903907227392E-16, -1.000000000000000000, 0.000000000000000000 ) ) ;
#4408 = DIRECTION ( 'NONE',  ( 1.000000000000000000, 0.000000000000000000, 0.000000000000000000 ) ) ;
#4409 = CIRCLE ( 'NONE', #1649, 2.749999999999999112 ) ;
#4410 = CARTESIAN_POINT ( 'NONE',  ( -37.12499999999997868, -63.00000000000000000, 10.00156225593563875 ) ) ;
#4411 = ORIENTED_EDGE ( 'NONE', *, *, #1096, .T. ) ;
#4412 = DIRECTION ( 'NONE',  ( -6.938893903907227392E-16, -1.000000000000000000, 0.000000000000000000 ) ) ;
#4413 = CARTESIAN_POINT ( 'NONE',  ( -37.74999999999999289, 77.24999999999998579, 0.000000000000000000 ) ) ;
#4414 = EDGE_LOOP ( 'NONE', ( #3915, #4223, #4519, #3770 ) ) ;
#4415 = ORIENTED_EDGE ( 'NONE', *, *, #951, .F. ) ;
#4416 = EDGE_CURVE ( 'NONE', #2631, #3660, #2860, .T. ) ;
#4417 = VERTEX_POINT ( 'NONE', #43 ) ;
#4418 = ADVANCED_FACE ( 'NONE', ( #405 ), #3292, .T. ) ;
#4419 = DIRECTION ( 'NONE',  ( -0.000000000000000000, -1.000000000000000000, -0.000000000000000000 ) ) ;
#4420 = CIRCLE ( 'NONE', #4154, 2.099999999999999645 ) ;
#4421 = CYLINDRICAL_SURFACE ( 'NONE', #1242, 3.000000000000002665 ) ;
#4422 = DIRECTION ( 'NONE',  ( 1.000000000000000000, 0.000000000000000000, 0.000000000000000000 ) ) ;
#4423 = EDGE_CURVE ( 'NONE', #4317, #5458, #3024, .T. ) ;
#4424 = CYLINDRICAL_SURFACE ( 'NONE', #2720, 1.000000000000000888 ) ;
#4425 = VERTEX_POINT ( 'NONE', #5029 ) ;
#4426 = CARTESIAN_POINT ( 'NONE',  ( 15.00000000000000533, 3.000000000000000888, 5.000000000000000000 ) ) ;
#4427 = CARTESIAN_POINT ( 'NONE',  ( -36.00000000000000711, -59.00000000000001421, 15.00000000000000000 ) ) ;
#4428 = DIRECTION ( 'NONE',  ( -6.938893903907227392E-16, 1.000000000000000000, 0.000000000000000000 ) ) ;
#4429 = ORIENTED_EDGE ( 'NONE', *, *, #4352, .F. ) ;
#4430 = CARTESIAN_POINT ( 'NONE',  ( 37.12499999999997868, -58.00000000000000711, 10.00156225593563875 ) ) ;
#4431 = ORIENTED_EDGE ( 'NONE', *, *, #3808, .F. ) ;
#4432 = FACE_OUTER_BOUND ( 'NONE', #2361, .T. ) ;
#4433 = CARTESIAN_POINT ( 'NONE',  ( -24.00000000000000000, 4.000000000000000000, 9.999999999999998224 ) ) ;
#4434 = AXIS2_PLACEMENT_3D ( 'NONE', #3479, #5180, #2962 ) ;
#4435 = CARTESIAN_POINT ( 'NONE',  ( -40.00000000000000711, -62.00000000000000000, 9.999999999999998224 ) ) ;
#4436 = VERTEX_POINT ( 'NONE', #4692 ) ;
#4437 = CARTESIAN_POINT ( 'NONE',  ( -36.00000000000000711, -17.00000000000000000, 9.999999999999998224 ) ) ;
#4438 = ORIENTED_EDGE ( 'NONE', *, *, #508, .T. ) ;
#4439 = AXIS2_PLACEMENT_3D ( 'NONE', #4061, #3650, #5346 ) ;
#4440 = LINE ( 'NONE', #2842, #1397 ) ;
#4441 = CARTESIAN_POINT ( 'NONE',  ( 40.00000000000000000, -62.00000000000000000, 9.999999999999998224 ) ) ;
#4442 = VECTOR ( 'NONE', #5326, 1000.000000000000000 ) ;
#4443 = EDGE_LOOP ( 'NONE', ( #3331, #429, #3632, #4073 ) ) ;
#4444 = ORIENTED_EDGE ( 'NONE', *, *, #5475, .T. ) ;
#4445 = CIRCLE ( 'NONE', #2046, 2.999999999999999112 ) ;
#4446 = DIRECTION ( 'NONE',  ( 0.000000000000000000, 0.000000000000000000, 1.000000000000000000 ) ) ;
#4447 = AXIS2_PLACEMENT_3D ( 'NONE', #1445, #2395, #3204 ) ;
#4448 = CARTESIAN_POINT ( 'NONE',  ( 9.999999999999998224, -76.25000000000001421, 20.00000000000000000 ) ) ;
#4449 = CARTESIAN_POINT ( 'NONE',  ( -19.39999999999999503, -70.00000000000000000, 5.000000000000000000 ) ) ;
#4450 = AXIS2_PLACEMENT_3D ( 'NONE', #2412, #5386, #4554 ) ;
#4451 = ADVANCED_FACE ( 'NONE', ( #4670 ), #1688, .T. ) ;
#4452 = AXIS2_PLACEMENT_3D ( 'NONE', #3026, #4720, #3111 ) ;
#4453 = CARTESIAN_POINT ( 'NONE',  ( 36.00000000000000711, -62.00000000000000000, 15.00000000000000000 ) ) ;
#4454 = ORIENTED_EDGE ( 'NONE', *, *, #2204, .T. ) ;
#4455 = DIRECTION ( 'NONE',  ( 0.000000000000000000, 0.000000000000000000, -1.000000000000000000 ) ) ;
#4456 = CARTESIAN_POINT ( 'NONE',  ( 24.99999999999999289, 60.00000000000000000, 5.000000000000000000 ) ) ;
#4457 = EDGE_CURVE ( 'NONE', #2180, #3764, #3392, .T. ) ;
#4458 = CARTESIAN_POINT ( 'NONE',  ( -25.00000000000000000, 3.000000000000000000, 9.999999999999998224 ) ) ;
#4459 = ORIENTED_EDGE ( 'NONE', *, *, #369, .T. ) ;
#4460 = DIRECTION ( 'NONE',  ( -1.000000000000000000, 0.000000000000000000, 0.000000000000000000 ) ) ;
#4461 = EDGE_CURVE ( 'NONE', #511, #1274, #2581, .T. ) ;
#4462 = EDGE_LOOP ( 'NONE', ( #4387, #710, #1675, #2936 ) ) ;
#4463 = CARTESIAN_POINT ( 'NONE',  ( 9.999999999999998224, -65.25000000000001421, 20.00000000000000000 ) ) ;
#4464 = LINE ( 'NONE', #3545, #3631 ) ;
#4465 = DIRECTION ( 'NONE',  ( 1.000000000000000000, 0.000000000000000000, 0.000000000000000000 ) ) ;
#4466 = AXIS2_PLACEMENT_3D ( 'NONE', #2418, #3326, #4112 ) ;
#4467 = ORIENTED_EDGE ( 'NONE', *, *, #2273, .F. ) ;
#4468 = FACE_OUTER_BOUND ( 'NONE', #4653, .T. ) ;
#4469 = ORIENTED_EDGE ( 'NONE', *, *, #4117, .T. ) ;
#4470 = CARTESIAN_POINT ( 'NONE',  ( -30.00000000000001066, -25.00000000000000000, 11.00000000000000000 ) ) ;
#4471 = CARTESIAN_POINT ( 'NONE',  ( 25.00000000000000711, -70.00000000000000000, 2.149999999999999911 ) ) ;
#4472 = ORIENTED_EDGE ( 'NONE', *, *, #2362, .F. ) ;
#4473 = ORIENTED_EDGE ( 'NONE', *, *, #3868, .F. ) ;
#4474 = DIRECTION ( 'NONE',  ( -1.000000000000000000, 0.000000000000000000, 0.000000000000000000 ) ) ;
#4475 = EDGE_CURVE ( 'NONE', #2575, #3688, #715, .T. ) ;
#4476 = VECTOR ( 'NONE', #1396, 1000.000000000000000 ) ;
#4477 = DIRECTION ( 'NONE',  ( -0.000000000000000000, -1.000000000000000000, -0.000000000000000000 ) ) ;
#4478 = VERTEX_POINT ( 'NONE', #2997 ) ;
#4479 = DIRECTION ( 'NONE',  ( 1.000000000000000000, 0.000000000000000000, -0.000000000000000000 ) ) ;
#4480 = CARTESIAN_POINT ( 'NONE',  ( 25.00000000000000355, -25.00000000000000000, 11.00000000000000000 ) ) ;
#4481 = FACE_OUTER_BOUND ( 'NONE', #1591, .T. ) ;
#4482 = AXIS2_PLACEMENT_3D ( 'NONE', #5004, #3643, #3305 ) ;
#4483 = FILL_AREA_STYLE_COLOUR ( '', #2360 ) ;
#4484 = ORIENTED_EDGE ( 'NONE', *, *, #5513, .F. ) ;
#4485 = DIRECTION ( 'NONE',  ( -0.000000000000000000, -1.000000000000000000, -0.000000000000000000 ) ) ;
#4486 = CARTESIAN_POINT ( 'NONE',  ( 0.000000000000000000, -76.25000000000001421, 15.00000000000000000 ) ) ;
#4487 = CARTESIAN_POINT ( 'NONE',  ( -40.12499999999997868, -12.99999999999999822, 10.00156225593563697 ) ) ;
#4488 = DIRECTION ( 'NONE',  ( -0.000000000000000000, -0.000000000000000000, 1.000000000000000000 ) ) ;
#4489 = AXIS2_PLACEMENT_3D ( 'NONE', #4036, #5355, #4963 ) ;
#4490 = EDGE_LOOP ( 'NONE', ( #5252, #2946, #2667, #2662 ) ) ;
#4491 = EDGE_CURVE ( 'NONE', #2352, #3327, #773, .T. ) ;
#4492 = EDGE_CURVE ( 'NONE', #4532, #464, #4710, .T. ) ;
#4493 = AXIS2_PLACEMENT_3D ( 'NONE', #4120, #728, #4147 ) ;
#4494 = CARTESIAN_POINT ( 'NONE',  ( -20.00000000000000000, 4.000000000000000000, 15.00000000000000000 ) ) ;
#4495 = EDGE_CURVE ( 'NONE', #3471, #5093, #4171, .T. ) ;
#4496 = CARTESIAN_POINT ( 'NONE',  ( 9.999999999999998224, -81.25000000000001421, 15.00000000000000000 ) ) ;
#4497 = ORIENTED_EDGE ( 'NONE', *, *, #4225, .T. ) ;
#4498 = CARTESIAN_POINT ( 'NONE',  ( -46.24999999999997868, -75.00000000000001421, 5.000000000000000000 ) ) ;
#4499 = ORIENTED_EDGE ( 'NONE', *, *, #3481, .F. ) ;
#4500 = DIRECTION ( 'NONE',  ( 1.000000000000000000, 0.000000000000000000, 0.000000000000000000 ) ) ;
#4501 = DIRECTION ( 'NONE',  ( 0.000000000000000000, 0.000000000000000000, 1.000000000000000000 ) ) ;
#4502 = ORIENTED_EDGE ( 'NONE', *, *, #2217, .T. ) ;
#4503 = ORIENTED_EDGE ( 'NONE', *, *, #382, .T. ) ;
#4504 = LINE ( 'NONE', #689, #2461 ) ;
#4505 = DIRECTION ( 'NONE',  ( 1.000000000000000000, 0.000000000000000000, 0.000000000000000000 ) ) ;
#4506 = VECTOR ( 'NONE', #1286, 1000.000000000000000 ) ;
#4507 = CARTESIAN_POINT ( 'NONE',  ( 44.00000000000000711, -63.00000000000000000, 15.00000000000000000 ) ) ;
#4508 = LINE ( 'NONE', #1820, #3817 ) ;
#4509 = VECTOR ( 'NONE', #824, 1000.000000000000000 ) ;
#4510 = DIRECTION ( 'NONE',  ( 0.000000000000000000, 0.000000000000000000, -1.000000000000000000 ) ) ;
#4511 = ORIENTED_EDGE ( 'NONE', *, *, #5450, .T. ) ;
#4512 = VECTOR ( 'NONE', #683, 1000.000000000000000 ) ;
#4513 = VECTOR ( 'NONE', #3322, 1000.000000000000000 ) ;
#4514 = DIRECTION ( 'NONE',  ( 0.000000000000000000, 0.000000000000000000, -1.000000000000000000 ) ) ;
#4515 = DIRECTION ( 'NONE',  ( 1.000000000000000000, 0.000000000000000000, 0.000000000000000000 ) ) ;
#4516 = DIRECTION ( 'NONE',  ( -1.000000000000000000, 0.000000000000000000, 0.000000000000000000 ) ) ;
#4517 = AXIS2_PLACEMENT_3D ( 'NONE', #4966, #3267, #3293 ) ;
#4518 = CARTESIAN_POINT ( 'NONE',  ( -37.12499999999997868, -63.00000000000000000, 5.000000000000000000 ) ) ;
#4519 = ORIENTED_EDGE ( 'NONE', *, *, #4727, .F. ) ;
#4520 = DIRECTION ( 'NONE',  ( 0.000000000000000000, 1.000000000000000000, 0.000000000000000000 ) ) ;
#4521 = CYLINDRICAL_SURFACE ( 'NONE', #200, 6.249999999999998224 ) ;
#4522 = DIRECTION ( 'NONE',  ( 6.938893903907227392E-16, -1.000000000000000000, -0.000000000000000000 ) ) ;
#4523 = ADVANCED_FACE ( 'NONE', ( #378 ), #2076, .F. ) ;
#4524 = VERTEX_POINT ( 'NONE', #1628 ) ;
#4525 = DIRECTION ( 'NONE',  ( -0.000000000000000000, -0.000000000000000000, 1.000000000000000000 ) ) ;
#4526 = EDGE_CURVE ( 'NONE', #4099, #4948, #1422, .T. ) ;
#4527 = ADVANCED_FACE ( 'NONE', ( #1654 ), #3358, .F. ) ;
#4528 = DIRECTION ( 'NONE',  ( 0.000000000000000000, -1.000000000000000000, 0.000000000000000000 ) ) ;
#4529 = VECTOR ( 'NONE', #4006, 1000.000000000000000 ) ;
#4530 = DIRECTION ( 'NONE',  ( 1.000000000000000000, 0.000000000000000000, 0.000000000000000000 ) ) ;
#4531 = ORIENTED_EDGE ( 'NONE', *, *, #3405, .T. ) ;
#4532 = VERTEX_POINT ( 'NONE', #2133 ) ;
#4533 = DIRECTION ( 'NONE',  ( 0.000000000000000000, 1.000000000000000000, 0.000000000000000000 ) ) ;
#4534 = EDGE_CURVE ( 'NONE', #771, #4327, #4445, .T. ) ;
#4535 = CARTESIAN_POINT ( 'NONE',  ( -15.00000000000000533, 0.000000000000000000, 9.999999999999998224 ) ) ;
#4536 = ORIENTED_EDGE ( 'NONE', *, *, #1423, .T. ) ;
#4537 = CIRCLE ( 'NONE', #795, 4.999999999999997335 ) ;
#4538 = VECTOR ( 'NONE', #2680, 1000.000000000000000 ) ;
#4539 = AXIS2_PLACEMENT_3D ( 'NONE', #1806, #141, #2653 ) ;
#4540 = EDGE_CURVE ( 'NONE', #2061, #419, #5159, .T. ) ;
#4541 = CIRCLE ( 'NONE', #83, 1.000000000000000888 ) ;
#4542 = CARTESIAN_POINT ( 'NONE',  ( 20.00000000000001066, -25.00000000000000000, 11.00000000000000000 ) ) ;
#4543 = AXIS2_PLACEMENT_3D ( 'NONE', #3672, #3722, #1193 ) ;
#4544 =( NAMED_UNIT ( * ) SI_UNIT ( $, .STERADIAN. ) SOLID_ANGLE_UNIT ( ) );
#4545 = AXIS2_PLACEMENT_3D ( 'NONE', #968, #3086, #158 ) ;
#4546 = ORIENTED_EDGE ( 'NONE', *, *, #2964, .F. ) ;
#4547 = DIRECTION ( 'NONE',  ( -1.000000000000000000, 0.000000000000000000, 0.000000000000000000 ) ) ;
#4548 = CARTESIAN_POINT ( 'NONE',  ( -24.99999999999999289, -70.00000000000000000, 8.673617379884035472E-16 ) ) ;
#4549 = VECTOR ( 'NONE', #3001, 1000.000000000000000 ) ;
#4550 = CARTESIAN_POINT ( 'NONE',  ( -40.00000000000000711, -63.00000000000000000, 9.999999999999998224 ) ) ;
#4551 = DIRECTION ( 'NONE',  ( 0.000000000000000000, 1.000000000000000000, -0.000000000000000000 ) ) ;
#4552 = VERTEX_POINT ( 'NONE', #20 ) ;
#4553 = CARTESIAN_POINT ( 'NONE',  ( -35.00000000000000000, -14.00000000000000178, 9.999999999999998224 ) ) ;
#4554 = DIRECTION ( 'NONE',  ( 1.000000000000000000, 0.000000000000000000, -0.000000000000000000 ) ) ;
#4555 = LINE ( 'NONE', #2804, #1577 ) ;
#4556 = VERTEX_POINT ( 'NONE', #4278 ) ;
#4557 = CARTESIAN_POINT ( 'NONE',  ( -45.00000000000001421, -13.00000000000000178, 15.00000000000000000 ) ) ;
#4558 = LINE ( 'NONE', #398, #2376 ) ;
#4559 = DIRECTION ( 'NONE',  ( 0.000000000000000000, 0.000000000000000000, 1.000000000000000000 ) ) ;
#4560 = ADVANCED_FACE ( 'NONE', ( #461 ), #2694, .T. ) ;
#4561 = VERTEX_POINT ( 'NONE', #2213 ) ;
#4562 = VERTEX_POINT ( 'NONE', #2718 ) ;
#4563 = FACE_OUTER_BOUND ( 'NONE', #2870, .T. ) ;
#4564 = LINE ( 'NONE', #4088, #5250 ) ;
#4565 = EDGE_CURVE ( 'NONE', #2551, #3799, #541, .T. ) ;
#4566 = FACE_OUTER_BOUND ( 'NONE', #1915, .T. ) ;
#4567 = EDGE_CURVE ( 'NONE', #4714, #5248, #3463, .T. ) ;
#4568 = VECTOR ( 'NONE', #4908, 1000.000000000000000 ) ;
#4569 = ADVANCED_FACE ( 'NONE', ( #1874 ), #72, .T. ) ;
#4570 = ORIENTED_EDGE ( 'NONE', *, *, #2023, .T. ) ;
#4571 = CARTESIAN_POINT ( 'NONE',  ( -28.81710979338332379, -34.25000000000000000, 0.000000000000000000 ) ) ;
#4572 = CARTESIAN_POINT ( 'NONE',  ( 0.000000000000000000, 0.000000000000000000, 5.000000000000000000 ) ) ;
#4573 = CARTESIAN_POINT ( 'NONE',  ( -37.12499999999997868, -18.00000000000000355, 10.00156225593563875 ) ) ;
#4574 = VERTEX_POINT ( 'NONE', #1816 ) ;
#4575 = ADVANCED_FACE ( 'NONE', ( #3961 ), #1347, .F. ) ;
#4576 = DIRECTION ( 'NONE',  ( 1.000000000000000000, 0.000000000000000000, -0.000000000000000000 ) ) ;
#4577 = CARTESIAN_POINT ( 'NONE',  ( -35.00000000000000000, -18.00000000000000355, 9.999999999999998224 ) ) ;
#4578 = CARTESIAN_POINT ( 'NONE',  ( 40.00000000000000711, -59.00000000000001421, 9.999999999999998224 ) ) ;
#4579 = VECTOR ( 'NONE', #3477, 1000.000000000000000 ) ;
#4580 = ORIENTED_EDGE ( 'NONE', *, *, #5347, .T. ) ;
#4581 = CARTESIAN_POINT ( 'NONE',  ( -40.64592610078036472, -41.32889343308141150, 0.000000000000000000 ) ) ;
#4582 = AXIS2_PLACEMENT_3D ( 'NONE', #4548, #3756, #309 ) ;
#4583 =( GEOMETRIC_REPRESENTATION_CONTEXT ( 3 ) GLOBAL_UNCERTAINTY_ASSIGNED_CONTEXT ( ( #1135 ) ) GLOBAL_UNIT_ASSIGNED_CONTEXT ( ( #3752, #5140, #4544 ) ) REPRESENTATION_CONTEXT ( 'NONE', 'WORKASPACE' ) );
#4584 = CARTESIAN_POINT ( 'NONE',  ( -20.00000000000000000, -4.000000000000000888, 15.00000000000000000 ) ) ;
#4585 = DIRECTION ( 'NONE',  ( 1.000000000000000000, 6.938893903907227392E-16, 0.000000000000000000 ) ) ;
#4586 = ORIENTED_EDGE ( 'NONE', *, *, #2695, .T. ) ;
#4587 = VERTEX_POINT ( 'NONE', #4381 ) ;
#4588 = CYLINDRICAL_SURFACE ( 'NONE', #2342, 1.000000000000000888 ) ;
#4589 = DIRECTION ( 'NONE',  ( 1.000000000000000000, 0.000000000000000000, -0.000000000000000000 ) ) ;
#4590 = ORIENTED_EDGE ( 'NONE', *, *, #47, .F. ) ;
#4591 = FACE_OUTER_BOUND ( 'NONE', #3928, .T. ) ;
#4592 = VECTOR ( 'NONE', #5376, 1000.000000000000000 ) ;
#4593 = EDGE_CURVE ( 'NONE', #1066, #3955, #274, .T. ) ;
#4594 = CIRCLE ( 'NONE', #4767, 1.000000000000000888 ) ;
#4595 = CARTESIAN_POINT ( 'NONE',  ( -34.99999999967195663, -45.75000000000000000, 0.000000000000000000 ) ) ;
#4596 = ADVANCED_FACE ( 'NONE', ( #4745 ), #618, .T. ) ;
#4597 = ORIENTED_EDGE ( 'NONE', *, *, #2961, .T. ) ;
#4598 = EDGE_CURVE ( 'NONE', #2167, #932, #3384, .T. ) ;
#4599 = LINE ( 'NONE', #1147, #4620 ) ;
#4600 = DIRECTION ( 'NONE',  ( 0.000000000000000000, -1.000000000000000000, 0.000000000000000000 ) ) ;
#4601 = AXIS2_PLACEMENT_3D ( 'NONE', #2623, #399, #4732 ) ;
#4602 = DIRECTION ( 'NONE',  ( -1.850371707708594316E-16, 1.000000000000000000, 0.000000000000000000 ) ) ;
#4603 = VECTOR ( 'NONE', #5278, 1000.000000000000000 ) ;
#4604 = CIRCLE ( 'NONE', #5488, 5.749999999999998224 ) ;
#4605 = VERTEX_POINT ( 'NONE', #3933 ) ;
#4606 = DIRECTION ( 'NONE',  ( 1.000000000000000000, 0.000000000000000000, 0.000000000000000000 ) ) ;
#4607 = VECTOR ( 'NONE', #3685, 1000.000000000000000 ) ;
#4608 = DIRECTION ( 'NONE',  ( -1.000000000000000000, 0.000000000000000000, 0.000000000000000000 ) ) ;
#4609 = CARTESIAN_POINT ( 'NONE',  ( -36.00000000000000711, -62.00000000000000000, 9.999999999999998224 ) ) ;
#4610 = VERTEX_POINT ( 'NONE', #1788 ) ;
#4611 = CARTESIAN_POINT ( 'NONE',  ( -2.775557561562891351E-14, -45.74999999999992895, 0.000000000000000000 ) ) ;
#4612 = VECTOR ( 'NONE', #2803, 1000.000000000000000 ) ;
#4613 = DIRECTION ( 'NONE',  ( -0.000000000000000000, -0.000000000000000000, -1.000000000000000000 ) ) ;
#4614 = DIRECTION ( 'NONE',  ( 0.000000000000000000, 0.000000000000000000, 1.000000000000000000 ) ) ;
#4615 = EDGE_LOOP ( 'NONE', ( #5282, #5227, #286, #2995 ) ) ;
#4616 = ORIENTED_EDGE ( 'NONE', *, *, #3538, .F. ) ;
#4617 = CYLINDRICAL_SURFACE ( 'NONE', #3080, 2.099999999999997868 ) ;
#4618 = DIRECTION ( 'NONE',  ( -1.000000000000000000, -0.000000000000000000, -0.000000000000000000 ) ) ;
#4619 = EDGE_LOOP ( 'NONE', ( #1233, #4773, #647, #2871 ) ) ;
#4620 = VECTOR ( 'NONE', #4932, 1000.000000000000000 ) ;
#4621 = DIRECTION ( 'NONE',  ( -0.000000000000000000, -0.000000000000000000, -1.000000000000000000 ) ) ;
#4622 = VECTOR ( 'NONE', #1881, 1000.000000000000000 ) ;
#4623 = LINE ( 'NONE', #2184, #3954 ) ;
#4624 = ORIENTED_EDGE ( 'NONE', *, *, #3166, .F. ) ;
#4625 = CARTESIAN_POINT ( 'NONE',  ( -37.76331478900077343, -40.00000000000000711, 5.000000000000004441 ) ) ;
#4626 = CARTESIAN_POINT ( 'NONE',  ( -43.12499999999998579, -18.00000000000000355, 5.000000000000000000 ) ) ;
#4627 = ORIENTED_EDGE ( 'NONE', *, *, #4, .F. ) ;
#4628 = VECTOR ( 'NONE', #4525, 1000.000000000000000 ) ;
#4629 = EDGE_CURVE ( 'NONE', #2352, #873, #2633, .T. ) ;
#4630 = CARTESIAN_POINT ( 'NONE',  ( 37.75000000000000711, 77.24999999999998579, 4.000000000000000000 ) ) ;
#4631 = ORIENTED_EDGE ( 'NONE', *, *, #445, .F. ) ;
#4632 = DIRECTION ( 'NONE',  ( 0.000000000000000000, -1.000000000000000000, -1.734723475976807587E-16 ) ) ;
#4633 = ADVANCED_FACE ( 'NONE', ( #4717 ), #1376, .T. ) ;
#4634 = CARTESIAN_POINT ( 'NONE',  ( -37.12499999999997868, -58.00000000000000711, 5.000000000000000000 ) ) ;
#4635 = AXIS2_PLACEMENT_3D ( 'NONE', #5283, #831, #748 ) ;
#4636 = DIRECTION ( 'NONE',  ( 1.000000000000000000, 0.000000000000000000, -0.000000000000000000 ) ) ;
#4637 = LINE ( 'NONE', #341, #3886 ) ;
#4638 = EDGE_LOOP ( 'NONE', ( #4703, #3328, #2429, #2875 ) ) ;
#4639 = ADVANCED_FACE ( 'NONE', ( #3492 ), #2607, .F. ) ;
#4640 = CARTESIAN_POINT ( 'NONE',  ( -38.99799672150845709, -44.25289759696808289, 0.000000000000000000 ) ) ;
#4641 = DIRECTION ( 'NONE',  ( 0.000000000000000000, -1.000000000000000000, 0.000000000000000000 ) ) ;
#4642 = CYLINDRICAL_SURFACE ( 'NONE', #4062, 2.749999999999999112 ) ;
#4643 = ORIENTED_EDGE ( 'NONE', *, *, #407, .F. ) ;
#4644 = ORIENTED_EDGE ( 'NONE', *, *, #2145, .F. ) ;
#4645 =( NAMED_UNIT ( * ) PLANE_ANGLE_UNIT ( ) SI_UNIT ( $, .RADIAN. ) );
#4646 = CARTESIAN_POINT ( 'NONE',  ( -39.99999999999998579, -75.00000000000001421, 5.000000000000000000 ) ) ;
#4647 = ORIENTED_EDGE ( 'NONE', *, *, #2452, .T. ) ;
#4648 = CARTESIAN_POINT ( 'NONE',  ( 44.00000000000001421, -17.00000000000000000, 5.000000000000000888 ) ) ;
#4649 = EDGE_CURVE ( 'NONE', #5216, #1749, #4830, .T. ) ;
#4650 = VERTEX_POINT ( 'NONE', #3882 ) ;
#4651 = CARTESIAN_POINT ( 'NONE',  ( -35.88694630918597284, -45.70656535835945533, 0.000000000000000000 ) ) ;
#4652 = DIRECTION ( 'NONE',  ( 1.000000000000000000, 0.000000000000000000, 0.000000000000000000 ) ) ;
#4653 = EDGE_LOOP ( 'NONE', ( #3487, #1051, #2042, #5512, #5222, #3393, #2641, #1754, #2399, #4324 ) ) ;
#4654 = AXIS2_PLACEMENT_3D ( 'NONE', #4550, #2372, #2339 ) ;
#4655 = CARTESIAN_POINT ( 'NONE',  ( -40.00000000000000000, -17.00000000000000000, 9.999999999999998224 ) ) ;
#4656 = VERTEX_POINT ( 'NONE', #4410 ) ;
#4657 = CARTESIAN_POINT ( 'NONE',  ( 19.39999999999999503, 60.00000000000000000, 5.000000000000000000 ) ) ;
#4658 = CARTESIAN_POINT ( 'NONE',  ( 45.00000000000001421, -13.00000000000000178, 5.000000000000000000 ) ) ;
#4659 = DIRECTION ( 'NONE',  ( -9.251858538542971581E-17, 1.000000000000000000, -0.000000000000000000 ) ) ;
#4660 = CARTESIAN_POINT ( 'NONE',  ( -37.12499999999997868, -12.99999999999999822, 10.00156225593563875 ) ) ;
#4661 = VERTEX_POINT ( 'NONE', #4300 ) ;
#4662 = CARTESIAN_POINT ( 'NONE',  ( 37.77409858134812737, -45.07446043640110389, 0.000000000000000000 ) ) ;
#4663 = EDGE_CURVE ( 'NONE', #2180, #2753, #928, .T. ) ;
#4664 = ADVANCED_FACE ( 'NONE', ( #4776 ), #2666, .F. ) ;
#4665 = DIRECTION ( 'NONE',  ( -0.000000000000000000, -0.000000000000000000, 1.000000000000000000 ) ) ;
#4666 = ADVANCED_FACE ( 'NONE', ( #5334 ), #1929, .F. ) ;
#4667 = VERTEX_POINT ( 'NONE', #3635 ) ;
#4668 = EDGE_LOOP ( 'NONE', ( #1810, #3142, #1008, #4249 ) ) ;
#4669 = CARTESIAN_POINT ( 'NONE',  ( 44.00000000000000711, -58.00000000000000000, 9.999999999999998224 ) ) ;
#4670 = FACE_OUTER_BOUND ( 'NONE', #2801, .T. ) ;
#4671 = VERTEX_POINT ( 'NONE', #1046 ) ;
#4672 = VECTOR ( 'NONE', #2957, 1000.000000000000000 ) ;
#4673 = CARTESIAN_POINT ( 'NONE',  ( -25.00000000000000711, 60.00000000000000000, 5.000000000000000000 ) ) ;
#4674 = ORIENTED_EDGE ( 'NONE', *, *, #5408, .T. ) ;
#4675 = CARTESIAN_POINT ( 'NONE',  ( 36.74548407698654984, -42.14751394714355825, 4.999999999999992006 ) ) ;
#4676 = VERTEX_POINT ( 'NONE', #4133 ) ;
#4677 = AXIS2_PLACEMENT_3D ( 'NONE', #4251, #5472, #460 ) ;
#4678 = CARTESIAN_POINT ( 'NONE',  ( -15.00000000000000533, -3.000000000000000000, 9.999999999999998224 ) ) ;
#4679 = EDGE_LOOP ( 'NONE', ( #1634, #4910, #4114, #1994 ) ) ;
#4680 = PLANE ( 'NONE',  #2664 ) ;
#4681 = CARTESIAN_POINT ( 'NONE',  ( 36.00000000000000711, -63.00000000000000000, 15.00000000000000000 ) ) ;
#4682 = DIRECTION ( 'NONE',  ( -0.000000000000000000, -0.000000000000000000, -1.000000000000000000 ) ) ;
#4683 = ORIENTED_EDGE ( 'NONE', *, *, #1791, .T. ) ;
#4684 = CARTESIAN_POINT ( 'NONE',  ( 40.05359831970073969, -42.97385022738293969, 0.000000000000000000 ) ) ;
#4685 = AXIS2_PLACEMENT_3D ( 'NONE', #2018, #4528, #713 ) ;
#4686 = VECTOR ( 'NONE', #148, 999.9999999999998863 ) ;
#4687 = FACE_OUTER_BOUND ( 'NONE', #102, .T. ) ;
#4688 = ORIENTED_EDGE ( 'NONE', *, *, #905, .F. ) ;
#4689 = EDGE_LOOP ( 'NONE', ( #2951, #389, #1097, #4708 ) ) ;
#4690 =( NAMED_UNIT ( * ) SI_UNIT ( $, .STERADIAN. ) SOLID_ANGLE_UNIT ( ) );
#4691 = EDGE_CURVE ( 'NONE', #2061, #213, #1075, .T. ) ;
#4692 = CARTESIAN_POINT ( 'NONE',  ( -46.25000000000000711, 74.99999999999998579, 5.000000000000000000 ) ) ;
#4693 = ORIENTED_EDGE ( 'NONE', *, *, #1938, .T. ) ;
#4694 = DIRECTION ( 'NONE',  ( 0.000000000000000000, 0.000000000000000000, -1.000000000000000000 ) ) ;
#4695 = EDGE_CURVE ( 'NONE', #1066, #3218, #2856, .T. ) ;
#4696 = EDGE_CURVE ( 'NONE', #729, #1823, #2807, .T. ) ;
#4697 = ORIENTED_EDGE ( 'NONE', *, *, #3345, .T. ) ;
#4698 = CARTESIAN_POINT ( 'NONE',  ( 38.99799672150840024, -35.74710240303180342, 0.000000000000000000 ) ) ;
#4699 = CARTESIAN_POINT ( 'NONE',  ( -24.99999999999999289, -70.00000000000000000, 5.000000000000000000 ) ) ;
#4700 = ORIENTED_EDGE ( 'NONE', *, *, #5408, .F. ) ;
#4701 = TOROIDAL_SURFACE ( 'NONE', #1676, 4.000000000000000000, 1.000000000000000000 ) ;
#4702 = DIRECTION ( 'NONE',  ( 0.000000000000000000, 0.000000000000000000, 1.000000000000000000 ) ) ;
#4703 = ORIENTED_EDGE ( 'NONE', *, *, #4457, .F. ) ;
#4704 = CIRCLE ( 'NONE', #171, 4.000000000000003553 ) ;
#4705 = DIRECTION ( 'NONE',  ( 1.000000000000000000, 0.000000000000000000, 0.000000000000000000 ) ) ;
#4706 = CARTESIAN_POINT ( 'NONE',  ( -25.00000000000000000, -5.000000000000000000, 5.000000000000000000 ) ) ;
#4707 = CARTESIAN_POINT ( 'NONE',  ( 20.00000000000001066, -25.00000000000000000, 11.00000000000000000 ) ) ;
#4708 = ORIENTED_EDGE ( 'NONE', *, *, #609, .F. ) ;
#4709 = FACE_OUTER_BOUND ( 'NONE', #1146, .T. ) ;
#4710 = CIRCLE ( 'NONE', #2308, 1.000000000000000888 ) ;
#4711 = VECTOR ( 'NONE', #663, 1000.000000000000000 ) ;
#4712 = CARTESIAN_POINT ( 'NONE',  ( 20.00000000000001066, -42.75000000000000000, 11.00000000000000000 ) ) ;
#4713 = ORIENTED_EDGE ( 'NONE', *, *, #3812, .F. ) ;
#4714 = VERTEX_POINT ( 'NONE', #1569 ) ;
#4715 = VECTOR ( 'NONE', #1458, 1000.000000000000000 ) ;
#4716 = VECTOR ( 'NONE', #1324, 1000.000000000000000 ) ;
#4717 = FACE_OUTER_BOUND ( 'NONE', #2879, .T. ) ;
#4718 = VERTEX_POINT ( 'NONE', #321 ) ;
#4719 =( NAMED_UNIT ( * ) SI_UNIT ( $, .STERADIAN. ) SOLID_ANGLE_UNIT ( ) );
#4720 = DIRECTION ( 'NONE',  ( 0.000000000000000000, 0.000000000000000000, -1.000000000000000000 ) ) ;
#4721 = EDGE_CURVE ( 'NONE', #630, #1497, #4019, .T. ) ;
#4722 = ORIENTED_EDGE ( 'NONE', *, *, #2876, .F. ) ;
#4723 = EDGE_CURVE ( 'NONE', #4203, #5162, #2776, .T. ) ;
#4724 = CARTESIAN_POINT ( 'NONE',  ( -37.56291025298580877, -41.08186852284577384, 4.999999999999992006 ) ) ;
#4725 = LINE ( 'NONE', #3476, #881 ) ;
#4726 = ORIENTED_EDGE ( 'NONE', *, *, #5382, .F. ) ;
#4727 = EDGE_CURVE ( 'NONE', #4661, #4224, #4541, .T. ) ;
#4728 = CIRCLE ( 'NONE', #3311, 1.000000000000000888 ) ;
#4729 = CARTESIAN_POINT ( 'NONE',  ( 37.75000000000000711, 77.24999999999998579, 4.000000000000000000 ) ) ;
#4730 = ORIENTED_EDGE ( 'NONE', *, *, #3674, .F. ) ;
#4731 = LINE ( 'NONE', #4312, #3546 ) ;
#4732 = DIRECTION ( 'NONE',  ( 0.000000000000000000, 0.000000000000000000, -1.000000000000000000 ) ) ;
#4733 = CARTESIAN_POINT ( 'NONE',  ( -34.99999999999997868, -42.75000000000000000, 5.000000000000000000 ) ) ;
#4734 = VECTOR ( 'NONE', #4346, 1000.000000000000000 ) ;
#4735 = CARTESIAN_POINT ( 'NONE',  ( -21.00000000000000000, -4.000000000000000000, 9.999999999999998224 ) ) ;
#4736 = EDGE_LOOP ( 'NONE', ( #998, #2119, #3634, #3057 ) ) ;
#4737 = LINE ( 'NONE', #1342, #3209 ) ;
#4738 = ORIENTED_EDGE ( 'NONE', *, *, #951, .T. ) ;
#4739 = EDGE_CURVE ( 'NONE', #1061, #838, #2837, .T. ) ;
#4740 = DIRECTION ( 'NONE',  ( 0.000000000000000000, 0.000000000000000000, -1.000000000000000000 ) ) ;
#4741 = VECTOR ( 'NONE', #997, 1000.000000000000000 ) ;
#4742 = ORIENTED_EDGE ( 'NONE', *, *, #1093, .F. ) ;
#4743 = ORIENTED_EDGE ( 'NONE', *, *, #1226, .T. ) ;
#4744 = CARTESIAN_POINT ( 'NONE',  ( 37.12499999999997868, -63.00000000000000000, 5.000000000000000000 ) ) ;
#4745 = FACE_OUTER_BOUND ( 'NONE', #3264, .T. ) ;
#4746 = VERTEX_POINT ( 'NONE', #3716 ) ;
#4747 = PRODUCT_CONTEXT ( 'NONE', #1958, 'mechanical' ) ;
#4748 = CARTESIAN_POINT ( 'NONE',  ( 22.24999999999999645, 60.00000000000000000, 5.000000000000000000 ) ) ;
#4749 = EDGE_LOOP ( 'NONE', ( #1900, #4624 ) ) ;
#4750 = AXIS2_PLACEMENT_3D ( 'NONE', #2884, #2033, #811 ) ;
#4751 = ORIENTED_EDGE ( 'NONE', *, *, #338, .T. ) ;
#4752 = DIRECTION ( 'NONE',  ( 0.000000000000000000, 1.734723475976807587E-16, -1.000000000000000000 ) ) ;
#4753 = CARTESIAN_POINT ( 'NONE',  ( -35.88694630918597994, -34.29343464164053046, 0.000000000000000000 ) ) ;
#4754 = PRODUCT_DEFINITION_FORMATION_WITH_SPECIFIED_SOURCE ( 'ANY', '', #2819, .NOT_KNOWN. ) ;
#4755 = CARTESIAN_POINT ( 'NONE',  ( -20.00000000000000000, 0.000000000000000000, 9.999999999999998224 ) ) ;
#4756 = ADVANCED_FACE ( 'NONE', ( #4468 ), #727, .F. ) ;
#4757 = EDGE_CURVE ( 'NONE', #1297, #2683, #2497, .T. ) ;
#4758 = CARTESIAN_POINT ( 'NONE',  ( 40.00000000000000000, 74.99999999999998579, 5.000000000000000000 ) ) ;
#4759 = ADVANCED_FACE ( 'NONE', ( #821 ), #2521, .T. ) ;
#4760 = ORIENTED_EDGE ( 'NONE', *, *, #3538, .T. ) ;
#4761 = LINE ( 'NONE', #4658, #2211 ) ;
#4762 = CARTESIAN_POINT ( 'NONE',  ( -25.00000000000000000, 0.000000000000000000, 9.999999999999998224 ) ) ;
#4763 = CARTESIAN_POINT ( 'NONE',  ( -24.99999999999999289, -70.00000000000000000, 5.000000000000000000 ) ) ;
#4764 = LINE ( 'NONE', #947, #203 ) ;
#4765 = EDGE_LOOP ( 'NONE', ( #558, #5124, #2134, #4285, #3607 ) ) ;
#4766 = FACE_OUTER_BOUND ( 'NONE', #1136, .T. ) ;
#4767 = AXIS2_PLACEMENT_3D ( 'NONE', #2157, #1217, #430 ) ;
#4768 = VECTOR ( 'NONE', #2172, 1000.000000000000000 ) ;
#4769 = EDGE_CURVE ( 'NONE', #956, #5470, #3825, .T. ) ;
#4770 = VERTEX_POINT ( 'NONE', #144 ) ;
#4771 = DIRECTION ( 'NONE',  ( 0.000000000000000000, -0.000000000000000000, 1.000000000000000000 ) ) ;
#4772 = ORIENTED_EDGE ( 'NONE', *, *, #5008, .F. ) ;
#4773 = ORIENTED_EDGE ( 'NONE', *, *, #813, .T. ) ;
#4774 = CARTESIAN_POINT ( 'NONE',  ( -43.12499999999998579, -18.00000000000000355, 10.00156225593563875 ) ) ;
#4775 = VECTOR ( 'NONE', #2355, 1000.000000000000000 ) ;
#4776 = FACE_OUTER_BOUND ( 'NONE', #4777, .T. ) ;
#4777 = EDGE_LOOP ( 'NONE', ( #599, #76, #4181, #2626 ) ) ;
#4778 = AXIS2_PLACEMENT_3D ( 'NONE', #1546, #5253, #4834 ) ;
#4779 = CIRCLE ( 'NONE', #3677, 4.000000000000000000 ) ;
#4780 = CARTESIAN_POINT ( 'NONE',  ( -27.74999999999999289, -70.00000000000000000, 5.000000000000000000 ) ) ;
#4781 = CARTESIAN_POINT ( 'NONE',  ( 37.12499999999997868, -12.99999999999999822, 5.000000000000000000 ) ) ;
#4782 = ORIENTED_EDGE ( 'NONE', *, *, #3336, .T. ) ;
#4783 = MECHANICAL_DESIGN_GEOMETRIC_PRESENTATION_REPRESENTATION (  '', ( #3627 ), #3802 ) ;
#4784 = ORIENTED_EDGE ( 'NONE', *, *, #4801, .T. ) ;
#4785 = DIRECTION ( 'NONE',  ( -1.000000000000000000, 0.000000000000000000, 0.000000000000000000 ) ) ;
#4786 = DIRECTION ( 'NONE',  ( 0.000000000000000000, 0.000000000000000000, -1.000000000000000000 ) ) ;
#4787 = DIRECTION ( 'NONE',  ( 1.000000000000000000, 0.000000000000000000, 0.000000000000000000 ) ) ;
#4788 = DIRECTION ( 'NONE',  ( 1.000000000000000000, 0.000000000000000000, 0.000000000000000000 ) ) ;
#4789 = ORIENTED_EDGE ( 'NONE', *, *, #508, .F. ) ;
#4790 = CONICAL_SURFACE ( 'NONE', #2930, 5.600000000000000533, 0.7853981633974485010 ) ;
#4791 = ADVANCED_FACE ( 'NONE', ( #3457 ), #3820, .T. ) ;
#4792 = DIRECTION ( 'NONE',  ( 0.000000000000000000, 0.000000000000000000, 1.000000000000000000 ) ) ;
#4793 = CARTESIAN_POINT ( 'NONE',  ( -40.00000000000001421, 0.000000000000000000, 9.999999999999998224 ) ) ;
#4794 = DIRECTION ( 'NONE',  ( -0.000000000000000000, -0.000000000000000000, 1.000000000000000000 ) ) ;
#4795 = ORIENTED_EDGE ( 'NONE', *, *, #4416, .F. ) ;
#4796 = CIRCLE ( 'NONE', #2400, 1.000000000000000888 ) ;
#4797 = DIRECTION ( 'NONE',  ( 0.000000000000000000, 1.000000000000000000, -1.734723475976807587E-16 ) ) ;
#4798 = VECTOR ( 'NONE', #4399, 1000.000000000000000 ) ;
#4799 = ORIENTED_EDGE ( 'NONE', *, *, #1504, .T. ) ;
#4801 = EDGE_CURVE ( 'NONE', #277, #4714, #1368, .T. ) ;
#4800 = VECTOR ( 'NONE', #4079, 1000.000000000000000 ) ;
#4802 = CARTESIAN_POINT ( 'NONE',  ( 37.12499999999997868, -12.99999999999999822, 10.00156225593563875 ) ) ;
#4803 = CARTESIAN_POINT ( 'NONE',  ( -45.00000000000001421, -14.00000000000000178, 15.00000000000000000 ) ) ;
#4804 = EDGE_CURVE ( 'NONE', #1573, #1061, #2220, .T. ) ;
#4805 = DIRECTION ( 'NONE',  ( -0.000000000000000000, -1.000000000000000000, -0.000000000000000000 ) ) ;
#4806 = VECTOR ( 'NONE', #123, 1000.000000000000000 ) ;
#4807 = CARTESIAN_POINT ( 'NONE',  ( -15.00000000000000533, -3.000000000000000888, 5.000000000000000000 ) ) ;
#4808 = VERTEX_POINT ( 'NONE', #2259 ) ;
#4809 = TOROIDAL_SURFACE ( 'NONE', #2862, 4.000000000000000000, 1.000000000000000000 ) ;
#4810 = CARTESIAN_POINT ( 'NONE',  ( 44.00000000000001421, -14.00000000000000178, 15.00000000000000000 ) ) ;
#4811 = DIRECTION ( 'NONE',  ( -0.000000000000000000, -0.000000000000000000, 1.000000000000000000 ) ) ;
#4812 = ORIENTED_EDGE ( 'NONE', *, *, #2138, .T. ) ;
#4813 = CONICAL_SURFACE ( 'NONE', #11, 5.600000000000000533, 0.7853981633974485010 ) ;
#4814 = VERTEX_POINT ( 'NONE', #5129 ) ;
#4815 = DIRECTION ( 'NONE',  ( -0.000000000000000000, -0.000000000000000000, 1.000000000000000000 ) ) ;
#4816 = CARTESIAN_POINT ( 'NONE',  ( -43.12499999999998579, -13.00000000000000178, 5.000000000000000000 ) ) ;
#4817 = CARTESIAN_POINT ( 'NONE',  ( -44.00000000000000711, -62.00000000000000000, 9.999999999999998224 ) ) ;
#4818 = CARTESIAN_POINT ( 'NONE',  ( -40.00000000000000711, 81.24999999999998579, 12.00000000000000000 ) ) ;
#4819 = ORIENTED_EDGE ( 'NONE', *, *, #576, .T. ) ;
#4820 = CARTESIAN_POINT ( 'NONE',  ( -20.00000000000000000, 5.000000000000000000, 5.000000000000000000 ) ) ;
#4821 = CARTESIAN_POINT ( 'NONE',  ( -30.00000000000001066, -25.00000000000000000, 11.00000000000000000 ) ) ;
#4822 = CARTESIAN_POINT ( 'NONE',  ( 43.12499999999998579, -18.00000000000000355, 10.00156225593563875 ) ) ;
#4823 = VERTEX_POINT ( 'NONE', #506 ) ;
#4824 = CARTESIAN_POINT ( 'NONE',  ( -24.00000000000000000, 0.000000000000000000, 9.999999999999998224 ) ) ;
#4825 = ORIENTED_EDGE ( 'NONE', *, *, #879, .F. ) ;
#4826 = DIRECTION ( 'NONE',  ( -0.000000000000000000, 1.000000000000000000, 1.734723475976807587E-16 ) ) ;
#4827 = LINE ( 'NONE', #5463, #1186 ) ;
#4828 = CARTESIAN_POINT ( 'NONE',  ( -40.00000000000000000, 0.000000000000000000, 9.999999999999998224 ) ) ;
#4829 = EDGE_CURVE ( 'NONE', #4301, #3003, #4737, .T. ) ;
#4830 = LINE ( 'NONE', #3021, #438 ) ;
#4831 = EDGE_CURVE ( 'NONE', #850, #1299, #3851, .T. ) ;
#4832 = ORIENTED_EDGE ( 'NONE', *, *, #1093, .T. ) ;
#4833 = ADVANCED_FACE ( 'NONE', ( #4709 ), #4319, .T. ) ;
#4834 = DIRECTION ( 'NONE',  ( 9.251858538542971581E-17, -1.000000000000000000, 0.000000000000000000 ) ) ;
#4835 = DIRECTION ( 'NONE',  ( -1.000000000000000000, 0.000000000000000000, 0.000000000000000000 ) ) ;
#4836 = EDGE_LOOP ( 'NONE', ( #3063, #3489, #2605, #3878 ) ) ;
#4837 = EDGE_LOOP ( 'NONE', ( #3889, #984, #5255, #3048, #5295, #5194 ) ) ;
#4838 = VERTEX_POINT ( 'NONE', #1429 ) ;
#4839 = DIRECTION ( 'NONE',  ( 0.000000000000000000, -1.000000000000000000, 0.000000000000000000 ) ) ;
#4840 = DIRECTION ( 'NONE',  ( 0.000000000000000000, 0.000000000000000000, 1.000000000000000000 ) ) ;
#4841 = DIRECTION ( 'NONE',  ( 0.000000000000000000, 0.000000000000000000, 1.000000000000000000 ) ) ;
#4842 = CIRCLE ( 'NONE', #756, 2.749999999999999112 ) ;
#4843 = FACE_OUTER_BOUND ( 'NONE', #1523, .T. ) ;
#4844 = ORIENTED_EDGE ( 'NONE', *, *, #1559, .F. ) ;
#4845 = VECTOR ( 'NONE', #1537, 1000.000000000000000 ) ;
#4846 = DIRECTION ( 'NONE',  ( 0.000000000000000000, 0.000000000000000000, 1.000000000000000000 ) ) ;
#4847 = LINE ( 'NONE', #3980, #1157 ) ;
#4848 = LINE ( 'NONE', #1560, #832 ) ;
#4849 = ORIENTED_EDGE ( 'NONE', *, *, #1861, .T. ) ;
#4850 = DIRECTION ( 'NONE',  ( -0.000000000000000000, 1.000000000000000000, -0.000000000000000000 ) ) ;
#4851 = ORIENTED_EDGE ( 'NONE', *, *, #137, .T. ) ;
#4852 = DIRECTION ( 'NONE',  ( 0.000000000000000000, -1.734723475976807587E-16, 1.000000000000000000 ) ) ;
#4853 = CIRCLE ( 'NONE', #491, 4.000000000000000000 ) ;
#4854 = CYLINDRICAL_SURFACE ( 'NONE', #2198, 3.000000000000002665 ) ;
#4855 = DIRECTION ( 'NONE',  ( 0.000000000000000000, 0.000000000000000000, -1.000000000000000000 ) ) ;
#4856 = VECTOR ( 'NONE', #2502, 1000.000000000000000 ) ;
#4857 = ORIENTED_EDGE ( 'NONE', *, *, #4087, .T. ) ;
#4858 = CARTESIAN_POINT ( 'NONE',  ( -18.00748767465333344, -37.25000000000000711, 4.999999999999996447 ) ) ;
#4859 = ORIENTED_EDGE ( 'NONE', *, *, #67, .F. ) ;
#4860 = CARTESIAN_POINT ( 'NONE',  ( 25.00000000000000000, 3.000000000000000888, 5.000000000000000000 ) ) ;
#4861 = CARTESIAN_POINT ( 'NONE',  ( 34.99999999980003906, -42.75000000000000000, 5.000000000000000000 ) ) ;
#4862 = ADVANCED_FACE ( 'NONE', ( #3901 ), #2712, .T. ) ;
#4863 = ORIENTED_EDGE ( 'NONE', *, *, #1504, .F. ) ;
#4864 = ORIENTED_EDGE ( 'NONE', *, *, #5372, .T. ) ;
#4865 = AXIS2_PLACEMENT_3D ( 'NONE', #66, #2993, #4771 ) ;
#4866 = AXIS2_PLACEMENT_3D ( 'NONE', #1515, #4131, #3190 ) ;
#4867 = ADVANCED_FACE ( 'NONE', ( #3514, #559, #1782, #3956, #37, #1728, #4403, #2177, #3071, #3874, #62, #2600, #896, #117, #3432, #1839, #1315, #1755, #4766 ), #534, .T. ) ;
#4868 = DIRECTION ( 'NONE',  ( 1.000000000000000000, 0.000000000000000000, 0.000000000000000000 ) ) ;
#4869 = AXIS2_PLACEMENT_3D ( 'NONE', #4994, #3711, #4606 ) ;
#4870 = FACE_OUTER_BOUND ( 'NONE', #688, .T. ) ;
#4871 = CARTESIAN_POINT ( 'NONE',  ( -37.12499999999997868, -12.99999999999999822, 10.00156225593563875 ) ) ;
#4872 = EDGE_CURVE ( 'NONE', #5002, #4656, #3014, .T. ) ;
#4873 = ADVANCED_FACE ( 'NONE', ( #2233 ), #1809, .F. ) ;
#4874 = CARTESIAN_POINT ( 'NONE',  ( 43.12499999999998579, -12.99999999999999822, 5.000000000000000000 ) ) ;
#4875 = ORIENTED_EDGE ( 'NONE', *, *, #161, .F. ) ;
#4876 = CARTESIAN_POINT ( 'NONE',  ( -44.00000000000001421, -17.00000000000000000, 15.00000000000000000 ) ) ;
#4877 = CARTESIAN_POINT ( 'NONE',  ( 40.12499999999997868, -12.99999999999999822, 10.00156225593563697 ) ) ;
#4878 = CARTESIAN_POINT ( 'NONE',  ( -40.00000000000000000, -62.00000000000000000, 15.00000000000000000 ) ) ;
#4879 = ORIENTED_EDGE ( 'NONE', *, *, #1320, .F. ) ;
#4880 = LINE ( 'NONE', #3217, #2759 ) ;
#4881 = AXIS2_PLACEMENT_3D ( 'NONE', #3734, #3319, #5018 ) ;
#4882 = ORIENTED_EDGE ( 'NONE', *, *, #1791, .F. ) ;
#4883 = LINE ( 'NONE', #561, #509 ) ;
#4884 = CARTESIAN_POINT ( 'NONE',  ( 43.12499999999998579, -12.99999999999999822, 5.000000000000000000 ) ) ;
#4885 = AXIS2_PLACEMENT_3D ( 'NONE', #4149, #1176, #1200 ) ;
#4886 = DIRECTION ( 'NONE',  ( -1.000000000000000000, 0.000000000000000000, 0.000000000000000000 ) ) ;
#4887 = ORIENTED_EDGE ( 'NONE', *, *, #2394, .T. ) ;
#4888 = DIRECTION ( 'NONE',  ( -0.000000000000000000, -0.000000000000000000, -1.000000000000000000 ) ) ;
#4889 = ORIENTED_EDGE ( 'NONE', *, *, #2452, .F. ) ;
#4890 = DIRECTION ( 'NONE',  ( 1.850371707708594316E-16, -1.000000000000000000, 0.000000000000000000 ) ) ;
#4891 = CARTESIAN_POINT ( 'NONE',  ( -25.00000000000000000, -4.000000000000000888, 5.000000000000000000 ) ) ;
#4892 = AXIS2_PLACEMENT_3D ( 'NONE', #4557, #4947, #270 ) ;
#4893 = VERTEX_POINT ( 'NONE', #3129 ) ;
#4894 = ORIENTED_EDGE ( 'NONE', *, *, #600, .T. ) ;
#4895 = DIRECTION ( 'NONE',  ( -1.000000000000000000, -0.000000000000000000, -0.000000000000000000 ) ) ;
#4896 = DIRECTION ( 'NONE',  ( -0.000000000000000000, -0.000000000000000000, 1.000000000000000000 ) ) ;
#4897 = DIRECTION ( 'NONE',  ( -1.000000000000000000, 0.000000000000000000, -0.000000000000000000 ) ) ;
#4898 = CIRCLE ( 'NONE', #2411, 10.00000000000000000 ) ;
#4899 = FACE_OUTER_BOUND ( 'NONE', #3054, .T. ) ;
#4900 = CARTESIAN_POINT ( 'NONE',  ( 45.00000000000001421, -13.00000000000000178, 15.00000000000000000 ) ) ;
#4901 = ADVANCED_FACE ( 'NONE', ( #2315 ), #2578, .T. ) ;
#4902 = CYLINDRICAL_SURFACE ( 'NONE', #4493, 2.099999999999997868 ) ;
#4903 = EDGE_CURVE ( 'NONE', #1190, #4814, #3994, .T. ) ;
#4904 = VERTEX_POINT ( 'NONE', #2741 ) ;
#4905 = EDGE_CURVE ( 'NONE', #1850, #2167, #2771, .T. ) ;
#4906 = DIRECTION ( 'NONE',  ( 0.000000000000000000, 0.000000000000000000, 1.000000000000000000 ) ) ;
#4907 = CARTESIAN_POINT ( 'NONE',  ( -10.00000000000000000, -65.25000000000001421, 20.00000000000000000 ) ) ;
#4908 = DIRECTION ( 'NONE',  ( 0.000000000000000000, -0.000000000000000000, -1.000000000000000000 ) ) ;
#4909 = LINE ( 'NONE', #615, #4845 ) ;
#4910 = ORIENTED_EDGE ( 'NONE', *, *, #5238, .F. ) ;
#4911 = DIRECTION ( 'NONE',  ( -0.000000000000000000, -1.000000000000000000, -0.000000000000000000 ) ) ;
#4912 = LINE ( 'NONE', #3219, #959 ) ;
#4913 = CARTESIAN_POINT ( 'NONE',  ( -30.00000000000001421, -37.25000000000000711, 5.000000000000000000 ) ) ;
#4914 = VECTOR ( 'NONE', #2868, 1000.000000000000000 ) ;
#4915 = ORIENTED_EDGE ( 'NONE', *, *, #1971, .T. ) ;
#4916 = DIRECTION ( 'NONE',  ( -1.000000000000000000, -0.000000000000000000, -0.000000000000000000 ) ) ;
#4917 = ORIENTED_EDGE ( 'NONE', *, *, #5073, .F. ) ;
#4918 = FACE_OUTER_BOUND ( 'NONE', #3474, .T. ) ;
#4919 = CARTESIAN_POINT ( 'NONE',  ( 25.00000000000000000, -5.000000000000000000, 9.999999999999998224 ) ) ;
#4920 = EDGE_LOOP ( 'NONE', ( #1511, #5263, #228, #1109 ) ) ;
#4921 = ORIENTED_EDGE ( 'NONE', *, *, #3880, .F. ) ;
#4922 = CARTESIAN_POINT ( 'NONE',  ( -36.00000000000000711, -59.00000000000001421, 9.999999999999998224 ) ) ;
#4923 = CIRCLE ( 'NONE', #556, 2.999999999999999112 ) ;
#4924 = CARTESIAN_POINT ( 'NONE',  ( -30.00000000000001066, -55.00000000000000000, 11.00000000000000000 ) ) ;
#4925 = ORIENTED_EDGE ( 'NONE', *, *, #4629, .T. ) ;
#4926 = CARTESIAN_POINT ( 'NONE',  ( -44.00000000000001421, -14.00000000000000178, 15.00000000000000000 ) ) ;
#4927 = DIRECTION ( 'NONE',  ( -0.000000000000000000, 1.000000000000000000, -0.000000000000000000 ) ) ;
#4928 = CIRCLE ( 'NONE', #1105, 1.000000000000000888 ) ;
#4929 = CARTESIAN_POINT ( 'NONE',  ( -36.00000000000000711, -14.00000000000000178, 9.999999999999998224 ) ) ;
#4930 = ORIENTED_EDGE ( 'NONE', *, *, #4831, .T. ) ;
#4931 = EDGE_CURVE ( 'NONE', #638, #2735, #1921, .T. ) ;
#4932 = DIRECTION ( 'NONE',  ( 0.000000000000000000, 1.734723475976807587E-16, -1.000000000000000000 ) ) ;
#4933 = LINE ( 'NONE', #4101, #573 ) ;
#4934 = EDGE_CURVE ( 'NONE', #2271, #1757, #1095, .T. ) ;
#4935 = CARTESIAN_POINT ( 'NONE',  ( 9.999999999999994671, -65.25000000000001421, 5.000000000000000000 ) ) ;
#4936 = EDGE_CURVE ( 'NONE', #1567, #652, #4104, .T. ) ;
#4937 = CARTESIAN_POINT ( 'NONE',  ( -46.25000000000000711, 74.99999999999998579, 0.000000000000000000 ) ) ;
#4938 = CIRCLE ( 'NONE', #2262, 6.250000000000005329 ) ;
#4939 = ORIENTED_EDGE ( 'NONE', *, *, #522, .T. ) ;
#4940 = EDGE_CURVE ( 'NONE', #5117, #3852, #354, .T. ) ;
#4941 = FACE_OUTER_BOUND ( 'NONE', #2746, .T. ) ;
#4942 = VECTOR ( 'NONE', #2306, 1000.000000000000000 ) ;
#4943 = CARTESIAN_POINT ( 'NONE',  ( -15.00000000000000533, 3.000000000000000000, 9.999999999999998224 ) ) ;
#4944 = FACE_OUTER_BOUND ( 'NONE', #143, .T. ) ;
#4945 = VERTEX_POINT ( 'NONE', #2799 ) ;
#4946 = EDGE_CURVE ( 'NONE', #4032, #4084, #4880, .T. ) ;
#4947 = DIRECTION ( 'NONE',  ( 0.000000000000000000, -1.000000000000000000, 0.000000000000000000 ) ) ;
#4948 = VERTEX_POINT ( 'NONE', #4430 ) ;
#4949 = DIRECTION ( 'NONE',  ( 0.000000000000000000, 0.000000000000000000, -1.000000000000000000 ) ) ;
#4950 = DIRECTION ( 'NONE',  ( -0.000000000000000000, -0.000000000000000000, 1.000000000000000000 ) ) ;
#4951 = ORIENTED_EDGE ( 'NONE', *, *, #1980, .F. ) ;
#4952 = ORIENTED_EDGE ( 'NONE', *, *, #5411, .F. ) ;
#4953 = CARTESIAN_POINT ( 'NONE',  ( -19.99999999999998579, -25.00000000000000000, 5.000000000000000000 ) ) ;
#4954 = CARTESIAN_POINT ( 'NONE',  ( 25.00000000000000000, 3.000000000000000000, 9.999999999999998224 ) ) ;
#4955 = AXIS2_PLACEMENT_3D ( 'NONE', #2624, #86, #2150 ) ;
#4956 = FACE_OUTER_BOUND ( 'NONE', #2528, .T. ) ;
#4957 = ORIENTED_EDGE ( 'NONE', *, *, #281, .F. ) ;
#4958 = CIRCLE ( 'NONE', #3528, 3.000000000000002665 ) ;
#4959 = AXIS2_PLACEMENT_3D ( 'NONE', #1843, #3462, #3547 ) ;
#4960 = LINE ( 'NONE', #359, #3645 ) ;
#4961 = CARTESIAN_POINT ( 'NONE',  ( -21.00000000000000000, 4.000000000000000000, 9.999999999999998224 ) ) ;
#4962 = PLANE ( 'NONE',  #3935 ) ;
#4963 = DIRECTION ( 'NONE',  ( 0.000000000000000000, 0.000000000000000000, -1.000000000000000000 ) ) ;
#4964 = ORIENTED_EDGE ( 'NONE', *, *, #3464, .F. ) ;
#4965 = ADVANCED_FACE ( 'NONE', ( #1484 ), #170, .T. ) ;
#4966 = CARTESIAN_POINT ( 'NONE',  ( 24.99999999999999289, 60.00000000000000000, 2.149999999999999911 ) ) ;
#4967 = DIRECTION ( 'NONE',  ( 1.000000000000000000, -0.000000000000000000, -0.000000000000000000 ) ) ;
#4968 = DIRECTION ( 'NONE',  ( 0.000000000000000000, -0.000000000000000000, -1.000000000000000000 ) ) ;
#4969 = EDGE_LOOP ( 'NONE', ( #582, #3148, #4206, #4018 ) ) ;
#4970 = CARTESIAN_POINT ( 'NONE',  ( -35.00000000000000000, -59.00000000000001421, 15.00000000000000000 ) ) ;
#4971 = EDGE_CURVE ( 'NONE', #2130, #3003, #3186, .T. ) ;
#4972 = ADVANCED_FACE ( 'NONE', ( #3659 ), #313, .T. ) ;
#4973 = DIRECTION ( 'NONE',  ( -1.000000000000000000, 6.938893903907227392E-16, -0.000000000000000000 ) ) ;
#4974 = EDGE_CURVE ( 'NONE', #4184, #1076, #4909, .T. ) ;
#4975 = VECTOR ( 'NONE', #1311, 1000.000000000000000 ) ;
#4976 = CARTESIAN_POINT ( 'NONE',  ( 35.00000000000000000, -17.00000000000000000, 5.000000000000000000 ) ) ;
#4977 = EDGE_LOOP ( 'NONE', ( #3856, #4109, #1443, #2367 ) ) ;
#4978 = VERTEX_POINT ( 'NONE', #1869 ) ;
#4979 = DIRECTION ( 'NONE',  ( 0.000000000000000000, -1.000000000000000000, 0.000000000000000000 ) ) ;
#4980 = DIRECTION ( 'NONE',  ( 0.000000000000000000, -1.000000000000000000, 0.000000000000000000 ) ) ;
#4981 = EDGE_LOOP ( 'NONE', ( #1310, #2711, #999, #4627 ) ) ;
#4982 = VECTOR ( 'NONE', #3589, 1000.000000000000000 ) ;
#4983 = AXIS2_PLACEMENT_3D ( 'NONE', #4375, #3541, #5242 ) ;
#4984 = LINE ( 'NONE', #1172, #1692 ) ;
#4985 = VECTOR ( 'NONE', #5090, 1000.000000000000000 ) ;
#4986 = EDGE_CURVE ( 'NONE', #2628, #4172, #3597, .T. ) ;
#4987 = VERTEX_POINT ( 'NONE', #4937 ) ;
#4988 = DIRECTION ( 'NONE',  ( -1.000000000000000000, -1.982541115402065849E-16, -0.000000000000000000 ) ) ;
#4989 = FACE_OUTER_BOUND ( 'NONE', #4619, .T. ) ;
#4990 = AXIS2_PLACEMENT_3D ( 'NONE', #4255, #1691, #408 ) ;
#4991 = LINE ( 'NONE', #1178, #721 ) ;
#4992 = CARTESIAN_POINT ( 'NONE',  ( -44.00000000000000711, -59.00000000000000711, 15.00000000000000000 ) ) ;
#4993 = ORIENTED_EDGE ( 'NONE', *, *, #724, .T. ) ;
#4994 = CARTESIAN_POINT ( 'NONE',  ( -25.00000000000000711, 60.00000000000000000, 5.000000000000000000 ) ) ;
#4995 = CARTESIAN_POINT ( 'NONE',  ( -37.12499999999997868, -12.99999999999999822, 10.00156225593563875 ) ) ;
#4996 = CARTESIAN_POINT ( 'NONE',  ( 45.00000000000001421, -13.00000000000000178, 5.000000000000000000 ) ) ;
#4997 = ORIENTED_EDGE ( 'NONE', *, *, #2427, .T. ) ;
#4998 = CARTESIAN_POINT ( 'NONE',  ( -28.81710979338332734, -45.74999999999999289, -0.000000000000000000 ) ) ;
#4999 = LINE ( 'NONE', #1241, #2190 ) ;
#5000 = CARTESIAN_POINT ( 'NONE',  ( -40.00000000000000000, -17.00000000000000000, 9.999999999999998224 ) ) ;
#5001 = EDGE_CURVE ( 'NONE', #1066, #4317, #2288, .T. ) ;
#5002 = VERTEX_POINT ( 'NONE', #4518 ) ;
#5003 = ORIENTED_EDGE ( 'NONE', *, *, #3096, .F. ) ;
#5004 = CARTESIAN_POINT ( 'NONE',  ( 21.00000000000000000, 0.000000000000000000, 9.999999999999998224 ) ) ;
#5005 = EDGE_CURVE ( 'NONE', #1757, #320, #3332, .T. ) ;
#5006 = CARTESIAN_POINT ( 'NONE',  ( 25.00000000000000355, -55.00000000000000000, 11.00000000000000000 ) ) ;
#5007 = VERTEX_POINT ( 'NONE', #5380 ) ;
#5008 = EDGE_CURVE ( 'NONE', #2205, #306, #4037, .T. ) ;
#5009 = DIRECTION ( 'NONE',  ( 1.000000000000000000, 0.000000000000000000, 0.000000000000000000 ) ) ;
#5010 = CIRCLE ( 'NONE', #1277, 1.000000000000000888 ) ;
#5011 = EDGE_CURVE ( 'NONE', #1889, #2953, #2897, .T. ) ;
#5012 = VERTEX_POINT ( 'NONE', #3342 ) ;
#5013 = AXIS2_PLACEMENT_3D ( 'NONE', #5367, #4533, #3253 ) ;
#5014 = CARTESIAN_POINT ( 'NONE',  ( -34.99999999999997868, -37.25000000000000000, 5.000000000000000000 ) ) ;
#5015 = CARTESIAN_POINT ( 'NONE',  ( -20.00000000000000000, 0.000000000000000000, 15.00000000000000000 ) ) ;
#5016 = DIRECTION ( 'NONE',  ( -0.000000000000000000, -0.000000000000000000, 1.000000000000000000 ) ) ;
#5017 = ORIENTED_EDGE ( 'NONE', *, *, #2798, .T. ) ;
#5018 = DIRECTION ( 'NONE',  ( 0.000000000000000000, 0.000000000000000000, -1.000000000000000000 ) ) ;
#5019 = CARTESIAN_POINT ( 'NONE',  ( -10.00000000000000178, -81.25000000000001421, 20.00000000000000000 ) ) ;
#5020 = DIRECTION ( 'NONE',  ( -0.000000000000000000, 1.000000000000000000, -0.000000000000000000 ) ) ;
#5021 = CIRCLE ( 'NONE', #4750, 4.000000000000000000 ) ;
#5022 = ORIENTED_EDGE ( 'NONE', *, *, #9, .F. ) ;
#5023 = CARTESIAN_POINT ( 'NONE',  ( -37.77409858134812026, -45.07446043640108968, 0.000000000000000000 ) ) ;
#5024 = FACE_OUTER_BOUND ( 'NONE', #2219, .T. ) ;
#5025 = LINE ( 'NONE', #2387, #2062 ) ;
#5026 = ORIENTED_EDGE ( 'NONE', *, *, #4936, .T. ) ;
#5027 = ORIENTED_EDGE ( 'NONE', *, *, #4804, .F. ) ;
#5028 = DIRECTION ( 'NONE',  ( -0.000000000000000000, -1.000000000000000000, -0.000000000000000000 ) ) ;
#5029 = CARTESIAN_POINT ( 'NONE',  ( 20.00000000000000000, 4.000000000000000000, 5.000000000000000000 ) ) ;
#5030 = EDGE_LOOP ( 'NONE', ( #2343, #4035, #4473, #2675 ) ) ;
#5031 = EDGE_CURVE ( 'NONE', #2753, #490, #45, .T. ) ;
#5032 = CARTESIAN_POINT ( 'NONE',  ( -44.00000000000000711, -62.00000000000000000, 5.000000000000000888 ) ) ;
#5033 = AXIS2_PLACEMENT_3D ( 'NONE', #2212, #1013, #4357 ) ;
#5034 = VECTOR ( 'NONE', #3040, 1000.000000000000000 ) ;
#5035 = EDGE_CURVE ( 'NONE', #4363, #679, #5021, .T. ) ;
#5036 = ORIENTED_EDGE ( 'NONE', *, *, #4540, .F. ) ;
#5037 = CARTESIAN_POINT ( 'NONE',  ( -10.00000000000000000, 1.224646799147353256E-15, -0.001000000000000132727 ) ) ;
#5038 = CARTESIAN_POINT ( 'NONE',  ( -44.00000000000000711, -58.00000000000000000, 5.000000000000000000 ) ) ;
#5039 = ORIENTED_EDGE ( 'NONE', *, *, #4475, .T. ) ;
#5040 = ADVANCED_FACE ( 'NONE', ( #4237 ), #3290, .T. ) ;
#5041 = CIRCLE ( 'NONE', #1656, 5.000000000000004441 ) ;
#5042 = EDGE_CURVE ( 'NONE', #2, #3460, #2539, .T. ) ;
#5043 = CARTESIAN_POINT ( 'NONE',  ( -24.00000000000000000, -5.000000000000000000, 9.999999999999998224 ) ) ;
#5044 = AXIS2_PLACEMENT_3D ( 'NONE', #4297, #119, #3877 ) ;
#5045 = CIRCLE ( 'NONE', #1925, 4.999999999999997335 ) ;
#5046 = ORIENTED_EDGE ( 'NONE', *, *, #542, .F. ) ;
#5047 = DIRECTION ( 'NONE',  ( 0.000000000000000000, 0.000000000000000000, 1.000000000000000000 ) ) ;
#5048 = VECTOR ( 'NONE', #987, 1000.000000000000000 ) ;
#5049 = FACE_OUTER_BOUND ( 'NONE', #5256, .T. ) ;
#5050 = DIRECTION ( 'NONE',  ( 0.000000000000000000, -1.000000000000000000, 0.000000000000000000 ) ) ;
#5051 = ORIENTED_EDGE ( 'NONE', *, *, #2176, .F. ) ;
#5052 = CARTESIAN_POINT ( 'NONE',  ( 24.00000000000000000, 0.000000000000000000, 9.999999999999998224 ) ) ;
#5053 = AXIS2_PLACEMENT_3D ( 'NONE', #4378, #2691, #562 ) ;
#5054 = ADVANCED_FACE ( 'NONE', ( #758 ), #336, .F. ) ;
#5055 = DIRECTION ( 'NONE',  ( 0.000000000000000000, 0.000000000000000000, 1.000000000000000000 ) ) ;
#5056 = DIRECTION ( 'NONE',  ( 1.000000000000000000, 0.000000000000000000, 0.000000000000000000 ) ) ;
#5057 = EDGE_LOOP ( 'NONE', ( #425, #4056, #184, #4270, #4341, #93 ) ) ;
#5058 = ORIENTED_EDGE ( 'NONE', *, *, #2217, .F. ) ;
#5059 = DIRECTION ( 'NONE',  ( 1.000000000000000000, -0.000000000000000000, -0.000000000000000000 ) ) ;
#5060 = CARTESIAN_POINT ( 'NONE',  ( -35.00000000000000000, -13.00000000000000178, 15.00000000000000000 ) ) ;
#5061 = VERTEX_POINT ( 'NONE', #4573 ) ;
#5062 = CIRCLE ( 'NONE', #344, 5.000000000000011546 ) ;
#5063 = CARTESIAN_POINT ( 'NONE',  ( 39.99999999999989342, 75.24999999999998579, 12.00000000000000000 ) ) ;
#5064 = AXIS2_PLACEMENT_3D ( 'NONE', #4027, #246, #1525 ) ;
#5065 = VECTOR ( 'NONE', #3552, 1000.000000000000000 ) ;
#5066 = AXIS2_PLACEMENT_3D ( 'NONE', #4427, #3181, #2795 ) ;
#5067 = ORIENTED_EDGE ( 'NONE', *, *, #4804, .T. ) ;
#5068 = CARTESIAN_POINT ( 'NONE',  ( 28.81710979338332379, -34.25000000000000000, -0.000000000000000000 ) ) ;
#5069 = DIRECTION ( 'NONE',  ( 1.000000000000000000, 1.982541115402065849E-16, 0.000000000000000000 ) ) ;
#5070 = ORIENTED_EDGE ( 'NONE', *, *, #4118, .F. ) ;
#5072 = EDGE_CURVE ( 'NONE', #4562, #760, #3784, .T. ) ;
#5071 = AXIS2_PLACEMENT_3D ( 'NONE', #2407, #1952, #4460 ) ;
#5073 = EDGE_CURVE ( 'NONE', #121, #4814, #362, .T. ) ;
#5074 = AXIS2_PLACEMENT_3D ( 'NONE', #2108, #2081, #4204 ) ;
#5075 = CARTESIAN_POINT ( 'NONE',  ( 21.00000000000000000, 0.000000000000000000, 9.999999999999998224 ) ) ;
#5076 = EDGE_CURVE ( 'NONE', #3745, #4010, #2353, .T. ) ;
#5077 = EDGE_LOOP ( 'NONE', ( #608, #4218 ) ) ;
#5078 = FACE_OUTER_BOUND ( 'NONE', #1532, .T. ) ;
#5079 = CARTESIAN_POINT ( 'NONE',  ( -45.00000000000001421, -17.00000000000000000, 15.00000000000000000 ) ) ;
#5080 = CIRCLE ( 'NONE', #2681, 1.000000000000000888 ) ;
#5081 = CARTESIAN_POINT ( 'NONE',  ( 36.00000000000000711, -13.00000000000000178, 9.999999999999998224 ) ) ;
#5082 = LINE ( 'NONE', #819, #949 ) ;
#5083 = EDGE_LOOP ( 'NONE', ( #4499, #1021, #1518, #4857, #1867, #7, #4693, #88, #3930 ) ) ;
#5084 = CARTESIAN_POINT ( 'NONE',  ( -38.99799672150838603, -35.74710240303190290, 0.000000000000000000 ) ) ;
#5085 = DIRECTION ( 'NONE',  ( -0.000000000000000000, -1.000000000000000000, -0.000000000000000000 ) ) ;
#5086 = DIRECTION ( 'NONE',  ( 1.000000000000000000, 0.000000000000000000, 0.000000000000000000 ) ) ;
#5087 = ORIENTED_EDGE ( 'NONE', *, *, #3061, .F. ) ;
#5088 = ORIENTED_EDGE ( 'NONE', *, *, #3366, .F. ) ;
#5089 = DIRECTION ( 'NONE',  ( -1.000000000000000000, 0.000000000000000000, 0.000000000000000000 ) ) ;
#5090 = DIRECTION ( 'NONE',  ( 1.000000000000000000, -0.000000000000000000, -0.000000000000000000 ) ) ;
#5091 = ORIENTED_EDGE ( 'NONE', *, *, #2932, .T. ) ;
#5092 = DIRECTION ( 'NONE',  ( -1.000000000000000000, 0.000000000000000000, 0.000000000000000000 ) ) ;
#5093 = VERTEX_POINT ( 'NONE', #4127 ) ;
#5094 = CARTESIAN_POINT ( 'NONE',  ( 36.74548407698661379, -37.85248605285640622, 5.000000000000000888 ) ) ;
#5095 = DIRECTION ( 'NONE',  ( -1.000000000000000000, 0.000000000000000000, 0.000000000000000000 ) ) ;
#5096 = VERTEX_POINT ( 'NONE', #5097 ) ;
#5097 = CARTESIAN_POINT ( 'NONE',  ( 20.00000000000000000, -3.000000000000000000, 9.999999999999998224 ) ) ;
#5098 = VERTEX_POINT ( 'NONE', #785 ) ;
#5099 = EDGE_CURVE ( 'NONE', #3955, #4661, #1812, .T. ) ;
#5100 = EDGE_CURVE ( 'NONE', #2753, #1089, #2933, .T. ) ;
#5101 = FACE_OUTER_BOUND ( 'NONE', #4679, .T. ) ;
#5102 = CARTESIAN_POINT ( 'NONE',  ( 27.75000000000000711, -70.00000000000000000, 8.673617379884035472E-16 ) ) ;
#5103 = DIRECTION ( 'NONE',  ( -0.000000000000000000, 0.000000000000000000, -1.000000000000000000 ) ) ;
#5104 = ORIENTED_EDGE ( 'NONE', *, *, #5324, .F. ) ;
#5105 = CARTESIAN_POINT ( 'NONE',  ( 1.561251128379126385E-14, -42.74999999999998579, 5.000000000000009770 ) ) ;
#5106 = EDGE_CURVE ( 'NONE', #743, #5240, #5465, .T. ) ;
#5107 = DIRECTION ( 'NONE',  ( -0.000000000000000000, -0.000000000000000000, -1.000000000000000000 ) ) ;
#5108 = VERTEX_POINT ( 'NONE', #4630 ) ;
#5109 = ORIENTED_EDGE ( 'NONE', *, *, #2239, .F. ) ;
#5110 = EDGE_CURVE ( 'NONE', #4010, #3745, #2621, .T. ) ;
#5111 = LINE ( 'NONE', #41, #2185 ) ;
#5112 = AXIS2_PLACEMENT_3D ( 'NONE', #1148, #4150, #4208 ) ;
#5113 = DIRECTION ( 'NONE',  ( 0.000000000000000000, 1.000000000000000000, 0.000000000000000000 ) ) ;
#5114 = ORIENTED_EDGE ( 'NONE', *, *, #4121, .F. ) ;
#5115 = AXIS2_PLACEMENT_3D ( 'NONE', #3317, #3731, #2060 ) ;
#5116 = PLANE ( 'NONE',  #726 ) ;
#5117 = VERTEX_POINT ( 'NONE', #5043 ) ;
#5118 = CIRCLE ( 'NONE', #3430, 5.000000000000000888 ) ;
#5119 = CARTESIAN_POINT ( 'NONE',  ( 17.01943298838019913, -45.75000000000005684, 0.000000000000000000 ) ) ;
#5120 = CARTESIAN_POINT ( 'NONE',  ( -40.00000000000000711, 81.24999999999998579, 5.000000000000000000 ) ) ;
#5121 = ORIENTED_EDGE ( 'NONE', *, *, #915, .F. ) ;
#5122 = AXIS2_PLACEMENT_3D ( 'NONE', #3049, #927, #1815 ) ;
#5123 = PLANE ( 'NONE',  #1288 ) ;
#5124 = ORIENTED_EDGE ( 'NONE', *, *, #580, .T. ) ;
#5125 = DIRECTION ( 'NONE',  ( -0.000000000000000000, -0.000000000000000000, 1.000000000000000000 ) ) ;
#5126 = LINE ( 'NONE', #893, #2370 ) ;
#5127 = DIRECTION ( 'NONE',  ( -0.000000000000000000, 1.000000000000000000, -0.000000000000000000 ) ) ;
#5128 = ORIENTED_EDGE ( 'NONE', *, *, #2796, .F. ) ;
#5129 = CARTESIAN_POINT ( 'NONE',  ( -30.59999999999999432, -70.00000000000000000, 5.000000000000000000 ) ) ;
#5130 = EDGE_CURVE ( 'NONE', #3223, #1004, #3776, .T. ) ;
#5131 = AXIS2_PLACEMENT_3D ( 'NONE', #1162, #1991, #3717 ) ;
#5132 = PLANE ( 'NONE',  #4865 ) ;
#5133 = ORIENTED_EDGE ( 'NONE', *, *, #1266, .F. ) ;
#5134 = VERTEX_POINT ( 'NONE', #1258 ) ;
#5135 = CARTESIAN_POINT ( 'NONE',  ( 37.12499999999997868, -12.99999999999999822, 10.00156225593563875 ) ) ;
#5136 = ADVANCED_FACE ( 'NONE', ( #2433 ), #1999, .T. ) ;
#5137 = DIRECTION ( 'NONE',  ( 0.000000000000000000, -0.000000000000000000, 1.000000000000000000 ) ) ;
#5138 = EDGE_CURVE ( 'NONE', #3498, #5108, #2513, .T. ) ;
#5139 = ORIENTED_EDGE ( 'NONE', *, *, #5035, .T. ) ;
#5140 =( NAMED_UNIT ( * ) PLANE_ANGLE_UNIT ( ) SI_UNIT ( $, .RADIAN. ) );
#5141 = EDGE_CURVE ( 'NONE', #3982, #4351, #5486, .T. ) ;
#5142 = CARTESIAN_POINT ( 'NONE',  ( -40.00000000000000711, 75.24999999999998579, 5.000000000000000000 ) ) ;
#5143 = AXIS2_PLACEMENT_3D ( 'NONE', #110, #5209, #1393 ) ;
#5144 = ORIENTED_EDGE ( 'NONE', *, *, #2208, .F. ) ;
#5145 = CARTESIAN_POINT ( 'NONE',  ( 37.77409858134812737, -45.07446043640110389, 0.000000000000000000 ) ) ;
#5146 = DIRECTION ( 'NONE',  ( 1.000000000000000000, -0.000000000000000000, -0.000000000000000000 ) ) ;
#5147 = ORIENTED_EDGE ( 'NONE', *, *, #3502, .F. ) ;
#5148 = VECTOR ( 'NONE', #499, 1000.000000000000000 ) ;
#5149 = ADVANCED_FACE ( 'NONE', ( #2008 ), #5405, .T. ) ;
#5150 = CARTESIAN_POINT ( 'NONE',  ( -40.00000000000000711, 75.24999999999998579, 12.00000000000000000 ) ) ;
#5151 = ORIENTED_EDGE ( 'NONE', *, *, #1845, .T. ) ;
#5152 = AXIS2_PLACEMENT_3D ( 'NONE', #551, #2333, #4393 ) ;
#5153 = VECTOR ( 'NONE', #5268, 1000.000000000000000 ) ;
#5154 = DIRECTION ( 'NONE',  ( 1.000000000000000000, 0.000000000000000000, 0.000000000000000000 ) ) ;
#5155 = DIRECTION ( 'NONE',  ( 0.000000000000000000, -1.000000000000000000, 0.000000000000000000 ) ) ;
#5156 = LINE ( 'NONE', #87, #649 ) ;
#5157 = EDGE_LOOP ( 'NONE', ( #3726, #2340, #2388, #5495 ) ) ;
#5158 = DIRECTION ( 'NONE',  ( 1.000000000000000000, 0.000000000000000000, 0.000000000000000000 ) ) ;
#5159 = CIRCLE ( 'NONE', #356, 6.249999999999998224 ) ;
#5160 = VECTOR ( 'NONE', #934, 1000.000000000000000 ) ;
#5161 = CARTESIAN_POINT ( 'NONE',  ( 20.00000000000000000, 5.000000000000000000, 15.00000000000000000 ) ) ;
#5162 = VERTEX_POINT ( 'NONE', #4340 ) ;
#5163 = ORIENTED_EDGE ( 'NONE', *, *, #4152, .F. ) ;
#5164 = DIRECTION ( 'NONE',  ( 0.000000000000000000, 0.000000000000000000, 1.000000000000000000 ) ) ;
#5165 = DIRECTION ( 'NONE',  ( -0.000000000000000000, -0.000000000000000000, -1.000000000000000000 ) ) ;
#5166 = ORIENTED_EDGE ( 'NONE', *, *, #2256, .T. ) ;
#5167 = CARTESIAN_POINT ( 'NONE',  ( 0.000000000000000000, 0.000000000000000000, 0.000000000000000000 ) ) ;
#5168 = EDGE_CURVE ( 'NONE', #1764, #2580, #2252, .T. ) ;
#5169 = LINE ( 'NONE', #489, #1607 ) ;
#5170 = ADVANCED_FACE ( 'NONE', ( #3921 ), #471, .T. ) ;
#5171 = VERTEX_POINT ( 'NONE', #1420 ) ;
#5172 = ADVANCED_FACE ( 'NONE', ( #3948 ), #3007, .T. ) ;
#5173 = ORIENTED_EDGE ( 'NONE', *, *, #3437, .T. ) ;
#5174 = CARTESIAN_POINT ( 'NONE',  ( 40.00000000000000711, -62.00000000000000000, 9.999999999999998224 ) ) ;
#5175 = CARTESIAN_POINT ( 'NONE',  ( -36.82231164300147697, -45.48338716540906290, 0.000000000000000000 ) ) ;
#5176 = DIRECTION ( 'NONE',  ( -1.000000000000000000, -0.000000000000000000, -0.000000000000000000 ) ) ;
#5177 = AXIS2_PLACEMENT_3D ( 'NONE', #5000, #2019, #1571 ) ;
#5178 = CARTESIAN_POINT ( 'NONE',  ( 36.00000000000000711, -18.00000000000000355, 15.00000000000000000 ) ) ;
#5179 = ORIENTED_EDGE ( 'NONE', *, *, #3132, .T. ) ;
#5180 = DIRECTION ( 'NONE',  ( 0.000000000000000000, 1.000000000000000000, -0.000000000000000000 ) ) ;
#5181 = DIRECTION ( 'NONE',  ( 0.000000000000000000, 0.000000000000000000, -1.000000000000000000 ) ) ;
#5182 = CARTESIAN_POINT ( 'NONE',  ( 25.00000000000000000, 4.000000000000000000, 5.000000000000000000 ) ) ;
#5183 = CIRCLE ( 'NONE', #1099, 2.749999999999999112 ) ;
#5184 = CYLINDRICAL_SURFACE ( 'NONE', #2791, 1.000000000000000888 ) ;
#5185 = ORIENTED_EDGE ( 'NONE', *, *, #3171, .F. ) ;
#5186 = DIRECTION ( 'NONE',  ( 1.000000000000000000, 0.000000000000000000, -0.000000000000000000 ) ) ;
#5187 = ORIENTED_EDGE ( 'NONE', *, *, #5411, .T. ) ;
#5188 = DIRECTION ( 'NONE',  ( -0.000000000000000000, -0.000000000000000000, 1.000000000000000000 ) ) ;
#5189 = CIRCLE ( 'NONE', #2611, 1.000000000000000888 ) ;
#5190 = ORIENTED_EDGE ( 'NONE', *, *, #5477, .F. ) ;
#5191 = ORIENTED_EDGE ( 'NONE', *, *, #5076, .F. ) ;
#5192 = CARTESIAN_POINT ( 'NONE',  ( 20.00000000000000000, 4.000000000000000000, 15.00000000000000000 ) ) ;
#5193 = CARTESIAN_POINT ( 'NONE',  ( -40.00000000000000711, 75.24999999999998579, 12.00000000000000000 ) ) ;
#5194 = ORIENTED_EDGE ( 'NONE', *, *, #2088, .T. ) ;
#5195 = DIRECTION ( 'NONE',  ( 0.000000000000000000, -0.000000000000000000, 1.000000000000000000 ) ) ;
#5196 = FACE_OUTER_BOUND ( 'NONE', #2393, .T. ) ;
#5197 = EDGE_LOOP ( 'NONE', ( #1609, #5277, #898, #2770, #2894, #428, #2327, #2299, #2689, #1783 ) ) ;
#5198 = VECTOR ( 'NONE', #2089, 1000.000000000000000 ) ;
#5199 = EDGE_CURVE ( 'NONE', #1629, #4402, #4938, .T. ) ;
#5200 = ORIENTED_EDGE ( 'NONE', *, *, #2693, .F. ) ;
#5201 = DIRECTION ( 'NONE',  ( 0.000000000000000000, 0.000000000000000000, -1.000000000000000000 ) ) ;
#5202 = DIRECTION ( 'NONE',  ( 1.000000000000000000, 0.000000000000000000, 0.000000000000000000 ) ) ;
#5203 = AXIS2_PLACEMENT_3D ( 'NONE', #1530, #3590, #1031 ) ;
#5204 = FACE_OUTER_BOUND ( 'NONE', #5434, .T. ) ;
#5205 = EDGE_CURVE ( 'NONE', #4105, #1823, #3509, .T. ) ;
#5206 = LINE ( 'NONE', #4678, #843 ) ;
#5207 = EDGE_LOOP ( 'NONE', ( #3513, #5289, #910, #5003 ) ) ;
#5208 = EDGE_CURVE ( 'NONE', #3431, #4532, #5232, .T. ) ;
#5209 = DIRECTION ( 'NONE',  ( -6.938893903907227392E-16, 1.000000000000000000, 0.000000000000000000 ) ) ;
#5210 = DIRECTION ( 'NONE',  ( -1.000000000000000000, -0.000000000000000000, 0.000000000000000000 ) ) ;
#5211 = DIRECTION ( 'NONE',  ( 0.000000000000000000, -0.000000000000000000, -1.000000000000000000 ) ) ;
#5212 = VERTEX_POINT ( 'NONE', #552 ) ;
#5213 = CARTESIAN_POINT ( 'NONE',  ( -39.99999999999998579, -75.00000000000001421, 5.000000000000000000 ) ) ;
#5214 = AXIS2_PLACEMENT_3D ( 'NONE', #900, #403, #3019 ) ;
#5215 = VECTOR ( 'NONE', #2963, 1000.000000000000000 ) ;
#5216 = VERTEX_POINT ( 'NONE', #1719 ) ;
#5217 = CARTESIAN_POINT ( 'NONE',  ( -20.00000000000000000, 2.999999999999999112, 15.00000000000000000 ) ) ;
#5218 = LINE ( 'NONE', #3575, #4715 ) ;
#5219 = DIRECTION ( 'NONE',  ( 0.000000000000000000, -1.000000000000000000, 0.000000000000000000 ) ) ;
#5220 = DIRECTION ( 'NONE',  ( -0.000000000000000000, -0.000000000000000000, -1.000000000000000000 ) ) ;
#5221 = EDGE_CURVE ( 'NONE', #2947, #1304, #3248, .T. ) ;
#5222 = ORIENTED_EDGE ( 'NONE', *, *, #1941, .F. ) ;
#5223 = CONICAL_SURFACE ( 'NONE', #1228, 5.600000000000000533, 0.7853981633974485010 ) ;
#5224 = VECTOR ( 'NONE', #5387, 1000.000000000000000 ) ;
#5225 = DIRECTION ( 'NONE',  ( -1.000000000000000000, 0.000000000000000000, 0.000000000000000000 ) ) ;
#5226 = CARTESIAN_POINT ( 'NONE',  ( 30.59999999999999432, 60.00000000000000000, 5.000000000000000000 ) ) ;
#5227 = ORIENTED_EDGE ( 'NONE', *, *, #1303, .F. ) ;
#5228 = EDGE_LOOP ( 'NONE', ( #1367, #1875, #2072, #5088 ) ) ;
#5229 = CARTESIAN_POINT ( 'NONE',  ( 25.00000000000000000, -4.000000000000000888, 15.00000000000000000 ) ) ;
#5230 = CARTESIAN_POINT ( 'NONE',  ( 24.00000000000000000, -4.000000000000000000, 9.999999999999998224 ) ) ;
#5231 = DIRECTION ( 'NONE',  ( 0.000000000000000000, 1.000000000000000000, -0.000000000000000000 ) ) ;
#5232 = LINE ( 'NONE', #5178, #2536 ) ;
#5233 = ORIENTED_EDGE ( 'NONE', *, *, #1734, .T. ) ;
#5234 = VECTOR ( 'NONE', #4520, 1000.000000000000000 ) ;
#5235 = EDGE_CURVE ( 'NONE', #2561, #4105, #5206, .T. ) ;
#5236 = DIRECTION ( 'NONE',  ( -0.000000000000000000, 1.000000000000000000, 0.000000000000000000 ) ) ;
#5237 = FACE_OUTER_BOUND ( 'NONE', #2260, .T. ) ;
#5238 = EDGE_CURVE ( 'NONE', #5108, #2538, #2226, .T. ) ;
#5239 = DIRECTION ( 'NONE',  ( 0.000000000000000000, 0.000000000000000000, 1.000000000000000000 ) ) ;
#5240 = VERTEX_POINT ( 'NONE', #2166 ) ;
#5241 = ADVANCED_FACE ( 'NONE', ( #3507 ), #3090, .F. ) ;
#5242 = DIRECTION ( 'NONE',  ( 1.084202172485504557E-16, 1.000000000000000000, 0.000000000000000000 ) ) ;
#5243 = CIRCLE ( 'NONE', #3550, 1.000000000000000888 ) ;
#5244 = CIRCLE ( 'NONE', #5509, 1.000000000000000888 ) ;
#5245 = VERTEX_POINT ( 'NONE', #1389 ) ;
#5246 = AXIS2_PLACEMENT_3D ( 'NONE', #3465, #593, #179 ) ;
#5247 = FILL_AREA_STYLE ('',( #1433 ) ) ;
#5248 = VERTEX_POINT ( 'NONE', #3425 ) ;
#5249 = CARTESIAN_POINT ( 'NONE',  ( 39.99999999999989342, 81.24999999999998579, 12.00000000000000000 ) ) ;
#5250 = VECTOR ( 'NONE', #4055, 1000.000000000000000 ) ;
#5251 = CARTESIAN_POINT ( 'NONE',  ( 36.00000000000000711, -14.00000000000000178, 5.000000000000000888 ) ) ;
#5252 = ORIENTED_EDGE ( 'NONE', *, *, #4225, .F. ) ;
#5253 = DIRECTION ( 'NONE',  ( -1.000000000000000000, -9.251858538542971581E-17, 0.000000000000000000 ) ) ;
#5254 = FACE_OUTER_BOUND ( 'NONE', #4138, .T. ) ;
#5255 = ORIENTED_EDGE ( 'NONE', *, *, #1014, .F. ) ;
#5256 = EDGE_LOOP ( 'NONE', ( #4261, #4497, #4390, #2052 ) ) ;
#5257 = VECTOR ( 'NONE', #3394, 1000.000000000000000 ) ;
#5258 = ORIENTED_EDGE ( 'NONE', *, *, #3207, .F. ) ;
#5259 = FACE_OUTER_BOUND ( 'NONE', #2919, .T. ) ;
#5260 = CARTESIAN_POINT ( 'NONE',  ( 30.00000000000000000, -25.00000000000000000, 11.00000000000000000 ) ) ;
#5261 = CARTESIAN_POINT ( 'NONE',  ( -40.00000000000001421, -18.00000000000000355, 13.99999999999999822 ) ) ;
#5262 = LINE ( 'NONE', #1088, #4942 ) ;
#5263 = ORIENTED_EDGE ( 'NONE', *, *, #335, .T. ) ;
#5264 = CARTESIAN_POINT ( 'NONE',  ( -21.00000000000000000, -5.000000000000000000, 5.000000000000000000 ) ) ;
#5265 = CARTESIAN_POINT ( 'NONE',  ( 27.74999999999999289, 60.00000000000000000, 2.149999999999999911 ) ) ;
#5266 = CARTESIAN_POINT ( 'NONE',  ( 25.00000000000000355, -25.00000000000000000, 11.00000000000000000 ) ) ;
#5267 = ORIENTED_EDGE ( 'NONE', *, *, #2068, .T. ) ;
#5268 = DIRECTION ( 'NONE',  ( -1.000000000000000000, -1.982541115402065849E-16, -0.000000000000000000 ) ) ;
#5269 = ORIENTED_EDGE ( 'NONE', *, *, #4039, .T. ) ;
#5270 = EDGE_CURVE ( 'NONE', #5360, #4770, #4263, .T. ) ;
#5271 = DIRECTION ( 'NONE',  ( 1.000000000000000000, 0.000000000000000000, 0.000000000000000000 ) ) ;
#5272 = CIRCLE ( 'NONE', #3119, 3.000000000000002665 ) ;
#5273 = DIRECTION ( 'NONE',  ( -0.000000000000000000, -1.000000000000000000, -0.000000000000000000 ) ) ;
#5274 = CARTESIAN_POINT ( 'NONE',  ( 25.00000000000000000, -5.000000000000000000, 5.000000000000000000 ) ) ;
#5275 = DIRECTION ( 'NONE',  ( 0.000000000000000000, 0.000000000000000000, 1.000000000000000000 ) ) ;
#5276 = ADVANCED_FACE ( 'NONE', ( #495 ), #448, .F. ) ;
#5277 = ORIENTED_EDGE ( 'NONE', *, *, #63, .T. ) ;
#5278 = DIRECTION ( 'NONE',  ( 0.000000000000000000, -0.000000000000000000, 1.000000000000000000 ) ) ;
#5279 = ADVANCED_FACE ( 'NONE', ( #3036 ), #5123, .F. ) ;
#5280 = CARTESIAN_POINT ( 'NONE',  ( -24.99999999999999645, -25.00000000000000000, 11.00000000000000000 ) ) ;
#5281 = ORIENTED_EDGE ( 'NONE', *, *, #1832, .F. ) ;
#5282 = ORIENTED_EDGE ( 'NONE', *, *, #4146, .T. ) ;
#5283 = CARTESIAN_POINT ( 'NONE',  ( -24.99999999999999645, -25.00000000000000000, 11.00000000000000000 ) ) ;
#5284 = DIRECTION ( 'NONE',  ( -0.000000000000000000, -1.000000000000000000, -0.000000000000000000 ) ) ;
#5285 = DIRECTION ( 'NONE',  ( 1.000000000000000000, 0.000000000000000000, -0.000000000000000000 ) ) ;
#5286 = AXIS2_PLACEMENT_3D ( 'NONE', #3865, #2618, #4788 ) ;
#5287 = AXIS2_PLACEMENT_3D ( 'NONE', #4234, #2903, #754 ) ;
#5288 = DIRECTION ( 'NONE',  ( -1.000000000000000000, 0.000000000000000000, -0.000000000000000000 ) ) ;
#5289 = ORIENTED_EDGE ( 'NONE', *, *, #5507, .T. ) ;
#5290 = LINE ( 'NONE', #3180, #2032 ) ;
#5291 = FACE_OUTER_BOUND ( 'NONE', #3395, .T. ) ;
#5292 = CARTESIAN_POINT ( 'NONE',  ( 37.12499999999997868, -58.00000000000000711, 5.000000000000000000 ) ) ;
#5293 = ORIENTED_EDGE ( 'NONE', *, *, #2040, .F. ) ;
#5294 = CARTESIAN_POINT ( 'NONE',  ( -24.99999999999999289, -70.00000000000000000, 5.000000000000000000 ) ) ;
#5295 = ORIENTED_EDGE ( 'NONE', *, *, #674, .F. ) ;
#5296 = DIRECTION ( 'NONE',  ( 1.000000000000000000, 0.000000000000000000, 0.000000000000000000 ) ) ;
#5297 = AXIS2_PLACEMENT_3D ( 'NONE', #4699, #970, #885 ) ;
#5298 = DIRECTION ( 'NONE',  ( 0.000000000000000000, -0.000000000000000000, 1.000000000000000000 ) ) ;
#5299 = DIRECTION ( 'NONE',  ( -6.938893903907227392E-16, 1.000000000000000000, 0.000000000000000000 ) ) ;
#5300 = VECTOR ( 'NONE', #3932, 1000.000000000000000 ) ;
#5301 = ORIENTED_EDGE ( 'NONE', *, *, #985, .F. ) ;
#5302 = CARTESIAN_POINT ( 'NONE',  ( 2.255140518769849223E-14, -37.24999999999997158, 5.000000000000004441 ) ) ;
#5303 = ORIENTED_EDGE ( 'NONE', *, *, #3808, .T. ) ;
#5304 = DIRECTION ( 'NONE',  ( 0.000000000000000000, 1.000000000000000000, -0.000000000000000000 ) ) ;
#5305 = CARTESIAN_POINT ( 'NONE',  ( 25.00000000000000000, 4.000000000000000000, 15.00000000000000000 ) ) ;
#5306 = EDGE_CURVE ( 'NONE', #3498, #873, #2594, .T. ) ;
#5307 = AXIS2_PLACEMENT_3D ( 'NONE', #4762, #5210, #1648 ) ;
#5308 = ORIENTED_EDGE ( 'NONE', *, *, #2650, .T. ) ;
#5309 = EDGE_LOOP ( 'NONE', ( #2501, #1184, #4631, #807 ) ) ;
#5310 = EDGE_CURVE ( 'NONE', #2953, #1852, #3892, .T. ) ;
#5311 = FACE_OUTER_BOUND ( 'NONE', #3501, .T. ) ;
#5312 = AXIS2_PLACEMENT_3D ( 'NONE', #3164, #1017, #3581 ) ;
#5313 = CIRCLE ( 'NONE', #1223, 2.749999999999999112 ) ;
#5314 = EDGE_CURVE ( 'NONE', #3694, #679, #3158, .T. ) ;
#5315 = CARTESIAN_POINT ( 'NONE',  ( 27.75000000000000711, -70.00000000000000000, 2.149999999999999911 ) ) ;
#5316 = VECTOR ( 'NONE', #4911, 1000.000000000000000 ) ;
#5317 = CARTESIAN_POINT ( 'NONE',  ( -20.00000000000000000, -3.000000000000000888, 5.000000000000000000 ) ) ;
#5318 = PLANE ( 'NONE',  #1768 ) ;
#5319 = VECTOR ( 'NONE', #3159, 1000.000000000000000 ) ;
#5320 = FACE_OUTER_BOUND ( 'NONE', #4736, .T. ) ;
#5321 = EDGE_LOOP ( 'NONE', ( #5190, #626, #802, #300 ) ) ;
#5322 = FACE_OUTER_BOUND ( 'NONE', #1345, .T. ) ;
#5323 = CARTESIAN_POINT ( 'NONE',  ( -40.00000000000000000, -62.00000000000000000, 13.99999999999999822 ) ) ;
#5324 = EDGE_CURVE ( 'NONE', #2687, #617, #1024, .T. ) ;
#5325 = ORIENTED_EDGE ( 'NONE', *, *, #4039, .F. ) ;
#5326 = DIRECTION ( 'NONE',  ( -0.000000000000000000, -0.000000000000000000, -1.000000000000000000 ) ) ;
#5327 = AXIS2_PLACEMENT_3D ( 'NONE', #1777, #3453, #5154 ) ;
#5328 = EDGE_LOOP ( 'NONE', ( #3355, #3905, #1737, #4503 ) ) ;
#5329 =( NAMED_UNIT ( * ) PLANE_ANGLE_UNIT ( ) SI_UNIT ( $, .RADIAN. ) );
#5330 = CARTESIAN_POINT ( 'NONE',  ( 45.00000000000001421, -18.00000000000000355, 5.000000000000000000 ) ) ;
#5331 = VECTOR ( 'NONE', #4786, 1000.000000000000000 ) ;
#5332 = CARTESIAN_POINT ( 'NONE',  ( -40.00000000000000711, 81.24999999999998579, 12.00000000000000000 ) ) ;
#5333 = ORIENTED_EDGE ( 'NONE', *, *, #4739, .F. ) ;
#5334 = FACE_OUTER_BOUND ( 'NONE', #1332, .T. ) ;
#5335 = ORIENTED_EDGE ( 'NONE', *, *, #929, .F. ) ;
#5336 = CARTESIAN_POINT ( 'NONE',  ( 36.00000000000000711, -14.00000000000000178, 15.00000000000000000 ) ) ;
#5337 = LINE ( 'NONE', #4919, #2786 ) ;
#5338 = ORIENTED_EDGE ( 'NONE', *, *, #3974, .F. ) ;
#5339 = EDGE_LOOP ( 'NONE', ( #512, #173, #1329, #5438 ) ) ;
#5340 = DIRECTION ( 'NONE',  ( 0.000000000000000000, 0.000000000000000000, -1.000000000000000000 ) ) ;
#5341 = CARTESIAN_POINT ( 'NONE',  ( 10.00000000000000000, 0.000000000000000000, 5.000000000000000000 ) ) ;
#5342 = ADVANCED_FACE ( 'NONE', ( #4843 ), #3620, .T. ) ;
#5343 = ADVANCED_FACE ( 'NONE', ( #637 ), #1883, .T. ) ;
#5344 = CARTESIAN_POINT ( 'NONE',  ( -43.12499999999998579, -12.99999999999999822, 5.000000000000000000 ) ) ;
#5345 = AXIS2_PLACEMENT_3D ( 'NONE', #4673, #2506, #4230 ) ;
#5346 = DIRECTION ( 'NONE',  ( 0.000000000000000000, 0.000000000000000000, 1.000000000000000000 ) ) ;
#5347 = EDGE_CURVE ( 'NONE', #3439, #2982, #5262, .T. ) ;
#5348 = DIRECTION ( 'NONE',  ( 0.000000000000000000, -0.000000000000000000, -1.000000000000000000 ) ) ;
#5349 = ADVANCED_FACE ( 'NONE', ( #4063 ), #1060, .T. ) ;
#5350 = ORIENTED_EDGE ( 'NONE', *, *, #5208, .T. ) ;
#5351 = FACE_OUTER_BOUND ( 'NONE', #3356, .T. ) ;
#5352 = DIRECTION ( 'NONE',  ( 1.000000000000000000, 0.000000000000000000, 0.000000000000000000 ) ) ;
#5353 = ADVANCED_FACE ( 'NONE', ( #5320 ), #2790, .T. ) ;
#5354 = DIRECTION ( 'NONE',  ( 1.000000000000000000, -0.000000000000000000, -0.000000000000000000 ) ) ;
#5355 = DIRECTION ( 'NONE',  ( 0.000000000000000000, -1.000000000000000000, 0.000000000000000000 ) ) ;
#5356 = ORIENTED_EDGE ( 'NONE', *, *, #1295, .F. ) ;
#5357 = CARTESIAN_POINT ( 'NONE',  ( -45.00000000000000711, -58.00000000000000000, 15.00000000000000000 ) ) ;
#5358 = DIRECTION ( 'NONE',  ( -0.000000000000000000, -0.000000000000000000, 1.000000000000000000 ) ) ;
#5359 = LINE ( 'NONE', #3602, #3087 ) ;
#5360 = VERTEX_POINT ( 'NONE', #256 ) ;
#5361 = CARTESIAN_POINT ( 'NONE',  ( 37.77409858134809895, -34.92553956359887479, 0.000000000000000000 ) ) ;
#5362 = VERTEX_POINT ( 'NONE', #1476 ) ;
#5363 = PLANE ( 'NONE',  #4778 ) ;
#5364 = CARTESIAN_POINT ( 'NONE',  ( 10.00000000000000000, 0.000000000000000000, 0.000000000000000000 ) ) ;
#5365 = ORIENTED_EDGE ( 'NONE', *, *, #2777, .T. ) ;
#5366 = ORIENTED_EDGE ( 'NONE', *, *, #3572, .T. ) ;
#5367 = CARTESIAN_POINT ( 'NONE',  ( -40.00000000000000711, -62.00000000000000000, 9.999999999999998224 ) ) ;
#5368 = TOROIDAL_SURFACE ( 'NONE', #3052, 4.000000000000000000, 1.000000000000000000 ) ;
#5369 = DIRECTION ( 'NONE',  ( 0.000000000000000000, 0.000000000000000000, 1.000000000000000000 ) ) ;
#5370 = ORIENTED_EDGE ( 'NONE', *, *, #456, .T. ) ;
#5371 = CARTESIAN_POINT ( 'NONE',  ( -10.00000000000000178, -81.25000000000001421, 5.000000000000000000 ) ) ;
#5372 = EDGE_CURVE ( 'NONE', #2179, #1497, #1003, .T. ) ;
#5373 = DIRECTION ( 'NONE',  ( 1.000000000000000000, 0.000000000000000000, 0.000000000000000000 ) ) ;
#5374 = EDGE_LOOP ( 'NONE', ( #3382, #3259, #2812, #2634 ) ) ;
#5375 = CARTESIAN_POINT ( 'NONE',  ( 20.00000000000000000, 0.000000000000000000, 9.999999999999998224 ) ) ;
#5376 = DIRECTION ( 'NONE',  ( 1.000000000000000000, 0.000000000000000000, 0.000000000000000000 ) ) ;
#5377 = EDGE_CURVE ( 'NONE', #3968, #3278, #2002, .T. ) ;
#5378 = DIRECTION ( 'NONE',  ( -0.000000000000000000, 1.000000000000000000, -0.000000000000000000 ) ) ;
#5379 = ADVANCED_FACE ( 'NONE', ( #162 ), #4424, .T. ) ;
#5380 = CARTESIAN_POINT ( 'NONE',  ( -45.00000000000000711, -59.00000000000000711, 5.000000000000000000 ) ) ;
#5381 = AXIS2_PLACEMENT_3D ( 'NONE', #3372, #312, #3814 ) ;
#5382 = EDGE_CURVE ( 'NONE', #3660, #387, #2816, .T. ) ;
#5383 = ORIENTED_EDGE ( 'NONE', *, *, #4191, .T. ) ;
#5384 = FACE_BOUND ( 'NONE', #875, .T. ) ;
#5385 = STYLED_ITEM ( 'NONE', ( #3108 ), #1983 ) ;
#5386 = DIRECTION ( 'NONE',  ( 0.000000000000000000, 0.000000000000000000, 1.000000000000000000 ) ) ;
#5387 = DIRECTION ( 'NONE',  ( -1.000000000000000000, -0.000000000000000000, -0.000000000000000000 ) ) ;
#5388 = EDGE_LOOP ( 'NONE', ( #4917, #4323, #3996, #1289 ) ) ;
#5389 = DIRECTION ( 'NONE',  ( -1.000000000000000000, 0.000000000000000000, 0.000000000000000000 ) ) ;
#5390 = CARTESIAN_POINT ( 'NONE',  ( -36.00000000000000711, -18.00000000000000355, 5.000000000000000000 ) ) ;
#5391 = CARTESIAN_POINT ( 'NONE',  ( 45.00000000000000711, -58.00000000000000000, 5.000000000000000000 ) ) ;
#5392 = AXIS2_PLACEMENT_3D ( 'NONE', #278, #2181, #3771 ) ;
#5393 = ORIENTED_EDGE ( 'NONE', *, *, #3842, .F. ) ;
#5394 = ORIENTED_EDGE ( 'NONE', *, *, #4152, .T. ) ;
#5395 = CARTESIAN_POINT ( 'NONE',  ( 40.00000000000001421, -14.00000000000000178, 9.999999999999998224 ) ) ;
#5396 = DIRECTION ( 'NONE',  ( 1.000000000000000000, 0.000000000000000000, 0.000000000000000000 ) ) ;
#5397 = EDGE_LOOP ( 'NONE', ( #4674, #723, #3720, #798 ) ) ;
#5398 = CARTESIAN_POINT ( 'NONE',  ( -40.00000000000000711, 75.24999999999998579, 12.00000000000000000 ) ) ;
#5399 = DIRECTION ( 'NONE',  ( 0.000000000000000000, 1.000000000000000000, -0.000000000000000000 ) ) ;
#5400 = ORIENTED_EDGE ( 'NONE', *, *, #1171, .T. ) ;
#5401 = CIRCLE ( 'NONE', #595, 4.000000000000000000 ) ;
#5402 = CARTESIAN_POINT ( 'NONE',  ( 35.00000000000000000, -40.00000000000000000, 0.000000000000000000 ) ) ;
#5403 = CARTESIAN_POINT ( 'NONE',  ( 21.00000000000000000, -4.000000000000000000, 5.000000000000000888 ) ) ;
#5404 = FACE_OUTER_BOUND ( 'NONE', #1585, .T. ) ;
#5405 = CYLINDRICAL_SURFACE ( 'NONE', #2809, 1.000000000000000888 ) ;
#5406 = ORIENTED_EDGE ( 'NONE', *, *, #304, .T. ) ;
#5407 = EDGE_CURVE ( 'NONE', #2683, #3660, #759, .T. ) ;
#5408 = EDGE_CURVE ( 'NONE', #1638, #1850, #3123, .T. ) ;
#5409 = CARTESIAN_POINT ( 'NONE',  ( -20.00000000000000000, 5.000000000000000000, 15.00000000000000000 ) ) ;
#5410 = DIRECTION ( 'NONE',  ( 1.000000000000000000, 0.000000000000000000, 0.000000000000000000 ) ) ;
#5411 = EDGE_CURVE ( 'NONE', #226, #2551, #3653, .T. ) ;
#5412 = CARTESIAN_POINT ( 'NONE',  ( -35.00000000000000000, -42.75000000000000000, 0.9999999999999991118 ) ) ;
#5413 = ORIENTED_EDGE ( 'NONE', *, *, #2171, .F. ) ;
#5414 = CARTESIAN_POINT ( 'NONE',  ( -36.74548407698659247, -37.85248605285649148, 4.999999999999992006 ) ) ;
#5415 = CARTESIAN_POINT ( 'NONE',  ( 25.00000000000000000, -5.000000000000000000, 15.00000000000000000 ) ) ;
#5416 = AXIS2_PLACEMENT_3D ( 'NONE', #1635, #2481, #3236 ) ;
#5417 = CARTESIAN_POINT ( 'NONE',  ( 35.00000000000000000, -40.00000000000000000, 5.000000000000000000 ) ) ;
#5418 = ORIENTED_EDGE ( 'NONE', *, *, #1802, .F. ) ;
#5419 = ORIENTED_EDGE ( 'NONE', *, *, #3976, .F. ) ;
#5420 = LINE ( 'NONE', #4169, #210 ) ;
#5421 = DIRECTION ( 'NONE',  ( 1.000000000000000000, 0.000000000000000000, 0.000000000000000000 ) ) ;
#5422 = ORIENTED_EDGE ( 'NONE', *, *, #2876, .T. ) ;
#5423 = VECTOR ( 'NONE', #1904, 1000.000000000000000 ) ;
#5424 = AXIS2_PLACEMENT_3D ( 'NONE', #486, #5165, #4326 ) ;
#5425 = CARTESIAN_POINT ( 'NONE',  ( -25.00000000000000711, 60.00000000000000000, 8.673617379884035472E-16 ) ) ;
#5426 = TOROIDAL_SURFACE ( 'NONE', #4543, 4.000000000000000000, 1.000000000000000000 ) ;
#5427 = CARTESIAN_POINT ( 'NONE',  ( 40.00000000000001421, -13.00000000000000178, 9.999999999999998224 ) ) ;
#5428 = AXIS2_PLACEMENT_3D ( 'NONE', #1382, #2703, #420 ) ;
#5429 = ORIENTED_EDGE ( 'NONE', *, *, #2869, .F. ) ;
#5430 = CARTESIAN_POINT ( 'NONE',  ( -19.99999999999998579, -55.00000000000000000, 11.00000000000000000 ) ) ;
#5431 = FACE_OUTER_BOUND ( 'NONE', #631, .T. ) ;
#5432 = AXIS2_PLACEMENT_3D ( 'NONE', #5032, #1606, #3700 ) ;
#5433 = DIRECTION ( 'NONE',  ( 0.000000000000000000, 0.000000000000000000, 1.000000000000000000 ) ) ;
#5434 = EDGE_LOOP ( 'NONE', ( #858, #3084, #415, #3221 ) ) ;
#5435 = FACE_BOUND ( 'NONE', #4749, .T. ) ;
#5436 = DIRECTION ( 'NONE',  ( 0.000000000000000000, -1.000000000000000000, 0.000000000000000000 ) ) ;
#5437 = CARTESIAN_POINT ( 'NONE',  ( -24.00000000000000000, 0.000000000000000000, 9.999999999999998224 ) ) ;
#5438 = ORIENTED_EDGE ( 'NONE', *, *, #2036, .F. ) ;
#5439 = CARTESIAN_POINT ( 'NONE',  ( -35.71605004760649393, -37.31953204794635326, 4.999999999999996447 ) ) ;
#5440 = ADVANCED_FACE ( 'NONE', ( #2398 ), #4902, .F. ) ;
#5441 = LINE ( 'NONE', #2891, #3268 ) ;
#5442 = FACE_OUTER_BOUND ( 'NONE', #4347, .T. ) ;
#5443 = AXIS2_PLACEMENT_3D ( 'NONE', #4050, #3639, #4530 ) ;
#5444 = EDGE_LOOP ( 'NONE', ( #379, #1238 ) ) ;
#5445 = ORIENTED_EDGE ( 'NONE', *, *, #5205, .T. ) ;
#5446 = DIRECTION ( 'NONE',  ( -0.000000000000000000, -0.000000000000000000, 1.000000000000000000 ) ) ;
#5447 = EDGE_CURVE ( 'NONE', #3101, #4978, #4231, .T. ) ;
#5448 = DIRECTION ( 'NONE',  ( -0.000000000000000000, 0.000000000000000000, -1.000000000000000000 ) ) ;
#5449 = ORIENTED_EDGE ( 'NONE', *, *, #5270, .T. ) ;
#5450 = EDGE_CURVE ( 'NONE', #1797, #654, #3600, .T. ) ;
#5451 = CARTESIAN_POINT ( 'NONE',  ( 21.00000000000000000, 4.000000000000000000, 15.00000000000000000 ) ) ;
#5452 = CIRCLE ( 'NONE', #3495, 3.999999999999996447 ) ;
#5453 = DIRECTION ( 'NONE',  ( 0.000000000000000000, 0.000000000000000000, 1.000000000000000000 ) ) ;
#5454 = ORIENTED_EDGE ( 'NONE', *, *, #3775, .T. ) ;
#5455 = AXIS2_PLACEMENT_3D ( 'NONE', #3279, #5340, #660 ) ;
#5456 = FACE_OUTER_BOUND ( 'NONE', #2763, .T. ) ;
#5457 = CARTESIAN_POINT ( 'NONE',  ( -9.999999999999998224, -65.25000000000001421, 5.000000000000000000 ) ) ;
#5458 = VERTEX_POINT ( 'NONE', #1322 ) ;
#5459 = EDGE_CURVE ( 'NONE', #1846, #383, #1145, .T. ) ;
#5460 = CARTESIAN_POINT ( 'NONE',  ( 40.00000000000000000, -62.00000000000000000, 13.99999999999999822 ) ) ;
#5461 = EDGE_LOOP ( 'NONE', ( #2298, #5058, #1402, #1132, #5481, #3245, #1152, #3416, #2599, #1374, #337, #2570 ) ) ;
#5462 = DIRECTION ( 'NONE',  ( 0.000000000000000000, 0.000000000000000000, 1.000000000000000000 ) ) ;
#5463 = CARTESIAN_POINT ( 'NONE',  ( 43.12499999999998579, -58.00000000000000000, 15.00000000000000000 ) ) ;
#5464 = DIRECTION ( 'NONE',  ( -0.000000000000000000, -0.000000000000000000, -1.000000000000000000 ) ) ;
#5465 = CIRCLE ( 'NONE', #5381, 1.000000000000000888 ) ;
#5466 = ORIENTED_EDGE ( 'NONE', *, *, #3056, .T. ) ;
#5467 = CARTESIAN_POINT ( 'NONE',  ( -35.28894739933466695, -34.25000000000000000, 0.000000000000000000 ) ) ;
#5468 = DIRECTION ( 'NONE',  ( 0.000000000000000000, -0.000000000000000000, 1.000000000000000000 ) ) ;
#5469 = LINE ( 'NONE', #2527, #2640 ) ;
#5470 = VERTEX_POINT ( 'NONE', #4595 ) ;
#5471 = EDGE_LOOP ( 'NONE', ( #3008, #1613, #3197, #5091 ) ) ;
#5472 = DIRECTION ( 'NONE',  ( -0.000000000000000000, -0.000000000000000000, 1.000000000000000000 ) ) ;
#5473 = DIRECTION ( 'NONE',  ( 1.000000000000000000, 0.000000000000000000, 0.000000000000000000 ) ) ;
#5474 = EDGE_LOOP ( 'NONE', ( #5128, #2595, #5484, #899 ) ) ;
#5475 = EDGE_CURVE ( 'NONE', #2205, #3115, #2451, .T. ) ;
#5476 = DIRECTION ( 'NONE',  ( 0.000000000000000000, 0.000000000000000000, -1.000000000000000000 ) ) ;
#5477 = EDGE_CURVE ( 'NONE', #729, #269, #4401, .T. ) ;
#5478 = EDGE_CURVE ( 'NONE', #1166, #771, #4623, .T. ) ;
#5479 = MECHANICAL_DESIGN_GEOMETRIC_PRESENTATION_REPRESENTATION (  '', ( #1301 ), #3875 ) ;
#5480 = AXIS2_PLACEMENT_3D ( 'NONE', #841, #5155, #2200 ) ;
#5481 = ORIENTED_EDGE ( 'NONE', *, *, #2798, .F. ) ;
#5482 = CARTESIAN_POINT ( 'NONE',  ( 18.00748767465337252, -37.25000000000000000, 4.999999999999994671 ) ) ;
#5483 = LINE ( 'NONE', #1665, #3170 ) ;
#5484 = ORIENTED_EDGE ( 'NONE', *, *, #1697, .T. ) ;
#5485 = CIRCLE ( 'NONE', #4325, 2.750000000000002665 ) ;
#5486 = LINE ( 'NONE', #1669, #4672 ) ;
#5487 = CIRCLE ( 'NONE', #4685, 2.099999999999997868 ) ;
#5488 = AXIS2_PLACEMENT_3D ( 'NONE', #1957, #2437, #1155 ) ;
#5489 = VERTEX_POINT ( 'NONE', #1554 ) ;
#5490 = FACE_OUTER_BOUND ( 'NONE', #4128, .T. ) ;
#5491 = CYLINDRICAL_SURFACE ( 'NONE', #3104, 4.999999999999993783 ) ;
#5492 = VECTOR ( 'NONE', #3102, 1000.000000000000000 ) ;
#5493 = CARTESIAN_POINT ( 'NONE',  ( -40.00000000000001421, -18.00000000000000355, 15.00000000000000000 ) ) ;
#5494 = LINE ( 'NONE', #3790, #3623 ) ;
#5495 = ORIENTED_EDGE ( 'NONE', *, *, #2838, .T. ) ;
#5496 = CARTESIAN_POINT ( 'NONE',  ( -36.28204753555838380, -42.45568876824316362, 4.999999999999997335 ) ) ;
#5497 = CARTESIAN_POINT ( 'NONE',  ( 9.999999999999998224, -81.25000000000001421, 20.00000000000000000 ) ) ;
#5498 = DIRECTION ( 'NONE',  ( -1.000000000000000000, 1.084202172485504557E-16, -0.000000000000000000 ) ) ;
#5499 = ORIENTED_EDGE ( 'NONE', *, *, #2602, .F. ) ;
#5500 = ORIENTED_EDGE ( 'NONE', *, *, #4986, .F. ) ;
#5501 = FILL_AREA_STYLE ('',( #2530 ) ) ;
#5502 = CARTESIAN_POINT ( 'NONE',  ( 24.00000000000000000, 0.000000000000000000, 9.999999999999998224 ) ) ;
#5503 = EDGE_LOOP ( 'NONE', ( #3374, #5418, #3699, #3252 ) ) ;
#5504 = TOROIDAL_SURFACE ( 'NONE', #4342, 4.000000000000000000, 1.000000000000000000 ) ;
#5505 = LINE ( 'NONE', #2478, #5257 ) ;
#5506 = VECTOR ( 'NONE', #2704, 1000.000000000000000 ) ;
#5507 = EDGE_CURVE ( 'NONE', #4656, #342, #3866, .T. ) ;
#5508 = VECTOR ( 'NONE', #1475, 1000.000000000000000 ) ;
#5509 = AXIS2_PLACEMENT_3D ( 'NONE', #612, #2767, #5352 ) ;
#5510 = AXIS2_PLACEMENT_3D ( 'NONE', #149, #5220, #960 ) ;
#5511 = ADVANCED_FACE ( 'NONE', ( #1174 ), #2055, .T. ) ;
#5512 = ORIENTED_EDGE ( 'NONE', *, *, #1864, .T. ) ;
#5513 = EDGE_CURVE ( 'NONE', #244, #4363, #1029, .T. ) ;
#5514 = CARTESIAN_POINT ( 'NONE',  ( 38.99799672150856367, -44.25289759696823921, 0.000000000000000000 ) ) ;
ENDSEC;
END-ISO-10303-21;
