ISO-10303-21;
HEADER;
FILE_DESCRIPTION (( 'STEP AP214' ),
    '1' );
FILE_NAME ('FreeNove_ESP32S3_BreakoutBoard _DIN_Rail_Mount.STEP',
    '2025-08-11T13:54:27',
    ( '' ),
    ( '' ),
    'SwSTEP 2.0',
    'SolidWorks 2021',
    '' );
FILE_SCHEMA (( 'AUTOMOTIVE_DESIGN' ));
ENDSEC;

DATA;
#1 = ORIENTED_EDGE ( 'NONE', *, *, #1156, .F. ) ;
#2 = EDGE_LOOP ( 'NONE', ( #2888, #2120, #554, #1262 ) ) ;
#3 = ORIENTED_EDGE ( 'NONE', *, *, #3542, .F. ) ;
#4 = FACE_OUTER_BOUND ( 'NONE', #1761, .T. ) ;
#5 = EDGE_LOOP ( 'NONE', ( #2824, #3227, #1209, #211 ) ) ;
#6 = CARTESIAN_POINT ( 'NONE',  ( -12.75000000000000888, -15.00000000000000000, 2.499999999999998224 ) ) ;
#7 = EDGE_CURVE ( 'NONE', #2151, #2198, #928, .T. ) ;
#8 = PLANE ( 'NONE',  #2296 ) ;
#9 = DIRECTION ( 'NONE',  ( -0.000000000000000000, -0.000000000000000000, -1.000000000000000000 ) ) ;
#10 = CYLINDRICAL_SURFACE ( 'NONE', #1263, 6.000000000000002665 ) ;
#11 = CARTESIAN_POINT ( 'NONE',  ( -43.67542648054293863, 34.49999999999999289, 2.500000000000000000 ) ) ;
#12 = EDGE_LOOP ( 'NONE', ( #2138, #3211, #218, #1823 ) ) ;
#13 = DIRECTION ( 'NONE',  ( -1.000000000000000000, -0.000000000000000000, -0.000000000000000000 ) ) ;
#14 = DIRECTION ( 'NONE',  ( 0.000000000000000000, 1.000000000000000000, 0.000000000000000000 ) ) ;
#15 = EDGE_CURVE ( 'NONE', #2195, #1390, #1532, .T. ) ;
#16 = EDGE_CURVE ( 'NONE', #3428, #3226, #3009, .T. ) ;
#17 = ORIENTED_EDGE ( 'NONE', *, *, #2794, .F. ) ;
#18 = ORIENTED_EDGE ( 'NONE', *, *, #1643, .T. ) ;
#19 = ORIENTED_EDGE ( 'NONE', *, *, #1986, .T. ) ;
#20 = DIRECTION ( 'NONE',  ( -1.000000000000000000, 0.000000000000000000, 0.000000000000000000 ) ) ;
#21 = ORIENTED_EDGE ( 'NONE', *, *, #381, .F. ) ;
#22 = PLANE ( 'NONE',  #2780 ) ;
#23 = CYLINDRICAL_SURFACE ( 'NONE', #2713, 2.000000000000008882 ) ;
#24 = CARTESIAN_POINT ( 'NONE',  ( -15.00000000000000000, 19.00000000000001066, -3.500000000000000888 ) ) ;
#25 = CARTESIAN_POINT ( 'NONE',  ( 8.986100377805714245, -12.49999999999999822, 2.500000000000000000 ) ) ;
#26 = EDGE_CURVE ( 'NONE', #2021, #2440, #158, .T. ) ;
#27 = EDGE_LOOP ( 'NONE', ( #2990, #776, #3091, #854, #3768, #235, #2781, #2511, #1126, #2957, #3294, #2337, #1696, #1399 ) ) ;
#28 = CARTESIAN_POINT ( 'NONE',  ( -9.500000000000000000, -20.00000000000000000, -0.5000000000000009992 ) ) ;
#29 = CARTESIAN_POINT ( 'NONE',  ( 3.687499999999982236, -6.613062647089765100, 2.500000000000000000 ) ) ;
#30 = DIRECTION ( 'NONE',  ( -1.000000000000000000, 0.000000000000000000, 0.000000000000000000 ) ) ;
#31 = CIRCLE ( 'NONE', #2588, 1.749999999999994671 ) ;
#32 = VECTOR ( 'NONE', #71, 1000.000000000000000 ) ;
#33 = ORIENTED_EDGE ( 'NONE', *, *, #2156, .F. ) ;
#34 = CARTESIAN_POINT ( 'NONE',  ( -37.32457351945705426, -34.50000000000000711, 2.500000000000000000 ) ) ;
#35 = CARTESIAN_POINT ( 'NONE',  ( 50.00000000000000711, -38.00000000000000000, 0.000000000000000000 ) ) ;
#36 = EDGE_CURVE ( 'NONE', #2520, #1689, #1516, .T. ) ;
#37 = AXIS2_PLACEMENT_3D ( 'NONE', #1357, #512, #2854 ) ;
#38 = AXIS2_PLACEMENT_3D ( 'NONE', #6, #2048, #3251 ) ;
#39 = DIRECTION ( 'NONE',  ( 0.000000000000000000, 0.000000000000000000, 1.000000000000000000 ) ) ;
#40 = PLANE ( 'NONE',  #952 ) ;
#41 = EDGE_LOOP ( 'NONE', ( #780, #3775, #3116, #3748 ) ) ;
#42 = AXIS2_PLACEMENT_3D ( 'NONE', #3071, #1595, #3631 ) ;
#43 = VECTOR ( 'NONE', #2458, 1000.000000000000000 ) ;
#44 = DIRECTION ( 'NONE',  ( -1.000000000000000000, -0.000000000000000000, 0.000000000000000000 ) ) ;
#45 = VERTEX_POINT ( 'NONE', #1198 ) ;
#46 = AXIS2_PLACEMENT_3D ( 'NONE', #3336, #142, #3621 ) ;
#47 = CARTESIAN_POINT ( 'NONE',  ( -5.000000000000000000, -48.75000000000000000, -1.734723475976807094E-15 ) ) ;
#48 = AXIS2_PLACEMENT_3D ( 'NONE', #2878, #533, #3727 ) ;
#49 = DIRECTION ( 'NONE',  ( -0.8660254037844375974, -0.5000000000000019984, 0.000000000000000000 ) ) ;
#50 = CARTESIAN_POINT ( 'NONE',  ( -15.00000000000000000, 22.00000000000001421, -3.500000000000000888 ) ) ;
#51 = ORIENTED_EDGE ( 'NONE', *, *, #2443, .F. ) ;
#52 = DIRECTION ( 'NONE',  ( 0.000000000000000000, -1.000000000000000000, 0.000000000000000000 ) ) ;
#53 = DIRECTION ( 'NONE',  ( 1.000000000000000000, 0.000000000000000000, 0.000000000000000000 ) ) ;
#54 = ORIENTED_EDGE ( 'NONE', *, *, #15, .T. ) ;
#55 = CARTESIAN_POINT ( 'NONE',  ( 48.00000000000000711, -38.00000000000000000, 0.000000000000000000 ) ) ;
#56 = DIRECTION ( 'NONE',  ( -0.000000000000000000, -0.000000000000000000, -1.000000000000000000 ) ) ;
#57 = ORIENTED_EDGE ( 'NONE', *, *, #2688, .T. ) ;
#58 = CARTESIAN_POINT ( 'NONE',  ( 0.000000000000000000, 0.000000000000000000, 2.500000000000000000 ) ) ;
#59 = LINE ( 'NONE', #1448, #2853 ) ;
#60 = EDGE_CURVE ( 'NONE', #970, #1951, #2973, .T. ) ;
#61 = EDGE_CURVE ( 'NONE', #917, #2195, #1256, .T. ) ;
#62 = ORIENTED_EDGE ( 'NONE', *, *, #635, .T. ) ;
#63 = ORIENTED_EDGE ( 'NONE', *, *, #3216, .F. ) ;
#64 = CARTESIAN_POINT ( 'NONE',  ( -3.116809680337662591, -4.684019929395301318, 2.500000000000000000 ) ) ;
#65 = DIRECTION ( 'NONE',  ( -1.000000000000000000, -0.000000000000000000, -0.000000000000000000 ) ) ;
#66 = CARTESIAN_POINT ( 'NONE',  ( 42.08771324027147642, -31.75000000000000000, 0.000000000000000000 ) ) ;
#67 = ORIENTED_EDGE ( 'NONE', *, *, #96, .T. ) ;
#68 = CARTESIAN_POINT ( 'NONE',  ( 10.25000000000000000, -40.00000000000000000, 5.000000000000000000 ) ) ;
#69 = CARTESIAN_POINT ( 'NONE',  ( -47.99999999999999289, 19.99999999999998934, 0.000000000000000000 ) ) ;
#70 = ORIENTED_EDGE ( 'NONE', *, *, #495, .F. ) ;
#71 = DIRECTION ( 'NONE',  ( -1.000000000000000000, -0.000000000000000000, -0.000000000000000000 ) ) ;
#72 = CARTESIAN_POINT ( 'NONE',  ( 43.67542648054293863, -34.49999999999999289, 0.000000000000000000 ) ) ;
#73 = DIRECTION ( 'NONE',  ( 0.000000000000000000, 0.000000000000000000, -1.000000000000000000 ) ) ;
#74 = ORIENTED_EDGE ( 'NONE', *, *, #1100, .F. ) ;
#75 = EDGE_CURVE ( 'NONE', #1049, #383, #2399, .T. ) ;
#76 = DIRECTION ( 'NONE',  ( 0.000000000000000000, -0.7071067811865487940, 0.7071067811865463515 ) ) ;
#77 = ORIENTED_EDGE ( 'NONE', *, *, #1240, .T. ) ;
#78 = ADVANCED_FACE ( 'NONE', ( #950 ), #392, .F. ) ;
#79 = EDGE_CURVE ( 'NONE', #1099, #1903, #971, .T. ) ;
#80 = FACE_OUTER_BOUND ( 'NONE', #2025, .T. ) ;
#81 = CARTESIAN_POINT ( 'NONE',  ( -15.00000000000000000, 25.00000000000001421, 0.000000000000000000 ) ) ;
#82 = DIRECTION ( 'NONE',  ( -0.000000000000000000, -0.000000000000000000, 1.000000000000000000 ) ) ;
#83 = ORIENTED_EDGE ( 'NONE', *, *, #1821, .T. ) ;
#84 = FACE_OUTER_BOUND ( 'NONE', #3375, .T. ) ;
#85 = LINE ( 'NONE', #1473, #102 ) ;
#86 = ORIENTED_EDGE ( 'NONE', *, *, #898, .F. ) ;
#87 = VERTEX_POINT ( 'NONE', #1553 ) ;
#88 = DIRECTION ( 'NONE',  ( -0.000000000000000000, -0.000000000000000000, 1.000000000000000000 ) ) ;
#89 = DIRECTION ( 'NONE',  ( -1.000000000000000000, 0.000000000000000000, 0.000000000000000000 ) ) ;
#90 = VECTOR ( 'NONE', #3341, 1000.000000000000000 ) ;
#91 = DIRECTION ( 'NONE',  ( 2.891205793294678696E-17, 1.000000000000000000, -0.000000000000000000 ) ) ;
#92 = AXIS2_PLACEMENT_3D ( 'NONE', #1838, #1245, #3004 ) ;
#93 = ORIENTED_EDGE ( 'NONE', *, *, #2134, .F. ) ;
#94 = CIRCLE ( 'NONE', #3697, 2.000000000000001776 ) ;
#95 = VECTOR ( 'NONE', #1291, 1000.000000000000000 ) ;
#96 = EDGE_CURVE ( 'NONE', #2591, #686, #1370, .T. ) ;
#97 = AXIS2_PLACEMENT_3D ( 'NONE', #3035, #416, #976 ) ;
#98 = LINE ( 'NONE', #456, #710 ) ;
#99 = CIRCLE ( 'NONE', #1621, 7.625000000000000000 ) ;
#100 = ORIENTED_EDGE ( 'NONE', *, *, #2324, .T. ) ;
#101 = CARTESIAN_POINT ( 'NONE',  ( -48.00000000000000000, 40.00000000000000711, 0.000000000000000000 ) ) ;
#102 = VECTOR ( 'NONE', #53, 1000.000000000000000 ) ;
#103 = CARTESIAN_POINT ( 'NONE',  ( 5.510910596163087583E-16, 10.99999999999998757, 2.500000000000000000 ) ) ;
#104 = DIRECTION ( 'NONE',  ( 0.000000000000000000, 0.000000000000000000, 1.000000000000000000 ) ) ;
#105 = CARTESIAN_POINT ( 'NONE',  ( 43.67542648054295285, 34.50000000000000711, 2.500000000000000000 ) ) ;
#106 = EDGE_CURVE ( 'NONE', #263, #1889, #2727, .T. ) ;
#107 = ORIENTED_EDGE ( 'NONE', *, *, #2023, .F. ) ;
#108 = FACE_OUTER_BOUND ( 'NONE', #1208, .T. ) ;
#109 = CARTESIAN_POINT ( 'NONE',  ( 10.25000000000000000, -40.00000000000000000, 4.999999999999998224 ) ) ;
#110 = ADVANCED_FACE ( 'NONE', ( #1169 ), #1776, .F. ) ;
#111 = EDGE_CURVE ( 'NONE', #2388, #793, #1136, .T. ) ;
#112 = ORIENTED_EDGE ( 'NONE', *, *, #410, .T. ) ;
#113 = DIRECTION ( 'NONE',  ( -1.000000000000000000, 0.000000000000000000, 0.000000000000000000 ) ) ;
#114 = DIRECTION ( 'NONE',  ( -0.000000000000000000, -0.000000000000000000, 1.000000000000000000 ) ) ;
#115 = FACE_OUTER_BOUND ( 'NONE', #3266, .T. ) ;
#116 = PLANE ( 'NONE',  #2954 ) ;
#117 = VERTEX_POINT ( 'NONE', #2607 ) ;
#118 = DIRECTION ( 'NONE',  ( 1.000000000000000000, 0.000000000000000000, 0.000000000000000000 ) ) ;
#119 = EDGE_LOOP ( 'NONE', ( #1964, #1675, #1851, #1778 ) ) ;
#120 = CARTESIAN_POINT ( 'NONE',  ( 9.000000000000001776, -13.00000000000000888, 5.000000000000000000 ) ) ;
#121 = FACE_BOUND ( 'NONE', #1729, .T. ) ;
#122 = FACE_OUTER_BOUND ( 'NONE', #1991, .T. ) ;
#123 = FACE_OUTER_BOUND ( 'NONE', #1523, .T. ) ;
#124 = ORIENTED_EDGE ( 'NONE', *, *, #1572, .T. ) ;
#125 = ADVANCED_FACE ( 'NONE', ( #2638 ), #2887, .F. ) ;
#126 = CARTESIAN_POINT ( 'NONE',  ( -15.00000000000000000, 18.25000000000000355, -2.749999999999999556 ) ) ;
#127 = LINE ( 'NONE', #3681, #43 ) ;
#128 = ORIENTED_EDGE ( 'NONE', *, *, #2323, .T. ) ;
#129 = DIRECTION ( 'NONE',  ( -0.000000000000000000, 0.000000000000000000, -1.000000000000000000 ) ) ;
#130 = EDGE_CURVE ( 'NONE', #746, #2936, #1876, .T. ) ;
#131 = EDGE_CURVE ( 'NONE', #2429, #819, #597, .T. ) ;
#132 = DIRECTION ( 'NONE',  ( -0.000000000000000000, -0.000000000000000000, -1.000000000000000000 ) ) ;
#133 = DIRECTION ( 'NONE',  ( -1.000000000000000000, -0.000000000000000000, -0.000000000000000000 ) ) ;
#134 = FACE_OUTER_BOUND ( 'NONE', #2204, .T. ) ;
#135 = ADVANCED_FACE ( 'NONE', ( #578 ), #541, .F. ) ;
#136 = ORIENTED_EDGE ( 'NONE', *, *, #1148, .T. ) ;
#137 = ORIENTED_EDGE ( 'NONE', *, *, #2062, .T. ) ;
#138 = CARTESIAN_POINT ( 'NONE',  ( -9.500000000000000000, -13.24999999999999645, -2.250000000000000000 ) ) ;
#139 = ORIENTED_EDGE ( 'NONE', *, *, #3741, .F. ) ;
#140 = CARTESIAN_POINT ( 'NONE',  ( -42.24999999999999289, -34.50000000000000000, -3.500000000000000444 ) ) ;
#141 = CARTESIAN_POINT ( 'NONE',  ( 9.500000000000000000, -20.00000000000000000, -9.797174393178823685E-16 ) ) ;
#142 = DIRECTION ( 'NONE',  ( -1.000000000000000000, 0.000000000000000000, -0.000000000000000000 ) ) ;
#143 = ORIENTED_EDGE ( 'NONE', *, *, #2881, .T. ) ;
#144 = CARTESIAN_POINT ( 'NONE',  ( 38.91228675972853779, 37.25000000000000711, 2.500000000000000000 ) ) ;
#145 = EDGE_CURVE ( 'NONE', #2496, #711, #3181, .T. ) ;
#146 = LINE ( 'NONE', #1305, #2724 ) ;
#147 = ORIENTED_EDGE ( 'NONE', *, *, #3628, .T. ) ;
#148 = CARTESIAN_POINT ( 'NONE',  ( -42.08771324027146932, 37.25000000000000000, 2.500000000000000000 ) ) ;
#149 = LINE ( 'NONE', #1846, #953 ) ;
#150 = PRESENTATION_STYLE_ASSIGNMENT (( #791 ) ) ;
#151 = DIRECTION ( 'NONE',  ( 0.000000000000000000, -0.000000000000000000, 1.000000000000000000 ) ) ;
#152 = ORIENTED_EDGE ( 'NONE', *, *, #748, .F. ) ;
#153 = VERTEX_POINT ( 'NONE', #1997 ) ;
#154 = VECTOR ( 'NONE', #1111, 1000.000000000000000 ) ;
#155 = LINE ( 'NONE', #2997, #3350 ) ;
#156 = ORIENTED_EDGE ( 'NONE', *, *, #2457, .T. ) ;
#157 = AXIS2_PLACEMENT_3D ( 'NONE', #963, #2939, #3528 ) ;
#158 = CIRCLE ( 'NONE', #3455, 5.000000000000000000 ) ;
#159 = EDGE_CURVE ( 'NONE', #491, #695, #255, .T. ) ;
#160 = DIRECTION ( 'NONE',  ( 1.000000000000000000, 0.000000000000000000, 0.000000000000000000 ) ) ;
#161 = CARTESIAN_POINT ( 'NONE',  ( 10.74999999999999645, -12.00000000000000000, 0.000000000000000000 ) ) ;
#162 = VECTOR ( 'NONE', #30, 1000.000000000000000 ) ;
#163 = CIRCLE ( 'NONE', #3757, 6.000000000000002665 ) ;
#164 = DIRECTION ( 'NONE',  ( 0.000000000000000000, 0.000000000000000000, 1.000000000000000000 ) ) ;
#165 = CARTESIAN_POINT ( 'NONE',  ( 5.510910596163087583E-16, 10.99999999999998757, 2.500000000000000000 ) ) ;
#166 = ORIENTED_EDGE ( 'NONE', *, *, #363, .T. ) ;
#167 = AXIS2_PLACEMENT_3D ( 'NONE', #1738, #2859, #2620 ) ;
#168 = VECTOR ( 'NONE', #3407, 1000.000000000000000 ) ;
#169 = CARTESIAN_POINT ( 'NONE',  ( 37.32457351945706137, 34.50000000000000000, 2.500000000000000000 ) ) ;
#170 = VECTOR ( 'NONE', #2045, 1000.000000000000000 ) ;
#171 = CARTESIAN_POINT ( 'NONE',  ( -5.250000000000000000, -55.00000000000000000, 4.999999999999998224 ) ) ;
#172 = EDGE_LOOP ( 'NONE', ( #302, #1246 ) ) ;
#173 = CARTESIAN_POINT ( 'NONE',  ( -3.116809680337662591, -4.684019929395301318, 5.000000000000000000 ) ) ;
#174 =( GEOMETRIC_REPRESENTATION_CONTEXT ( 3 ) GLOBAL_UNCERTAINTY_ASSIGNED_CONTEXT ( ( #1387 ) ) GLOBAL_UNIT_ASSIGNED_CONTEXT ( ( #2329, #3483, #2024 ) ) REPRESENTATION_CONTEXT ( 'NONE', 'WORKASPACE' ) );
#175 = FACE_OUTER_BOUND ( 'NONE', #1052, .T. ) ;
#176 = VECTOR ( 'NONE', #1371, 1000.000000000000000 ) ;
#177 = ORIENTED_EDGE ( 'NONE', *, *, #1205, .F. ) ;
#178 = VERTEX_POINT ( 'NONE', #3237 ) ;
#179 = ADVANCED_FACE ( 'NONE', ( #3490 ), #611, .F. ) ;
#180 = CARTESIAN_POINT ( 'NONE',  ( -38.74999999999999289, -34.50000000000000000, 5.000000000000000000 ) ) ;
#181 = ORIENTED_EDGE ( 'NONE', *, *, #202, .F. ) ;
#182 = DIRECTION ( 'NONE',  ( 0.4226182617406999964, 0.9063077870366496036, -0.000000000000000000 ) ) ;
#183 = CARTESIAN_POINT ( 'NONE',  ( -47.99999999999999289, -38.00000000000000000, 0.000000000000000000 ) ) ;
#184 = EDGE_CURVE ( 'NONE', #3651, #3688, #3752, .T. ) ;
#185 = ADVANCED_FACE ( 'NONE', ( #1415 ), #272, .F. ) ;
#186 = FACE_OUTER_BOUND ( 'NONE', #3723, .T. ) ;
#187 = ORIENTED_EDGE ( 'NONE', *, *, #2796, .F. ) ;
#188 = DIRECTION ( 'NONE',  ( 1.000000000000000000, 0.000000000000000000, -0.000000000000000000 ) ) ;
#189 = FACE_OUTER_BOUND ( 'NONE', #1531, .T. ) ;
#190 = ORIENTED_EDGE ( 'NONE', *, *, #1706, .F. ) ;
#191 = CARTESIAN_POINT ( 'NONE',  ( 6.000000000000003553, -15.00000000000000711, 2.500000000000000000 ) ) ;
#192 = CARTESIAN_POINT ( 'NONE',  ( -37.32457351945706137, 34.50000000000000000, 2.500000000000000000 ) ) ;
#193 = ORIENTED_EDGE ( 'NONE', *, *, #2881, .F. ) ;
#194 = ORIENTED_EDGE ( 'NONE', *, *, #2065, .T. ) ;
#195 = DIRECTION ( 'NONE',  ( -1.000000000000000000, 0.000000000000000000, 0.000000000000000000 ) ) ;
#196 = ORIENTED_EDGE ( 'NONE', *, *, #2905, .T. ) ;
#197 = CARTESIAN_POINT ( 'NONE',  ( 15.00000000000000000, 25.00000000000001421, 0.000000000000000000 ) ) ;
#198 = LINE ( 'NONE', #1054, #2843 ) ;
#199 = PLANE ( 'NONE',  #1686 ) ;
#200 = ORIENTED_EDGE ( 'NONE', *, *, #2085, .F. ) ;
#201 = EDGE_CURVE ( 'NONE', #233, #1645, #1921, .T. ) ;
#202 = EDGE_CURVE ( 'NONE', #1508, #87, #1705, .T. ) ;
#203 = CARTESIAN_POINT ( 'NONE',  ( -3.687499999999963141, 8.386937352910244670, 2.500000000000000000 ) ) ;
#204 = LINE ( 'NONE', #2475, #3031 ) ;
#205 = ORIENTED_EDGE ( 'NONE', *, *, #1381, .T. ) ;
#206 = CARTESIAN_POINT ( 'NONE',  ( 7.375000000000000000, 17.00000000000001776, 5.000000000000000000 ) ) ;
#207 = DIRECTION ( 'NONE',  ( -0.000000000000000000, 1.445602896647339656E-16, 1.000000000000000000 ) ) ;
#208 = CARTESIAN_POINT ( 'NONE',  ( 7.619641163887624913, -12.66818431380226073, 2.500000000000000000 ) ) ;
#209 = FACE_BOUND ( 'NONE', #1182, .T. ) ;
#210 = ORIENTED_EDGE ( 'NONE', *, *, #625, .F. ) ;
#211 = ORIENTED_EDGE ( 'NONE', *, *, #1522, .T. ) ;
#212 = DIRECTION ( 'NONE',  ( 1.000000000000000000, -0.000000000000000000, -0.000000000000000000 ) ) ;
#213 = ORIENTED_EDGE ( 'NONE', *, *, #2861, .T. ) ;
#214 = DIRECTION ( 'NONE',  ( -0.8660254037844388186, -0.4999999999999997224, 0.000000000000000000 ) ) ;
#215 = VECTOR ( 'NONE', #1171, 1000.000000000000000 ) ;
#216 = DIRECTION ( 'NONE',  ( 1.000000000000000000, 0.000000000000000000, 0.000000000000000000 ) ) ;
#217 = AXIS2_PLACEMENT_3D ( 'NONE', #709, #2376, #3549 ) ;
#218 = ORIENTED_EDGE ( 'NONE', *, *, #3476, .F. ) ;
#219 = AXIS2_PLACEMENT_3D ( 'NONE', #3234, #1773, #2962 ) ;
#220 = VECTOR ( 'NONE', #114, 1000.000000000000000 ) ;
#221 = CARTESIAN_POINT ( 'NONE',  ( 9.999999999999994671, -12.00000000000000000, 0.000000000000000000 ) ) ;
#222 = FACE_OUTER_BOUND ( 'NONE', #41, .T. ) ;
#223 = EDGE_CURVE ( 'NONE', #2643, #3674, #1067, .T. ) ;
#224 = VECTOR ( 'NONE', #806, 1000.000000000000114 ) ;
#225 = ORIENTED_EDGE ( 'NONE', *, *, #355, .T. ) ;
#226 = AXIS2_PLACEMENT_3D ( 'NONE', #1687, #1414, #3773 ) ;
#227 = CARTESIAN_POINT ( 'NONE',  ( -12.75000000000000888, -15.00000000000000000, 2.499999999999998224 ) ) ;
#228 = EDGE_CURVE ( 'NONE', #477, #3496, #3755, .T. ) ;
#229 = EDGE_CURVE ( 'NONE', #3138, #2521, #295, .T. ) ;
#230 = CARTESIAN_POINT ( 'NONE',  ( 0.000000000000000000, 1.999999999999989564, 5.000000000000000000 ) ) ;
#231 = VERTEX_POINT ( 'NONE', #11 ) ;
#232 = VECTOR ( 'NONE', #1539, 1000.000000000000114 ) ;
#233 = VERTEX_POINT ( 'NONE', #882 ) ;
#234 = CARTESIAN_POINT ( 'NONE',  ( 14.99999999999999289, 20.49999999999999645, 0.000000000000000000 ) ) ;
#235 = ORIENTED_EDGE ( 'NONE', *, *, #285, .T. ) ;
#236 = LINE ( 'NONE', #3744, #2592 ) ;
#237 = DIRECTION ( 'NONE',  ( -0.000000000000000000, 1.000000000000000000, 0.000000000000000000 ) ) ;
#238 = ORIENTED_EDGE ( 'NONE', *, *, #1723, .F. ) ;
#239 = CARTESIAN_POINT ( 'NONE',  ( -42.08771324027146932, 37.25000000000000000, 0.000000000000000000 ) ) ;
#240 = FACE_OUTER_BOUND ( 'NONE', #487, .T. ) ;
#241 = EDGE_CURVE ( 'NONE', #586, #315, #2053, .T. ) ;
#242 = EDGE_LOOP ( 'NONE', ( #2175, #901, #3484, #2350 ) ) ;
#243 = DIRECTION ( 'NONE',  ( 1.000000000000000000, -0.000000000000000000, -0.000000000000000000 ) ) ;
#244 = EDGE_LOOP ( 'NONE', ( #3626, #3632, #1869, #1035, #2238 ) ) ;
#245 = ORIENTED_EDGE ( 'NONE', *, *, #1572, .F. ) ;
#246 = EDGE_CURVE ( 'NONE', #1975, #3187, #1272, .T. ) ;
#247 = ADVANCED_FACE ( 'NONE', ( #3316 ), #685, .F. ) ;
#248 = LINE ( 'NONE', #1405, #1329 ) ;
#249 = ORIENTED_EDGE ( 'NONE', *, *, #749, .F. ) ;
#250 = CARTESIAN_POINT ( 'NONE',  ( 38.91228675972854489, -37.25000000000000711, 0.000000000000000000 ) ) ;
#251 = FACE_OUTER_BOUND ( 'NONE', #266, .T. ) ;
#252 = ORIENTED_EDGE ( 'NONE', *, *, #2559, .T. ) ;
#253 = CARTESIAN_POINT ( 'NONE',  ( 40.50000000000000711, 34.50000000000000000, 2.499999999999999556 ) ) ;
#254 = CARTESIAN_POINT ( 'NONE',  ( 6.000000000000000888, -13.00000000000001066, 5.000000000000000000 ) ) ;
#255 = LINE ( 'NONE', #50, #3511 ) ;
#256 = ORIENTED_EDGE ( 'NONE', *, *, #1728, .T. ) ;
#257 = EDGE_CURVE ( 'NONE', #2562, #1892, #3026, .T. ) ;
#258 = CARTESIAN_POINT ( 'NONE',  ( 15.00000000000000000, 19.00000000000001066, -3.500000000000000888 ) ) ;
#259 = VERTEX_POINT ( 'NONE', #2167 ) ;
#260 = VERTEX_POINT ( 'NONE', #1511 ) ;
#261 = CARTESIAN_POINT ( 'NONE',  ( 0.000000000000000000, 16.99999999999998579, 2.500000000000000000 ) ) ;
#262 = EDGE_CURVE ( 'NONE', #2129, #2751, #407, .T. ) ;
#263 = VERTEX_POINT ( 'NONE', #2133 ) ;
#264 = DIRECTION ( 'NONE',  ( 0.000000000000000000, 1.000000000000000000, 0.000000000000000000 ) ) ;
#265 = ADVANCED_FACE ( 'NONE', ( #939 ), #1879, .F. ) ;
#266 = EDGE_LOOP ( 'NONE', ( #177, #3353, #2590, #838, #3076 ) ) ;
#267 = VECTOR ( 'NONE', #3397, 1000.000000000000000 ) ;
#268 = VECTOR ( 'NONE', #2621, 1000.000000000000114 ) ;
#269 = LINE ( 'NONE', #3145, #1482 ) ;
#270 = CARTESIAN_POINT ( 'NONE',  ( 5.000000000000000000, -48.75000000000000000, 5.000000000000000000 ) ) ;
#271 = CARTESIAN_POINT ( 'NONE',  ( -15.00000000000000000, 18.25000000000000355, -2.749999999999999556 ) ) ;
#272 = PLANE ( 'NONE',  #515 ) ;
#273 = EDGE_LOOP ( 'NONE', ( #3553, #2892, #2221, #3459 ) ) ;
#274 = AXIS2_PLACEMENT_3D ( 'NONE', #2008, #3445, #1989 ) ;
#275 = CIRCLE ( 'NONE', #1254, 1.999999999999994893 ) ;
#276 = DIRECTION ( 'NONE',  ( 1.000000000000000000, 0.000000000000000000, -0.000000000000000000 ) ) ;
#277 = VECTOR ( 'NONE', #132, 1000.000000000000000 ) ;
#278 = ORIENTED_EDGE ( 'NONE', *, *, #1404, .T. ) ;
#279 = ORIENTED_EDGE ( 'NONE', *, *, #3189, .F. ) ;
#280 = AXIS2_PLACEMENT_3D ( 'NONE', #1112, #2568, #1098 ) ;
#281 = AXIS2_PLACEMENT_3D ( 'NONE', #326, #3551, #3257 ) ;
#282 = CARTESIAN_POINT ( 'NONE',  ( -50.00000000000000711, 38.00000000000000000, 5.000000000000000000 ) ) ;
#283 = VECTOR ( 'NONE', #978, 1000.000000000000000 ) ;
#284 = ORIENTED_EDGE ( 'NONE', *, *, #2664, .F. ) ;
#285 = EDGE_CURVE ( 'NONE', #2573, #2631, #2413, .T. ) ;
#286 = AXIS2_PLACEMENT_3D ( 'NONE', #3355, #1318, #720 ) ;
#287 = LINE ( 'NONE', #2980, #3346 ) ;
#288 = VERTEX_POINT ( 'NONE', #1213 ) ;
#289 = ORIENTED_EDGE ( 'NONE', *, *, #2117, .T. ) ;
#290 = DIRECTION ( 'NONE',  ( 0.4999999999999996669, 0.8660254037844388186, 0.000000000000000000 ) ) ;
#291 = ADVANCED_FACE ( 'NONE', ( #123 ), #2150, .F. ) ;
#292 = EDGE_CURVE ( 'NONE', #1508, #738, #371, .T. ) ;
#293 = CARTESIAN_POINT ( 'NONE',  ( -42.08771324027146932, -31.75000000000000711, 2.500000000000000000 ) ) ;
#294 = DIRECTION ( 'NONE',  ( -1.000000000000000000, 0.000000000000000000, 0.000000000000000000 ) ) ;
#295 = LINE ( 'NONE', #1456, #268 ) ;
#296 = ORIENTED_EDGE ( 'NONE', *, *, #1712, .F. ) ;
#297 = DIRECTION ( 'NONE',  ( 0.000000000000000000, -0.000000000000000000, -1.000000000000000000 ) ) ;
#298 = CARTESIAN_POINT ( 'NONE',  ( -38.91228675972853068, 31.75000000000000711, 0.000000000000000000 ) ) ;
#299 = EDGE_LOOP ( 'NONE', ( #3275, #2810, #187, #2912 ) ) ;
#300 = ORIENTED_EDGE ( 'NONE', *, *, #26, .F. ) ;
#301 = LINE ( 'NONE', #2244, #1677 ) ;
#302 = ORIENTED_EDGE ( 'NONE', *, *, #2105, .F. ) ;
#303 = EDGE_CURVE ( 'NONE', #3108, #714, #2757, .T. ) ;
#304 = DIRECTION ( 'NONE',  ( 1.000000000000000000, 0.000000000000000000, 0.000000000000000000 ) ) ;
#305 = ORIENTED_EDGE ( 'NONE', *, *, #1688, .F. ) ;
#306 = ADVANCED_BREP_SHAPE_REPRESENTATION ( 'FreeNove_ESP32S3_BreakoutBoard _DIN_Rail_Mount', ( #2404, #3529 ), #2188 ) ;
#307 = DIRECTION ( 'NONE',  ( 0.000000000000000000, -0.000000000000000000, 1.000000000000000000 ) ) ;
#308 = DIRECTION ( 'NONE',  ( -1.000000000000000000, 0.000000000000000000, 0.000000000000000000 ) ) ;
#309 = CARTESIAN_POINT ( 'NONE',  ( -50.00000000000000711, 38.00000000000000000, 5.000000000000000000 ) ) ;
#310 = EDGE_CURVE ( 'NONE', #3167, #3367, #755, .T. ) ;
#311 = ORIENTED_EDGE ( 'NONE', *, *, #820, .T. ) ;
#312 = ADVANCED_FACE ( 'NONE', ( #923 ), #3254, .F. ) ;
#313 = CARTESIAN_POINT ( 'NONE',  ( -38.91228675972853068, 31.75000000000000711, 2.500000000000000000 ) ) ;
#314 = DIRECTION ( 'NONE',  ( -0.000000000000000000, -0.000000000000000000, 1.000000000000000000 ) ) ;
#315 = VERTEX_POINT ( 'NONE', #2964 ) ;
#316 = ORIENTED_EDGE ( 'NONE', *, *, #3615, .T. ) ;
#317 = DIRECTION ( 'NONE',  ( 0.000000000000000000, 0.000000000000000000, 1.000000000000000000 ) ) ;
#318 = DIRECTION ( 'NONE',  ( 1.000000000000000000, 0.000000000000000000, 0.000000000000000000 ) ) ;
#319 = VERTEX_POINT ( 'NONE', #2681 ) ;
#320 = DIRECTION ( 'NONE',  ( 0.000000000000000000, -0.000000000000000000, -1.000000000000000000 ) ) ;
#321 = VERTEX_POINT ( 'NONE', #983 ) ;
#322 = CARTESIAN_POINT ( 'NONE',  ( -10.25000000000000000, -55.00000000000000000, 0.000000000000000000 ) ) ;
#323 = PLANE ( 'NONE',  #1619 ) ;
#324 = CARTESIAN_POINT ( 'NONE',  ( 9.000000000000001776, -13.00000000000000888, 2.449489742783176549 ) ) ;
#325 = VERTEX_POINT ( 'NONE', #668 ) ;
#326 = CARTESIAN_POINT ( 'NONE',  ( 40.50000000000000711, 34.50000000000000000, -3.500000000000000444 ) ) ;
#327 = EDGE_CURVE ( 'NONE', #1102, #2631, #1250, .T. ) ;
#328 = CARTESIAN_POINT ( 'NONE',  ( -48.00000000000000000, 40.00000000000000000, 5.000000000000000000 ) ) ;
#329 = VECTOR ( 'NONE', #3279, 1000.000000000000000 ) ;
#330 = VECTOR ( 'NONE', #653, 1000.000000000000000 ) ;
#331 = ORIENTED_EDGE ( 'NONE', *, *, #865, .F. ) ;
#332 = ORIENTED_EDGE ( 'NONE', *, *, #184, .T. ) ;
#333 = CARTESIAN_POINT ( 'NONE',  ( 0.000000000000000000, -13.00000000000001066, 2.500000000000000000 ) ) ;
#334 = VECTOR ( 'NONE', #740, 1000.000000000000000 ) ;
#335 = VECTOR ( 'NONE', #182, 1000.000000000000114 ) ;
#336 = EDGE_CURVE ( 'NONE', #623, #2255, #2109, .T. ) ;
#337 = EDGE_CURVE ( 'NONE', #1782, #586, #3566, .T. ) ;
#338 = CARTESIAN_POINT ( 'NONE',  ( 9.500000000000000000, -13.99999999999999112, -3.500000000000000444 ) ) ;
#339 = DIRECTION ( 'NONE',  ( -0.000000000000000000, -0.000000000000000000, 1.000000000000000000 ) ) ;
#340 = PRODUCT_CONTEXT ( 'NONE', #1826, 'mechanical' ) ;
#341 = ORIENTED_EDGE ( 'NONE', *, *, #3124, .F. ) ;
#342 = CIRCLE ( 'NONE', #2239, 9.000000000000001776 ) ;
#343 = VECTOR ( 'NONE', #3078, 1000.000000000000000 ) ;
#344 = VECTOR ( 'NONE', #1004, 1000.000000000000000 ) ;
#345 = PLANE ( 'NONE',  #2908 ) ;
#346 = ORIENTED_EDGE ( 'NONE', *, *, #2926, .F. ) ;
#347 = VERTEX_POINT ( 'NONE', #2717 ) ;
#348 = VECTOR ( 'NONE', #1109, 1000.000000000000000 ) ;
#349 = CARTESIAN_POINT ( 'NONE',  ( 5.000000000000000000, -45.25000000000000000, -3.500000000000000444 ) ) ;
#350 = PLANE ( 'NONE',  #1609 ) ;
#351 = CARTESIAN_POINT ( 'NONE',  ( 42.08771324027148353, 31.75000000000000000, 2.500000000000000000 ) ) ;
#352 = CARTESIAN_POINT ( 'NONE',  ( -15.00000000000000000, 0.000000000000000000, 0.000000000000000000 ) ) ;
#353 = VERTEX_POINT ( 'NONE', #105 ) ;
#354 = CARTESIAN_POINT ( 'NONE',  ( -38.91228675972852358, -37.25000000000000711, 0.000000000000000000 ) ) ;
#355 = EDGE_CURVE ( 'NONE', #993, #2260, #2435, .T. ) ;
#356 = CARTESIAN_POINT ( 'NONE',  ( 37.32457351945707558, -34.50000000000000711, 2.500000000000000000 ) ) ;
#357 = ORIENTED_EDGE ( 'NONE', *, *, #728, .F. ) ;
#358 = ORIENTED_EDGE ( 'NONE', *, *, #899, .T. ) ;
#359 = CARTESIAN_POINT ( 'NONE',  ( 7.375000000000000000, -13.00000000000001066, 2.500000000000000000 ) ) ;
#360 = CARTESIAN_POINT ( 'NONE',  ( 9.999999999999994671, -12.00000000000000000, 5.000000000000000000 ) ) ;
#361 = SURFACE_STYLE_USAGE ( .BOTH. , #1220 ) ;
#362 = ORIENTED_EDGE ( 'NONE', *, *, #3770, .F. ) ;
#363 = EDGE_CURVE ( 'NONE', #1322, #2906, #694, .T. ) ;
#364 = EDGE_CURVE ( 'NONE', #3187, #507, #1684, .T. ) ;
#365 = DIRECTION ( 'NONE',  ( 0.000000000000000000, 0.000000000000000000, 1.000000000000000000 ) ) ;
#366 = VERTEX_POINT ( 'NONE', #2833 ) ;
#367 = EDGE_LOOP ( 'NONE', ( #3518, #2398, #3238, #1110 ) ) ;
#368 = CARTESIAN_POINT ( 'NONE',  ( 5.249999999999999112, -55.00000000000000000, -1.377354281114203320E-15 ) ) ;
#369 = DIRECTION ( 'NONE',  ( 0.4999999999999997224, 0.8660254037844388186, 0.000000000000000000 ) ) ;
#370 = DIRECTION ( 'NONE',  ( 0.000000000000000000, -0.000000000000000000, -1.000000000000000000 ) ) ;
#371 = LINE ( 'NONE', #3300, #2589 ) ;
#372 = ORIENTED_EDGE ( 'NONE', *, *, #1427, .F. ) ;
#373 = DIRECTION ( 'NONE',  ( 0.000000000000000000, 0.000000000000000000, 1.000000000000000000 ) ) ;
#374 = DIRECTION ( 'NONE',  ( -0.000000000000000000, -0.000000000000000000, -1.000000000000000000 ) ) ;
#375 = ORIENTED_EDGE ( 'NONE', *, *, #257, .T. ) ;
#376 = ORIENTED_EDGE ( 'NONE', *, *, #2554, .F. ) ;
#377 = CARTESIAN_POINT ( 'NONE',  ( 7.375000000000000000, -12.83484611179063606, 2.483201639045645504 ) ) ;
#378 = EDGE_CURVE ( 'NONE', #1463, #3500, #2650, .T. ) ;
#379 = CARTESIAN_POINT ( 'NONE',  ( 38.91228675972853779, -37.25000000000000711, 2.500000000000000000 ) ) ;
#380 = VERTEX_POINT ( 'NONE', #2389 ) ;
#381 = EDGE_CURVE ( 'NONE', #383, #3008, #1210, .T. ) ;
#382 = DIRECTION ( 'NONE',  ( 0.8660254037844390407, -0.4999999999999995004, 0.000000000000000000 ) ) ;
#383 = VERTEX_POINT ( 'NONE', #1183 ) ;
#384 = CARTESIAN_POINT ( 'NONE',  ( -13.25000000000000533, -12.00000000000000000, 2.500000000000000000 ) ) ;
#385 = PLANE ( 'NONE',  #1070 ) ;
#386 = CARTESIAN_POINT ( 'NONE',  ( 9.000000000000005329, -12.49999999999999822, 0.000000000000000000 ) ) ;
#387 = DIRECTION ( 'NONE',  ( -0.000000000000000000, -1.000000000000000000, -0.000000000000000000 ) ) ;
#388 = EDGE_LOOP ( 'NONE', ( #305, #3696, #3623, #1225, #1788 ) ) ;
#389 = DIRECTION ( 'NONE',  ( 0.000000000000000000, 0.7071067811865487940, -0.7071067811865463515 ) ) ;
#390 = DIRECTION ( 'NONE',  ( -0.000000000000000000, 0.000000000000000000, 1.000000000000000000 ) ) ;
#391 = ORIENTED_EDGE ( 'NONE', *, *, #228, .T. ) ;
#392 = CYLINDRICAL_SURFACE ( 'NONE', #879, 1.750000000000001554 ) ;
#393 = CARTESIAN_POINT ( 'NONE',  ( 7.358031326380717552, -12.49999999999999822, 2.500000000000000000 ) ) ;
#394 = VECTOR ( 'NONE', #3624, 1000.000000000000114 ) ;
#395 = CARTESIAN_POINT ( 'NONE',  ( -5.250000000000000000, -50.00000000000000000, 5.000000000000000000 ) ) ;
#396 = VECTOR ( 'NONE', #3554, 1000.000000000000000 ) ;
#397 = ORIENTED_EDGE ( 'NONE', *, *, #852, .F. ) ;
#398 = VECTOR ( 'NONE', #3041, 1000.000000000000000 ) ;
#399 = EDGE_CURVE ( 'NONE', #1197, #3138, #2983, .T. ) ;
#400 = AXIS2_PLACEMENT_3D ( 'NONE', #3132, #505, #436 ) ;
#401 = LINE ( 'NONE', #2466, #3588 ) ;
#402 = EDGE_LOOP ( 'NONE', ( #2265, #1163, #1707, #2000 ) ) ;
#403 = DIRECTION ( 'NONE',  ( 0.4999999999999996669, 0.8660254037844388186, 0.000000000000000000 ) ) ;
#404 = AXIS2_PLACEMENT_3D ( 'NONE', #1822, #2944, #3258 ) ;
#405 = FACE_BOUND ( 'NONE', #388, .T. ) ;
#406 = CARTESIAN_POINT ( 'NONE',  ( 10.74999999999999645, -12.00000000000000000, 5.000000000000000000 ) ) ;
#407 = LINE ( 'NONE', #2986, #3019 ) ;
#408 = VECTOR ( 'NONE', #320, 1000.000000000000000 ) ;
#409 = ORIENTED_EDGE ( 'NONE', *, *, #399, .T. ) ;
#410 = EDGE_CURVE ( 'NONE', #1951, #1824, #3563, .T. ) ;
#411 = EDGE_CURVE ( 'NONE', #444, #3174, #163, .T. ) ;
#412 = CARTESIAN_POINT ( 'NONE',  ( 13.25000000000000533, -12.00000000000000000, 2.500000000000000000 ) ) ;
#413 = FACE_OUTER_BOUND ( 'NONE', #1345, .T. ) ;
#414 = ORIENTED_EDGE ( 'NONE', *, *, #3335, .T. ) ;
#415 = CARTESIAN_POINT ( 'NONE',  ( 6.000000000000000888, -13.00000000000001066, 2.500000000000000000 ) ) ;
#416 = DIRECTION ( 'NONE',  ( -0.000000000000000000, 1.000000000000000000, 0.000000000000000000 ) ) ;
#417 = PLANE ( 'NONE',  #2890 ) ;
#418 = ORIENTED_EDGE ( 'NONE', *, *, #2624, .T. ) ;
#419 = FACE_OUTER_BOUND ( 'NONE', #1596, .T. ) ;
#420 = DIRECTION ( 'NONE',  ( -1.000000000000000000, 0.000000000000000000, 0.000000000000000000 ) ) ;
#421 = ORIENTED_EDGE ( 'NONE', *, *, #2531, .F. ) ;
#422 = CARTESIAN_POINT ( 'NONE',  ( 3.812500000000006661, 10.39655629614364507, 5.000000000000000000 ) ) ;
#423 = EDGE_CURVE ( 'NONE', #471, #2627, #2635, .T. ) ;
#424 = FACE_OUTER_BOUND ( 'NONE', #1064, .T. ) ;
#425 = FACE_OUTER_BOUND ( 'NONE', #1702, .T. ) ;
#426 = DIRECTION ( 'NONE',  ( -1.000000000000000000, -0.000000000000000000, 0.000000000000000000 ) ) ;
#427 = EDGE_LOOP ( 'NONE', ( #777, #3380, #2279, #547 ) ) ;
#428 = DIRECTION ( 'NONE',  ( 0.4999999999999987232, -0.8660254037844393737, 0.000000000000000000 ) ) ;
#429 = CARTESIAN_POINT ( 'NONE',  ( -38.91228675972852358, -31.75000000000000711, 2.500000000000000000 ) ) ;
#430 = ADVANCED_FACE ( 'NONE', ( #1815 ), #3546, .T. ) ;
#431 = EDGE_CURVE ( 'NONE', #2363, #3138, #1166, .T. ) ;
#432 = VERTEX_POINT ( 'NONE', #368 ) ;
#433 = DIRECTION ( 'NONE',  ( -0.000000000000000000, -0.000000000000000000, -1.000000000000000000 ) ) ;
#434 = CARTESIAN_POINT ( 'NONE',  ( 9.500000000000000000, -13.24999999999999645, -2.250000000000000000 ) ) ;
#435 = CARTESIAN_POINT ( 'NONE',  ( 40.50000000000000711, -34.50000000000000000, 5.000000000000000000 ) ) ;
#436 = DIRECTION ( 'NONE',  ( 0.7071067811865489050, 0.000000000000000000, -0.7071067811865462405 ) ) ;
#437 = ORIENTED_EDGE ( 'NONE', *, *, #292, .T. ) ;
#438 = ORIENTED_EDGE ( 'NONE', *, *, #1755, .T. ) ;
#439 = FACE_OUTER_BOUND ( 'NONE', #2020, .T. ) ;
#440 = ORIENTED_EDGE ( 'NONE', *, *, #3541, .F. ) ;
#441 = CARTESIAN_POINT ( 'NONE',  ( -9.500000000000000000, -16.99999999999998934, -3.500000000000000000 ) ) ;
#442 = CYLINDRICAL_SURFACE ( 'NONE', #3641, 1.750000000000001554 ) ;
#443 = CARTESIAN_POINT ( 'NONE',  ( 5.000000000000000000, -47.00000000000000000, 5.000000000000000000 ) ) ;
#444 = VERTEX_POINT ( 'NONE', #3527 ) ;
#445 = CARTESIAN_POINT ( 'NONE',  ( 15.00000000000000000, 19.00000000000001066, -3.500000000000000888 ) ) ;
#446 = DIRECTION ( 'NONE',  ( 1.000000000000000000, 0.000000000000000000, 0.000000000000000000 ) ) ;
#447 = ORIENTED_EDGE ( 'NONE', *, *, #111, .F. ) ;
#448 = CARTESIAN_POINT ( 'NONE',  ( 48.00000000000000711, 38.00000000000000000, 5.000000000000000000 ) ) ;
#449 = LINE ( 'NONE', #751, #168 ) ;
#450 = ORIENTED_EDGE ( 'NONE', *, *, #202, .T. ) ;
#451 = EDGE_LOOP ( 'NONE', ( #492, #1368 ) ) ;
#452 = ADVANCED_FACE ( 'NONE', ( #2959 ), #22, .F. ) ;
#453 = EDGE_CURVE ( 'NONE', #931, #594, #1852, .T. ) ;
#454 = VECTOR ( 'NONE', #389, 1000.000000000000000 ) ;
#455 = VECTOR ( 'NONE', #1739, 1000.000000000000000 ) ;
#456 = CARTESIAN_POINT ( 'NONE',  ( 15.00000000000000000, 25.00000000000001421, 0.000000000000000000 ) ) ;
#457 = ORIENTED_EDGE ( 'NONE', *, *, #184, .F. ) ;
#458 = AXIS2_PLACEMENT_3D ( 'NONE', #1211, #2392, #2374 ) ;
#459 = VECTOR ( 'NONE', #2022, 1000.000000000000000 ) ;
#460 = CYLINDRICAL_SURFACE ( 'NONE', #518, 1.750000000000001554 ) ;
#461 = AXIS2_PLACEMENT_3D ( 'NONE', #1401, #1442, #1418 ) ;
#462 = CIRCLE ( 'NONE', #2956, 6.000000000000000000 ) ;
#463 = LINE ( 'NONE', #999, #1013 ) ;
#464 = DIRECTION ( 'NONE',  ( -0.000000000000000000, -0.000000000000000000, -1.000000000000000000 ) ) ;
#465 = VERTEX_POINT ( 'NONE', #1036 ) ;
#466 = AXIS2_PLACEMENT_3D ( 'NONE', #881, #2680, #667 ) ;
#467 = VECTOR ( 'NONE', #1633, 1000.000000000000114 ) ;
#468 = DIRECTION ( 'NONE',  ( -0.000000000000000000, -0.000000000000000000, -1.000000000000000000 ) ) ;
#469 = VECTOR ( 'NONE', #3543, 1000.000000000000000 ) ;
#470 = CARTESIAN_POINT ( 'NONE',  ( 9.999999999999996447, 19.99999999999998934, 5.000000000000000000 ) ) ;
#471 = VERTEX_POINT ( 'NONE', #2797 ) ;
#472 = CARTESIAN_POINT ( 'NONE',  ( -42.08771324027146932, 31.75000000000001421, 0.000000000000000000 ) ) ;
#473 = EDGE_CURVE ( 'NONE', #315, #785, #3675, .T. ) ;
#474 = CARTESIAN_POINT ( 'NONE',  ( -1.102182119232617714E-15, -4.000000000000010658, 5.000000000000000000 ) ) ;
#475 = DIRECTION ( 'NONE',  ( 0.000000000000000000, 1.000000000000000000, 0.000000000000000000 ) ) ;
#476 = VERTEX_POINT ( 'NONE', #1893 ) ;
#477 = VERTEX_POINT ( 'NONE', #422 ) ;
#478 = CARTESIAN_POINT ( 'NONE',  ( 37.32457351945707558, -34.50000000000000711, 2.500000000000000000 ) ) ;
#479 = EDGE_CURVE ( 'NONE', #2936, #2080, #2130, .T. ) ;
#480 = ORIENTED_EDGE ( 'NONE', *, *, #3412, .F. ) ;
#481 = EDGE_CURVE ( 'NONE', #380, #3226, #2712, .T. ) ;
#482 = DIRECTION ( 'NONE',  ( 0.000000000000000000, 0.000000000000000000, 1.000000000000000000 ) ) ;
#483 = FACE_OUTER_BOUND ( 'NONE', #1349, .T. ) ;
#484 = ORIENTED_EDGE ( 'NONE', *, *, #3087, .F. ) ;
#485 = CARTESIAN_POINT ( 'NONE',  ( 0.000000000000000000, -12.49999999999999822, 0.000000000000000000 ) ) ;
#486 = DIRECTION ( 'NONE',  ( -1.000000000000000000, -0.000000000000000000, -0.000000000000000000 ) ) ;
#487 = EDGE_LOOP ( 'NONE', ( #136, #3320, #1380, #1314 ) ) ;
#488 = VERTEX_POINT ( 'NONE', #3058 ) ;
#489 = CARTESIAN_POINT ( 'NONE',  ( -10.25000000000000000, -40.00000000000000000, -1.821662113731688484E-15 ) ) ;
#490 = CARTESIAN_POINT ( 'NONE',  ( -42.08771324027147642, 31.75000000000000711, 2.500000000000000000 ) ) ;
#491 = VERTEX_POINT ( 'NONE', #1581 ) ;
#492 = ORIENTED_EDGE ( 'NONE', *, *, #1654, .T. ) ;
#493 = CARTESIAN_POINT ( 'NONE',  ( 6.000000000000003553, -15.00000000000000711, 5.000000000000000000 ) ) ;
#494 = EDGE_LOOP ( 'NONE', ( #1580, #3460, #2288, #956, #2966, #3117 ) ) ;
#495 = EDGE_CURVE ( 'NONE', #2151, #2520, #3297, .T. ) ;
#496 = CYLINDRICAL_SURFACE ( 'NONE', #274, 2.500000000000000000 ) ;
#497 = DIRECTION ( 'NONE',  ( 0.000000000000000000, -0.000000000000000000, 1.000000000000000000 ) ) ;
#498 = EDGE_LOOP ( 'NONE', ( #869, #210, #1402, #2551 ) ) ;
#499 = EDGE_CURVE ( 'NONE', #1824, #594, #2205, .T. ) ;
#500 = CARTESIAN_POINT ( 'NONE',  ( -50.00000000000000000, -38.00000000000000000, 5.000000000000000000 ) ) ;
#501 = DIRECTION ( 'NONE',  ( 0.000000000000000000, 0.000000000000000000, 1.000000000000000000 ) ) ;
#502 = EDGE_LOOP ( 'NONE', ( #1060, #57, #2455, #3172 ) ) ;
#503 = LINE ( 'NONE', #2842, #2850 ) ;
#504 = CARTESIAN_POINT ( 'NONE',  ( -1.653273178848926275E-15, 7.999999999999989342, 2.500000000000000000 ) ) ;
#505 = DIRECTION ( 'NONE',  ( 0.7071067811865462405, -0.000000000000000000, 0.7071067811865489050 ) ) ;
#506 = DIRECTION ( 'NONE',  ( -0.4999999999999997224, -0.8660254037844388186, 0.000000000000000000 ) ) ;
#507 = VERTEX_POINT ( 'NONE', #101 ) ;
#508 = EDGE_LOOP ( 'NONE', ( #2608, #1353, #3437, #3589 ) ) ;
#509 = CARTESIAN_POINT ( 'NONE',  ( 37.32457351945706137, 34.50000000000000000, 0.000000000000000000 ) ) ;
#510 = ORIENTED_EDGE ( 'NONE', *, *, #3508, .F. ) ;
#511 = EDGE_CURVE ( 'NONE', #3477, #2004, #3040, .T. ) ;
#512 = DIRECTION ( 'NONE',  ( -0.000000000000000000, -0.000000000000000000, -1.000000000000000000 ) ) ;
#513 = CIRCLE ( 'NONE', #3749, 6.000000000000000000 ) ;
#514 = DIRECTION ( 'NONE',  ( 0.7071067811865457964, 0.000000000000000000, 0.7071067811865492381 ) ) ;
#515 = AXIS2_PLACEMENT_3D ( 'NONE', #3452, #1438, #826 ) ;
#516 = ORIENTED_EDGE ( 'NONE', *, *, #1855, .F. ) ;
#517 = AXIS2_PLACEMENT_3D ( 'NONE', #1097, #1360, #3699 ) ;
#518 = AXIS2_PLACEMENT_3D ( 'NONE', #1341, #2508, #2736 ) ;
#519 = DIRECTION ( 'NONE',  ( 0.000000000000000000, 0.000000000000000000, -1.000000000000000000 ) ) ;
#520 = DIRECTION ( 'NONE',  ( -0.4999999999999996669, -0.8660254037844388186, 0.000000000000000000 ) ) ;
#521 = AXIS2_PLACEMENT_3D ( 'NONE', #3202, #2003, #832 ) ;
#522 = CIRCLE ( 'NONE', #3702, 1.749999999999994671 ) ;
#523 = EDGE_CURVE ( 'NONE', #601, #2330, #1191, .T. ) ;
#524 = EDGE_CURVE ( 'NONE', #2735, #1463, #1268, .T. ) ;
#525 = VERTEX_POINT ( 'NONE', #1563 ) ;
#526 = DIRECTION ( 'NONE',  ( 0.000000000000000000, 0.000000000000000000, 1.000000000000000000 ) ) ;
#527 = AXIS2_PLACEMENT_3D ( 'NONE', #3625, #3398, #1630 ) ;
#528 = DIRECTION ( 'NONE',  ( -0.000000000000000000, -0.000000000000000000, -1.000000000000000000 ) ) ;
#529 = CARTESIAN_POINT ( 'NONE',  ( 0.000000000000000000, 0.000000000000000000, 2.500000000000000000 ) ) ;
#530 = ORIENTED_EDGE ( 'NONE', *, *, #523, .T. ) ;
#531 = VECTOR ( 'NONE', #2773, 1000.000000000000000 ) ;
#532 = ORIENTED_EDGE ( 'NONE', *, *, #895, .T. ) ;
#533 = DIRECTION ( 'NONE',  ( 0.000000000000000000, -1.000000000000000000, 0.000000000000000000 ) ) ;
#534 = EDGE_LOOP ( 'NONE', ( #316, #573, #3486, #2415 ) ) ;
#535 = DIRECTION ( 'NONE',  ( 1.000000000000000000, 0.000000000000000000, 0.000000000000000000 ) ) ;
#536 = CARTESIAN_POINT ( 'NONE',  ( 7.625000000000000000, 17.00000000000001776, 2.500000000000000000 ) ) ;
#537 = VERTEX_POINT ( 'NONE', #1323 ) ;
#538 = EDGE_CURVE ( 'NONE', #1045, #321, #2468, .T. ) ;
#539 = CARTESIAN_POINT ( 'NONE',  ( 0.000000000000000000, 0.000000000000000000, 2.500000000000000000 ) ) ;
#540 = CARTESIAN_POINT ( 'NONE',  ( 9.500000000000000000, -16.99999999999998934, -3.500000000000000000 ) ) ;
#541 = PLANE ( 'NONE',  #1185 ) ;
#542 = ORIENTED_EDGE ( 'NONE', *, *, #145, .F. ) ;
#543 = CARTESIAN_POINT ( 'NONE',  ( -38.91228675972853068, 37.25000000000000000, 2.500000000000000000 ) ) ;
#544 = EDGE_CURVE ( 'NONE', #2330, #2951, #462, .T. ) ;
#545 = LINE ( 'NONE', #1708, #1490 ) ;
#546 = PLANE ( 'NONE',  #3080 ) ;
#547 = ORIENTED_EDGE ( 'NONE', *, *, #1901, .F. ) ;
#548 = ORIENTED_EDGE ( 'NONE', *, *, #2525, .T. ) ;
#549 = EDGE_CURVE ( 'NONE', #2154, #2709, #2451, .T. ) ;
#550 = CARTESIAN_POINT ( 'NONE',  ( -10.25000000000000000, -55.00000000000000000, 4.999999999999998224 ) ) ;
#551 = VERTEX_POINT ( 'NONE', #2432 ) ;
#552 = CARTESIAN_POINT ( 'NONE',  ( -42.08771324027146932, -31.75000000000000711, 2.500000000000000000 ) ) ;
#553 = ORIENTED_EDGE ( 'NONE', *, *, #2744, .T. ) ;
#554 = ORIENTED_EDGE ( 'NONE', *, *, #336, .T. ) ;
#555 = DIRECTION ( 'NONE',  ( 0.000000000000000000, 0.000000000000000000, 1.000000000000000000 ) ) ;
#556 = CARTESIAN_POINT ( 'NONE',  ( -38.74999999999999289, 34.50000000000000000, -3.500000000000000444 ) ) ;
#557 = DIRECTION ( 'NONE',  ( 1.387778780781445478E-15, -1.000000000000000000, 3.552713678800500140E-15 ) ) ;
#558 = CARTESIAN_POINT ( 'NONE',  ( 9.999999999999996447, 19.99999999999998934, 5.000000000000000000 ) ) ;
#559 = DIRECTION ( 'NONE',  ( 0.8660254037844388186, 0.4999999999999997224, -0.000000000000000000 ) ) ;
#560 = B_SPLINE_CURVE_WITH_KNOTS ( 'NONE', 3,
 ( #2822, #208, #1694, #3498 ),
 .UNSPECIFIED., .F., .F.,
 ( 4, 4 ),
 ( 0.000000000000000000, 0.0005028126991171343518 ),
 .UNSPECIFIED. ) ;
#561 = ORIENTED_EDGE ( 'NONE', *, *, #972, .T. ) ;
#562 = LINE ( 'NONE', #1722, #645 ) ;
#563 = EDGE_CURVE ( 'NONE', #1726, #2363, #3357, .T. ) ;
#564 = CARTESIAN_POINT ( 'NONE',  ( 10.25000000000000000, -50.00000000000000000, 4.999999999999998224 ) ) ;
#565 = DIRECTION ( 'NONE',  ( -0.000000000000000000, -0.000000000000000000, -1.000000000000000000 ) ) ;
#566 = ORIENTED_EDGE ( 'NONE', *, *, #1486, .F. ) ;
#567 = ORIENTED_EDGE ( 'NONE', *, *, #7, .T. ) ;
#568 = LINE ( 'NONE', #3630, #583 ) ;
#569 = ORIENTED_EDGE ( 'NONE', *, *, #2664, .T. ) ;
#570 = EDGE_CURVE ( 'NONE', #738, #1081, #665, .T. ) ;
#571 = ADVANCED_FACE ( 'NONE', ( #3020 ), #460, .F. ) ;
#572 = PLANE ( 'NONE',  #3526 ) ;
#573 = ORIENTED_EDGE ( 'NONE', *, *, #262, .F. ) ;
#574 = AXIS2_PLACEMENT_3D ( 'NONE', #3006, #656, #3286 ) ;
#575 = VECTOR ( 'NONE', #2320, 1000.000000000000000 ) ;
#576 = CARTESIAN_POINT ( 'NONE',  ( -42.24999999999999289, 34.50000000000000000, 5.000000000000000000 ) ) ;
#577 = FACE_OUTER_BOUND ( 'NONE', #3414, .T. ) ;
#578 = FACE_OUTER_BOUND ( 'NONE', #502, .T. ) ;
#579 = EDGE_LOOP ( 'NONE', ( #3447, #2769, #1303, #2067 ) ) ;
#580 = VECTOR ( 'NONE', #3331, 1000.000000000000000 ) ;
#581 = AXIS2_PLACEMENT_3D ( 'NONE', #3292, #1279, #1518 ) ;
#582 = LINE ( 'NONE', #3756, #2719 ) ;
#583 = VECTOR ( 'NONE', #1260, 1000.000000000000000 ) ;
#584 = CARTESIAN_POINT ( 'NONE',  ( 38.91228675972853779, 37.25000000000000711, 2.500000000000000000 ) ) ;
#585 = EDGE_LOOP ( 'NONE', ( #1848, #362, #1005, #1963, #1466 ) ) ;
#586 = VERTEX_POINT ( 'NONE', #2163 ) ;
#587 = EDGE_CURVE ( 'NONE', #2162, #465, #980, .T. ) ;
#588 = VECTOR ( 'NONE', #3504, 1000.000000000000000 ) ;
#589 = CARTESIAN_POINT ( 'NONE',  ( 0.000000000000000000, 16.99999999999998579, 2.500000000000000000 ) ) ;
#590 = AXIS2_PLACEMENT_3D ( 'NONE', #3230, #3560, #3272 ) ;
#591 = ORIENTED_EDGE ( 'NONE', *, *, #3538, .F. ) ;
#592 = AXIS2_PLACEMENT_3D ( 'NONE', #3616, #2160, #3056 ) ;
#593 = CARTESIAN_POINT ( 'NONE',  ( -10.25000000000000000, -15.00000000000000000, 4.999999999999998224 ) ) ;
#594 = VERTEX_POINT ( 'NONE', #682 ) ;
#595 = DIRECTION ( 'NONE',  ( -0.000000000000000000, -0.000000000000000000, 1.000000000000000000 ) ) ;
#596 = DIRECTION ( 'NONE',  ( 2.891205793294678696E-17, -1.000000000000000000, 0.000000000000000000 ) ) ;
#597 = LINE ( 'NONE', #3531, #3577 ) ;
#598 = EDGE_LOOP ( 'NONE', ( #1313, #1328, #677, #296 ) ) ;
#599 = CARTESIAN_POINT ( 'NONE',  ( 7.375000000000000000, 17.00000000000001776, 2.500000000000000000 ) ) ;
#600 = CARTESIAN_POINT ( 'NONE',  ( 7.358031326380717552, -12.49999999999999822, 2.500000000000000000 ) ) ;
#601 = VERTEX_POINT ( 'NONE', #120 ) ;
#602 = ORIENTED_EDGE ( 'NONE', *, *, #1205, .T. ) ;
#603 = CARTESIAN_POINT ( 'NONE',  ( 38.91228675972854489, -31.75000000000000000, 0.000000000000000000 ) ) ;
#604 = FACE_OUTER_BOUND ( 'NONE', #2314, .T. ) ;
#605 = ORIENTED_EDGE ( 'NONE', *, *, #2691, .F. ) ;
#606 = CARTESIAN_POINT ( 'NONE',  ( -40.49999999999999289, 34.50000000000000000, 5.000000000000000000 ) ) ;
#607 = ORIENTED_EDGE ( 'NONE', *, *, #2323, .F. ) ;
#608 = EDGE_CURVE ( 'NONE', #2612, #2228, #3121, .T. ) ;
#609 = CARTESIAN_POINT ( 'NONE',  ( 38.91228675972853779, 37.25000000000000711, 2.500000000000000000 ) ) ;
#610 = PLANE ( 'NONE',  #1740 ) ;
#611 = PLANE ( 'NONE',  #2711 ) ;
#612 = VERTEX_POINT ( 'NONE', #1445 ) ;
#613 = EDGE_CURVE ( 'NONE', #3728, #3073, #1161, .T. ) ;
#614 = LINE ( 'NONE', #1192, #1369 ) ;
#615 = CARTESIAN_POINT ( 'NONE',  ( 5.000000000000000000, -48.75000000000000000, -1.821662113731688484E-15 ) ) ;
#616 = ORIENTED_EDGE ( 'NONE', *, *, #538, .T. ) ;
#617 = DIRECTION ( 'NONE',  ( 1.000000000000000000, 0.000000000000000000, 0.000000000000000000 ) ) ;
#618 = CARTESIAN_POINT ( 'NONE',  ( 10.74999999999999645, -12.00000000000000000, 0.000000000000000000 ) ) ;
#619 = LINE ( 'NONE', #338, #2240 ) ;
#620 = CARTESIAN_POINT ( 'NONE',  ( 9.999999999999994671, -38.00000000000000000, 0.000000000000000000 ) ) ;
#621 = ORIENTED_EDGE ( 'NONE', *, *, #675, .F. ) ;
#622 = CARTESIAN_POINT ( 'NONE',  ( -9.500000000000000000, -15.50000000000000178, 0.000000000000000000 ) ) ;
#623 = VERTEX_POINT ( 'NONE', #2524 ) ;
#624 = EDGE_LOOP ( 'NONE', ( #2450, #2803, #1842, #735, #17 ) ) ;
#625 = EDGE_CURVE ( 'NONE', #3550, #3249, #2916, .T. ) ;
#626 = DIRECTION ( 'NONE',  ( 0.000000000000000000, 0.000000000000000000, 1.000000000000000000 ) ) ;
#627 = PLANE ( 'NONE',  #3404 ) ;
#628 = DIRECTION ( 'NONE',  ( -0.8660254037844392627, -0.4999999999999990008, 0.000000000000000000 ) ) ;
#629 = ORIENTED_EDGE ( 'NONE', *, *, #1053, .T. ) ;
#630 = AXIS2_PLACEMENT_3D ( 'NONE', #539, #2871, #1646 ) ;
#631 = FACE_OUTER_BOUND ( 'NONE', #3418, .T. ) ;
#632 = DIRECTION ( 'NONE',  ( -0.000000000000000000, -0.000000000000000000, 1.000000000000000000 ) ) ;
#633 = DIRECTION ( 'NONE',  ( 0.000000000000000000, -1.000000000000000000, 0.000000000000000000 ) ) ;
#634 = EDGE_CURVE ( 'NONE', #2313, #1562, #3691, .T. ) ;
#635 = EDGE_CURVE ( 'NONE', #2981, #612, #1093, .T. ) ;
#636 = AXIS2_PLACEMENT_3D ( 'NONE', #2932, #1394, #3106 ) ;
#637 = VECTOR ( 'NONE', #962, 1000.000000000000000 ) ;
#638 = ORIENTED_EDGE ( 'NONE', *, *, #2837, .F. ) ;
#639 = CARTESIAN_POINT ( 'NONE',  ( 9.500000000000000000, -13.99999999999999112, -3.500000000000000444 ) ) ;
#640 = VECTOR ( 'NONE', #2700, 1000.000000000000000 ) ;
#641 = VECTOR ( 'NONE', #2104, 1000.000000000000000 ) ;
#642 = LINE ( 'NONE', #1808, #2352 ) ;
#643 = ORIENTED_EDGE ( 'NONE', *, *, #1693, .T. ) ;
#644 = AXIS2_PLACEMENT_3D ( 'NONE', #470, #1605, #1861 ) ;
#645 = VECTOR ( 'NONE', #933, 1000.000000000000000 ) ;
#646 = VECTOR ( 'NONE', #2434, 1000.000000000000000 ) ;
#647 = DIRECTION ( 'NONE',  ( -0.000000000000000000, -0.000000000000000000, -1.000000000000000000 ) ) ;
#648 = ORIENTED_EDGE ( 'NONE', *, *, #1643, .F. ) ;
#649 = ORIENTED_EDGE ( 'NONE', *, *, #3411, .T. ) ;
#650 = VECTOR ( 'NONE', #3016, 1000.000000000000114 ) ;
#651 = CARTESIAN_POINT ( 'NONE',  ( 38.75000000000001421, 34.50000000000000000, 2.499999999999999556 ) ) ;
#652 = LINE ( 'NONE', #2071, #2241 ) ;
#653 = DIRECTION ( 'NONE',  ( -0.000000000000000000, -0.000000000000000000, -1.000000000000000000 ) ) ;
#654 = EDGE_CURVE ( 'NONE', #45, #601, #301, .T. ) ;
#655 = ORIENTED_EDGE ( 'NONE', *, *, #679, .T. ) ;
#656 = DIRECTION ( 'NONE',  ( -0.8660254037844393737, 0.4999999999999987232, 0.000000000000000000 ) ) ;
#657 = DIRECTION ( 'NONE',  ( -0.4999999999999996669, -0.8660254037844388186, 0.000000000000000000 ) ) ;
#658 = ORIENTED_EDGE ( 'NONE', *, *, #1308, .T. ) ;
#659 = DIRECTION ( 'NONE',  ( -0.000000000000000000, -0.000000000000000000, 1.000000000000000000 ) ) ;
#660 = EDGE_CURVE ( 'NONE', #507, #3249, #2896, .T. ) ;
#661 = PLANE ( 'NONE',  #97 ) ;
#662 = ORIENTED_EDGE ( 'NONE', *, *, #15, .F. ) ;
#663 = CARTESIAN_POINT ( 'NONE',  ( -10.25000000000000000, -40.00000000000000000, -1.821662113731688484E-15 ) ) ;
#664 = ORIENTED_EDGE ( 'NONE', *, *, #3411, .F. ) ;
#665 = LINE ( 'NONE', #3077, #1374 ) ;
#666 = CARTESIAN_POINT ( 'NONE',  ( 7.375000000000000000, 17.00000000000001776, 2.500000000000000000 ) ) ;
#667 = DIRECTION ( 'NONE',  ( 1.000000000000000000, 0.000000000000000000, 0.000000000000000000 ) ) ;
#668 = CARTESIAN_POINT ( 'NONE',  ( -38.74999999999999289, 34.50000000000000000, 5.000000000000000000 ) ) ;
#669 = ORIENTED_EDGE ( 'NONE', *, *, #3069, .T. ) ;
#670 = CARTESIAN_POINT ( 'NONE',  ( 40.50000000000000711, 34.50000000000000000, 5.000000000000000000 ) ) ;
#671 = CARTESIAN_POINT ( 'NONE',  ( 5.979130371550698264, -12.49999999999999822, 2.500000000000000000 ) ) ;
#672 = ORIENTED_EDGE ( 'NONE', *, *, #2317, .T. ) ;
#673 = ORIENTED_EDGE ( 'NONE', *, *, #499, .F. ) ;
#674 = CARTESIAN_POINT ( 'NONE',  ( -38.91228675972852358, -37.25000000000000711, 2.500000000000000000 ) ) ;
#675 = EDGE_CURVE ( 'NONE', #3074, #2832, #2629, .T. ) ;
#676 = DIRECTION ( 'NONE',  ( 0.000000000000000000, -0.7071067811865473507, 0.7071067811865477948 ) ) ;
#677 = ORIENTED_EDGE ( 'NONE', *, *, #3399, .T. ) ;
#678 = CARTESIAN_POINT ( 'NONE',  ( 7.625000000000000000, -13.00000000000001066, 2.449489742783176105 ) ) ;
#679 = EDGE_CURVE ( 'NONE', #1970, #2562, #2593, .T. ) ;
#680 = EDGE_CURVE ( 'NONE', #2407, #2672, #3085, .T. ) ;
#681 = EDGE_LOOP ( 'NONE', ( #2718, #2387, #1143, #418 ) ) ;
#682 = CARTESIAN_POINT ( 'NONE',  ( -42.08771324027146932, -31.75000000000000711, 0.000000000000000000 ) ) ;
#683 = FACE_BOUND ( 'NONE', #1145, .T. ) ;
#684 = DIRECTION ( 'NONE',  ( 0.000000000000000000, -0.7071067811865503483, 0.7071067811865445751 ) ) ;
#685 = PLANE ( 'NONE',  #2534 ) ;
#686 = VERTEX_POINT ( 'NONE', #35 ) ;
#687 = LINE ( 'NONE', #2513, #267 ) ;
#688 = FACE_OUTER_BOUND ( 'NONE', #1447, .T. ) ;
#689 = ORIENTED_EDGE ( 'NONE', *, *, #1661, .T. ) ;
#690 = DIRECTION ( 'NONE',  ( 1.000000000000000000, 0.000000000000000000, 0.000000000000000000 ) ) ;
#691 = LINE ( 'NONE', #2748, #277 ) ;
#692 = VECTOR ( 'NONE', #1703, 1000.000000000000000 ) ;
#693 = CARTESIAN_POINT ( 'NONE',  ( 38.75000000000001421, -34.50000000000000000, 5.000000000000000000 ) ) ;
#694 = CIRCLE ( 'NONE', #3639, 6.000000000000000000 ) ;
#695 = VERTEX_POINT ( 'NONE', #3609 ) ;
#696 = ADVANCED_FACE ( 'NONE', ( #2949 ), #3555, .F. ) ;
#697 = CIRCLE ( 'NONE', #636, 2.000000000000008882 ) ;
#698 = VECTOR ( 'NONE', #433, 1000.000000000000000 ) ;
#699 = AXIS2_PLACEMENT_3D ( 'NONE', #2311, #243, #3185 ) ;
#700 = LINE ( 'NONE', #2792, #1627 ) ;
#701 = VECTOR ( 'NONE', #2366, 1000.000000000000000 ) ;
#702 = ORIENTED_EDGE ( 'NONE', *, *, #729, .T. ) ;
#703 = DIRECTION ( 'NONE',  ( 0.000000000000000000, 1.000000000000000000, -1.445602896647339656E-16 ) ) ;
#704 = CIRCLE ( 'NONE', #167, 1.750000000000001554 ) ;
#705 = ADVANCED_FACE ( 'NONE', ( #2728, #2424, #1257 ), #2140, .F. ) ;
#706 = ADVANCED_FACE ( 'NONE', ( #1517 ), #2645, .T. ) ;
#707 = FACE_BOUND ( 'NONE', #2929, .T. ) ;
#708 = CARTESIAN_POINT ( 'NONE',  ( -38.91228675972852358, -37.25000000000000711, 2.500000000000000000 ) ) ;
#709 = CARTESIAN_POINT ( 'NONE',  ( 40.50000000000000711, -34.50000000000000000, 2.499999999999999556 ) ) ;
#710 = VECTOR ( 'NONE', #1339, 1000.000000000000000 ) ;
#711 = VERTEX_POINT ( 'NONE', #603 ) ;
#712 = CARTESIAN_POINT ( 'NONE',  ( 9.500000000000000000, -15.50000000000000178, 0.000000000000000000 ) ) ;
#713 = LINE ( 'NONE', #3110, #3093 ) ;
#714 = VERTEX_POINT ( 'NONE', #72 ) ;
#715 = CARTESIAN_POINT ( 'NONE',  ( 15.00000000000000000, 22.00000000000001421, -3.500000000000000888 ) ) ;
#716 = DIRECTION ( 'NONE',  ( 1.000000000000000000, 0.000000000000000000, 0.000000000000000000 ) ) ;
#717 = CARTESIAN_POINT ( 'NONE',  ( -10.25000000000000000, -50.00000000000000000, 0.000000000000000000 ) ) ;
#718 = EDGE_LOOP ( 'NONE', ( #2795, #1096, #1552, #409 ) ) ;
#719 = EDGE_LOOP ( 'NONE', ( #3356, #51, #789, #2617 ) ) ;
#720 = DIRECTION ( 'NONE',  ( 1.000000000000000000, 0.000000000000000000, 0.000000000000000000 ) ) ;
#721 = VERTEX_POINT ( 'NONE', #3306 ) ;
#722 = CARTESIAN_POINT ( 'NONE',  ( -42.08771324027146932, 37.25000000000000000, 0.000000000000000000 ) ) ;
#723 = DIRECTION ( 'NONE',  ( 0.000000000000000000, 0.000000000000000000, 1.000000000000000000 ) ) ;
#724 = CARTESIAN_POINT ( 'NONE',  ( 42.25000000000000000, -34.50000000000000000, 2.499999999999999556 ) ) ;
#725 = EDGE_LOOP ( 'NONE', ( #3111, #2879, #3246, #3760 ) ) ;
#726 = CARTESIAN_POINT ( 'NONE',  ( -47.99999999999999289, 19.99999999999998934, 0.000000000000000000 ) ) ;
#727 = PLANE ( 'NONE',  #644 ) ;
#728 = EDGE_CURVE ( 'NONE', #3104, #1390, #2061, .T. ) ;
#729 = EDGE_CURVE ( 'NONE', #3367, #2202, #3244, .T. ) ;
#730 = VERTEX_POINT ( 'NONE', #1278 ) ;
#731 = LINE ( 'NONE', #3068, #698 ) ;
#732 =( NAMED_UNIT ( * ) SI_UNIT ( $, .STERADIAN. ) SOLID_ANGLE_UNIT ( ) );
#733 = PLANE ( 'NONE',  #1801 ) ;
#734 = CARTESIAN_POINT ( 'NONE',  ( 0.000000000000000000, 16.99999999999998579, 5.000000000000000000 ) ) ;
#735 = ORIENTED_EDGE ( 'NONE', *, *, #2085, .T. ) ;
#736 = ORIENTED_EDGE ( 'NONE', *, *, #2721, .T. ) ;
#737 = LINE ( 'NONE', #2430, #1937 ) ;
#738 = VERTEX_POINT ( 'NONE', #1844 ) ;
#739 = CARTESIAN_POINT ( 'NONE',  ( -9.500000000000000000, -15.50000000000000178, 0.000000000000000000 ) ) ;
#740 = DIRECTION ( 'NONE',  ( 0.7071067811865489050, 0.000000000000000000, 0.7071067811865462405 ) ) ;
#741 = CARTESIAN_POINT ( 'NONE',  ( 48.00000000000000711, 40.00000000000000000, 0.000000000000000000 ) ) ;
#742 = ORIENTED_EDGE ( 'NONE', *, *, #3216, .T. ) ;
#743 = ADVANCED_FACE ( 'NONE', ( #1237 ), #2078, .T. ) ;
#744 = CARTESIAN_POINT ( 'NONE',  ( -47.99999999999999289, -40.00000000000000000, 5.000000000000000000 ) ) ;
#745 = DIRECTION ( 'NONE',  ( -0.000000000000000000, -0.000000000000000000, 1.000000000000000000 ) ) ;
#746 = VERTEX_POINT ( 'NONE', #2400 ) ;
#747 = LINE ( 'NONE', #1365, #3579 ) ;
#748 = EDGE_CURVE ( 'NONE', #1721, #3177, #951, .T. ) ;
#749 = EDGE_CURVE ( 'NONE', #1391, #2573, #2584, .T. ) ;
#750 = CARTESIAN_POINT ( 'NONE',  ( 9.500000000000000000, -16.99999999999998934, -3.500000000000000000 ) ) ;
#751 = CARTESIAN_POINT ( 'NONE',  ( 37.32457351945706137, 34.50000000000000000, 2.500000000000000000 ) ) ;
#752 = ORIENTED_EDGE ( 'NONE', *, *, #2091, .T. ) ;
#753 = ORIENTED_EDGE ( 'NONE', *, *, #1932, .F. ) ;
#754 = AXIS2_PLACEMENT_3D ( 'NONE', #1548, #2152, #2759 ) ;
#755 = CIRCLE ( 'NONE', #217, 1.749999999999994671 ) ;
#756 = FACE_OUTER_BOUND ( 'NONE', #508, .T. ) ;
#757 = ORIENTED_EDGE ( 'NONE', *, *, #2105, .T. ) ;
#758 = CIRCLE ( 'NONE', #1253, 1.750000000000001554 ) ;
#759 = VECTOR ( 'NONE', #2669, 1000.000000000000000 ) ;
#760 = DIRECTION ( 'NONE',  ( -1.000000000000000000, -0.000000000000000000, -0.000000000000000000 ) ) ;
#761 = COLOUR_RGB ( '',0.7921568627450980005, 0.8196078431372548767, 0.9333333333333333481 ) ;
#762 = VECTOR ( 'NONE', #3184, 1000.000000000000000 ) ;
#763 = FACE_OUTER_BOUND ( 'NONE', #1765, .T. ) ;
#764 = DIRECTION ( 'NONE',  ( -1.000000000000000000, -0.000000000000000000, 0.000000000000000000 ) ) ;
#765 = VERTEX_POINT ( 'NONE', #2122 ) ;
#766 = AXIS2_PLACEMENT_3D ( 'NONE', #904, #1526, #1837 ) ;
#767 = VECTOR ( 'NONE', #1330, 1000.000000000000000 ) ;
#768 = CARTESIAN_POINT ( 'NONE',  ( 6.000000000000003553, -15.00000000000000711, 5.000000000000000000 ) ) ;
#769 = ADVANCED_FACE ( 'NONE', ( #3034, #1904, #3685 ), #1061, .T. ) ;
#770 = VECTOR ( 'NONE', #216, 1000.000000000000000 ) ;
#771 = DIRECTION ( 'NONE',  ( 0.000000000000000000, 1.000000000000000000, 0.000000000000000000 ) ) ;
#772 = ORIENTED_EDGE ( 'NONE', *, *, #1053, .F. ) ;
#773 = DIRECTION ( 'NONE',  ( -1.000000000000000000, 0.000000000000000000, 0.000000000000000000 ) ) ;
#774 = VECTOR ( 'NONE', #1104, 1000.000000000000000 ) ;
#775 = DIRECTION ( 'NONE',  ( 0.000000000000000000, 0.000000000000000000, 1.000000000000000000 ) ) ;
#776 = ORIENTED_EDGE ( 'NONE', *, *, #479, .T. ) ;
#777 = ORIENTED_EDGE ( 'NONE', *, *, #1342, .F. ) ;
#778 = EDGE_CURVE ( 'NONE', #918, #2363, #731, .T. ) ;
#779 = FACE_OUTER_BOUND ( 'NONE', #796, .T. ) ;
#780 = ORIENTED_EDGE ( 'NONE', *, *, #2767, .T. ) ;
#781 = EDGE_CURVE ( 'NONE', #1075, #1726, #1333, .T. ) ;
#782 = CARTESIAN_POINT ( 'NONE',  ( 38.91228675972853779, 37.25000000000000711, 2.500000000000000000 ) ) ;
#783 = CARTESIAN_POINT ( 'NONE',  ( -10.74999999999999645, -12.00000000000000000, 5.000000000000000000 ) ) ;
#784 = CARTESIAN_POINT ( 'NONE',  ( -42.08771324027146932, -31.75000000000000711, 2.500000000000000000 ) ) ;
#785 = VERTEX_POINT ( 'NONE', #2516 ) ;
#786 = DIRECTION ( 'NONE',  ( -1.000000000000000000, -0.000000000000000000, -0.000000000000000000 ) ) ;
#787 = LINE ( 'NONE', #2605, #3084 ) ;
#788 = DIRECTION ( 'NONE',  ( 0.000000000000000000, 0.000000000000000000, 1.000000000000000000 ) ) ;
#789 = ORIENTED_EDGE ( 'NONE', *, *, #3210, .F. ) ;
#790 = CARTESIAN_POINT ( 'NONE',  ( 42.08771324027147642, -31.75000000000000000, 2.500000000000000000 ) ) ;
#791 = SURFACE_STYLE_USAGE ( .BOTH. , #2200 ) ;
#792 = EDGE_LOOP ( 'NONE', ( #997, #3198, #3231, #1355 ) ) ;
#793 = VERTEX_POINT ( 'NONE', #472 ) ;
#794 = EDGE_CURVE ( 'NONE', #3050, #2228, #747, .T. ) ;
#795 = CARTESIAN_POINT ( 'NONE',  ( 42.08771324027148353, 31.75000000000000000, 2.500000000000000000 ) ) ;
#796 = EDGE_LOOP ( 'NONE', ( #2436, #3317, #3480, #194 ) ) ;
#797 = DIRECTION ( 'NONE',  ( 1.000000000000000000, 0.000000000000000000, -0.000000000000000000 ) ) ;
#798 = EDGE_CURVE ( 'NONE', #2313, #1975, #275, .T. ) ;
#799 = EDGE_CURVE ( 'NONE', #935, #714, #1865, .T. ) ;
#800 = CARTESIAN_POINT ( 'NONE',  ( -5.000000000000000000, -45.25000000000000000, -3.500000000000000444 ) ) ;
#801 = LINE ( 'NONE', #1651, #878 ) ;
#802 = VERTEX_POINT ( 'NONE', #206 ) ;
#803 = CYLINDRICAL_SURFACE ( 'NONE', #1741, 2.500000000000000000 ) ;
#804 = CARTESIAN_POINT ( 'NONE',  ( 6.000000000000002665, 16.99999999999998579, 5.000000000000000000 ) ) ;
#805 = ORIENTED_EDGE ( 'NONE', *, *, #3741, .T. ) ;
#806 = DIRECTION ( 'NONE',  ( 0.4999999999999993894, 0.8660254037844389297, 0.000000000000000000 ) ) ;
#807 = LINE ( 'NONE', #850, #1194 ) ;
#808 = DIRECTION ( 'NONE',  ( -1.000000000000000000, 0.000000000000000000, -0.000000000000000000 ) ) ;
#809 = ORIENTED_EDGE ( 'NONE', *, *, #1346, .T. ) ;
#810 = ORIENTED_EDGE ( 'NONE', *, *, #2691, .T. ) ;
#811 = EDGE_CURVE ( 'NONE', #2541, #2839, #3345, .T. ) ;
#812 = LINE ( 'NONE', #3173, #2667 ) ;
#813 = EDGE_LOOP ( 'NONE', ( #3743, #1160, #1864, #1742 ) ) ;
#814 = LINE ( 'NONE', #2246, #3647 ) ;
#815 = DIRECTION ( 'NONE',  ( -0.4999999999999990008, 0.8660254037844391517, 0.000000000000000000 ) ) ;
#816 = VECTOR ( 'NONE', #1680, 1000.000000000000000 ) ;
#817 = LINE ( 'NONE', #552, #770 ) ;
#818 = AXIS2_PLACEMENT_3D ( 'NONE', #1567, #2088, #2740 ) ;
#819 = VERTEX_POINT ( 'NONE', #489 ) ;
#820 = EDGE_CURVE ( 'NONE', #3753, #537, #1632, .T. ) ;
#821 = ADVANCED_FACE ( 'NONE', ( #2460 ), #2762, .T. ) ;
#822 = AXIS2_PLACEMENT_3D ( 'NONE', #2889, #276, #2058 ) ;
#823 = VECTOR ( 'NONE', #290, 1000.000000000000114 ) ;
#824 = PLANE ( 'NONE',  #630 ) ;
#825 = CARTESIAN_POINT ( 'NONE',  ( -15.00000000000000000, 25.00000000000001421, 0.000000000000000000 ) ) ;
#826 = DIRECTION ( 'NONE',  ( 0.5000000000000041078, -0.8660254037844363761, 0.000000000000000000 ) ) ;
#827 = VECTOR ( 'NONE', #2538, 1000.000000000000000 ) ;
#828 = VECTOR ( 'NONE', #3655, 1000.000000000000000 ) ;
#829 = ORIENTED_EDGE ( 'NONE', *, *, #1156, .T. ) ;
#830 = FACE_OUTER_BOUND ( 'NONE', #1597, .T. ) ;
#831 = VECTOR ( 'NONE', #1398, 1000.000000000000000 ) ;
#832 = DIRECTION ( 'NONE',  ( 1.000000000000000000, 0.000000000000000000, 0.000000000000000000 ) ) ;
#833 = FACE_OUTER_BOUND ( 'NONE', #3572, .T. ) ;
#834 = EDGE_LOOP ( 'NONE', ( #2577, #2847, #2224, #3440 ) ) ;
#835 = ORIENTED_EDGE ( 'NONE', *, *, #2182, .T. ) ;
#836 = CIRCLE ( 'NONE', #1503, 8.999999999999998224 ) ;
#837 = LINE ( 'NONE', #2594, #1690 ) ;
#838 = ORIENTED_EDGE ( 'NONE', *, *, #2118, .T. ) ;
#839 = FACE_OUTER_BOUND ( 'NONE', #3582, .T. ) ;
#840 = PLANE ( 'NONE',  #2548 ) ;
#841 = EDGE_LOOP ( 'NONE', ( #3567, #1412 ) ) ;
#842 = EDGE_CURVE ( 'NONE', #87, #2046, #1029, .T. ) ;
#843 = CARTESIAN_POINT ( 'NONE',  ( 13.25000000000000533, -12.00000000000000000, 2.500000000000000000 ) ) ;
#844 = DIRECTION ( 'NONE',  ( 1.000000000000000000, 0.000000000000000000, 0.000000000000000000 ) ) ;
#845 = CARTESIAN_POINT ( 'NONE',  ( 5.250000000000000000, -50.00000000000000000, 0.000000000000000000 ) ) ;
#846 = CARTESIAN_POINT ( 'NONE',  ( -47.99999999999999289, -38.00000000000000000, 0.000000000000000000 ) ) ;
#847 = EDGE_CURVE ( 'NONE', #1936, #623, #3627, .T. ) ;
#848 = VERTEX_POINT ( 'NONE', #1046 ) ;
#849 = CARTESIAN_POINT ( 'NONE',  ( -9.999999999999994671, -12.00000000000000000, 5.000000000000000000 ) ) ;
#850 = CARTESIAN_POINT ( 'NONE',  ( 10.25000000000000000, -15.00000000000000000, 5.000000000000000000 ) ) ;
#851 = EDGE_CURVE ( 'NONE', #3753, #2237, #2804, .T. ) ;
#852 = EDGE_CURVE ( 'NONE', #1487, #3665, #3365, .T. ) ;
#853 = DIRECTION ( 'NONE',  ( 1.000000000000000000, 0.000000000000000000, 0.000000000000000000 ) ) ;
#854 = ORIENTED_EDGE ( 'NONE', *, *, #3269, .T. ) ;
#855 = VERTEX_POINT ( 'NONE', #2500 ) ;
#856 = DIRECTION ( 'NONE',  ( 1.000000000000000000, 0.000000000000000000, 0.000000000000000000 ) ) ;
#857 = CARTESIAN_POINT ( 'NONE',  ( 3.673940397442059868E-16, -7.000000000000009770, 2.500000000000000000 ) ) ;
#858 = ORIENTED_EDGE ( 'NONE', *, *, #3521, .F. ) ;
#859 = CARTESIAN_POINT ( 'NONE',  ( 40.50000000000000711, -34.50000000000000000, -3.500000000000000444 ) ) ;
#860 = ORIENTED_EDGE ( 'NONE', *, *, #3569, .F. ) ;
#861 = ORIENTED_EDGE ( 'NONE', *, *, #481, .F. ) ;
#862 = LINE ( 'NONE', #1133, #2044 ) ;
#863 = LINE ( 'NONE', #3146, #1933 ) ;
#864 = DIRECTION ( 'NONE',  ( -0.4999999999999997224, 0.8660254037844388186, 0.000000000000000000 ) ) ;
#865 = EDGE_CURVE ( 'NONE', #1656, #491, #2747, .T. ) ;
#866 = ORIENTED_EDGE ( 'NONE', *, *, #2505, .T. ) ;
#867 = CARTESIAN_POINT ( 'NONE',  ( 5.000000000000000000, -47.00000000000000000, -1.734723475976807094E-15 ) ) ;
#868 = PLANE ( 'NONE',  #822 ) ;
#869 = ORIENTED_EDGE ( 'NONE', *, *, #660, .T. ) ;
#870 = ORIENTED_EDGE ( 'NONE', *, *, #995, .F. ) ;
#871 = DIRECTION ( 'NONE',  ( -0.000000000000000000, -0.000000000000000000, -1.000000000000000000 ) ) ;
#872 = ADVANCED_FACE ( 'NONE', ( #989 ), #3403, .F. ) ;
#873 = EDGE_CURVE ( 'NONE', #2987, #2906, #1350, .T. ) ;
#874 = ORIENTED_EDGE ( 'NONE', *, *, #811, .F. ) ;
#875 = PLANE ( 'NONE',  #2301 ) ;
#876 = ORIENTED_EDGE ( 'NONE', *, *, #3354, .F. ) ;
#877 = CARTESIAN_POINT ( 'NONE',  ( -43.67542648054293863, -34.50000000000000000, 2.500000000000000000 ) ) ;
#878 = VECTOR ( 'NONE', #1781, 1000.000000000000000 ) ;
#879 = AXIS2_PLACEMENT_3D ( 'NONE', #2121, #910, #617 ) ;
#880 = CARTESIAN_POINT ( 'NONE',  ( 3.812499999999979128, -6.396556296143655729, 5.000000000000000000 ) ) ;
#881 = CARTESIAN_POINT ( 'NONE',  ( 40.50000000000000711, 34.50000000000000000, 5.000000000000000000 ) ) ;
#882 = CARTESIAN_POINT ( 'NONE',  ( -1.653273178848926275E-15, 7.999999999999989342, 2.500000000000000000 ) ) ;
#883 = ORIENTED_EDGE ( 'NONE', *, *, #1193, .F. ) ;
#884 = AXIS2_PLACEMENT_3D ( 'NONE', #2131, #3602, #1877 ) ;
#885 = AXIS2_PLACEMENT_3D ( 'NONE', #1462, #3482, #856 ) ;
#886 = PLANE ( 'NONE',  #574 ) ;
#887 = VECTOR ( 'NONE', #2269, 1000.000000000000000 ) ;
#888 = CARTESIAN_POINT ( 'NONE',  ( 13.25000000000000533, -12.00000000000000000, 2.500000000000000000 ) ) ;
#889 = AXIS2_PLACEMENT_3D ( 'NONE', #1669, #2519, #3096 ) ;
#890 = ORIENTED_EDGE ( 'NONE', *, *, #1041, .T. ) ;
#891 = ORIENTED_EDGE ( 'NONE', *, *, #3593, .T. ) ;
#892 = VECTOR ( 'NONE', #1958, 1000.000000000000000 ) ;
#893 = CARTESIAN_POINT ( 'NONE',  ( 10.25000000000000000, -50.00000000000000000, -1.821662113731688484E-15 ) ) ;
#894 = AXIS2_PLACEMENT_3D ( 'NONE', #1326, #3315, #2756 ) ;
#895 = EDGE_CURVE ( 'NONE', #1665, #2643, #1575, .T. ) ;
#896 = ORIENTED_EDGE ( 'NONE', *, *, #899, .F. ) ;
#897 = DIRECTION ( 'NONE',  ( 0.000000000000000000, -0.000000000000000000, -1.000000000000000000 ) ) ;
#898 = EDGE_CURVE ( 'NONE', #3453, #1698, #1666, .T. ) ;
#899 = EDGE_CURVE ( 'NONE', #2672, #936, #3492, .T. ) ;
#900 = EDGE_LOOP ( 'NONE', ( #2893, #1927, #2948, #3039, #860, #861, #1586 ) ) ;
#901 = ORIENTED_EDGE ( 'NONE', *, *, #873, .F. ) ;
#902 = CARTESIAN_POINT ( 'NONE',  ( -37.32457351945706137, 34.50000000000000000, 2.500000000000000000 ) ) ;
#903 = DIRECTION ( 'NONE',  ( -0.8660254037844375974, -0.5000000000000019984, 0.000000000000000000 ) ) ;
#904 = CARTESIAN_POINT ( 'NONE',  ( 0.000000000000000000, 16.99999999999998579, 2.500000000000000000 ) ) ;
#905 = CARTESIAN_POINT ( 'NONE',  ( 38.91228675972854489, -31.75000000000000000, 2.500000000000000000 ) ) ;
#906 = EDGE_LOOP ( 'NONE', ( #1501, #1189, #300, #2633 ) ) ;
#907 = DIRECTION ( 'NONE',  ( -0.4999999999999997224, 0.8660254037844388186, 0.000000000000000000 ) ) ;
#908 = CARTESIAN_POINT ( 'NONE',  ( 7.625000000000000000, -13.00000000000001066, 2.500000000000000000 ) ) ;
#909 = ORIENTED_EDGE ( 'NONE', *, *, #75, .F. ) ;
#910 = DIRECTION ( 'NONE',  ( -0.000000000000000000, -0.000000000000000000, 1.000000000000000000 ) ) ;
#911 = CARTESIAN_POINT ( 'NONE',  ( 38.75000000000001421, -34.50000000000000000, -3.500000000000000444 ) ) ;
#912 = DIRECTION ( 'NONE',  ( -0.000000000000000000, -0.000000000000000000, -1.000000000000000000 ) ) ;
#913 = DIRECTION ( 'NONE',  ( 0.7071067811865489050, 0.000000000000000000, 0.7071067811865462405 ) ) ;
#914 = ORIENTED_EDGE ( 'NONE', *, *, #919, .F. ) ;
#915 = ADVANCED_FACE ( 'NONE', ( #830 ), #3199, .F. ) ;
#916 = CARTESIAN_POINT ( 'NONE',  ( 43.67542648054295285, 34.50000000000000711, 2.500000000000000000 ) ) ;
#917 = VERTEX_POINT ( 'NONE', #3422 ) ;
#918 = VERTEX_POINT ( 'NONE', #543 ) ;
#919 = EDGE_CURVE ( 'NONE', #471, #1970, #1259, .T. ) ;
#920 = EDGE_CURVE ( 'NONE', #2541, #1280, #3478, .T. ) ;
#921 = PLANE ( 'NONE',  #1550 ) ;
#922 = CARTESIAN_POINT ( 'NONE',  ( 9.000000000000005329, -15.00000000000000888, 2.500000000000000000 ) ) ;
#923 = FACE_OUTER_BOUND ( 'NONE', #719, .T. ) ;
#924 = VERTEX_POINT ( 'NONE', #2033 ) ;
#925 = FACE_OUTER_BOUND ( 'NONE', #1795, .T. ) ;
#926 = LINE ( 'NONE', #3534, #3271 ) ;
#927 = VERTEX_POINT ( 'NONE', #790 ) ;
#928 = LINE ( 'NONE', #3573, #396 ) ;
#929 = LINE ( 'NONE', #2096, #2599 ) ;
#930 = CARTESIAN_POINT ( 'NONE',  ( 9.500000000000000000, -16.99999999999998934, -3.500000000000000000 ) ) ;
#931 = VERTEX_POINT ( 'NONE', #3131 ) ;
#932 = EDGE_CURVE ( 'NONE', #1102, #1322, #503, .T. ) ;
#933 = DIRECTION ( 'NONE',  ( 0.000000000000000000, 0.000000000000000000, -1.000000000000000000 ) ) ;
#934 = DIRECTION ( 'NONE',  ( 0.000000000000000000, -1.000000000000000000, 0.000000000000000000 ) ) ;
#935 = VERTEX_POINT ( 'NONE', #2570 ) ;
#936 = VERTEX_POINT ( 'NONE', #3737 ) ;
#937 = DIRECTION ( 'NONE',  ( 0.8660254037844388186, -0.4999999999999997224, 0.000000000000000000 ) ) ;
#938 = DIRECTION ( 'NONE',  ( 1.000000000000000000, 0.000000000000000000, 0.000000000000000000 ) ) ;
#939 = FACE_OUTER_BOUND ( 'NONE', #579, .T. ) ;
#940 = EDGE_CURVE ( 'NONE', #3721, #2574, #2001, .T. ) ;
#941 = EDGE_CURVE ( 'NONE', #2004, #537, #562, .T. ) ;
#942 = ORIENTED_EDGE ( 'NONE', *, *, #327, .T. ) ;
#943 = VECTOR ( 'NONE', #3337, 1000.000000000000114 ) ;
#944 = DIRECTION ( 'NONE',  ( 1.000000000000000000, 0.000000000000000000, 0.000000000000000000 ) ) ;
#945 = CARTESIAN_POINT ( 'NONE',  ( -38.91228675972852358, -31.75000000000000711, 2.500000000000000000 ) ) ;
#946 = VECTOR ( 'NONE', #815, 1000.000000000000227 ) ;
#947 = VECTOR ( 'NONE', #2754, 1000.000000000000000 ) ;
#948 = ADVANCED_FACE ( 'NONE', ( #419 ), #3270, .T. ) ;
#949 = ORIENTED_EDGE ( 'NONE', *, *, #292, .F. ) ;
#950 = FACE_OUTER_BOUND ( 'NONE', #1113, .T. ) ;
#951 = LINE ( 'NONE', #618, #759 ) ;
#952 = AXIS2_PLACEMENT_3D ( 'NONE', #1847, #3308, #73 ) ;
#953 = VECTOR ( 'NONE', #133, 1000.000000000000000 ) ;
#954 = LINE ( 'NONE', #2731, #1678 ) ;
#955 = CYLINDRICAL_SURFACE ( 'NONE', #2720, 1.750000000000001554 ) ;
#956 = ORIENTED_EDGE ( 'NONE', *, *, #431, .F. ) ;
#957 = AXIS2_PLACEMENT_3D ( 'NONE', #351, #964, #370 ) ;
#958 = CIRCLE ( 'NONE', #2116, 1.750000000000001554 ) ;
#959 = VECTOR ( 'NONE', #2918, 1000.000000000000000 ) ;
#960 = PLANE ( 'NONE',  #1140 ) ;
#961 = ORIENTED_EDGE ( 'NONE', *, *, #3379, .F. ) ;
#962 = DIRECTION ( 'NONE',  ( -0.000000000000000000, -0.000000000000000000, -1.000000000000000000 ) ) ;
#963 = CARTESIAN_POINT ( 'NONE',  ( -48.00000000000000000, 38.00000000000000000, 5.000000000000000000 ) ) ;
#964 = DIRECTION ( 'NONE',  ( 0.000000000000000000, -1.000000000000000000, 0.000000000000000000 ) ) ;
#965 = CARTESIAN_POINT ( 'NONE',  ( 10.74999999999999645, -12.00000000000000000, 5.000000000000000000 ) ) ;
#966 = ORIENTED_EDGE ( 'NONE', *, *, #378, .T. ) ;
#967 = ADVANCED_FACE ( 'NONE', ( #2081, #1504 ), #2675, .T. ) ;
#968 = FACE_OUTER_BOUND ( 'NONE', #2774, .T. ) ;
#969 = CARTESIAN_POINT ( 'NONE',  ( -12.75000000000000888, -15.00000000000000000, 2.499999999999998224 ) ) ;
#970 = VERTEX_POINT ( 'NONE', #2481 ) ;
#971 = LINE ( 'NONE', #1494, #3330 ) ;
#972 = EDGE_CURVE ( 'NONE', #3759, #1087, #2704, .T. ) ;
#973 = EDGE_CURVE ( 'NONE', #2709, #3637, #1679, .T. ) ;
#974 = CARTESIAN_POINT ( 'NONE',  ( -38.91228675972853068, 31.75000000000000711, 2.500000000000000000 ) ) ;
#975 = CARTESIAN_POINT ( 'NONE',  ( -40.49999999999999289, 34.50000000000000000, -3.500000000000000444 ) ) ;
#976 = DIRECTION ( 'NONE',  ( 0.000000000000000000, -0.000000000000000000, 1.000000000000000000 ) ) ;
#977 = EDGE_LOOP ( 'NONE', ( #437, #2860, #2007, #1660, #3301, #3545 ) ) ;
#978 = DIRECTION ( 'NONE',  ( 1.000000000000000000, -0.000000000000000000, -0.000000000000000000 ) ) ;
#979 = ORIENTED_EDGE ( 'NONE', *, *, #2540, .T. ) ;
#980 = LINE ( 'NONE', #2147, #1488 ) ;
#981 = FACE_BOUND ( 'NONE', #172, .T. ) ;
#982 = DIRECTION ( 'NONE',  ( 1.000000000000000000, 0.000000000000000000, 0.000000000000000000 ) ) ;
#983 = CARTESIAN_POINT ( 'NONE',  ( -13.25000000000000533, -12.00000000000000000, 2.500000000000000000 ) ) ;
#984 = ORIENTED_EDGE ( 'NONE', *, *, #1521, .F. ) ;
#985 = DIRECTION ( 'NONE',  ( -0.000000000000000000, -0.000000000000000000, 1.000000000000000000 ) ) ;
#986 = EDGE_CURVE ( 'NONE', #2746, #2521, #3322, .T. ) ;
#987 = CARTESIAN_POINT ( 'NONE',  ( 43.67542648054293863, -34.49999999999999289, 0.000000000000000000 ) ) ;
#988 = EDGE_LOOP ( 'NONE', ( #3000, #1710, #18, #205, #2996, #2677 ) ) ;
#989 = FACE_OUTER_BOUND ( 'NONE', #1056, .T. ) ;
#990 = CARTESIAN_POINT ( 'NONE',  ( -10.74999999999999645, -12.00000000000000000, 5.000000000000000000 ) ) ;
#991 = CARTESIAN_POINT ( 'NONE',  ( 15.00000000000000000, 22.00000000000001421, -3.500000000000000888 ) ) ;
#992 = CARTESIAN_POINT ( 'NONE',  ( -38.91228675972852358, -31.75000000000000711, 2.500000000000000000 ) ) ;
#993 = VERTEX_POINT ( 'NONE', #434 ) ;
#994 = EDGE_CURVE ( 'NONE', #3721, #848, #3611, .T. ) ;
#995 = EDGE_CURVE ( 'NONE', #1951, #931, #691, .T. ) ;
#996 = CARTESIAN_POINT ( 'NONE',  ( 10.25000000000000000, -15.00000000000000000, -1.821662113731688484E-15 ) ) ;
#997 = ORIENTED_EDGE ( 'NONE', *, *, #3508, .T. ) ;
#998 = DIRECTION ( 'NONE',  ( -0.000000000000000000, -0.000000000000000000, 1.000000000000000000 ) ) ;
#999 = CARTESIAN_POINT ( 'NONE',  ( 42.08771324027149063, 37.25000000000000711, 0.000000000000000000 ) ) ;
#1000 = PLANE ( 'NONE',  #46 ) ;
#1001 = DIRECTION ( 'NONE',  ( 1.000000000000000000, 0.000000000000000000, 0.000000000000000000 ) ) ;
#1002 = EDGE_LOOP ( 'NONE', ( #3421, #3218, #70, #139 ) ) ;
#1003 = CARTESIAN_POINT ( 'NONE',  ( 42.08771324027146932, -37.25000000000000711, 2.500000000000000000 ) ) ;
#1004 = DIRECTION ( 'NONE',  ( -1.000000000000000000, 0.000000000000000000, 0.000000000000000000 ) ) ;
#1005 = ORIENTED_EDGE ( 'NONE', *, *, #749, .T. ) ;
#1006 = DIRECTION ( 'NONE',  ( 0.000000000000000000, -1.000000000000000000, 0.000000000000000000 ) ) ;
#1007 = FACE_OUTER_BOUND ( 'NONE', #2876, .T. ) ;
#1008 = VECTOR ( 'NONE', #1375, 1000.000000000000000 ) ;
#1009 = AXIS2_PLACEMENT_3D ( 'NONE', #846, #3505, #1720 ) ;
#1010 = FACE_OUTER_BOUND ( 'NONE', #2369, .T. ) ;
#1011 = EDGE_LOOP ( 'NONE', ( #391, #63, #2898, #2942 ) ) ;
#1012 = ORIENTED_EDGE ( 'NONE', *, *, #799, .T. ) ;
#1013 = VECTOR ( 'NONE', #3298, 1000.000000000000114 ) ;
#1014 = EDGE_CURVE ( 'NONE', #259, #353, #1293, .T. ) ;
#1015 = VECTOR ( 'NONE', #1924, 1000.000000000000000 ) ;
#1016 = CARTESIAN_POINT ( 'NONE',  ( 43.67542648054295285, 34.50000000000000711, 2.500000000000000000 ) ) ;
#1017 = VECTOR ( 'NONE', #912, 1000.000000000000000 ) ;
#1018 = VERTEX_POINT ( 'NONE', #2517 ) ;
#1019 = DIRECTION ( 'NONE',  ( 1.000000000000000000, 0.000000000000000000, 0.000000000000000000 ) ) ;
#1020 = VECTOR ( 'NONE', #501, 1000.000000000000000 ) ;
#1021 = DIRECTION ( 'NONE',  ( 2.891205793294678696E-17, -1.000000000000000000, 0.000000000000000000 ) ) ;
#1022 = EDGE_CURVE ( 'NONE', #233, #2951, #2820, .T. ) ;
#1023 = CARTESIAN_POINT ( 'NONE',  ( 9.000000000000000000, 17.49999999999999289, 2.500000000000000000 ) ) ;
#1024 = VECTOR ( 'NONE', #1954, 1000.000000000000114 ) ;
#1025 = ORIENTED_EDGE ( 'NONE', *, *, #3069, .F. ) ;
#1026 = CARTESIAN_POINT ( 'NONE',  ( 5.000000000000000000, -48.75000000000000000, -3.500000000000000444 ) ) ;
#1027 = PLANE ( 'NONE',  #527 ) ;
#1028 = ORIENTED_EDGE ( 'NONE', *, *, #223, .F. ) ;
#1029 = LINE ( 'NONE', #1922, #2845 ) ;
#1030 = CYLINDRICAL_SURFACE ( 'NONE', #1929, 6.000000000000000000 ) ;
#1031 = EDGE_LOOP ( 'NONE', ( #689, #21, #909, #2332 ) ) ;
#1032 = ORIENTED_EDGE ( 'NONE', *, *, #1755, .F. ) ;
#1033 = EDGE_CURVE ( 'NONE', #1406, #711, #1691, .T. ) ;
#1034 = DIRECTION ( 'NONE',  ( 0.000000000000000000, 0.000000000000000000, 1.000000000000000000 ) ) ;
#1035 = ORIENTED_EDGE ( 'NONE', *, *, #1229, .T. ) ;
#1036 = CARTESIAN_POINT ( 'NONE',  ( 3.687500000000020428, 10.61306264708975888, 5.000000000000000000 ) ) ;
#1037 = LINE ( 'NONE', #3677, #2952 ) ;
#1038 = LINE ( 'NONE', #1897, #2487 ) ;
#1039 = ORIENTED_EDGE ( 'NONE', *, *, #3610, .F. ) ;
#1040 = EDGE_CURVE ( 'NONE', #1267, #1898, #1976, .T. ) ;
#1041 = EDGE_CURVE ( 'NONE', #3535, #444, #2609, .T. ) ;
#1042 = EDGE_CURVE ( 'NONE', #1915, #2407, #1745, .T. ) ;
#1043 = LINE ( 'NONE', #1883, #1184 ) ;
#1044 = CARTESIAN_POINT ( 'NONE',  ( 9.500000000000000000, -13.99999999999999112, -3.500000000000000444 ) ) ;
#1045 = VERTEX_POINT ( 'NONE', #2969 ) ;
#1046 = CARTESIAN_POINT ( 'NONE',  ( -10.74999999999999645, -40.00000000000000000, 5.000000000000000000 ) ) ;
#1047 = DIRECTION ( 'NONE',  ( 0.000000000000000000, 0.000000000000000000, -1.000000000000000000 ) ) ;
#1048 = FACE_OUTER_BOUND ( 'NONE', #3671, .T. ) ;
#1049 = VERTEX_POINT ( 'NONE', #1134 ) ;
#1050 = ORIENTED_EDGE ( 'NONE', *, *, #728, .T. ) ;
#1051 = LINE ( 'NONE', #3634, #232 ) ;
#1052 = EDGE_LOOP ( 'NONE', ( #1179, #3325, #949, #450 ) ) ;
#1053 = EDGE_CURVE ( 'NONE', #3005, #178, #2885, .T. ) ;
#1054 = CARTESIAN_POINT ( 'NONE',  ( -10.25000000000000000, -55.00000000000000000, 0.000000000000000000 ) ) ;
#1055 = PLANE ( 'NONE',  #2056 ) ;
#1056 = EDGE_LOOP ( 'NONE', ( #1695, #2299, #3427, #2864 ) ) ;
#1057 = LINE ( 'NONE', #768, #1859 ) ;
#1058 = CARTESIAN_POINT ( 'NONE',  ( -42.24999999999999289, -34.50000000000000000, 2.499999999999999556 ) ) ;
#1059 = EDGE_CURVE ( 'NONE', #2080, #1099, #99, .T. ) ;
#1060 = ORIENTED_EDGE ( 'NONE', *, *, #2091, .F. ) ;
#1061 = PLANE ( 'NONE',  #2348 ) ;
#1062 = CARTESIAN_POINT ( 'NONE',  ( -38.91228675972853068, 37.25000000000000000, 2.500000000000000000 ) ) ;
#1063 = DIRECTION ( 'NONE',  ( -0.000000000000000000, -0.000000000000000000, -1.000000000000000000 ) ) ;
#1064 = EDGE_LOOP ( 'NONE', ( #3259, #984, #1028, #1919, #2249, #3360, #440, #2634, #3057, #200, #2685, #152, #2471, #3256, #252, #2340, #3441, #1393 ) ) ;
#1065 = EDGE_LOOP ( 'NONE', ( #2648, #655, #1170, #3296 ) ) ;
#1066 = VECTOR ( 'NONE', #52, 1000.000000000000000 ) ;
#1067 = CIRCLE ( 'NONE', #1009, 2.000000000000008882 ) ;
#1068 = LINE ( 'NONE', #2006, #1144 ) ;
#1069 = EDGE_LOOP ( 'NONE', ( #2523, #1086, #3312, #1461 ) ) ;
#1070 = AXIS2_PLACEMENT_3D ( 'NONE', #183, #164, #1601 ) ;
#1071 = VECTOR ( 'NONE', #2614, 1000.000000000000000 ) ;
#1072 = CIRCLE ( 'NONE', #699, 2.500000000000000000 ) ;
#1073 = DIRECTION ( 'NONE',  ( -0.7071067811865492381, -0.000000000000000000, 0.7071067811865457964 ) ) ;
#1074 = PLANE ( 'NONE',  #1624 ) ;
#1075 = VERTEX_POINT ( 'NONE', #3772 ) ;
#1076 = CIRCLE ( 'NONE', #3214, 1.750000000000001554 ) ;
#1077 = FACE_OUTER_BOUND ( 'NONE', #2827, .T. ) ;
#1078 = VECTOR ( 'NONE', #2298, 1000.000000000000000 ) ;
#1079 = CARTESIAN_POINT ( 'NONE',  ( 9.000000000000000000, 19.99999999999998934, 2.500000000000000000 ) ) ;
#1080 = EDGE_CURVE ( 'NONE', #2987, #3668, #3520, .T. ) ;
#1081 = VERTEX_POINT ( 'NONE', #1718 ) ;
#1082 = DIRECTION ( 'NONE',  ( -0.000000000000000000, -0.000000000000000000, -1.000000000000000000 ) ) ;
#1083 = AXIS2_PLACEMENT_3D ( 'NONE', #261, #2546, #1982 ) ;
#1084 = FILL_AREA_STYLE ('',( #3707 ) ) ;
#1085 = FACE_OUTER_BOUND ( 'NONE', #2256, .T. ) ;
#1086 = ORIENTED_EDGE ( 'NONE', *, *, #634, .F. ) ;
#1087 = VERTEX_POINT ( 'NONE', #270 ) ;
#1088 = EDGE_CURVE ( 'NONE', #260, #2735, #958, .T. ) ;
#1089 = EDGE_CURVE ( 'NONE', #2440, #765, #2328, .T. ) ;
#1090 = EDGE_CURVE ( 'NONE', #3428, #2601, #619, .T. ) ;
#1091 = LINE ( 'NONE', #2291, #2972 ) ;
#1092 = ORIENTED_EDGE ( 'NONE', *, *, #223, .T. ) ;
#1093 = LINE ( 'NONE', #1749, #1797 ) ;
#1094 = DIRECTION ( 'NONE',  ( 0.000000000000000000, 0.000000000000000000, 1.000000000000000000 ) ) ;
#1095 = FACE_OUTER_BOUND ( 'NONE', #2168, .T. ) ;
#1096 = ORIENTED_EDGE ( 'NONE', *, *, #986, .F. ) ;
#1097 = CARTESIAN_POINT ( 'NONE',  ( -5.250000000000000000, -50.00000000000000000, 0.000000000000000000 ) ) ;
#1098 = DIRECTION ( 'NONE',  ( 0.000000000000000000, -0.000000000000000000, -1.000000000000000000 ) ) ;
#1099 = VERTEX_POINT ( 'NONE', #1727 ) ;
#1100 = EDGE_CURVE ( 'NONE', #3073, #2883, #929, .T. ) ;
#1101 = PLANE ( 'NONE',  #2049 ) ;
#1102 = VERTEX_POINT ( 'NONE', #857 ) ;
#1103 = ORIENTED_EDGE ( 'NONE', *, *, #3475, .F. ) ;
#1104 = DIRECTION ( 'NONE',  ( -0.000000000000000000, 1.000000000000000000, -0.000000000000000000 ) ) ;
#1105 = EDGE_CURVE ( 'NONE', #1479, #1889, #568, .T. ) ;
#1106 = ORIENTED_EDGE ( 'NONE', *, *, #2688, .F. ) ;
#1107 = CARTESIAN_POINT ( 'NONE',  ( -10.25000000000000000, -15.00000000000000000, -1.821662113731688484E-15 ) ) ;
#1108 = CARTESIAN_POINT ( 'NONE',  ( 9.500000000000000000, -15.50000000000000178, 0.000000000000000000 ) ) ;
#1109 = DIRECTION ( 'NONE',  ( -1.000000000000000000, 0.000000000000000000, 0.000000000000000000 ) ) ;
#1110 = ORIENTED_EDGE ( 'NONE', *, *, #865, .T. ) ;
#1111 = DIRECTION ( 'NONE',  ( 1.000000000000000000, 0.000000000000000000, 0.000000000000000000 ) ) ;
#1112 = CARTESIAN_POINT ( 'NONE',  ( 9.500000000000000000, -13.24999999999999645, -2.750000000000000000 ) ) ;
#1113 = EDGE_LOOP ( 'NONE', ( #1232, #2083, #966, #2341 ) ) ;
#1114 = CARTESIAN_POINT ( 'NONE',  ( -10.25000000000000000, -15.00000000000000000, -1.821662113731688484E-15 ) ) ;
#1115 = CARTESIAN_POINT ( 'NONE',  ( 3.812500000000006661, 10.39655629614364507, 2.500000000000000000 ) ) ;
#1116 = ORIENTED_EDGE ( 'NONE', *, *, #131, .F. ) ;
#1117 = ORIENTED_EDGE ( 'NONE', *, *, #811, .T. ) ;
#1118 = DIRECTION ( 'NONE',  ( 1.000000000000000000, 0.000000000000000000, 0.000000000000000000 ) ) ;
#1119 = CARTESIAN_POINT ( 'NONE',  ( -42.08771324027145511, -37.25000000000000711, 2.500000000000000000 ) ) ;
#1120 = ORIENTED_EDGE ( 'NONE', *, *, #2090, .F. ) ;
#1121 = VECTOR ( 'NONE', #2171, 1000.000000000000000 ) ;
#1122 = DIRECTION ( 'NONE',  ( 0.000000000000000000, 0.000000000000000000, -1.000000000000000000 ) ) ;
#1123 = AXIS2_PLACEMENT_3D ( 'NONE', #2029, #1663, #2835 ) ;
#1124 = DIRECTION ( 'NONE',  ( -0.000000000000000000, -0.000000000000000000, 1.000000000000000000 ) ) ;
#1125 = VECTOR ( 'NONE', #1236, 999.9999999999998863 ) ;
#1126 = ORIENTED_EDGE ( 'NONE', *, *, #411, .F. ) ;
#1127 = DIRECTION ( 'NONE',  ( 1.000000000000000000, 0.000000000000000000, 0.000000000000000000 ) ) ;
#1128 = ORIENTED_EDGE ( 'NONE', *, *, #2979, .T. ) ;
#1129 = VECTOR ( 'NONE', #314, 1000.000000000000000 ) ;
#1130 = VECTOR ( 'NONE', #403, 1000.000000000000114 ) ;
#1131 = EDGE_CURVE ( 'NONE', #2021, #2758, #149, .T. ) ;
#1132 = ADVANCED_FACE ( 'NONE', ( #1007 ), #3348, .F. ) ;
#1133 = CARTESIAN_POINT ( 'NONE',  ( 15.00000000000000000, 18.25000000000000355, -2.749999999999999556 ) ) ;
#1134 = CARTESIAN_POINT ( 'NONE',  ( 15.00000000000000000, 18.25000000000000355, -2.749999999999999556 ) ) ;
#1135 = CARTESIAN_POINT ( 'NONE',  ( 8.986100377805714245, -12.49999999999999822, 2.500000000000000000 ) ) ;
#1136 = LINE ( 'NONE', #2873, #2841 ) ;
#1137 = AXIS2_PLACEMENT_3D ( 'NONE', #328, #633, #2397 ) ;
#1138 = AXIS2_PLACEMENT_3D ( 'NONE', #2426, #3347, #716 ) ;
#1139 = ORIENTED_EDGE ( 'NONE', *, *, #1756, .T. ) ;
#1140 = AXIS2_PLACEMENT_3D ( 'NONE', #2128, #2934, #1732 ) ;
#1141 = LINE ( 'NONE', #1115, #1315 ) ;
#1142 = CARTESIAN_POINT ( 'NONE',  ( -43.67542648054293863, -34.50000000000000000, 2.500000000000000000 ) ) ;
#1143 = ORIENTED_EDGE ( 'NONE', *, *, #2744, .F. ) ;
#1144 = VECTOR ( 'NONE', #2259, 1000.000000000000000 ) ;
#1145 = EDGE_LOOP ( 'NONE', ( #3562, #3206 ) ) ;
#1146 = CARTESIAN_POINT ( 'NONE',  ( 14.99999999999999289, 25.00000000000001421, 0.000000000000000000 ) ) ;
#1147 = EDGE_LOOP ( 'NONE', ( #1578, #1039, #2300, #742 ) ) ;
#1148 = EDGE_CURVE ( 'NONE', #3153, #2260, #3654, .T. ) ;
#1149 = DIRECTION ( 'NONE',  ( 0.000000000000000000, 0.000000000000000000, 1.000000000000000000 ) ) ;
#1150 = ORIENTED_EDGE ( 'NONE', *, *, #3189, .T. ) ;
#1151 = DIRECTION ( 'NONE',  ( -0.5000000000000019984, 0.8660254037844375974, 0.000000000000000000 ) ) ;
#1152 = FACE_OUTER_BOUND ( 'NONE', #906, .T. ) ;
#1153 = DIRECTION ( 'NONE',  ( -9.130123557772670799E-17, 1.000000000000000000, 0.000000000000000000 ) ) ;
#1154 = EDGE_CURVE ( 'NONE', #2202, #2515, #2544, .T. ) ;
#1155 = ORIENTED_EDGE ( 'NONE', *, *, #1475, .T. ) ;
#1156 = EDGE_CURVE ( 'NONE', #3367, #3167, #522, .T. ) ;
#1157 = DIRECTION ( 'NONE',  ( 0.7071067811865489050, -0.000000000000000000, -0.7071067811865462405 ) ) ;
#1158 = DIRECTION ( 'NONE',  ( -0.7071067811865489050, 0.000000000000000000, -0.7071067811865462405 ) ) ;
#1159 = ORIENTED_EDGE ( 'NONE', *, *, #587, .T. ) ;
#1160 = ORIENTED_EDGE ( 'NONE', *, *, #1088, .F. ) ;
#1161 = LINE ( 'NONE', #197, #2539 ) ;
#1162 = DIRECTION ( 'NONE',  ( 1.000000000000000000, 0.000000000000000000, 0.000000000000000000 ) ) ;
#1163 = ORIENTED_EDGE ( 'NONE', *, *, #1522, .F. ) ;
#1164 = CARTESIAN_POINT ( 'NONE',  ( -38.91228675972852358, -37.25000000000000711, 2.500000000000000000 ) ) ;
#1165 = ORIENTED_EDGE ( 'NONE', *, *, #257, .F. ) ;
#1166 = LINE ( 'NONE', #2920, #3515 ) ;
#1167 = PLANE ( 'NONE',  #2106 ) ;
#1168 = DIRECTION ( 'NONE',  ( 1.000000000000000000, 0.000000000000000000, 0.000000000000000000 ) ) ;
#1169 = FACE_OUTER_BOUND ( 'NONE', #2448, .T. ) ;
#1170 = ORIENTED_EDGE ( 'NONE', *, *, #1568, .T. ) ;
#1171 = DIRECTION ( 'NONE',  ( -1.000000000000000000, -0.000000000000000000, -0.000000000000000000 ) ) ;
#1172 = ADVANCED_FACE ( 'NONE', ( #1827 ), #2994, .T. ) ;
#1173 = DIRECTION ( 'NONE',  ( -1.000000000000000000, -0.000000000000000000, -8.462065736472229849E-17 ) ) ;
#1174 = ORIENTED_EDGE ( 'NONE', *, *, #130, .F. ) ;
#1175 = ORIENTED_EDGE ( 'NONE', *, *, #3372, .T. ) ;
#1176 = CARTESIAN_POINT ( 'NONE',  ( -15.00000000000000000, 18.25000000000000355, -2.249999999999999556 ) ) ;
#1177 = ADVANCED_FACE ( 'NONE', ( #115 ), #955, .F. ) ;
#1178 = ADVANCED_FACE ( 'NONE', ( #3293 ), #1926, .F. ) ;
#1179 = ORIENTED_EDGE ( 'NONE', *, *, #842, .T. ) ;
#1180 = LINE ( 'NONE', #1464, #959 ) ;
#1181 = ORIENTED_EDGE ( 'NONE', *, *, #2540, .F. ) ;
#1182 = EDGE_LOOP ( 'NONE', ( #2218, #829 ) ) ;
#1183 = CARTESIAN_POINT ( 'NONE',  ( 15.00000000000000000, 19.00000000000001066, -3.500000000000000888 ) ) ;
#1184 = VECTOR ( 'NONE', #428, 1000.000000000000000 ) ;
#1185 = AXIS2_PLACEMENT_3D ( 'NONE', #1485, #1188, #2356 ) ;
#1186 = DIRECTION ( 'NONE',  ( -0.000000000000000000, -0.000000000000000000, -1.000000000000000000 ) ) ;
#1187 = CARTESIAN_POINT ( 'NONE',  ( 10.74999999999999645, -40.00000000000000000, 0.000000000000000000 ) ) ;
#1188 = DIRECTION ( 'NONE',  ( 1.000000000000000000, 0.000000000000000000, 0.000000000000000000 ) ) ;
#1189 = ORIENTED_EDGE ( 'NONE', *, *, #1089, .F. ) ;
#1190 = CIRCLE ( 'NONE', #3332, 1.749999999999994671 ) ;
#1191 = CIRCLE ( 'NONE', #1618, 9.000000000000001776 ) ;
#1192 = CARTESIAN_POINT ( 'NONE',  ( -10.00000000000000178, -40.00000000000000711, 5.000000000000000000 ) ) ;
#1193 = EDGE_CURVE ( 'NONE', #2429, #2839, #2217, .T. ) ;
#1194 = VECTOR ( 'NONE', #2019, 1000.000000000000000 ) ;
#1195 = LINE ( 'NONE', #2379, #2293 ) ;
#1196 = AXIS2_PLACEMENT_3D ( 'NONE', #58, #1047, #1534 ) ;
#1197 = VERTEX_POINT ( 'NONE', #192 ) ;
#1198 = CARTESIAN_POINT ( 'NONE',  ( 9.000000000000005329, -15.00000000000000888, 5.000000000000000000 ) ) ;
#1199 = AXIS2_PLACEMENT_3D ( 'NONE', #2637, #49, #3253 ) ;
#1200 = LINE ( 'NONE', #2365, #1017 ) ;
#1201 = FACE_OUTER_BOUND ( 'NONE', #2693, .T. ) ;
#1202 = VECTOR ( 'NONE', #1909, 1000.000000000000000 ) ;
#1203 = ORIENTED_EDGE ( 'NONE', *, *, #2225, .T. ) ;
#1204 = ADVANCED_FACE ( 'NONE', ( #1085 ), #3426, .T. ) ;
#1205 = EDGE_CURVE ( 'NONE', #3679, #347, #2846, .T. ) ;
#1206 = MECHANICAL_DESIGN_GEOMETRIC_PRESENTATION_REPRESENTATION (  '', ( #3285 ), #174 ) ;
#1207 = CARTESIAN_POINT ( 'NONE',  ( 40.50000000000000711, 34.50000000000000000, 2.499999999999999556 ) ) ;
#1208 = EDGE_LOOP ( 'NONE', ( #1754, #3194, #2459 ) ) ;
#1209 = ORIENTED_EDGE ( 'NONE', *, *, #1014, .F. ) ;
#1210 = LINE ( 'NONE', #2937, #1731 ) ;
#1211 = CARTESIAN_POINT ( 'NONE',  ( -40.49999999999999289, 34.50000000000000000, -3.500000000000000444 ) ) ;
#1212 = FACE_OUTER_BOUND ( 'NONE', #2580, .T. ) ;
#1213 = CARTESIAN_POINT ( 'NONE',  ( 37.32457351945706137, 34.50000000000000000, 2.500000000000000000 ) ) ;
#1214 = ORIENTED_EDGE ( 'NONE', *, *, #3475, .T. ) ;
#1215 = DIRECTION ( 'NONE',  ( 0.000000000000000000, 0.000000000000000000, 1.000000000000000000 ) ) ;
#1216 = DIRECTION ( 'NONE',  ( -0.000000000000000000, -0.000000000000000000, 1.000000000000000000 ) ) ;
#1217 = ORIENTED_EDGE ( 'NONE', *, *, #1967, .F. ) ;
#1218 = DIRECTION ( 'NONE',  ( 1.000000000000000000, 0.000000000000000000, 0.000000000000000000 ) ) ;
#1219 = FACE_OUTER_BOUND ( 'NONE', #367, .T. ) ;
#1220 = SURFACE_SIDE_STYLE ('',( #2897 ) ) ;
#1221 = VERTEX_POINT ( 'NONE', #1335 ) ;
#1222 = ADVANCED_FACE ( 'NONE', ( #3366, #3384 ), #733, .T. ) ;
#1223 = EDGE_CURVE ( 'NONE', #288, #178, #449, .T. ) ;
#1224 = LINE ( 'NONE', #916, #1870 ) ;
#1225 = ORIENTED_EDGE ( 'NONE', *, *, #3070, .F. ) ;
#1226 = ORIENTED_EDGE ( 'NONE', *, *, #794, .T. ) ;
#1227 = DIRECTION ( 'NONE',  ( 1.000000000000000000, 0.000000000000000000, 0.000000000000000000 ) ) ;
#1228 = DIRECTION ( 'NONE',  ( -0.000000000000000000, 1.000000000000000000, -0.000000000000000000 ) ) ;
#1229 = EDGE_CURVE ( 'NONE', #2080, #3502, #560, .T. ) ;
#1230 = CARTESIAN_POINT ( 'NONE',  ( -10.00000000000000178, -40.00000000000000711, 5.000000000000000000 ) ) ;
#1231 = CARTESIAN_POINT ( 'NONE',  ( 10.25000000000000000, -15.00000000000000000, 5.000000000000000000 ) ) ;
#1232 = ORIENTED_EDGE ( 'NONE', *, *, #2979, .F. ) ;
#1233 = DIRECTION ( 'NONE',  ( -1.000000000000000000, 0.000000000000000000, 0.000000000000000000 ) ) ;
#1234 = LINE ( 'NONE', #969, #1617 ) ;
#1235 = ORIENTED_EDGE ( 'NONE', *, *, #2767, .F. ) ;
#1236 = DIRECTION ( 'NONE',  ( -0.5000000000000019984, 0.8660254037844375974, 0.000000000000000000 ) ) ;
#1237 = FACE_OUTER_BOUND ( 'NONE', #1294, .T. ) ;
#1238 = CARTESIAN_POINT ( 'NONE',  ( -40.49999999999999289, 34.50000000000000000, 5.000000000000000000 ) ) ;
#1239 = EDGE_LOOP ( 'NONE', ( #2243, #2741, #19, #77 ) ) ;
#1240 = EDGE_CURVE ( 'NONE', #2613, #2377, #1556, .T. ) ;
#1241 = LINE ( 'NONE', #593, #3465 ) ;
#1242 = ORIENTED_EDGE ( 'NONE', *, *, #2531, .T. ) ;
#1243 = CARTESIAN_POINT ( 'NONE',  ( 38.91228675972853779, 31.75000000000000000, 2.500000000000000000 ) ) ;
#1244 = CARTESIAN_POINT ( 'NONE',  ( -15.00000000000000000, 18.25000000000000355, -2.249999999999999556 ) ) ;
#1245 = DIRECTION ( 'NONE',  ( -0.000000000000000000, -0.000000000000000000, -1.000000000000000000 ) ) ;
#1246 = ORIENTED_EDGE ( 'NONE', *, *, #1154, .F. ) ;
#1247 = EDGE_CURVE ( 'NONE', #3724, #507, #1200, .T. ) ;
#1248 = ADVANCED_FACE ( 'NONE', ( #1453 ), #8, .F. ) ;
#1249 = AXIS2_PLACEMENT_3D ( 'NONE', #734, #2180, #3351 ) ;
#1250 = CIRCLE ( 'NONE', #92, 6.000000000000000000 ) ;
#1251 = CARTESIAN_POINT ( 'NONE',  ( 0.000000000000000000, 1.999999999999989564, 5.000000000000000000 ) ) ;
#1252 = CARTESIAN_POINT ( 'NONE',  ( -42.08771324027146932, -31.75000000000000711, 0.000000000000000000 ) ) ;
#1253 = AXIS2_PLACEMENT_3D ( 'NONE', #3716, #1094, #1576 ) ;
#1254 = AXIS2_PLACEMENT_3D ( 'NONE', #448, #1307, #2176 ) ;
#1255 = ORIENTED_EDGE ( 'NONE', *, *, #1089, .T. ) ;
#1256 = LINE ( 'NONE', #34, #3204 ) ;
#1257 = FACE_BOUND ( 'NONE', #3740, .T. ) ;
#1258 = VECTOR ( 'NONE', #3686, 1000.000000000000000 ) ;
#1259 = CIRCLE ( 'NONE', #3278, 1.750000000000001554 ) ;
#1260 = DIRECTION ( 'NONE',  ( -0.000000000000000000, -0.000000000000000000, -1.000000000000000000 ) ) ;
#1261 = CARTESIAN_POINT ( 'NONE',  ( -9.500000000000000000, -13.24999999999999645, -2.250000000000000000 ) ) ;
#1262 = ORIENTED_EDGE ( 'NONE', *, *, #2465, .T. ) ;
#1263 = AXIS2_PLACEMENT_3D ( 'NONE', #3420, #788, #2923 ) ;
#1264 = CIRCLE ( 'NONE', #3018, 7.625000000000000000 ) ;
#1265 = AXIS2_PLACEMENT_3D ( 'NONE', #2488, #1034, #2203 ) ;
#1266 = LINE ( 'NONE', #3038, #2306 ) ;
#1267 = VERTEX_POINT ( 'NONE', #1582 ) ;
#1268 = LINE ( 'NONE', #140, #3698 ) ;
#1269 = EDGE_CURVE ( 'NONE', #3177, #2981, #2191, .T. ) ;
#1270 = PLANE ( 'NONE',  #2537 ) ;
#1271 = PLANE ( 'NONE',  #2185 ) ;
#1272 = LINE ( 'NONE', #3622, #330 ) ;
#1273 = ORIENTED_EDGE ( 'NONE', *, *, #2576, .T. ) ;
#1274 = CARTESIAN_POINT ( 'NONE',  ( 0.000000000000000000, -40.00000000000000000, 0.000000000000000000 ) ) ;
#1275 = LINE ( 'NONE', #908, #3028 ) ;
#1276 = ADVANCED_FACE ( 'NONE', ( #3059 ), #3661, .F. ) ;
#1277 = ORIENTED_EDGE ( 'NONE', *, *, #3379, .T. ) ;
#1278 = CARTESIAN_POINT ( 'NONE',  ( 15.00000000000000000, 25.00000000000001421, -0.5000000000000000000 ) ) ;
#1279 = DIRECTION ( 'NONE',  ( 0.000000000000000000, 0.000000000000000000, 1.000000000000000000 ) ) ;
#1280 = VERTEX_POINT ( 'NONE', #1107 ) ;
#1281 = LINE ( 'NONE', #1598, #3469 ) ;
#1282 = ORIENTED_EDGE ( 'NONE', *, *, #1040, .F. ) ;
#1283 = CARTESIAN_POINT ( 'NONE',  ( -47.99999999999999289, -40.00000000000000000, 5.000000000000000000 ) ) ;
#1284 = PLANE ( 'NONE',  #3022 ) ;
#1285 = LINE ( 'NONE', #2453, #1384 ) ;
#1286 = DIRECTION ( 'NONE',  ( -0.000000000000000000, -0.000000000000000000, 1.000000000000000000 ) ) ;
#1287 = ORIENTED_EDGE ( 'NONE', *, *, #3210, .T. ) ;
#1288 = LINE ( 'NONE', #2497, #1121 ) ;
#1289 = CARTESIAN_POINT ( 'NONE',  ( 38.91228675972854489, -31.75000000000000000, 0.000000000000000000 ) ) ;
#1290 = ORIENTED_EDGE ( 'NONE', *, *, #2554, .T. ) ;
#1291 = DIRECTION ( 'NONE',  ( -1.000000000000000000, -0.000000000000000000, -0.000000000000000000 ) ) ;
#1292 = EDGE_CURVE ( 'NONE', #1018, #2287, #814, .T. ) ;
#1293 = LINE ( 'NONE', #3629, #467 ) ;
#1294 = EDGE_LOOP ( 'NONE', ( #1751, #107, #3684, #1966 ) ) ;
#1295 = ORIENTED_EDGE ( 'NONE', *, *, #1458, .F. ) ;
#1296 = EDGE_CURVE ( 'NONE', #612, #315, #1409, .T. ) ;
#1297 = DIRECTION ( 'NONE',  ( -1.000000000000000000, 0.000000000000000000, 0.000000000000000000 ) ) ;
#1298 = CARTESIAN_POINT ( 'NONE',  ( -42.08771324027146932, 37.25000000000000000, 2.500000000000000000 ) ) ;
#1299 = ORIENTED_EDGE ( 'NONE', *, *, #1474, .T. ) ;
#1300 = DIRECTION ( 'NONE',  ( 0.000000000000000000, 0.000000000000000000, 1.000000000000000000 ) ) ;
#1301 = DIRECTION ( 'NONE',  ( -0.000000000000000000, 1.000000000000000000, 0.000000000000000000 ) ) ;
#1302 = CARTESIAN_POINT ( 'NONE',  ( 0.000000000000000000, -13.00000000000001066, 5.000000000000000000 ) ) ;
#1303 = ORIENTED_EDGE ( 'NONE', *, *, #2192, .F. ) ;
#1304 = LINE ( 'NONE', #1026, #90 ) ;
#1305 = CARTESIAN_POINT ( 'NONE',  ( -5.000000000000000000, -45.25000000000000000, -3.500000000000000444 ) ) ;
#1306 = ORIENTED_EDGE ( 'NONE', *, *, #1662, .F. ) ;
#1307 = DIRECTION ( 'NONE',  ( 0.000000000000000000, 0.000000000000000000, 1.000000000000000000 ) ) ;
#1308 = EDGE_CURVE ( 'NONE', #1903, #2407, #3415, .T. ) ;
#1309 = DIRECTION ( 'NONE',  ( 1.000000000000000000, 0.000000000000000000, 0.000000000000000000 ) ) ;
#1310 = VECTOR ( 'NONE', #535, 1000.000000000000000 ) ;
#1311 = VECTOR ( 'NONE', #2302, 1000.000000000000000 ) ;
#1312 = CARTESIAN_POINT ( 'NONE',  ( 3.673940397442059868E-16, -7.000000000000009770, 5.000000000000000000 ) ) ;
#1313 = ORIENTED_EDGE ( 'NONE', *, *, #1931, .F. ) ;
#1314 = ORIENTED_EDGE ( 'NONE', *, *, #2993, .T. ) ;
#1315 = VECTOR ( 'NONE', #2322, 1000.000000000000000 ) ;
#1316 = VECTOR ( 'NONE', #703, 1000.000000000000000 ) ;
#1317 = AXIS2_PLACEMENT_3D ( 'NONE', #1759, #2716, #308 ) ;
#1318 = DIRECTION ( 'NONE',  ( 0.000000000000000000, 0.000000000000000000, 1.000000000000000000 ) ) ;
#1319 = AXIS2_PLACEMENT_3D ( 'NONE', #2013, #3179, #557 ) ;
#1320 = EDGE_CURVE ( 'NONE', #260, #3500, #1657, .T. ) ;
#1321 = ADVANCED_FACE ( 'NONE', ( #1010 ), #417, .F. ) ;
#1322 = VERTEX_POINT ( 'NONE', #1312 ) ;
#1323 = CARTESIAN_POINT ( 'NONE',  ( -9.500000000000000000, -20.00000000000000000, -0.5000000000000009992 ) ) ;
#1324 = VECTOR ( 'NONE', #1647, 1000.000000000000000 ) ;
#1325 = DIRECTION ( 'NONE',  ( -0.000000000000000000, -0.000000000000000000, 1.000000000000000000 ) ) ;
#1326 = CARTESIAN_POINT ( 'NONE',  ( 0.000000000000000000, 16.99999999999998579, 2.500000000000000000 ) ) ;
#1327 = VECTOR ( 'NONE', #1659, 1000.000000000000000 ) ;
#1328 = ORIENTED_EDGE ( 'NONE', *, *, #1040, .T. ) ;
#1329 = VECTOR ( 'NONE', #1965, 1000.000000000000000 ) ;
#1330 = DIRECTION ( 'NONE',  ( -0.000000000000000000, -0.000000000000000000, -1.000000000000000000 ) ) ;
#1331 = CARTESIAN_POINT ( 'NONE',  ( -42.08771324027146932, 37.25000000000000000, 2.500000000000000000 ) ) ;
#1332 = ORIENTED_EDGE ( 'NONE', *, *, #587, .F. ) ;
#1333 = LINE ( 'NONE', #148, #1985 ) ;
#1334 = FACE_OUTER_BOUND ( 'NONE', #119, .T. ) ;
#1335 = CARTESIAN_POINT ( 'NONE',  ( 9.000000000000005329, -15.00000000000000000, -1.821662113731688484E-15 ) ) ;
#1336 = ORIENTED_EDGE ( 'NONE', *, *, #842, .F. ) ;
#1337 = ADVANCED_FACE ( 'NONE', ( #3613 ), #2483, .F. ) ;
#1338 = ORIENTED_EDGE ( 'NONE', *, *, #994, .T. ) ;
#1339 = DIRECTION ( 'NONE',  ( 0.000000000000000000, -1.000000000000000000, 0.000000000000000000 ) ) ;
#1340 = ORIENTED_EDGE ( 'NONE', *, *, #2446, .F. ) ;
#1341 = CARTESIAN_POINT ( 'NONE',  ( -40.49999999999999289, -34.50000000000000000, -3.500000000000000444 ) ) ;
#1342 = EDGE_CURVE ( 'NONE', #802, #465, #2840, .T. ) ;
#1343 = FACE_OUTER_BOUND ( 'NONE', #1065, .T. ) ;
#1344 = CARTESIAN_POINT ( 'NONE',  ( -37.32457351945706137, 34.50000000000000000, 0.000000000000000000 ) ) ;
#1345 = EDGE_LOOP ( 'NONE', ( #3470, #3617, #279, #736 ) ) ;
#1346 = EDGE_CURVE ( 'NONE', #3665, #3205, #1547, .T. ) ;
#1347 = LINE ( 'NONE', #3046, #3148 ) ;
#1348 = DIRECTION ( 'NONE',  ( 1.000000000000000000, 0.000000000000000000, 0.000000000000000000 ) ) ;
#1349 = EDGE_LOOP ( 'NONE', ( #3659, #3431, #1873, #2702 ) ) ;
#1350 = LINE ( 'NONE', #415, #2050 ) ;
#1351 = CYLINDRICAL_SURFACE ( 'NONE', #461, 7.625000000000000000 ) ;
#1352 = ORIENTED_EDGE ( 'NONE', *, *, #1871, .T. ) ;
#1353 = ORIENTED_EDGE ( 'NONE', *, *, #1022, .F. ) ;
#1354 = CARTESIAN_POINT ( 'NONE',  ( 6.000000000000003553, 16.99999999999998579, 5.000000000000000000 ) ) ;
#1355 = ORIENTED_EDGE ( 'NONE', *, *, #1105, .T. ) ;
#1356 = ADVANCED_FACE ( 'NONE', ( #2823, #209 ), #1962, .T. ) ;
#1357 = CARTESIAN_POINT ( 'NONE',  ( -5.250000000000000000, -50.00000000000000000, -1.821662113731688484E-15 ) ) ;
#1358 = DIRECTION ( 'NONE',  ( -0.000000000000000000, -1.000000000000000000, -0.000000000000000000 ) ) ;
#1359 = ORIENTED_EDGE ( 'NONE', *, *, #2465, .F. ) ;
#1360 = DIRECTION ( 'NONE',  ( -0.000000000000000000, 0.000000000000000000, 1.000000000000000000 ) ) ;
#1361 = CYLINDRICAL_SURFACE ( 'NONE', #2114, 7.625000000000000000 ) ;
#1362 = ADVANCED_FACE ( 'NONE', ( #833 ), #546, .F. ) ;
#1363 = EDGE_CURVE ( 'NONE', #1603, #233, #513, .T. ) ;
#1364 = ORIENTED_EDGE ( 'NONE', *, *, #2837, .T. ) ;
#1365 = CARTESIAN_POINT ( 'NONE',  ( 6.000000000000003553, 19.99999999999998934, 2.500000000000000000 ) ) ;
#1366 = DIRECTION ( 'NONE',  ( 0.000000000000000000, -1.000000000000000000, 1.445602896647339656E-16 ) ) ;
#1367 = ORIENTED_EDGE ( 'NONE', *, *, #1342, .T. ) ;
#1368 = ORIENTED_EDGE ( 'NONE', *, *, #1931, .T. ) ;
#1369 = VECTOR ( 'NONE', #2625, 1000.000000000000000 ) ;
#1370 = CIRCLE ( 'NONE', #2776, 2.000000000000001776 ) ;
#1371 = DIRECTION ( 'NONE',  ( -0.000000000000000000, -0.000000000000000000, 1.000000000000000000 ) ) ;
#1372 = ORIENTED_EDGE ( 'NONE', *, *, #423, .F. ) ;
#1373 = AXIS2_PLACEMENT_3D ( 'NONE', #2813, #214, #2549 ) ;
#1374 = VECTOR ( 'NONE', #3601, 1000.000000000000114 ) ;
#1375 = DIRECTION ( 'NONE',  ( -0.000000000000000000, -0.000000000000000000, 1.000000000000000000 ) ) ;
#1376 = CIRCLE ( 'NONE', #581, 8.999999999999998224 ) ;
#1377 = VECTOR ( 'NONE', #3382, 1000.000000000000000 ) ;
#1378 = DIRECTION ( 'NONE',  ( -1.000000000000000000, -0.000000000000000000, -0.000000000000000000 ) ) ;
#1379 = DIRECTION ( 'NONE',  ( -0.000000000000000000, 0.000000000000000000, -1.000000000000000000 ) ) ;
#1380 = ORIENTED_EDGE ( 'NONE', *, *, #2861, .F. ) ;
#1381 = EDGE_CURVE ( 'NONE', #1843, #259, #3133, .T. ) ;
#1382 = AXIS2_PLACEMENT_3D ( 'NONE', #1331, #771, #1942 ) ;
#1383 = LINE ( 'NONE', #203, #2286 ) ;
#1384 = VECTOR ( 'NONE', #3081, 1000.000000000000000 ) ;
#1385 = DIRECTION ( 'NONE',  ( 0.000000000000000000, 1.000000000000000000, 0.000000000000000000 ) ) ;
#1386 = ORIENTED_EDGE ( 'NONE', *, *, #3015, .T. ) ;
#1387 = UNCERTAINTY_MEASURE_WITH_UNIT (LENGTH_MEASURE( 1.000000000000000082E-05 ), #2329, 'distance_accuracy_value', 'NONE');
#1388 = EDGE_CURVE ( 'NONE', #2521, #793, #801, .T. ) ;
#1389 = LINE ( 'NONE', #2556, #887 ) ;
#1390 = VERTEX_POINT ( 'NONE', #354 ) ;
#1391 = VERTEX_POINT ( 'NONE', #1513 ) ;
#1392 = CARTESIAN_POINT ( 'NONE',  ( -48.00000000000000000, 40.00000000000000711, 5.000000000000000000 ) ) ;
#1393 = ORIENTED_EDGE ( 'NONE', *, *, #3255, .T. ) ;
#1394 = DIRECTION ( 'NONE',  ( 0.000000000000000000, 0.000000000000000000, 1.000000000000000000 ) ) ;
#1395 = FACE_OUTER_BOUND ( 'NONE', #3600, .T. ) ;
#1396 = ORIENTED_EDGE ( 'NONE', *, *, #3229, .F. ) ;
#1397 = CARTESIAN_POINT ( 'NONE',  ( 42.08771324027147642, -31.75000000000000000, 2.500000000000000000 ) ) ;
#1398 = DIRECTION ( 'NONE',  ( -0.000000000000000000, -0.000000000000000000, 1.000000000000000000 ) ) ;
#1399 = ORIENTED_EDGE ( 'NONE', *, *, #1363, .F. ) ;
#1400 = CARTESIAN_POINT ( 'NONE',  ( 7.375000000000000000, -13.00000000000001066, 5.000000000000000000 ) ) ;
#1401 = CARTESIAN_POINT ( 'NONE',  ( 0.000000000000000000, 1.999999999999989564, 2.500000000000000000 ) ) ;
#1402 = ORIENTED_EDGE ( 'NONE', *, *, #1854, .F. ) ;
#1403 = ORIENTED_EDGE ( 'NONE', *, *, #3255, .F. ) ;
#1404 = EDGE_CURVE ( 'NONE', #785, #3561, #2102, .T. ) ;
#1405 = CARTESIAN_POINT ( 'NONE',  ( -5.000000000000000000, -48.75000000000000000, -3.500000000000000444 ) ) ;
#1406 = VERTEX_POINT ( 'NONE', #3239 ) ;
#1407 = EDGE_CURVE ( 'NONE', #1280, #819, #3507, .T. ) ;
#1408 = PRODUCT_DEFINITION_SHAPE ( 'NONE', 'NONE',  #1894 ) ;
#1409 = LINE ( 'NONE', #1912, #343 ) ;
#1410 = CARTESIAN_POINT ( 'NONE',  ( -3.222464245772837632, -4.910596876154464496, 2.500000000000000000 ) ) ;
#1411 = DIRECTION ( 'NONE',  ( 1.000000000000000000, 0.000000000000000000, -0.000000000000000000 ) ) ;
#1412 = ORIENTED_EDGE ( 'NONE', *, *, #378, .F. ) ;
#1413 = CARTESIAN_POINT ( 'NONE',  ( 42.25000000000000000, 34.50000000000000000, 5.000000000000000000 ) ) ;
#1414 = DIRECTION ( 'NONE',  ( -0.000000000000000000, -0.000000000000000000, 1.000000000000000000 ) ) ;
#1415 = FACE_OUTER_BOUND ( 'NONE', #1885, .T. ) ;
#1416 = ORIENTED_EDGE ( 'NONE', *, *, #940, .F. ) ;
#1417 = DIRECTION ( 'NONE',  ( -0.000000000000000000, -0.000000000000000000, -1.000000000000000000 ) ) ;
#1418 = DIRECTION ( 'NONE',  ( 1.000000000000000000, 0.000000000000000000, 0.000000000000000000 ) ) ;
#1419 = ORIENTED_EDGE ( 'NONE', *, *, #3522, .T. ) ;
#1420 = EDGE_LOOP ( 'NONE', ( #245, #2978, #3443, #2958 ) ) ;
#1421 = EDGE_CURVE ( 'NONE', #153, #1698, #31, .T. ) ;
#1422 = DIRECTION ( 'NONE',  ( 0.000000000000000000, -1.000000000000000000, 0.000000000000000000 ) ) ;
#1423 = CARTESIAN_POINT ( 'NONE',  ( -3.687499999999963141, 8.386937352910244670, 2.500000000000000000 ) ) ;
#1424 = ORIENTED_EDGE ( 'NONE', *, *, #2211, .T. ) ;
#1425 = VECTOR ( 'NONE', #1233, 1000.000000000000000 ) ;
#1426 = VECTOR ( 'NONE', #2139, 1000.000000000000114 ) ;
#1427 = EDGE_CURVE ( 'NONE', #2631, #2987, #3066, .T. ) ;
#1428 = ADVANCED_FACE ( 'NONE', ( #925 ), #886, .F. ) ;
#1429 = VECTOR ( 'NONE', #2433, 1000.000000000000000 ) ;
#1430 = CARTESIAN_POINT ( 'NONE',  ( -10.74999999999999645, -12.00000000000000000, 0.000000000000000000 ) ) ;
#1431 = AXIS2_PLACEMENT_3D ( 'NONE', #359, #1554, #2992 ) ;
#1432 = EDGE_CURVE ( 'NONE', #2377, #2010, #2683, .T. ) ;
#1433 = ORIENTED_EDGE ( 'NONE', *, *, #1758, .T. ) ;
#1434 = VECTOR ( 'NONE', #1535, 1000.000000000000000 ) ;
#1435 = VECTOR ( 'NONE', #1887, 1000.000000000000000 ) ;
#1436 = DIRECTION ( 'NONE',  ( -0.000000000000000000, -0.000000000000000000, 1.000000000000000000 ) ) ;
#1437 = DIRECTION ( 'NONE',  ( 0.000000000000000000, 0.000000000000000000, 1.000000000000000000 ) ) ;
#1438 = DIRECTION ( 'NONE',  ( -0.8660254037844363761, -0.5000000000000041078, 0.000000000000000000 ) ) ;
#1439 = VECTOR ( 'NONE', #1994, 1000.000000000000114 ) ;
#1440 = EDGE_LOOP ( 'NONE', ( #2682, #2915, #2486, #2528 ) ) ;
#1441 = AXIS2_PLACEMENT_3D ( 'NONE', #2652, #2676, #76 ) ;
#1442 = DIRECTION ( 'NONE',  ( -0.000000000000000000, -0.000000000000000000, 1.000000000000000000 ) ) ;
#1443 = ORIENTED_EDGE ( 'NONE', *, *, #3636, .T. ) ;
#1444 = ORIENTED_EDGE ( 'NONE', *, *, #130, .T. ) ;
#1445 = CARTESIAN_POINT ( 'NONE',  ( 13.25000000000000533, -40.00000000000000000, 2.500000000000000000 ) ) ;
#1446 = EDGE_CURVE ( 'NONE', #746, #601, #2378, .T. ) ;
#1447 = EDGE_LOOP ( 'NONE', ( #1493, #1226, #2666, #3718 ) ) ;
#1448 = CARTESIAN_POINT ( 'NONE',  ( 50.00000000000000000, 38.00000000000000000, 0.000000000000000000 ) ) ;
#1449 = ORIENTED_EDGE ( 'NONE', *, *, #61, .T. ) ;
#1450 = ORIENTED_EDGE ( 'NONE', *, *, #285, .F. ) ;
#1451 = DIRECTION ( 'NONE',  ( -0.000000000000000000, -0.000000000000000000, -1.000000000000000000 ) ) ;
#1452 = EDGE_CURVE ( 'NONE', #3104, #970, #2927, .T. ) ;
#1453 = FACE_OUTER_BOUND ( 'NONE', #1858, .T. ) ;
#1454 = FACE_OUTER_BOUND ( 'NONE', #498, .T. ) ;
#1455 = FACE_OUTER_BOUND ( 'NONE', #725, .T. ) ;
#1456 = CARTESIAN_POINT ( 'NONE',  ( -37.32457351945706137, 34.50000000000000000, 0.000000000000000000 ) ) ;
#1457 = ORIENTED_EDGE ( 'NONE', *, *, #1022, .T. ) ;
#1458 = EDGE_CURVE ( 'NONE', #2089, #3477, #1820, .T. ) ;
#1459 = DIRECTION ( 'NONE',  ( 0.000000000000000000, -0.7071067811865483499, 0.7071067811865465735 ) ) ;
#1460 = ORIENTED_EDGE ( 'NONE', *, *, #1033, .T. ) ;
#1461 = ORIENTED_EDGE ( 'NONE', *, *, #2276, .T. ) ;
#1462 = CARTESIAN_POINT ( 'NONE',  ( -48.00000000000000000, 38.00000000000000000, 0.000000000000000000 ) ) ;
#1463 = VERTEX_POINT ( 'NONE', #2057 ) ;
#1464 = CARTESIAN_POINT ( 'NONE',  ( -50.00000000000000711, 38.00000000000000000, 0.000000000000000000 ) ) ;
#1465 = ORIENTED_EDGE ( 'NONE', *, *, #1568, .F. ) ;
#1466 = ORIENTED_EDGE ( 'NONE', *, *, #1042, .T. ) ;
#1467 = ADVANCED_FACE ( 'NONE', ( #84 ), #3533, .F. ) ;
#1468 = CARTESIAN_POINT ( 'NONE',  ( 3.687499999999993339, -6.613062647089765100, 2.500000000000000000 ) ) ;
#1469 = DIRECTION ( 'NONE',  ( 1.000000000000000000, -0.000000000000000000, -0.000000000000000000 ) ) ;
#1470 = DIRECTION ( 'NONE',  ( -0.000000000000000000, 1.000000000000000000, 0.000000000000000000 ) ) ;
#1471 = ORIENTED_EDGE ( 'NONE', *, *, #2624, .F. ) ;
#1472 = DIRECTION ( 'NONE',  ( 0.000000000000000000, -1.000000000000000000, 0.000000000000000000 ) ) ;
#1473 = CARTESIAN_POINT ( 'NONE',  ( 38.91228675972854489, -31.75000000000000000, 2.500000000000000000 ) ) ;
#1474 = EDGE_CURVE ( 'NONE', #2751, #1487, #1264, .T. ) ;
#1475 = EDGE_CURVE ( 'NONE', #537, #380, #3570, .T. ) ;
#1476 = ORIENTED_EDGE ( 'NONE', *, *, #920, .F. ) ;
#1477 = ORIENTED_EDGE ( 'NONE', *, *, #2303, .F. ) ;
#1478 = CARTESIAN_POINT ( 'NONE',  ( -3.812499999999963585, 8.603443703856358482, 2.500000000000000000 ) ) ;
#1479 = VERTEX_POINT ( 'NONE', #3590 ) ;
#1480 = LINE ( 'NONE', #2370, #469 ) ;
#1481 = VERTEX_POINT ( 'NONE', #68 ) ;
#1482 = VECTOR ( 'NONE', #1151, 999.9999999999998863 ) ;
#1483 = LINE ( 'NONE', #322, #1676 ) ;
#1484 = CARTESIAN_POINT ( 'NONE',  ( 10.25000000000000000, -15.00000000000000000, -1.821662113731688484E-15 ) ) ;
#1485 = CARTESIAN_POINT ( 'NONE',  ( -10.25000000000000000, -55.00000000000000000, 4.999999999999998224 ) ) ;
#1486 = EDGE_CURVE ( 'NONE', #2574, #2612, #614, .T. ) ;
#1487 = VERTEX_POINT ( 'NONE', #2338 ) ;
#1488 = VECTOR ( 'NONE', #3313, 1000.000000000000000 ) ;
#1489 = LINE ( 'NONE', #2663, #1425 ) ;
#1490 = VECTOR ( 'NONE', #1459, 1000.000000000000114 ) ;
#1491 = DIRECTION ( 'NONE',  ( -0.7071067811865489050, -0.000000000000000000, -0.7071067811865462405 ) ) ;
#1492 = VECTOR ( 'NONE', #1895, 1000.000000000000000 ) ;
#1493 = ORIENTED_EDGE ( 'NONE', *, *, #1593, .F. ) ;
#1494 = CARTESIAN_POINT ( 'NONE',  ( 3.812499999999982236, -6.396556296143654841, 2.500000000000000000 ) ) ;
#1495 = AXIS2_PLACEMENT_3D ( 'NONE', #1044, #2817, #1900 ) ;
#1496 = ADVANCED_FACE ( 'NONE', ( #631 ), #2943, .F. ) ;
#1497 = ADVANCED_FACE ( 'NONE', ( #968 ), #1779, .F. ) ;
#1498 = DIRECTION ( 'NONE',  ( 0.000000000000000000, 0.7071067811865450192, 0.7071067811865500152 ) ) ;
#1499 = CARTESIAN_POINT ( 'NONE',  ( 50.00000000000000711, -38.00000000000000000, 5.000000000000000000 ) ) ;
#1500 = AXIS2_PLACEMENT_3D ( 'NONE', #859, #1124, #3125 ) ;
#1501 = ORIENTED_EDGE ( 'NONE', *, *, #1999, .F. ) ;
#1502 = EDGE_CURVE ( 'NONE', #2746, #2388, #1489, .T. ) ;
#1503 = AXIS2_PLACEMENT_3D ( 'NONE', #3689, #3463, #2866 ) ;
#1504 = FACE_BOUND ( 'NONE', #3594, .T. ) ;
#1505 = CARTESIAN_POINT ( 'NONE',  ( 9.500000000000000000, -13.24999999999999645, -2.250000000000000000 ) ) ;
#1506 = APPLICATION_CONTEXT ( 'automotive_design' ) ;
#1507 = ORIENTED_EDGE ( 'NONE', *, *, #549, .T. ) ;
#1508 = VERTEX_POINT ( 'NONE', #1003 ) ;
#1509 = DIRECTION ( 'NONE',  ( 0.5000000000000041078, -0.8660254037844363761, 0.000000000000000000 ) ) ;
#1510 = DIRECTION ( 'NONE',  ( 0.000000000000000000, 0.000000000000000000, 1.000000000000000000 ) ) ;
#1511 = CARTESIAN_POINT ( 'NONE',  ( -38.74999999999999289, -34.50000000000000000, 2.499999999999999556 ) ) ;
#1512 = ORIENTED_EDGE ( 'NONE', *, *, #1388, .T. ) ;
#1513 = CARTESIAN_POINT ( 'NONE',  ( 7.375000000000000000, -13.00000000000001066, 2.449489742783176105 ) ) ;
#1514 = CARTESIAN_POINT ( 'NONE',  ( -50.00000000000000000, -38.00000000000000000, 0.000000000000000000 ) ) ;
#1515 = EDGE_LOOP ( 'NONE', ( #3434, #1648, #1476, #1639, #1340 ) ) ;
#1516 = LINE ( 'NONE', #3289, #1673 ) ;
#1517 = FACE_OUTER_BOUND ( 'NONE', #585, .T. ) ;
#1518 = DIRECTION ( 'NONE',  ( 1.000000000000000000, 0.000000000000000000, 0.000000000000000000 ) ) ;
#1519 = VERTEX_POINT ( 'NONE', #1899 ) ;
#1520 = DIRECTION ( 'NONE',  ( 1.000000000000000000, 0.000000000000000000, 0.000000000000000000 ) ) ;
#1521 = EDGE_CURVE ( 'NONE', #3674, #319, #1347, .T. ) ;
#1522 = EDGE_CURVE ( 'NONE', #259, #2287, #1860, .T. ) ;
#1523 = EDGE_LOOP ( 'NONE', ( #1032, #2750, #2555, #86 ) ) ;
#1524 = ORIENTED_EDGE ( 'NONE', *, *, #3745, .F. ) ;
#1525 = CARTESIAN_POINT ( 'NONE',  ( -48.00000000000000000, 38.00000000000000000, 5.000000000000000000 ) ) ;
#1526 = DIRECTION ( 'NONE',  ( -0.000000000000000000, -0.000000000000000000, -1.000000000000000000 ) ) ;
#1527 = CARTESIAN_POINT ( 'NONE',  ( -42.08771324027147642, 31.75000000000000711, 2.500000000000000000 ) ) ;
#1528 = ORIENTED_EDGE ( 'NONE', *, *, #159, .F. ) ;
#1529 = CARTESIAN_POINT ( 'NONE',  ( 9.500000000000000000, -15.50000000000000178, 0.000000000000000000 ) ) ;
#1530 = CARTESIAN_POINT ( 'NONE',  ( 9.500000000000000000, -13.24999999999999645, -2.750000000000000000 ) ) ;
#1531 = EDGE_LOOP ( 'NONE', ( #1536, #1748, #3, #1569 ) ) ;
#1532 = LINE ( 'NONE', #3260, #2290 ) ;
#1533 = DIRECTION ( 'NONE',  ( 0.000000000000000000, 0.000000000000000000, 1.000000000000000000 ) ) ;
#1534 = DIRECTION ( 'NONE',  ( -1.000000000000000000, 0.000000000000000000, -0.000000000000000000 ) ) ;
#1535 = DIRECTION ( 'NONE',  ( -0.000000000000000000, -0.000000000000000000, -1.000000000000000000 ) ) ;
#1536 = ORIENTED_EDGE ( 'NONE', *, *, #563, .T. ) ;
#1537 = ADVANCED_FACE ( 'NONE', ( #3109 ), #2742, .F. ) ;
#1538 = DIRECTION ( 'NONE',  ( -0.000000000000000000, -0.000000000000000000, -1.000000000000000000 ) ) ;
#1539 = DIRECTION ( 'NONE',  ( -0.4999999999999993894, -0.8660254037844389297, 0.000000000000000000 ) ) ;
#1540 = ORIENTED_EDGE ( 'NONE', *, *, #79, .T. ) ;
#1541 = CARTESIAN_POINT ( 'NONE',  ( -3.116809680337662591, -4.684019929395301318, 2.500000000000000000 ) ) ;
#1542 = EDGE_CURVE ( 'NONE', #1603, #2330, #1288, .T. ) ;
#1543 = LINE ( 'NONE', #103, #1429 ) ;
#1544 = CARTESIAN_POINT ( 'NONE',  ( 15.00000000000000000, 0.000000000000000000, 0.000000000000000000 ) ) ;
#1545 = DIRECTION ( 'NONE',  ( -0.7071067811865489050, -0.000000000000000000, 0.7071067811865462405 ) ) ;
#1546 = ORIENTED_EDGE ( 'NONE', *, *, #1971, .T. ) ;
#1547 = CIRCLE ( 'NONE', #1730, 7.375000000000000000 ) ;
#1548 = CARTESIAN_POINT ( 'NONE',  ( 9.999999999999994671, -40.00000000000000711, 5.000000000000000000 ) ) ;
#1549 = FACE_OUTER_BOUND ( 'NONE', #1622, .T. ) ;
#1550 = AXIS2_PLACEMENT_3D ( 'NONE', #2051, #3252, #307 ) ;
#1551 = VECTOR ( 'NONE', #2231, 1000.000000000000000 ) ;
#1552 = ORIENTED_EDGE ( 'NONE', *, *, #2865, .F. ) ;
#1553 = CARTESIAN_POINT ( 'NONE',  ( 42.08771324027146932, -37.25000000000000711, 0.000000000000000000 ) ) ;
#1554 = DIRECTION ( 'NONE',  ( 0.000000000000000000, -1.000000000000000000, 0.000000000000000000 ) ) ;
#1555 = VECTOR ( 'NONE', #91, 1000.000000000000000 ) ;
#1556 = CIRCLE ( 'NONE', #2480, 7.625000000000000000 ) ;
#1557 = DIRECTION ( 'NONE',  ( 1.000000000000000000, 0.000000000000000000, 0.000000000000000000 ) ) ;
#1558 = ORIENTED_EDGE ( 'NONE', *, *, #613, .F. ) ;
#1559 = CIRCLE ( 'NONE', #466, 1.749999999999994671 ) ;
#1560 = AXIS2_PLACEMENT_3D ( 'NONE', #2278, #1149, #3140 ) ;
#1561 = DIRECTION ( 'NONE',  ( 0.000000000000000000, 0.000000000000000000, 1.000000000000000000 ) ) ;
#1562 = VERTEX_POINT ( 'NONE', #2196 ) ;
#1563 = CARTESIAN_POINT ( 'NONE',  ( -43.67542648054293863, 34.49999999999999289, 0.000000000000000000 ) ) ;
#1564 = CARTESIAN_POINT ( 'NONE',  ( 43.67542648054293863, -34.49999999999999289, 2.500000000000000000 ) ) ;
#1565 = DIRECTION ( 'NONE',  ( 1.000000000000000000, 0.000000000000000000, 0.000000000000000000 ) ) ;
#1566 = LINE ( 'NONE', #3644, #531 ) ;
#1567 = CARTESIAN_POINT ( 'NONE',  ( -43.67542648054293863, 34.49999999999999289, 2.500000000000000000 ) ) ;
#1568 = EDGE_CURVE ( 'NONE', #2562, #1087, #1304, .T. ) ;
#1569 = ORIENTED_EDGE ( 'NONE', *, *, #781, .T. ) ;
#1570 = CARTESIAN_POINT ( 'NONE',  ( 15.00000000000000000, 22.00000000000001421, -3.500000000000000888 ) ) ;
#1571 = LINE ( 'NONE', #3363, #2183 ) ;
#1572 = EDGE_CURVE ( 'NONE', #2089, #2557, #1604, .T. ) ;
#1573 = EDGE_CURVE ( 'NONE', #3656, #2195, #1043, .T. ) ;
#1574 = ORIENTED_EDGE ( 'NONE', *, *, #1452, .F. ) ;
#1575 = LINE ( 'NONE', #1886, #3401 ) ;
#1576 = DIRECTION ( 'NONE',  ( 1.000000000000000000, 0.000000000000000000, 0.000000000000000000 ) ) ;
#1577 = DIRECTION ( 'NONE',  ( -0.4999999999999987232, 0.8660254037844393737, 0.000000000000000000 ) ) ;
#1578 = ORIENTED_EDGE ( 'NONE', *, *, #1777, .T. ) ;
#1579 = PLANE ( 'NONE',  #2490 ) ;
#1580 = ORIENTED_EDGE ( 'NONE', *, *, #2119, .F. ) ;
#1581 = CARTESIAN_POINT ( 'NONE',  ( -15.00000000000000000, 22.00000000000001421, -3.500000000000000888 ) ) ;
#1582 = CARTESIAN_POINT ( 'NONE',  ( -42.24999999999999289, 34.50000000000000000, 2.499999999999999556 ) ) ;
#1583 = DIRECTION ( 'NONE',  ( 0.5000000000000041078, -0.8660254037844363761, 0.000000000000000000 ) ) ;
#1584 = CYLINDRICAL_SURFACE ( 'NONE', #1805, 1.999999999999994893 ) ;
#1585 = CARTESIAN_POINT ( 'NONE',  ( 40.50000000000000711, 34.50000000000000000, -3.500000000000000444 ) ) ;
#1586 = ORIENTED_EDGE ( 'NONE', *, *, #1475, .F. ) ;
#1587 = ADVANCED_FACE ( 'NONE', ( #3086 ), #1588, .F. ) ;
#1588 = PLANE ( 'NONE',  #754 ) ;
#1589 = CARTESIAN_POINT ( 'NONE',  ( -38.91228675972853068, 31.75000000000000711, 2.500000000000000000 ) ) ;
#1590 = ORIENTED_EDGE ( 'NONE', *, *, #1756, .F. ) ;
#1591 = CARTESIAN_POINT ( 'NONE',  ( -12.75000000000000888, -15.00000000000000000, 2.499999999999998224 ) ) ;
#1592 = EDGE_CURVE ( 'NONE', #3177, #1782, #2723, .T. ) ;
#1593 = EDGE_CURVE ( 'NONE', #3050, #1519, #1941, .T. ) ;
#1594 = DIRECTION ( 'NONE',  ( 0.000000000000000000, 0.000000000000000000, 1.000000000000000000 ) ) ;
#1595 = DIRECTION ( 'NONE',  ( 0.000000000000000000, -1.000000000000000000, 0.000000000000000000 ) ) ;
#1596 = EDGE_LOOP ( 'NONE', ( #67, #1682, #2507, #2818 ) ) ;
#1597 = EDGE_LOOP ( 'NONE', ( #375, #2073, #561, #1465 ) ) ;
#1598 = CARTESIAN_POINT ( 'NONE',  ( -3.687499999999963141, 8.386937352910244670, 5.000000000000000000 ) ) ;
#1599 = ORIENTED_EDGE ( 'NONE', *, *, #2192, .T. ) ;
#1600 = CARTESIAN_POINT ( 'NONE',  ( 0.000000000000000000, 1.999999999999989564, 5.000000000000000000 ) ) ;
#1601 = DIRECTION ( 'NONE',  ( 1.000000000000000000, 0.000000000000000000, -0.000000000000000000 ) ) ;
#1602 = CARTESIAN_POINT ( 'NONE',  ( -37.32457351945705426, -34.50000000000000711, 2.500000000000000000 ) ) ;
#1603 = VERTEX_POINT ( 'NONE', #2456 ) ;
#1604 = LINE ( 'NONE', #712, #3510 ) ;
#1605 = DIRECTION ( 'NONE',  ( 0.000000000000000000, 1.000000000000000000, -0.000000000000000000 ) ) ;
#1606 = ORIENTED_EDGE ( 'NONE', *, *, #847, .F. ) ;
#1607 = VECTOR ( 'NONE', #3122, 1000.000000000000000 ) ;
#1608 = CARTESIAN_POINT ( 'NONE',  ( 12.75000000000001421, -15.00000000000000000, 2.499999999999997780 ) ) ;
#1609 = AXIS2_PLACEMENT_3D ( 'NONE', #1243, #903, #2411 ) ;
#1610 = PLANE ( 'NONE',  #42 ) ;
#1611 = VECTOR ( 'NONE', #2015, 1000.000000000000000 ) ;
#1612 = CARTESIAN_POINT ( 'NONE',  ( -12.75000000000000888, -40.00000000000000000, 2.499999999999998224 ) ) ;
#1613 = ORIENTED_EDGE ( 'NONE', *, *, #2829, .F. ) ;
#1614 = EDGE_CURVE ( 'NONE', #1936, #488, #687, .T. ) ;
#1615 = ORIENTED_EDGE ( 'NONE', *, *, #920, .T. ) ;
#1616 = EDGE_CURVE ( 'NONE', #1843, #1018, #3362, .T. ) ;
#1617 = VECTOR ( 'NONE', #1491, 1000.000000000000000 ) ;
#1618 = AXIS2_PLACEMENT_3D ( 'NONE', #2770, #1300, #1019 ) ;
#1619 = AXIS2_PLACEMENT_3D ( 'NONE', #1230, #2375, #596 ) ;
#1620 = CARTESIAN_POINT ( 'NONE',  ( 0.000000000000000000, 1.999999999999989564, 2.500000000000000000 ) ) ;
#1621 = AXIS2_PLACEMENT_3D ( 'NONE', #3472, #1774, #844 ) ;
#1622 = EDGE_LOOP ( 'NONE', ( #137, #2852, #1364, #2309, #213, #548, #124 ) ) ;
#1623 = DIRECTION ( 'NONE',  ( 0.000000000000000000, -1.000000000000000000, -2.177149865150850283E-16 ) ) ;
#1624 = AXIS2_PLACEMENT_3D ( 'NONE', #2248, #1411, #1379 ) ;
#1625 = FACE_BOUND ( 'NONE', #3368, .T. ) ;
#1626 = DIRECTION ( 'NONE',  ( -1.000000000000000000, 0.000000000000000000, 0.000000000000000000 ) ) ;
#1627 = VECTOR ( 'NONE', #2449, 1000.000000000000000 ) ;
#1628 = ORIENTED_EDGE ( 'NONE', *, *, #3412, .T. ) ;
#1629 = DIRECTION ( 'NONE',  ( 0.7071067811865489050, -0.000000000000000000, 0.7071067811865462405 ) ) ;
#1630 = DIRECTION ( 'NONE',  ( 0.000000000000000000, -0.000000000000000000, 1.000000000000000000 ) ) ;
#1631 = ORIENTED_EDGE ( 'NONE', *, *, #1662, .T. ) ;
#1632 = LINE ( 'NONE', #2478, #95 ) ;
#1633 = DIRECTION ( 'NONE',  ( 0.4999999999999996669, -0.8660254037844388186, 0.000000000000000000 ) ) ;
#1634 = DIRECTION ( 'NONE',  ( 1.000000000000000000, 0.000000000000000000, 0.000000000000000000 ) ) ;
#1635 = VERTEX_POINT ( 'NONE', #744 ) ;
#1636 = ORIENTED_EDGE ( 'NONE', *, *, #16, .F. ) ;
#1637 = ADVANCED_FACE ( 'NONE', ( #108 ), #3318, .F. ) ;
#1638 = CARTESIAN_POINT ( 'NONE',  ( 9.500000000000000000, -20.00000000000000000, -0.5000000000000009992 ) ) ;
#1639 = ORIENTED_EDGE ( 'NONE', *, *, #2604, .F. ) ;
#1640 = DIRECTION ( 'NONE',  ( 1.000000000000000000, 0.000000000000000000, 0.000000000000000000 ) ) ;
#1641 = CARTESIAN_POINT ( 'NONE',  ( 9.999999999999996447, 19.99999999999998934, 5.000000000000000000 ) ) ;
#1642 = EDGE_CURVE ( 'NONE', #2906, #3766, #1057, .T. ) ;
#1643 = EDGE_CURVE ( 'NONE', #288, #1843, #2474, .T. ) ;
#1644 = DIRECTION ( 'NONE',  ( 0.4226182617406999964, 0.9063077870366496036, 0.000000000000000000 ) ) ;
#1645 = VERTEX_POINT ( 'NONE', #3666 ) ;
#1646 = DIRECTION ( 'NONE',  ( -1.000000000000000000, 0.000000000000000000, -0.000000000000000000 ) ) ;
#1647 = DIRECTION ( 'NONE',  ( -0.000000000000000000, -0.000000000000000000, -1.000000000000000000 ) ) ;
#1648 = ORIENTED_EDGE ( 'NONE', *, *, #2946, .F. ) ;
#1649 = CARTESIAN_POINT ( 'NONE',  ( 43.67542648054293863, -34.49999999999999289, 2.500000000000000000 ) ) ;
#1650 = CARTESIAN_POINT ( 'NONE',  ( 0.000000000000000000, -13.00000000000001066, 2.500000000000000000 ) ) ;
#1651 = CARTESIAN_POINT ( 'NONE',  ( -38.91228675972853068, 31.75000000000000711, 0.000000000000000000 ) ) ;
#1652 = ORIENTED_EDGE ( 'NONE', *, *, #3706, .F. ) ;
#1653 = ORIENTED_EDGE ( 'NONE', *, *, #3290, .T. ) ;
#1654 = EDGE_CURVE ( 'NONE', #476, #1267, #3405, .T. ) ;
#1655 = DIRECTION ( 'NONE',  ( 0.4999999999999993894, 0.8660254037844389297, 0.000000000000000000 ) ) ;
#1656 = VERTEX_POINT ( 'NONE', #1570 ) ;
#1657 = LINE ( 'NONE', #2828, #1008 ) ;
#1658 = LINE ( 'NONE', #2830, #2895 ) ;
#1659 = DIRECTION ( 'NONE',  ( -0.000000000000000000, -0.000000000000000000, 1.000000000000000000 ) ) ;
#1660 = ORIENTED_EDGE ( 'NONE', *, *, #2673, .T. ) ;
#1661 = EDGE_CURVE ( 'NONE', #2832, #3008, #3376, .T. ) ;
#1662 = EDGE_CURVE ( 'NONE', #765, #488, #2567, .T. ) ;
#1663 = DIRECTION ( 'NONE',  ( 0.000000000000000000, 0.7071067811865476838, -0.7071067811865474617 ) ) ;
#1664 = DIRECTION ( 'NONE',  ( 0.000000000000000000, 1.000000000000000000, -0.000000000000000000 ) ) ;
#1665 = VERTEX_POINT ( 'NONE', #500 ) ;
#1666 = LINE ( 'NONE', #3704, #2353 ) ;
#1667 = DIRECTION ( 'NONE',  ( 0.000000000000000000, 0.000000000000000000, 1.000000000000000000 ) ) ;
#1668 = LINE ( 'NONE', #1977, #3212 ) ;
#1669 = CARTESIAN_POINT ( 'NONE',  ( 0.000000000000000000, -13.00000000000001066, 2.500000000000000000 ) ) ;
#1670 = ORIENTED_EDGE ( 'NONE', *, *, #2894, .T. ) ;
#1671 = ORIENTED_EDGE ( 'NONE', *, *, #303, .T. ) ;
#1672 = AXIS2_PLACEMENT_3D ( 'NONE', #529, #3758, #808 ) ;
#1673 = VECTOR ( 'NONE', #113, 1000.000000000000000 ) ;
#1674 = PLANE ( 'NONE',  #48 ) ;
#1675 = ORIENTED_EDGE ( 'NONE', *, *, #399, .F. ) ;
#1676 = VECTOR ( 'NONE', #2694, 1000.000000000000000 ) ;
#1677 = VECTOR ( 'NONE', #2262, 1000.000000000000000 ) ;
#1678 = VECTOR ( 'NONE', #3576, 1000.000000000000000 ) ;
#1679 = CIRCLE ( 'NONE', #1138, 7.375000000000000000 ) ;
#1680 = DIRECTION ( 'NONE',  ( 0.000000000000000000, 0.000000000000000000, -1.000000000000000000 ) ) ;
#1681 = CARTESIAN_POINT ( 'NONE',  ( -50.00000000000000711, 38.00000000000000000, 0.000000000000000000 ) ) ;
#1682 = ORIENTED_EDGE ( 'NONE', *, *, #2276, .F. ) ;
#1683 = VECTOR ( 'NONE', #657, 1000.000000000000114 ) ;
#1684 = LINE ( 'NONE', #1956, #1311 ) ;
#1685 = LINE ( 'NONE', #556, #1935 ) ;
#1686 = AXIS2_PLACEMENT_3D ( 'NONE', #784, #264, #497 ) ;
#1687 = CARTESIAN_POINT ( 'NONE',  ( 0.000000000000000000, 1.999999999999989564, 2.500000000000000000 ) ) ;
#1688 = EDGE_CURVE ( 'NONE', #2701, #3759, #3329, .T. ) ;
#1689 = VERTEX_POINT ( 'NONE', #3734 ) ;
#1690 = VECTOR ( 'NONE', #3387, 1000.000000000000000 ) ;
#1691 = LINE ( 'NONE', #3438, #224 ) ;
#1692 = LINE ( 'NONE', #2572, #2849 ) ;
#1693 = EDGE_CURVE ( 'NONE', #366, #931, #269, .T. ) ;
#1694 = CARTESIAN_POINT ( 'NONE',  ( 7.625000000000000000, -12.83485826882055925, 2.483199157502304022 ) ) ;
#1695 = ORIENTED_EDGE ( 'NONE', *, *, #2926, .T. ) ;
#1696 = ORIENTED_EDGE ( 'NONE', *, *, #201, .F. ) ;
#1697 = LINE ( 'NONE', #1119, #2732 ) ;
#1698 = VERTEX_POINT ( 'NONE', #1413 ) ;
#1699 = DIRECTION ( 'NONE',  ( -0.000000000000000000, 1.000000000000000000, -0.000000000000000000 ) ) ;
#1700 = DIRECTION ( 'NONE',  ( 0.000000000000000000, -0.000000000000000000, 1.000000000000000000 ) ) ;
#1701 = ORIENTED_EDGE ( 'NONE', *, *, #608, .T. ) ;
#1702 = EDGE_LOOP ( 'NONE', ( #1955, #1802, #3037, #1928 ) ) ;
#1703 = DIRECTION ( 'NONE',  ( -0.000000000000000000, 1.000000000000000000, -0.000000000000000000 ) ) ;
#1704 = DIRECTION ( 'NONE',  ( 0.000000000000000000, 0.000000000000000000, 1.000000000000000000 ) ) ;
#1705 = LINE ( 'NONE', #3474, #455 ) ;
#1706 = EDGE_CURVE ( 'NONE', #927, #935, #2012, .T. ) ;
#1707 = ORIENTED_EDGE ( 'NONE', *, *, #1381, .F. ) ;
#1708 = CARTESIAN_POINT ( 'NONE',  ( 9.500000000000000000, -13.24999999999999645, -2.250000000000000000 ) ) ;
#1709 = ORIENTED_EDGE ( 'NONE', *, *, #680, .F. ) ;
#1710 = ORIENTED_EDGE ( 'NONE', *, *, #2156, .T. ) ;
#1711 = ADVANCED_FACE ( 'NONE', ( #1077 ), #803, .F. ) ;
#1712 = EDGE_CURVE ( 'NONE', #476, #325, #1685, .T. ) ;
#1713 = LINE ( 'NONE', #2273, #176 ) ;
#1714 = ORIENTED_EDGE ( 'NONE', *, *, #794, .F. ) ;
#1715 = CYLINDRICAL_SURFACE ( 'NONE', #2425, 7.375000000000000000 ) ;
#1716 = ORIENTED_EDGE ( 'NONE', *, *, #799, .F. ) ;
#1717 = LINE ( 'NONE', #2884, #2472 ) ;
#1718 = CARTESIAN_POINT ( 'NONE',  ( 37.32457351945707558, -34.50000000000000711, 2.500000000000000000 ) ) ;
#1719 = PLANE ( 'NONE',  #280 ) ;
#1720 = DIRECTION ( 'NONE',  ( 1.000000000000000000, 0.000000000000000000, 0.000000000000000000 ) ) ;
#1721 = VERTEX_POINT ( 'NONE', #221 ) ;
#1722 = CARTESIAN_POINT ( 'NONE',  ( -9.500000000000000000, -20.00000000000000000, -9.797174393178823685E-16 ) ) ;
#1723 = EDGE_CURVE ( 'NONE', #1635, #848, #2858, .T. ) ;
#1724 = FACE_OUTER_BOUND ( 'NONE', #3614, .T. ) ;
#1725 = ORIENTED_EDGE ( 'NONE', *, *, #106, .F. ) ;
#1726 = VERTEX_POINT ( 'NONE', #239 ) ;
#1727 = CARTESIAN_POINT ( 'NONE',  ( 3.812499999999982236, -6.396556296143654841, 2.500000000000000000 ) ) ;
#1728 = EDGE_CURVE ( 'NONE', #3637, #2129, #1383, .T. ) ;
#1729 = EDGE_LOOP ( 'NONE', ( #341, #896, #1709, #2283 ) ) ;
#1730 = AXIS2_PLACEMENT_3D ( 'NONE', #230, #1063, #853 ) ;
#1731 = VECTOR ( 'NONE', #2373, 1000.000000000000000 ) ;
#1732 = DIRECTION ( 'NONE',  ( 9.130123557772670799E-17, -1.000000000000000000, 0.000000000000000000 ) ) ;
#1733 = VECTOR ( 'NONE', #2782, 1000.000000000000000 ) ;
#1734 = ORIENTED_EDGE ( 'NONE', *, *, #1971, .F. ) ;
#1735 = CIRCLE ( 'NONE', #1987, 5.000000000000000000 ) ;
#1736 = AXIS2_PLACEMENT_3D ( 'NONE', #2310, #1960, #297 ) ;
#1737 = CARTESIAN_POINT ( 'NONE',  ( 3.687500000000009770, 10.61306264708975888, 5.000000000000000000 ) ) ;
#1738 = CARTESIAN_POINT ( 'NONE',  ( -5.000000000000000000, -47.00000000000000000, -1.734723475976807094E-15 ) ) ;
#1739 = DIRECTION ( 'NONE',  ( -0.000000000000000000, -0.000000000000000000, -1.000000000000000000 ) ) ;
#1740 = AXIS2_PLACEMENT_3D ( 'NONE', #3299, #3548, #2696 ) ;
#1741 = AXIS2_PLACEMENT_3D ( 'NONE', #485, #3419, #519 ) ;
#1742 = ORIENTED_EDGE ( 'NONE', *, *, #2190, .T. ) ;
#1743 = DIRECTION ( 'NONE',  ( 1.000000000000000000, 0.000000000000000000, 0.000000000000000000 ) ) ;
#1744 = AXIS2_PLACEMENT_3D ( 'NONE', #1302, #104, #1856 ) ;
#1745 = LINE ( 'NONE', #29, #2900 ) ;
#1746 = CARTESIAN_POINT ( 'NONE',  ( 42.25000000000000000, -34.50000000000000000, 5.000000000000000000 ) ) ;
#1747 = ORIENTED_EDGE ( 'NONE', *, *, #1292, .F. ) ;
#1748 = ORIENTED_EDGE ( 'NONE', *, *, #778, .F. ) ;
#1749 = CARTESIAN_POINT ( 'NONE',  ( 13.25000000000000533, -40.00000000000000000, 2.500000000000000000 ) ) ;
#1750 = SHAPE_DEFINITION_REPRESENTATION ( #1408, #306 ) ;
#1751 = ORIENTED_EDGE ( 'NONE', *, *, #2212, .F. ) ;
#1752 = ADVANCED_FACE ( 'NONE', ( #2582, #3450 ), #824, .T. ) ;
#1753 = CARTESIAN_POINT ( 'NONE',  ( 0.000000000000000000, 16.99999999999998579, 5.000000000000000000 ) ) ;
#1754 = ORIENTED_EDGE ( 'NONE', *, *, #2576, .F. ) ;
#1755 = EDGE_CURVE ( 'NONE', #1839, #3453, #2772, .T. ) ;
#1756 = EDGE_CURVE ( 'NONE', #1081, #1406, #3488, .T. ) ;
#1757 = FACE_OUTER_BOUND ( 'NONE', #1515, .T. ) ;
#1758 = EDGE_CURVE ( 'NONE', #927, #3108, #787, .T. ) ;
#1759 = CARTESIAN_POINT ( 'NONE',  ( -40.49999999999999289, -34.50000000000000000, 2.499999999999999556 ) ) ;
#1760 = DIRECTION ( 'NONE',  ( 1.000000000000000000, 9.130123557772670799E-17, -0.000000000000000000 ) ) ;
#1761 = EDGE_LOOP ( 'NONE', ( #2874, #2581, #1574, #1050 ) ) ;
#1762 = CARTESIAN_POINT ( 'NONE',  ( 9.000000000000001776, -13.00000000000000888, 2.500000000000000000 ) ) ;
#1763 = CARTESIAN_POINT ( 'NONE',  ( -9.999999999999994671, -12.00000000000000000, 5.000000000000000000 ) ) ;
#1764 = ORIENTED_EDGE ( 'NONE', *, *, #2596, .F. ) ;
#1765 = EDGE_LOOP ( 'NONE', ( #2358, #2349, #1546, #1338 ) ) ;
#1766 = CARTESIAN_POINT ( 'NONE',  ( 0.000000000000000000, 1.999999999999989564, 2.500000000000000000 ) ) ;
#1767 = CARTESIAN_POINT ( 'NONE',  ( 50.00000000000000000, 38.00000000000000000, 5.000000000000000000 ) ) ;
#1768 = LINE ( 'NONE', #1953, #1310 ) ;
#1769 = EDGE_LOOP ( 'NONE', ( #358, #1764, #1277, #2690 ) ) ;
#1770 = EDGE_CURVE ( 'NONE', #1049, #2832, #862, .T. ) ;
#1771 = LINE ( 'NONE', #1786, #408 ) ;
#1772 = ORIENTED_EDGE ( 'NONE', *, *, #2117, .F. ) ;
#1773 = DIRECTION ( 'NONE',  ( -0.000000000000000000, -0.000000000000000000, 1.000000000000000000 ) ) ;
#1774 = DIRECTION ( 'NONE',  ( 0.000000000000000000, 0.000000000000000000, 1.000000000000000000 ) ) ;
#1775 = CARTESIAN_POINT ( 'NONE',  ( -1.653273178848926275E-15, 7.999999999999989342, 5.000000000000000000 ) ) ;
#1776 = PLANE ( 'NONE',  #2230 ) ;
#1777 = EDGE_CURVE ( 'NONE', #3496, #802, #1717, .T. ) ;
#1778 = ORIENTED_EDGE ( 'NONE', *, *, #778, .T. ) ;
#1779 = PLANE ( 'NONE',  #2229 ) ;
#1780 = CARTESIAN_POINT ( 'NONE',  ( 5.000000000000000000, -45.25000000000000000, 5.000000000000000000 ) ) ;
#1781 = DIRECTION ( 'NONE',  ( -1.000000000000000000, 0.000000000000000000, 0.000000000000000000 ) ) ;
#1782 = VERTEX_POINT ( 'NONE', #843 ) ;
#1783 = CARTESIAN_POINT ( 'NONE',  ( 5.250000000000000000, -50.00000000000000000, 5.000000000000000000 ) ) ;
#1784 = CARTESIAN_POINT ( 'NONE',  ( -37.32457351945705426, -34.50000000000000711, 0.000000000000000000 ) ) ;
#1785 = ORIENTED_EDGE ( 'NONE', *, *, #3522, .F. ) ;
#1786 = CARTESIAN_POINT ( 'NONE',  ( -9.999999999999994671, -12.00000000000000000, 0.000000000000000000 ) ) ;
#1787 = ORIENTED_EDGE ( 'NONE', *, *, #60, .F. ) ;
#1788 = ORIENTED_EDGE ( 'NONE', *, *, #972, .F. ) ;
#1789 = DIRECTION ( 'NONE',  ( 0.4999999999999996669, -0.8660254037844388186, 0.000000000000000000 ) ) ;
#1790 = VECTOR ( 'NONE', #1228, 1000.000000000000000 ) ;
#1791 = AXIS2_PLACEMENT_3D ( 'NONE', #1585, #1286, #1794 ) ;
#1792 = CARTESIAN_POINT ( 'NONE',  ( -10.00000000000000355, 19.99999999999998934, 5.000000000000000000 ) ) ;
#1793 = FACE_OUTER_BOUND ( 'NONE', #3099, .T. ) ;
#1794 = DIRECTION ( 'NONE',  ( 1.000000000000000000, 0.000000000000000000, 0.000000000000000000 ) ) ;
#1795 = EDGE_LOOP ( 'NONE', ( #658, #2036, #2103, #1540 ) ) ;
#1796 = MECHANICAL_DESIGN_GEOMETRIC_PRESENTATION_REPRESENTATION (  '', ( #2655 ), #2416 ) ;
#1797 = VECTOR ( 'NONE', #2327, 1000.000000000000000 ) ;
#1798 = DIRECTION ( 'NONE',  ( 0.8660254037844388186, 0.4999999999999997224, -0.000000000000000000 ) ) ;
#1799 = CARTESIAN_POINT ( 'NONE',  ( 6.000000000000003553, 16.99999999999998579, 2.500000000000000000 ) ) ;
#1800 = DIRECTION ( 'NONE',  ( 1.000000000000000000, 0.000000000000000000, 0.000000000000000000 ) ) ;
#1801 = AXIS2_PLACEMENT_3D ( 'NONE', #3708, #1906, #3072 ) ;
#1802 = ORIENTED_EDGE ( 'NONE', *, *, #241, .F. ) ;
#1803 = ORIENTED_EDGE ( 'NONE', *, *, #3170, .F. ) ;
#1804 = DIRECTION ( 'NONE',  ( -1.000000000000000000, 0.000000000000000000, 0.000000000000000000 ) ) ;
#1805 = AXIS2_PLACEMENT_3D ( 'NONE', #1914, #464, #1626 ) ;
#1806 = ADVANCED_FACE ( 'NONE', ( #3771 ), #1957, .F. ) ;
#1807 = ADVANCED_FACE ( 'NONE', ( #2816 ), #3719, .T. ) ;
#1808 = CARTESIAN_POINT ( 'NONE',  ( 15.00000000000000000, 20.50000000000000000, 0.000000000000000000 ) ) ;
#1809 = AXIS2_PLACEMENT_3D ( 'NONE', #1207, #2632, #20 ) ;
#1810 = ORIENTED_EDGE ( 'NONE', *, *, #60, .T. ) ;
#1811 = VECTOR ( 'NONE', #1655, 1000.000000000000114 ) ;
#1812 = PLANE ( 'NONE',  #1441 ) ;
#1813 = ORIENTED_EDGE ( 'NONE', *, *, #1986, .F. ) ;
#1814 = ORIENTED_EDGE ( 'NONE', *, *, #1654, .F. ) ;
#1815 = FACE_OUTER_BOUND ( 'NONE', #2925, .T. ) ;
#1816 = LINE ( 'NONE', #2333, #1790 ) ;
#1817 = FACE_OUTER_BOUND ( 'NONE', #3540, .T. ) ;
#1818 = DIRECTION ( 'NONE',  ( -1.000000000000000000, 0.000000000000000000, 0.000000000000000000 ) ) ;
#1819 = ORIENTED_EDGE ( 'NONE', *, *, #3541, .T. ) ;
#1820 = LINE ( 'NONE', #1529, #215 ) ;
#1821 = EDGE_CURVE ( 'NONE', #2709, #3665, #2266, .T. ) ;
#1822 = CARTESIAN_POINT ( 'NONE',  ( 9.500000000000000000, 0.000000000000000000, 0.000000000000000000 ) ) ;
#1823 = ORIENTED_EDGE ( 'NONE', *, *, #2807, .T. ) ;
#1824 = VERTEX_POINT ( 'NONE', #293 ) ;
#1825 = CARTESIAN_POINT ( 'NONE',  ( 7.375000000000000000, -13.00000000000001066, 2.449489742783176105 ) ) ;
#1826 = APPLICATION_CONTEXT ( 'automotive_design' ) ;
#1827 = FACE_OUTER_BOUND ( 'NONE', #273, .T. ) ;
#1828 = DIRECTION ( 'NONE',  ( 0.000000000000000000, 0.000000000000000000, 1.000000000000000000 ) ) ;
#1829 = ORIENTED_EDGE ( 'NONE', *, *, #3706, .T. ) ;
#1830 = ADVANCED_FACE ( 'NONE', ( #2922 ), #1167, .F. ) ;
#1831 = EDGE_CURVE ( 'NONE', #488, #117, #2086, .T. ) ;
#1832 = CARTESIAN_POINT ( 'NONE',  ( 48.00000000000000711, -38.00000000000000000, 5.000000000000000000 ) ) ;
#1833 = FACE_OUTER_BOUND ( 'NONE', #12, .T. ) ;
#1834 = ORIENTED_EDGE ( 'NONE', *, *, #1407, .T. ) ;
#1835 = CARTESIAN_POINT ( 'NONE',  ( -43.67542648054293863, -34.50000000000000000, 0.000000000000000000 ) ) ;
#1836 = CARTESIAN_POINT ( 'NONE',  ( 6.750000000000001776, -47.00000000000000000, -1.734723475976807094E-15 ) ) ;
#1837 = DIRECTION ( 'NONE',  ( 1.000000000000000000, 0.000000000000000000, 0.000000000000000000 ) ) ;
#1838 = CARTESIAN_POINT ( 'NONE',  ( 0.000000000000000000, -13.00000000000001066, 2.500000000000000000 ) ) ;
#1839 = VERTEX_POINT ( 'NONE', #651 ) ;
#1840 = CARTESIAN_POINT ( 'NONE',  ( 5.979130371550698264, -12.49999999999999822, 2.500000000000000000 ) ) ;
#1841 = CARTESIAN_POINT ( 'NONE',  ( 3.812500000000011990, 10.39655629614364685, 2.500000000000000000 ) ) ;
#1842 = ORIENTED_EDGE ( 'NONE', *, *, #635, .F. ) ;
#1843 = VERTEX_POINT ( 'NONE', #609 ) ;
#1844 = CARTESIAN_POINT ( 'NONE',  ( 38.91228675972853779, -37.25000000000000711, 2.500000000000000000 ) ) ;
#1845 = EDGE_CURVE ( 'NONE', #2440, #1481, #1816, .T. ) ;
#1846 = CARTESIAN_POINT ( 'NONE',  ( -10.25000000000000000, -55.00000000000000000, 4.999999999999998224 ) ) ;
#1847 = CARTESIAN_POINT ( 'NONE',  ( -9.500000000000000000, 0.000000000000000000, 0.000000000000000000 ) ) ;
#1848 = ORIENTED_EDGE ( 'NONE', *, *, #680, .T. ) ;
#1849 = ADVANCED_FACE ( 'NONE', ( #1454 ), #2984, .T. ) ;
#1850 = LINE ( 'NONE', #138, #650 ) ;
#1851 = ORIENTED_EDGE ( 'NONE', *, *, #3169, .F. ) ;
#1852 = LINE ( 'NONE', #1835, #1130 ) ;
#1853 = FACE_BOUND ( 'NONE', #3014, .T. ) ;
#1854 = EDGE_CURVE ( 'NONE', #3724, #3550, #94, .T. ) ;
#1855 = EDGE_CURVE ( 'NONE', #2877, #432, #1483, .T. ) ;
#1856 = DIRECTION ( 'NONE',  ( 1.000000000000000000, 0.000000000000000000, 0.000000000000000000 ) ) ;
#1857 = CARTESIAN_POINT ( 'NONE',  ( 10.25000000000000000, -48.75000000000000000, -1.821662113731688484E-15 ) ) ;
#1858 = EDGE_LOOP ( 'NONE', ( #810, #181, #3739, #1012 ) ) ;
#1859 = VECTOR ( 'NONE', #3606, 1000.000000000000000 ) ;
#1860 = LINE ( 'NONE', #3064, #767 ) ;
#1861 = DIRECTION ( 'NONE',  ( 0.000000000000000000, 0.000000000000000000, 1.000000000000000000 ) ) ;
#1862 = VECTOR ( 'NONE', #3585, 1000.000000000000000 ) ;
#1863 = AXIS2_PLACEMENT_3D ( 'NONE', #2687, #88, #3596 ) ;
#1864 = ORIENTED_EDGE ( 'NONE', *, *, #1320, .T. ) ;
#1865 = LINE ( 'NONE', #1649, #3642 ) ;
#1866 = PRESENTATION_LAYER_ASSIGNMENT (  '', '', ( #2655 ) ) ;
#1867 = VECTOR ( 'NONE', #2157, 1000.000000000000000 ) ;
#1868 = LINE ( 'NONE', #3012, #3646 ) ;
#1869 = ORIENTED_EDGE ( 'NONE', *, *, #1059, .F. ) ;
#1870 = VECTOR ( 'NONE', #3248, 1000.000000000000114 ) ;
#1871 = EDGE_CURVE ( 'NONE', #319, #924, #2636, .T. ) ;
#1872 = CARTESIAN_POINT ( 'NONE',  ( -50.00000000000000711, 38.00000000000000000, 5.000000000000000000 ) ) ;
#1873 = ORIENTED_EDGE ( 'NONE', *, *, #549, .F. ) ;
#1874 = VECTOR ( 'NONE', #195, 1000.000000000000000 ) ;
#1875 = DIRECTION ( 'NONE',  ( -0.000000000000000000, -0.000000000000000000, -1.000000000000000000 ) ) ;
#1876 = B_SPLINE_CURVE_WITH_KNOTS ( 'NONE', 3,
 ( #324, #3222, #2585, #25 ),
 .UNSPECIFIED., .F., .F.,
 ( 4, 4 ),
 ( 0.000000000000000000, 0.0005027369944426835196 ),
 .UNSPECIFIED. ) ;
#1877 = DIRECTION ( 'NONE',  ( -1.000000000000000000, 0.000000000000000000, 0.000000000000000000 ) ) ;
#1878 = CARTESIAN_POINT ( 'NONE',  ( -5.000000000000000000, -45.25000000000000000, -1.734723475976807094E-15 ) ) ;
#1879 = PLANE ( 'NONE',  #818 ) ;
#1880 = ORIENTED_EDGE ( 'NONE', *, *, #1080, .F. ) ;
#1881 = ADVANCED_FACE ( 'NONE', ( #80 ), #350, .F. ) ;
#1882 = ADVANCED_FACE ( 'NONE', ( #3195 ), #2069, .F. ) ;
#1883 = CARTESIAN_POINT ( 'NONE',  ( -38.91228675972852358, -31.75000000000000711, 0.000000000000000000 ) ) ;
#1884 = CARTESIAN_POINT ( 'NONE',  ( 43.67542648054295285, 34.50000000000000711, 2.500000000000000000 ) ) ;
#1885 = EDGE_LOOP ( 'NONE', ( #1940, #2326, #1813, #1159 ) ) ;
#1886 = CARTESIAN_POINT ( 'NONE',  ( -50.00000000000000000, -38.00000000000000000, 5.000000000000000000 ) ) ;
#1887 = DIRECTION ( 'NONE',  ( 0.000000000000000000, 0.000000000000000000, 1.000000000000000000 ) ) ;
#1888 = PLANE ( 'NONE',  #2543 ) ;
#1889 = VERTEX_POINT ( 'NONE', #2657 ) ;
#1890 = ORIENTED_EDGE ( 'NONE', *, *, #495, .T. ) ;
#1891 = PLANE ( 'NONE',  #592 ) ;
#1892 = VERTEX_POINT ( 'NONE', #47 ) ;
#1893 = CARTESIAN_POINT ( 'NONE',  ( -38.74999999999999289, 34.50000000000000000, 2.499999999999999556 ) ) ;
#1894 = PRODUCT_DEFINITION ( 'UNKNOWN', '', #2002, #2834 ) ;
#1895 = DIRECTION ( 'NONE',  ( -0.000000000000000000, -1.000000000000000000, -0.000000000000000000 ) ) ;
#1896 = CARTESIAN_POINT ( 'NONE',  ( 9.500000000000000000, -20.00000000000000000, -9.797174393178823685E-16 ) ) ;
#1897 = CARTESIAN_POINT ( 'NONE',  ( -38.91228675972853068, 37.25000000000000000, 2.500000000000000000 ) ) ;
#1898 = VERTEX_POINT ( 'NONE', #576 ) ;
#1899 = CARTESIAN_POINT ( 'NONE',  ( -10.00000000000000355, 19.99999999999998934, 0.000000000000000000 ) ) ;
#1900 = DIRECTION ( 'NONE',  ( 0.000000000000000000, -0.7071067811865450192, -0.7071067811865501263 ) ) ;
#1901 = EDGE_CURVE ( 'NONE', #465, #477, #3503, .T. ) ;
#1902 = EDGE_CURVE ( 'NONE', #2612, #1519, #3547, .T. ) ;
#1903 = VERTEX_POINT ( 'NONE', #880 ) ;
#1904 = FACE_BOUND ( 'NONE', #1420, .T. ) ;
#1905 = ADVANCED_FACE ( 'NONE', ( #1757 ), #921, .T. ) ;
#1906 = DIRECTION ( 'NONE',  ( 0.000000000000000000, 0.000000000000000000, -1.000000000000000000 ) ) ;
#1907 = ORIENTED_EDGE ( 'NONE', *, *, #2390, .T. ) ;
#1908 = ORIENTED_EDGE ( 'NONE', *, *, #3087, .T. ) ;
#1909 = DIRECTION ( 'NONE',  ( 0.7071067811865489050, -0.000000000000000000, -0.7071067811865462405 ) ) ;
#1910 = ORIENTED_EDGE ( 'NONE', *, *, #2118, .F. ) ;
#1911 = DIRECTION ( 'NONE',  ( 1.000000000000000000, 0.000000000000000000, 0.000000000000000000 ) ) ;
#1912 = CARTESIAN_POINT ( 'NONE',  ( 10.74999999999999645, -40.00000000000000000, 5.000000000000000000 ) ) ;
#1913 = LINE ( 'NONE', #2771, #398 ) ;
#1914 = CARTESIAN_POINT ( 'NONE',  ( 48.00000000000000711, 38.00000000000000000, 5.000000000000000000 ) ) ;
#1915 = VERTEX_POINT ( 'NONE', #1468 ) ;
#1916 = DIRECTION ( 'NONE',  ( -1.000000000000000000, 0.000000000000000000, 0.000000000000000000 ) ) ;
#1917 = LINE ( 'NONE', #2886, #2545 ) ;
#1918 = ADVANCED_FACE ( 'NONE', ( #2679 ), #23, .T. ) ;
#1919 = ORIENTED_EDGE ( 'NONE', *, *, #3335, .F. ) ;
#1920 = AXIS2_PLACEMENT_3D ( 'NONE', #445, #3648, #188 ) ;
#1921 = CIRCLE ( 'NONE', #3695, 8.999999999999998224 ) ;
#1922 = CARTESIAN_POINT ( 'NONE',  ( 42.08771324027146932, -37.25000000000000711, 0.000000000000000000 ) ) ;
#1923 = VECTOR ( 'NONE', #2578, 999.9999999999998863 ) ;
#1924 = DIRECTION ( 'NONE',  ( -0.000000000000000000, -0.000000000000000000, -1.000000000000000000 ) ) ;
#1925 = AXIS2_PLACEMENT_3D ( 'NONE', #1766, #317, #2703 ) ;
#1926 = PLANE ( 'NONE',  #1988 ) ;
#1927 = ORIENTED_EDGE ( 'NONE', *, *, #511, .F. ) ;
#1928 = ORIENTED_EDGE ( 'NONE', *, *, #3291, .T. ) ;
#1929 = AXIS2_PLACEMENT_3D ( 'NONE', #2216, #775, #3383 ) ;
#1930 = VECTOR ( 'NONE', #1667, 1000.000000000000000 ) ;
#1931 = EDGE_CURVE ( 'NONE', #1267, #476, #2233, .T. ) ;
#1932 = EDGE_CURVE ( 'NONE', #1519, #3283, #2755, .T. ) ;
#1933 = VECTOR ( 'NONE', #520, 1000.000000000000114 ) ;
#1934 = CARTESIAN_POINT ( 'NONE',  ( -38.91228675972852358, -31.75000000000000711, 0.000000000000000000 ) ) ;
#1935 = VECTOR ( 'NONE', #3127, 1000.000000000000000 ) ;
#1936 = VERTEX_POINT ( 'NONE', #2715 ) ;
#1937 = VECTOR ( 'NONE', #420, 1000.000000000000000 ) ;
#1938 = LINE ( 'NONE', #2297, #946 ) ;
#1939 = DIRECTION ( 'NONE',  ( 0.9063077870366497146, -0.4226182617407000519, 0.000000000000000000 ) ) ;
#1940 = ORIENTED_EDGE ( 'NONE', *, *, #1901, .T. ) ;
#1941 = LINE ( 'NONE', #726, #3203 ) ;
#1942 = DIRECTION ( 'NONE',  ( 0.000000000000000000, -0.000000000000000000, 1.000000000000000000 ) ) ;
#1943 = ORIENTED_EDGE ( 'NONE', *, *, #2090, .T. ) ;
#1944 = EDGE_LOOP ( 'NONE', ( #2863, #1128 ) ) ;
#1945 = DIRECTION ( 'NONE',  ( 1.301042606982607490E-15, -1.000000000000000000, 0.000000000000000000 ) ) ;
#1946 = FACE_OUTER_BOUND ( 'NONE', #2110, .T. ) ;
#1947 = EDGE_LOOP ( 'NONE', ( #3183, #397, #2595, #2039 ) ) ;
#1948 = ORIENTED_EDGE ( 'NONE', *, *, #1446, .T. ) ;
#1949 = LINE ( 'NONE', #550, #774 ) ;
#1950 = ADVANCED_FACE ( 'NONE', ( #3060, #1625, #2509, #2798, #707, #424 ), #385, .F. ) ;
#1951 = VERTEX_POINT ( 'NONE', #3373 ) ;
#1952 = CARTESIAN_POINT ( 'NONE',  ( 3.687499999999982236, -6.613062647089765100, 5.000000000000000000 ) ) ;
#1953 = CARTESIAN_POINT ( 'NONE',  ( -47.99999999999999289, -40.00000000000000000, 0.000000000000000000 ) ) ;
#1954 = DIRECTION ( 'NONE',  ( -0.4999999999999996669, 0.8660254037844388186, 0.000000000000000000 ) ) ;
#1955 = ORIENTED_EDGE ( 'NONE', *, *, #1296, .T. ) ;
#1956 = CARTESIAN_POINT ( 'NONE',  ( -48.00000000000000000, 40.00000000000000000, 0.000000000000000000 ) ) ;
#1957 = PLANE ( 'NONE',  #1123 ) ;
#1958 = DIRECTION ( 'NONE',  ( 0.000000000000000000, 0.7071067811865477948, 0.7071067811865473507 ) ) ;
#1959 = ORIENTED_EDGE ( 'NONE', *, *, #873, .T. ) ;
#1960 = DIRECTION ( 'NONE',  ( 0.000000000000000000, -1.000000000000000000, 0.000000000000000000 ) ) ;
#1961 = CARTESIAN_POINT ( 'NONE',  ( -47.99999999999999289, -40.00000000000000000, 5.000000000000000000 ) ) ;
#1962 = PLANE ( 'NONE',  #1672 ) ;
#1963 = ORIENTED_EDGE ( 'NONE', *, *, #2512, .F. ) ;
#1964 = ORIENTED_EDGE ( 'NONE', *, *, #431, .T. ) ;
#1965 = DIRECTION ( 'NONE',  ( -0.000000000000000000, -0.000000000000000000, 1.000000000000000000 ) ) ;
#1966 = ORIENTED_EDGE ( 'NONE', *, *, #932, .T. ) ;
#1967 = EDGE_CURVE ( 'NONE', #3188, #471, #1913, .T. ) ;
#1968 = PLANE ( 'NONE',  #1373 ) ;
#1969 = CARTESIAN_POINT ( 'NONE',  ( -3.687499999999949374, 8.386937352910246446, 5.000000000000000000 ) ) ;
#1970 = VERTEX_POINT ( 'NONE', #1836 ) ;
#1971 = EDGE_CURVE ( 'NONE', #321, #3721, #3620, .T. ) ;
#1972 = ADVANCED_FACE ( 'NONE', ( #1343 ), #442, .F. ) ;
#1973 = DIRECTION ( 'NONE',  ( 1.000000000000000000, 0.000000000000000000, 0.000000000000000000 ) ) ;
#1974 = FACE_OUTER_BOUND ( 'NONE', #1002, .T. ) ;
#1975 = VERTEX_POINT ( 'NONE', #2469 ) ;
#1976 = LINE ( 'NONE', #2284, #3340 ) ;
#1977 = CARTESIAN_POINT ( 'NONE',  ( -10.25000000000000000, -15.00000000000000000, 4.999999999999998224 ) ) ;
#1978 = ORIENTED_EDGE ( 'NONE', *, *, #898, .T. ) ;
#1979 = EDGE_LOOP ( 'NONE', ( #74, #193, #1528, #3690, #2312, #621, #1396 ) ) ;
#1980 = VECTOR ( 'NONE', #3178, 1000.000000000000000 ) ;
#1981 = AXIS2_PLACEMENT_3D ( 'NONE', #1993, #555, #3276 ) ;
#1982 = DIRECTION ( 'NONE',  ( 1.000000000000000000, 0.000000000000000000, 0.000000000000000000 ) ) ;
#1983 = ORIENTED_EDGE ( 'NONE', *, *, #2236, .F. ) ;
#1984 = CIRCLE ( 'NONE', #884, 5.000000000000000000 ) ;
#1985 = VECTOR ( 'NONE', #3669, 1000.000000000000000 ) ;
#1986 = EDGE_CURVE ( 'NONE', #2162, #2613, #1037, .T. ) ;
#1987 = AXIS2_PLACEMENT_3D ( 'NONE', #395, #1828, #1557 ) ;
#1988 = AXIS2_PLACEMENT_3D ( 'NONE', #1961, #475, #151 ) ;
#1989 = DIRECTION ( 'NONE',  ( 0.000000000000000000, 0.000000000000000000, -1.000000000000000000 ) ) ;
#1990 = LINE ( 'NONE', #3160, #3409 ) ;
#1991 = EDGE_LOOP ( 'NONE', ( #1819, #2099, #2060, #2274 ) ) ;
#1992 = VECTOR ( 'NONE', #1800, 1000.000000000000000 ) ;
#1993 = CARTESIAN_POINT ( 'NONE',  ( -40.49999999999999289, -34.50000000000000000, 5.000000000000000000 ) ) ;
#1994 = DIRECTION ( 'NONE',  ( 0.4999999999999996669, -0.8660254037844388186, 0.000000000000000000 ) ) ;
#1995 = AXIS2_PLACEMENT_3D ( 'NONE', #3392, #1939, #1644 ) ;
#1996 = CARTESIAN_POINT ( 'NONE',  ( -15.00000000000000000, 19.00000000000001066, -3.500000000000000888 ) ) ;
#1997 = CARTESIAN_POINT ( 'NONE',  ( 38.75000000000001421, 34.50000000000000000, 5.000000000000000000 ) ) ;
#1998 = ADVANCED_FACE ( 'NONE', ( #2492 ), #1270, .F. ) ;
#1999 = EDGE_CURVE ( 'NONE', #765, #432, #1984, .T. ) ;
#2000 = ORIENTED_EDGE ( 'NONE', *, *, #1616, .T. ) ;
#2001 = LINE ( 'NONE', #849, #762 ) ;
#2002 = PRODUCT_DEFINITION_FORMATION_WITH_SPECIFIED_SOURCE ( 'ANY', '', #3129, .NOT_KNOWN. ) ;
#2003 = DIRECTION ( 'NONE',  ( -0.000000000000000000, -0.000000000000000000, -1.000000000000000000 ) ) ;
#2004 = VERTEX_POINT ( 'NONE', #3663 ) ;
#2005 = ORIENTED_EDGE ( 'NONE', *, *, #570, .F. ) ;
#2006 = CARTESIAN_POINT ( 'NONE',  ( 50.00000000000000000, 38.00000000000000000, 5.000000000000000000 ) ) ;
#2007 = ORIENTED_EDGE ( 'NONE', *, *, #3745, .T. ) ;
#2008 = CARTESIAN_POINT ( 'NONE',  ( 9.999999999999996447, 17.49999999999999289, 0.000000000000000000 ) ) ;
#2009 = DIRECTION ( 'NONE',  ( -0.000000000000000000, -0.000000000000000000, 1.000000000000000000 ) ) ;
#2010 = VERTEX_POINT ( 'NONE', #666 ) ;
#2011 = EDGE_CURVE ( 'NONE', #2557, #2004, #2738, .T. ) ;
#2012 = LINE ( 'NONE', #1397, #1439 ) ;
#2013 = CARTESIAN_POINT ( 'NONE',  ( 6.000000000000000000, -12.49999999999999822, 0.000000000000000000 ) ) ;
#2014 = LINE ( 'NONE', #540, #2485 ) ;
#2015 = DIRECTION ( 'NONE',  ( 0.000000000000000000, -0.7071067811865474617, -0.7071067811865476838 ) ) ;
#2016 = ORIENTED_EDGE ( 'NONE', *, *, #3048, .F. ) ;
#2017 = DIRECTION ( 'NONE',  ( -0.000000000000000000, -0.000000000000000000, 1.000000000000000000 ) ) ;
#2018 = EDGE_CURVE ( 'NONE', #2287, #263, #463, .T. ) ;
#2019 = DIRECTION ( 'NONE',  ( 0.000000000000000000, -1.000000000000000000, 0.000000000000000000 ) ) ;
#2020 = EDGE_LOOP ( 'NONE', ( #1652, #1714, #156, #890, #2201 ) ) ;
#2021 = VERTEX_POINT ( 'NONE', #2165 ) ;
#2022 = DIRECTION ( 'NONE',  ( 0.000000000000000000, 0.000000000000000000, -1.000000000000000000 ) ) ;
#2023 = EDGE_CURVE ( 'NONE', #3174, #2484, #1543, .T. ) ;
#2024 =( NAMED_UNIT ( * ) SI_UNIT ( $, .STERADIAN. ) SOLID_ANGLE_UNIT ( ) );
#2025 = EDGE_LOOP ( 'NONE', ( #629, #3364, #33, #1907 ) ) ;
#2026 = CARTESIAN_POINT ( 'NONE',  ( -10.00000000000000178, -12.00000000000000000, 0.000000000000000000 ) ) ;
#2027 = ORIENTED_EDGE ( 'NONE', *, *, #381, .T. ) ;
#2028 = VERTEX_POINT ( 'NONE', #3314 ) ;
#2029 = CARTESIAN_POINT ( 'NONE',  ( 15.00000000000000000, 20.50000000000000000, 0.000000000000000000 ) ) ;
#2030 = CARTESIAN_POINT ( 'NONE',  ( -15.00000000000000000, 20.49999999999999645, 0.000000000000000000 ) ) ;
#2031 = DIRECTION ( 'NONE',  ( 1.000000000000000000, 0.000000000000000000, 0.000000000000000000 ) ) ;
#2032 = EDGE_LOOP ( 'NONE', ( #1155, #1103, #3672, #311 ) ) ;
#2033 = CARTESIAN_POINT ( 'NONE',  ( -13.25000000000000533, -40.00000000000000000, 2.500000000000000000 ) ) ;
#2034 = ADVANCED_FACE ( 'NONE', ( #981, #683, #1853, #3024, #405, #2193, #121, #3334, #3358 ), #1284, .T. ) ;
#2035 = LINE ( 'NONE', #3225, #2177 ) ;
#2036 = ORIENTED_EDGE ( 'NONE', *, *, #1042, .F. ) ;
#2037 = ORIENTED_EDGE ( 'NONE', *, *, #2405, .T. ) ;
#2038 = CARTESIAN_POINT ( 'NONE',  ( 9.999999999999996447, 19.99999999999998934, 5.000000000000000000 ) ) ;
#2039 = ORIENTED_EDGE ( 'NONE', *, *, #3615, .F. ) ;
#2040 = EDGE_CURVE ( 'NONE', #117, #1481, #3692, .T. ) ;
#2041 = ADVANCED_FACE ( 'NONE', ( #604 ), #1968, .F. ) ;
#2042 = VECTOR ( 'NONE', #3030, 1000.000000000000227 ) ;
#2043 = AXIS2_PLACEMENT_3D ( 'NONE', #3774, #3197, #2911 ) ;
#2044 = VECTOR ( 'NONE', #2304, 1000.000000000000000 ) ;
#2045 = DIRECTION ( 'NONE',  ( -0.000000000000000000, -0.000000000000000000, 1.000000000000000000 ) ) ;
#2046 = VERTEX_POINT ( 'NONE', #250 ) ;
#2047 = ORIENTED_EDGE ( 'NONE', *, *, #1502, .T. ) ;
#2048 = DIRECTION ( 'NONE',  ( -0.7071067811865462405, 0.000000000000000000, 0.7071067811865489050 ) ) ;
#2049 = AXIS2_PLACEMENT_3D ( 'NONE', #888, #3494, #1158 ) ;
#2050 = VECTOR ( 'NONE', #3381, 1000.000000000000000 ) ;
#2051 = CARTESIAN_POINT ( 'NONE',  ( 0.000000000000000000, -15.00000000000000000, 0.000000000000000000 ) ) ;
#2052 = LINE ( 'NONE', #2658, #2965 ) ;
#2053 = LINE ( 'NONE', #965, #3082 ) ;
#2054 = AXIS2_PLACEMENT_3D ( 'NONE', #386, #764, #3678 ) ;
#2055 = ORIENTED_EDGE ( 'NONE', *, *, #1573, .F. ) ;
#2056 = AXIS2_PLACEMENT_3D ( 'NONE', #1602, #2223, #2495 ) ;
#2057 = CARTESIAN_POINT ( 'NONE',  ( -42.24999999999999289, -34.50000000000000000, 5.000000000000000000 ) ) ;
#2058 = DIRECTION ( 'NONE',  ( -0.000000000000000000, 0.000000000000000000, -1.000000000000000000 ) ) ;
#2059 = ORIENTED_EDGE ( 'NONE', *, *, #895, .F. ) ;
#2060 = ORIENTED_EDGE ( 'NONE', *, *, #798, .F. ) ;
#2061 = LINE ( 'NONE', #674, #3396 ) ;
#2062 = EDGE_CURVE ( 'NONE', #2557, #3753, #3731, .T. ) ;
#2063 = CARTESIAN_POINT ( 'NONE',  ( 0.000000000000000000, 0.000000000000000000, 0.000000000000000000 ) ) ;
#2064 = ORIENTED_EDGE ( 'NONE', *, *, #1542, .F. ) ;
#2065 = EDGE_CURVE ( 'NONE', #2758, #2877, #3390, .T. ) ;
#2066 = CARTESIAN_POINT ( 'NONE',  ( 6.750000000000001776, -47.00000000000000000, -3.500000000000000444 ) ) ;
#2067 = ORIENTED_EDGE ( 'NONE', *, *, #2443, .T. ) ;
#2068 = DIRECTION ( 'NONE',  ( 0.000000000000000000, 1.000000000000000000, 0.000000000000000000 ) ) ;
#2069 = CYLINDRICAL_SURFACE ( 'NONE', #458, 1.750000000000001554 ) ;
#2070 = DIRECTION ( 'NONE',  ( -0.5000000000000019984, 0.8660254037844375974, 0.000000000000000000 ) ) ;
#2071 = CARTESIAN_POINT ( 'NONE',  ( 9.500000000000000000, -13.24999999999999645, -2.750000000000000000 ) ) ;
#2072 = DIRECTION ( 'NONE',  ( 0.000000000000000000, 0.7071067811865477948, 0.7071067811865473507 ) ) ;
#2073 = ORIENTED_EDGE ( 'NONE', *, *, #3729, .T. ) ;
#2074 = DIRECTION ( 'NONE',  ( 0.000000000000000000, 0.000000000000000000, 1.000000000000000000 ) ) ;
#2075 = LINE ( 'NONE', #945, #2295 ) ;
#2076 = EDGE_LOOP ( 'NONE', ( #2380, #669, #1181, #2504, #1606 ) ) ;
#2077 = DIRECTION ( 'NONE',  ( 1.000000000000000000, 0.000000000000000000, 0.000000000000000000 ) ) ;
#2078 = CYLINDRICAL_SURFACE ( 'NONE', #1925, 8.999999999999998224 ) ;
#2079 = DIRECTION ( 'NONE',  ( 1.000000000000000000, 0.000000000000000000, 0.000000000000000000 ) ) ;
#2080 = VERTEX_POINT ( 'NONE', #2263 ) ;
#2081 = FACE_OUTER_BOUND ( 'NONE', #988, .T. ) ;
#2082 = CARTESIAN_POINT ( 'NONE',  ( 42.25000000000000000, 34.50000000000000000, 2.499999999999999556 ) ) ;
#2083 = ORIENTED_EDGE ( 'NONE', *, *, #524, .T. ) ;
#2084 = ORIENTED_EDGE ( 'NONE', *, *, #1446, .F. ) ;
#2085 = EDGE_CURVE ( 'NONE', #2981, #2591, #1768, .T. ) ;
#2086 = LINE ( 'NONE', #2107, #329 ) ;
#2087 = PLANE ( 'NONE',  #1199 ) ;
#2088 = DIRECTION ( 'NONE',  ( -0.8660254037844393737, 0.4999999999999987232, 0.000000000000000000 ) ) ;
#2089 = VERTEX_POINT ( 'NONE', #1108 ) ;
#2090 = EDGE_CURVE ( 'NONE', #1665, #1635, #697, .T. ) ;
#2091 = EDGE_CURVE ( 'NONE', #2344, #819, #198, .T. ) ;
#2092 = DIRECTION ( 'NONE',  ( 1.000000000000000000, 0.000000000000000000, 0.000000000000000000 ) ) ;
#2093 = CARTESIAN_POINT ( 'NONE',  ( -10.00000000000000355, 19.99999999999998934, 5.000000000000000000 ) ) ;
#2094 = ORIENTED_EDGE ( 'NONE', *, *, #3542, .T. ) ;
#2095 = ORIENTED_EDGE ( 'NONE', *, *, #654, .T. ) ;
#2096 = CARTESIAN_POINT ( 'NONE',  ( -15.00000000000000000, 25.00000000000001421, 0.000000000000000000 ) ) ;
#2097 = DIRECTION ( 'NONE',  ( -0.000000000000000000, -0.000000000000000000, 1.000000000000000000 ) ) ;
#2098 = APPLICATION_PROTOCOL_DEFINITION ( 'draft international standard', 'automotive_design', 1998, #1826 ) ;
#2099 = ORIENTED_EDGE ( 'NONE', *, *, #246, .F. ) ;
#2100 = FACE_OUTER_BOUND ( 'NONE', #1147, .T. ) ;
#2101 = EDGE_LOOP ( 'NONE', ( #2790, #2464, #457, #672 ) ) ;
#2102 = CIRCLE ( 'NONE', #2533, 2.000000000000001776 ) ;
#2103 = ORIENTED_EDGE ( 'NONE', *, *, #3269, .F. ) ;
#2104 = DIRECTION ( 'NONE',  ( -0.000000000000000000, -0.000000000000000000, 1.000000000000000000 ) ) ;
#2105 = EDGE_CURVE ( 'NONE', #2515, #2202, #1190, .T. ) ;
#2106 = AXIS2_PLACEMENT_3D ( 'NONE', #2909, #937, #369 ) ;
#2107 = CARTESIAN_POINT ( 'NONE',  ( 12.75000000000001421, -40.00000000000000000, 2.499999999999997780 ) ) ;
#2108 = CARTESIAN_POINT ( 'NONE',  ( 6.000000000000000888, -13.00000000000001066, 2.449489742783176105 ) ) ;
#2109 = LINE ( 'NONE', #1231, #2170 ) ;
#2110 = EDGE_LOOP ( 'NONE', ( #3130, #1636, #638, #1214 ) ) ;
#2111 = AXIS2_PLACEMENT_3D ( 'NONE', #1238, #2402, #1634 ) ;
#2112 = VECTOR ( 'NONE', #2189, 1000.000000000000000 ) ;
#2113 = CARTESIAN_POINT ( 'NONE',  ( 5.993185195299350454, -12.66807124708470766, 2.500000000000000000 ) ) ;
#2114 = AXIS2_PLACEMENT_3D ( 'NONE', #3065, #2514, #446 ) ;
#2115 = LINE ( 'NONE', #3552, #1683 ) ;
#2116 = AXIS2_PLACEMENT_3D ( 'NONE', #3191, #2343, #3516 ) ;
#2117 = EDGE_CURVE ( 'NONE', #2877, #2344, #2775, .T. ) ;
#2118 = EDGE_CURVE ( 'NONE', #855, #1689, #3267, .T. ) ;
#2119 = EDGE_CURVE ( 'NONE', #793, #525, #1938, .T. ) ;
#2120 = ORIENTED_EDGE ( 'NONE', *, *, #3682, .F. ) ;
#2121 = CARTESIAN_POINT ( 'NONE',  ( -40.49999999999999289, -34.50000000000000000, -3.500000000000000444 ) ) ;
#2122 = CARTESIAN_POINT ( 'NONE',  ( 10.25000000000000000, -50.00000000000000000, -1.821662113731688484E-15 ) ) ;
#2123 = CIRCLE ( 'NONE', #1809, 1.749999999999994671 ) ;
#2124 = CARTESIAN_POINT ( 'NONE',  ( -9.500000000000000000, -13.24999999999999645, -2.750000000000000000 ) ) ;
#2125 = LINE ( 'NONE', #379, #1434 ) ;
#2126 = COLOUR_RGB ( '',0.7921568627450980005, 0.8196078431372548767, 0.9333333333333333481 ) ;
#2127 = ORIENTED_EDGE ( 'NONE', *, *, #1845, .F. ) ;
#2128 = CARTESIAN_POINT ( 'NONE',  ( 50.00000000000000000, 38.00000000000000000, 5.000000000000000000 ) ) ;
#2129 = VERTEX_POINT ( 'NONE', #1478 ) ;
#2130 = LINE ( 'NONE', #2491, #580 ) ;
#2131 = CARTESIAN_POINT ( 'NONE',  ( 5.250000000000000000, -50.00000000000000000, -1.821662113731688484E-15 ) ) ;
#2132 = CARTESIAN_POINT ( 'NONE',  ( -10.25000000000000000, -15.00000000000000000, -1.821662113731688484E-15 ) ) ;
#2133 = CARTESIAN_POINT ( 'NONE',  ( 43.67542648054295285, 34.50000000000000711, 0.000000000000000000 ) ) ;
#2134 = EDGE_CURVE ( 'NONE', #2198, #1721, #236, .T. ) ;
#2135 = EDGE_LOOP ( 'NONE', ( #2753, #1416, #1734, #2384, #1403 ) ) ;
#2136 = CARTESIAN_POINT ( 'NONE',  ( -10.25000000000000000, -15.00000000000000000, -1.821662113731688484E-15 ) ) ;
#2137 = DIRECTION ( 'NONE',  ( -0.4999999999999994449, -0.8660254037844389297, 0.000000000000000000 ) ) ;
#2138 = ORIENTED_EDGE ( 'NONE', *, *, #106, .T. ) ;
#2139 = DIRECTION ( 'NONE',  ( -0.4999999999999993894, -0.8660254037844389297, 0.000000000000000000 ) ) ;
#2140 = PLANE ( 'NONE',  #2653 ) ;
#2141 = ADVANCED_FACE ( 'NONE', ( #839 ), #496, .F. ) ;
#2142 = CARTESIAN_POINT ( 'NONE',  ( 12.75000000000001421, -15.00000000000000000, 2.499999999999997780 ) ) ;
#2143 = DIRECTION ( 'NONE',  ( 0.000000000000000000, -0.7071067811865477948, -0.7071067811865473507 ) ) ;
#2144 = ORIENTED_EDGE ( 'NONE', *, *, #973, .T. ) ;
#2145 = DIRECTION ( 'NONE',  ( -0.4999999999999959477, 0.8660254037844410391, 0.000000000000000000 ) ) ;
#2146 = ORIENTED_EDGE ( 'NONE', *, *, #3284, .T. ) ;
#2147 = CARTESIAN_POINT ( 'NONE',  ( 3.687500000000009770, 10.61306264708975888, 2.500000000000000000 ) ) ;
#2148 = DIRECTION ( 'NONE',  ( 0.000000000000000000, -0.000000000000000000, 1.000000000000000000 ) ) ;
#2149 = DIRECTION ( 'NONE',  ( 0.4999999999999996669, -0.8660254037844388186, 0.000000000000000000 ) ) ;
#2150 = CYLINDRICAL_SURFACE ( 'NONE', #1791, 1.749999999999994671 ) ;
#2151 = VERTEX_POINT ( 'NONE', #1641 ) ;
#2152 = DIRECTION ( 'NONE',  ( 1.000000000000000000, -2.891205793294678696E-17, 0.000000000000000000 ) ) ;
#2153 = DIRECTION ( 'NONE',  ( -0.4999999999999993894, -0.8660254037844389297, 0.000000000000000000 ) ) ;
#2154 = VERTEX_POINT ( 'NONE', #1410 ) ;
#2155 = CARTESIAN_POINT ( 'NONE',  ( 9.500000000000000000, -20.00000000000000000, -0.5000000000000009992 ) ) ;
#2156 = EDGE_CURVE ( 'NONE', #2028, #288, #2222, .T. ) ;
#2157 = DIRECTION ( 'NONE',  ( -0.000000000000000000, -1.000000000000000000, -0.000000000000000000 ) ) ;
#2158 = CARTESIAN_POINT ( 'NONE',  ( 42.08771324027149063, 37.25000000000000711, 0.000000000000000000 ) ) ;
#2159 = EDGE_LOOP ( 'NONE', ( #2462, #2566, #3045, #2325, #100 ) ) ;
#2160 = DIRECTION ( 'NONE',  ( -1.000000000000000000, 0.000000000000000000, 0.000000000000000000 ) ) ;
#2161 = ADVANCED_FACE ( 'NONE', ( #763 ), #2526, .T. ) ;
#2162 = VERTEX_POINT ( 'NONE', #3123 ) ;
#2163 = CARTESIAN_POINT ( 'NONE',  ( 10.74999999999999645, -12.00000000000000000, 5.000000000000000000 ) ) ;
#2164 = DIRECTION ( 'NONE',  ( 0.4999999999999994449, 0.8660254037844389297, 0.000000000000000000 ) ) ;
#2165 = CARTESIAN_POINT ( 'NONE',  ( 5.249999999999999112, -55.00000000000000000, 4.999999999999998224 ) ) ;
#2166 = DIRECTION ( 'NONE',  ( -0.000000000000000000, 0.7071067811865446862, 0.7071067811865504593 ) ) ;
#2167 = CARTESIAN_POINT ( 'NONE',  ( 42.08771324027149063, 37.25000000000000711, 2.500000000000000000 ) ) ;
#2168 = EDGE_LOOP ( 'NONE', ( #1367, #1332, #2016, #2268 ) ) ;
#2169 = AXIS2_PLACEMENT_3D ( 'NONE', #2250, #3435, #1973 ) ;
#2170 = VECTOR ( 'NONE', #2394, 1000.000000000000000 ) ;
#2171 = DIRECTION ( 'NONE',  ( 0.000000000000000000, 0.000000000000000000, 1.000000000000000000 ) ) ;
#2172 = PLANE ( 'NONE',  #1382 ) ;
#2173 = VECTOR ( 'NONE', #1021, 1000.000000000000000 ) ;
#2174 = AXIS2_PLACEMENT_3D ( 'NONE', #2974, #2931, #2364 ) ;
#2175 = ORIENTED_EDGE ( 'NONE', *, *, #1642, .F. ) ;
#2176 = DIRECTION ( 'NONE',  ( -1.000000000000000000, 0.000000000000000000, 0.000000000000000000 ) ) ;
#2177 = VECTOR ( 'NONE', #3457, 1000.000000000000000 ) ;
#2178 = AXIS2_PLACEMENT_3D ( 'NONE', #435, #1594, #2401 ) ;
#2179 = CARTESIAN_POINT ( 'NONE',  ( 38.91228675972853779, 31.75000000000000000, 2.500000000000000000 ) ) ;
#2180 = DIRECTION ( 'NONE',  ( -0.000000000000000000, -0.000000000000000000, -1.000000000000000000 ) ) ;
#2181 = ORIENTED_EDGE ( 'NONE', *, *, #3730, .T. ) ;
#2182 = EDGE_CURVE ( 'NONE', #2627, #2701, #1658, .T. ) ;
#2183 = VECTOR ( 'NONE', #3343, 1000.000000000000000 ) ;
#2184 = ORIENTED_EDGE ( 'NONE', *, *, #3144, .F. ) ;
#2185 = AXIS2_PLACEMENT_3D ( 'NONE', #406, #2194, #3359 ) ;
#2186 = DIRECTION ( 'NONE',  ( 0.4999999999999994449, 0.8660254037844389297, 0.000000000000000000 ) ) ;
#2187 = ORIENTED_EDGE ( 'NONE', *, *, #2603, .T. ) ;
#2188 =( GEOMETRIC_REPRESENTATION_CONTEXT ( 3 ) GLOBAL_UNCERTAINTY_ASSIGNED_CONTEXT ( ( #3424 ) ) GLOBAL_UNIT_ASSIGNED_CONTEXT ( ( #2383, #3209, #2977 ) ) REPRESENTATION_CONTEXT ( 'NONE', 'WORKASPACE' ) );
#2189 = DIRECTION ( 'NONE',  ( -0.7071067811865489050, 0.000000000000000000, 0.7071067811865462405 ) ) ;
#2190 = EDGE_CURVE ( 'NONE', #3500, #1463, #758, .T. ) ;
#2191 = LINE ( 'NONE', #161, #1492 ) ;
#2192 = EDGE_CURVE ( 'NONE', #231, #1075, #954, .T. ) ;
#2193 = FACE_BOUND ( 'NONE', #427, .T. ) ;
#2194 = DIRECTION ( 'NONE',  ( 0.7071067811865462405, -0.000000000000000000, 0.7071067811865489050 ) ) ;
#2195 = VERTEX_POINT ( 'NONE', #1784 ) ;
#2196 = CARTESIAN_POINT ( 'NONE',  ( 50.00000000000000000, 38.00000000000000000, 0.000000000000000000 ) ) ;
#2197 = FACE_OUTER_BOUND ( 'NONE', #1440, .T. ) ;
#2198 = VERTEX_POINT ( 'NONE', #360 ) ;
#2199 = DIRECTION ( 'NONE',  ( 0.000000000000000000, 0.7071067811865487940, -0.7071067811865463515 ) ) ;
#2200 = SURFACE_SIDE_STYLE ('',( #3052 ) ) ;
#2201 = ORIENTED_EDGE ( 'NONE', *, *, #2571, .T. ) ;
#2202 = VERTEX_POINT ( 'NONE', #693 ) ;
#2203 = DIRECTION ( 'NONE',  ( -1.000000000000000000, 0.000000000000000000, 0.000000000000000000 ) ) ;
#2204 = EDGE_LOOP ( 'NONE', ( #1299, #2362, #3657, #2917 ) ) ;
#2205 = LINE ( 'NONE', #3371, #947 ) ;
#2206 = CARTESIAN_POINT ( 'NONE',  ( -10.74999999999999645, -12.00000000000000000, 5.000000000000000000 ) ) ;
#2207 = FACE_OUTER_BOUND ( 'NONE', #1011, .T. ) ;
#2208 = ORIENTED_EDGE ( 'NONE', *, *, #932, .F. ) ;
#2209 = CARTESIAN_POINT ( 'NONE',  ( -40.49999999999999289, 34.50000000000000000, 2.499999999999999556 ) ) ;
#2210 = CARTESIAN_POINT ( 'NONE',  ( -38.91228675972852358, -37.25000000000000711, 0.000000000000000000 ) ) ;
#2211 = EDGE_CURVE ( 'NONE', #738, #2046, #2125, .T. ) ;
#2212 = EDGE_CURVE ( 'NONE', #2484, #1322, #1376, .T. ) ;
#2213 = ORIENTED_EDGE ( 'NONE', *, *, #2998, .T. ) ;
#2214 = DIRECTION ( 'NONE',  ( -0.000000000000000000, -0.000000000000000000, 1.000000000000000000 ) ) ;
#2215 = CARTESIAN_POINT ( 'NONE',  ( -5.000000000000000000, -48.75000000000000000, 5.000000000000000000 ) ) ;
#2216 = CARTESIAN_POINT ( 'NONE',  ( 0.000000000000000000, -13.00000000000001066, 2.500000000000000000 ) ) ;
#2217 = LINE ( 'NONE', #1612, #828 ) ;
#2218 = ORIENTED_EDGE ( 'NONE', *, *, #310, .T. ) ;
#2219 = ORIENTED_EDGE ( 'NONE', *, *, #479, .F. ) ;
#2220 = DIRECTION ( 'NONE',  ( -0.000000000000000000, -0.000000000000000000, 1.000000000000000000 ) ) ;
#2221 = ORIENTED_EDGE ( 'NONE', *, *, #847, .T. ) ;
#2222 = LINE ( 'NONE', #3175, #1923 ) ;
#2223 = DIRECTION ( 'NONE',  ( 0.8660254037844388186, -0.4999999999999997224, 0.000000000000000000 ) ) ;
#2224 = ORIENTED_EDGE ( 'NONE', *, *, #2062, .F. ) ;
#2225 = EDGE_CURVE ( 'NONE', #924, #848, #1868, .T. ) ;
#2226 = DIRECTION ( 'NONE',  ( 1.000000000000000000, 0.000000000000000000, 0.000000000000000000 ) ) ;
#2227 = LINE ( 'NONE', #1289, #2784 ) ;
#2228 = VERTEX_POINT ( 'NONE', #2689 ) ;
#2229 = AXIS2_PLACEMENT_3D ( 'NONE', #313, #1472, #2968 ) ;
#2230 = AXIS2_PLACEMENT_3D ( 'NONE', #309, #1760, #1153 ) ;
#2231 = DIRECTION ( 'NONE',  ( -1.000000000000000000, -0.000000000000000000, -0.000000000000000000 ) ) ;
#2232 = ADVANCED_FACE ( 'NONE', ( #3323 ), #661, .T. ) ;
#2233 = CIRCLE ( 'NONE', #219, 1.750000000000001554 ) ;
#2234 = DIRECTION ( 'NONE',  ( 1.000000000000000000, 0.000000000000000000, 0.000000000000000000 ) ) ;
#2235 = VECTOR ( 'NONE', #3113, 1000.000000000000114 ) ;
#2236 = EDGE_CURVE ( 'NONE', #721, #2758, #1735, .T. ) ;
#2237 = VERTEX_POINT ( 'NONE', #930 ) ;
#2238 = ORIENTED_EDGE ( 'NONE', *, *, #2596, .T. ) ;
#2239 = AXIS2_PLACEMENT_3D ( 'NONE', #1650, #2821, #2234 ) ;
#2240 = VECTOR ( 'NONE', #1498, 1000.000000000000000 ) ;
#2241 = VECTOR ( 'NONE', #65, 1000.000000000000000 ) ;
#2242 = CARTESIAN_POINT ( 'NONE',  ( 15.00000000000000000, 18.25000000000000355, -2.249999999999999556 ) ) ;
#2243 = ORIENTED_EDGE ( 'NONE', *, *, #1432, .T. ) ;
#2244 = CARTESIAN_POINT ( 'NONE',  ( 9.000000000000005329, -13.00000000000000888, 5.000000000000000000 ) ) ;
#2245 = CIRCLE ( 'NONE', #1265, 1.999999999999994893 ) ;
#2246 = CARTESIAN_POINT ( 'NONE',  ( 38.91228675972853779, 37.25000000000000711, 0.000000000000000000 ) ) ;
#2247 = DIRECTION ( 'NONE',  ( 0.7071067811865462405, 0.000000000000000000, -0.7071067811865489050 ) ) ;
#2248 = CARTESIAN_POINT ( 'NONE',  ( 9.000000000000000000, 19.99999999999998934, 2.500000000000000000 ) ) ;
#2249 = ORIENTED_EDGE ( 'NONE', *, *, #660, .F. ) ;
#2250 = CARTESIAN_POINT ( 'NONE',  ( -5.000000000000000000, -47.00000000000000000, 5.000000000000000000 ) ) ;
#2251 = CYLINDRICAL_SURFACE ( 'NONE', #226, 7.375000000000000000 ) ;
#2252 = ORIENTED_EDGE ( 'NONE', *, *, #625, .T. ) ;
#2253 = DIRECTION ( 'NONE',  ( -1.000000000000000000, 0.000000000000000000, 0.000000000000000000 ) ) ;
#2254 = DIRECTION ( 'NONE',  ( 0.8660254037844388186, 0.4999999999999997224, -0.000000000000000000 ) ) ;
#2255 = VERTEX_POINT ( 'NONE', #2995 ) ;
#2256 = EDGE_LOOP ( 'NONE', ( #3605, #2084, #1444, #2316, #3033 ) ) ;
#2257 = ADVANCED_FACE ( 'NONE', ( #2705 ), #40, .F. ) ;
#2258 = EDGE_CURVE ( 'NONE', #1721, #2520, #2670, .T. ) ;
#2259 = DIRECTION ( 'NONE',  ( -9.130123557772669567E-17, 1.000000000000000000, -0.000000000000000000 ) ) ;
#2260 = VERTEX_POINT ( 'NONE', #1261 ) ;
#2261 = ADVANCED_FACE ( 'NONE', ( #1201 ), #2427, .F. ) ;
#2262 = DIRECTION ( 'NONE',  ( -0.000000000000000000, 1.000000000000000000, -0.000000000000000000 ) ) ;
#2263 = CARTESIAN_POINT ( 'NONE',  ( 7.608588896766599774, -12.49999999999999822, 2.500000000000000000 ) ) ;
#2264 = DIRECTION ( 'NONE',  ( -0.4999999999999990008, 0.8660254037844391517, 0.000000000000000000 ) ) ;
#2265 = ORIENTED_EDGE ( 'NONE', *, *, #1292, .T. ) ;
#2266 = LINE ( 'NONE', #64, #3207 ) ;
#2267 = LINE ( 'NONE', #1996, #2960 ) ;
#2268 = ORIENTED_EDGE ( 'NONE', *, *, #3610, .T. ) ;
#2269 = DIRECTION ( 'NONE',  ( -0.000000000000000000, -0.000000000000000000, 1.000000000000000000 ) ) ;
#2270 = ORIENTED_EDGE ( 'NONE', *, *, #1223, .T. ) ;
#2271 = ORIENTED_EDGE ( 'NONE', *, *, #3142, .T. ) ;
#2272 = ADVANCED_FACE ( 'NONE', ( #2950 ), #2445, .F. ) ;
#2273 = CARTESIAN_POINT ( 'NONE',  ( 7.375000000000000000, -13.00000000000001066, 2.500000000000000000 ) ) ;
#2274 = ORIENTED_EDGE ( 'NONE', *, *, #634, .T. ) ;
#2275 = CARTESIAN_POINT ( 'NONE',  ( 9.000000000000000000, 17.49999999999999289, 0.000000000000000000 ) ) ;
#2276 = EDGE_CURVE ( 'NONE', #3561, #686, #3245, .T. ) ;
#2277 = ADVANCED_FACE ( 'NONE', ( #1219 ), #116, .F. ) ;
#2278 = CARTESIAN_POINT ( 'NONE',  ( 0.000000000000000000, 16.99999999999998579, 5.000000000000000000 ) ) ;
#2279 = ORIENTED_EDGE ( 'NONE', *, *, #228, .F. ) ;
#2280 = DIRECTION ( 'NONE',  ( -0.4999999999999959477, 0.8660254037844410391, 0.000000000000000000 ) ) ;
#2281 = LINE ( 'NONE', #825, #831 ) ;
#2282 = CARTESIAN_POINT ( 'NONE',  ( 15.00000000000000000, 20.50000000000000000, 0.000000000000000000 ) ) ;
#2283 = ORIENTED_EDGE ( 'NONE', *, *, #1308, .F. ) ;
#2284 = CARTESIAN_POINT ( 'NONE',  ( -42.24999999999999289, 34.50000000000000000, -3.500000000000000444 ) ) ;
#2285 = CARTESIAN_POINT ( 'NONE',  ( 38.91228675972854489, -31.75000000000000000, 2.500000000000000000 ) ) ;
#2286 = VECTOR ( 'NONE', #2280, 1000.000000000000114 ) ;
#2287 = VERTEX_POINT ( 'NONE', #2158 ) ;
#2288 = ORIENTED_EDGE ( 'NONE', *, *, #229, .F. ) ;
#2289 = VECTOR ( 'NONE', #1073, 1000.000000000000000 ) ;
#2290 = VECTOR ( 'NONE', #3305, 1000.000000000000114 ) ;
#2291 = CARTESIAN_POINT ( 'NONE',  ( 9.000000000000000000, 19.99999999999998934, 2.500000000000000000 ) ) ;
#2292 = EDGE_LOOP ( 'NONE', ( #147, #1295, #3328, #225 ) ) ;
#2293 = VECTOR ( 'NONE', #2361, 1000.000000000000000 ) ;
#2294 = VECTOR ( 'NONE', #3715, 1000.000000000000000 ) ;
#2295 = VECTOR ( 'NONE', #374, 1000.000000000000000 ) ;
#2296 = AXIS2_PLACEMENT_3D ( 'NONE', #1564, #3619, #2164 ) ;
#2297 = CARTESIAN_POINT ( 'NONE',  ( -42.08771324027147642, 31.75000000000000711, 0.000000000000000000 ) ) ;
#2298 = DIRECTION ( 'NONE',  ( -0.4999999999999987232, -0.8660254037844393737, -0.000000000000000000 ) ) ;
#2299 = ORIENTED_EDGE ( 'NONE', *, *, #2812, .T. ) ;
#2300 = ORIENTED_EDGE ( 'NONE', *, *, #1432, .F. ) ;
#2301 = AXIS2_PLACEMENT_3D ( 'NONE', #1164, #3215, #897 ) ;
#2302 = DIRECTION ( 'NONE',  ( -1.000000000000000000, -0.000000000000000000, -0.000000000000000000 ) ) ;
#2303 = EDGE_CURVE ( 'NONE', #1839, #153, #2382, .T. ) ;
#2304 = DIRECTION ( 'NONE',  ( -1.000000000000000000, -0.000000000000000000, -0.000000000000000000 ) ) ;
#2305 = CARTESIAN_POINT ( 'NONE',  ( 38.91228675972853779, 31.75000000000000000, 0.000000000000000000 ) ) ;
#2306 = VECTOR ( 'NONE', #3658, 1000.000000000000000 ) ;
#2307 = DIRECTION ( 'NONE',  ( 0.000000000000000000, 1.000000000000000000, 0.000000000000000000 ) ) ;
#2308 = DIRECTION ( 'NONE',  ( 0.000000000000000000, 0.000000000000000000, 1.000000000000000000 ) ) ;
#2309 = ORIENTED_EDGE ( 'NONE', *, *, #1090, .T. ) ;
#2310 = CARTESIAN_POINT ( 'NONE',  ( -5.000000000000000000, -48.75000000000000000, -3.500000000000000444 ) ) ;
#2311 = CARTESIAN_POINT ( 'NONE',  ( 6.000000000000003553, 17.49999999999999289, 0.000000000000000000 ) ) ;
#2312 = ORIENTED_EDGE ( 'NONE', *, *, #1661, .F. ) ;
#2313 = VERTEX_POINT ( 'NONE', #3263 ) ;
#2314 = EDGE_LOOP ( 'NONE', ( #3228, #1590, #2005, #1424 ) ) ;
#2315 = CARTESIAN_POINT ( 'NONE',  ( -9.500000000000000000, -13.99999999999999112, -3.500000000000000444 ) ) ;
#2316 = ORIENTED_EDGE ( 'NONE', *, *, #2368, .T. ) ;
#2317 = EDGE_CURVE ( 'NONE', #3651, #2883, #642, .T. ) ;
#2318 = DIRECTION ( 'NONE',  ( -0.000000000000000000, -0.000000000000000000, -1.000000000000000000 ) ) ;
#2319 = CARTESIAN_POINT ( 'NONE',  ( 0.000000000000000000, -12.00000000000000000, 0.000000000000000000 ) ) ;
#2320 = DIRECTION ( 'NONE',  ( -0.000000000000000000, -0.000000000000000000, -1.000000000000000000 ) ) ;
#2321 = EDGE_LOOP ( 'NONE', ( #3481, #1471, #3709, #3135 ) ) ;
#2322 = DIRECTION ( 'NONE',  ( -0.000000000000000000, -0.000000000000000000, 1.000000000000000000 ) ) ;
#2323 = EDGE_CURVE ( 'NONE', #325, #1898, #3701, .T. ) ;
#2324 = EDGE_CURVE ( 'NONE', #586, #2198, #2518, .T. ) ;
#2325 = ORIENTED_EDGE ( 'NONE', *, *, #337, .T. ) ;
#2326 = ORIENTED_EDGE ( 'NONE', *, *, #2437, .F. ) ;
#2327 = DIRECTION ( 'NONE',  ( 0.7071067811865489050, -0.000000000000000000, 0.7071067811865462405 ) ) ;
#2328 = LINE ( 'NONE', #893, #701 ) ;
#2329 =( LENGTH_UNIT ( ) NAMED_UNIT ( * ) SI_UNIT ( .MILLI., .METRE. ) );
#2330 = VERTEX_POINT ( 'NONE', #474 ) ;
#2331 = PLANE ( 'NONE',  #590 ) ;
#2332 = ORIENTED_EDGE ( 'NONE', *, *, #1770, .T. ) ;
#2333 = CARTESIAN_POINT ( 'NONE',  ( 10.25000000000000000, -55.00000000000000000, 4.999999999999998224 ) ) ;
#2334 = FACE_OUTER_BOUND ( 'NONE', #534, .T. ) ;
#2335 = DIRECTION ( 'NONE',  ( -0.000000000000000000, -0.000000000000000000, -1.000000000000000000 ) ) ;
#2336 = ADVANCED_FACE ( 'NONE', ( #1334 ), #3114, .F. ) ;
#2337 = ORIENTED_EDGE ( 'NONE', *, *, #2737, .F. ) ;
#2338 = CARTESIAN_POINT ( 'NONE',  ( -3.222464245772837632, -4.910596876154464496, 5.000000000000000000 ) ) ;
#2339 = FACE_OUTER_BOUND ( 'NONE', #2678, .T. ) ;
#2340 = ORIENTED_EDGE ( 'NONE', *, *, #1593, .T. ) ;
#2341 = ORIENTED_EDGE ( 'NONE', *, *, #1320, .F. ) ;
#2342 = ADVANCED_FACE ( 'NONE', ( #175 ), #1610, .F. ) ;
#2343 = DIRECTION ( 'NONE',  ( -0.000000000000000000, -0.000000000000000000, 1.000000000000000000 ) ) ;
#2344 = VERTEX_POINT ( 'NONE', #717 ) ;
#2345 = AXIS2_PLACEMENT_3D ( 'NONE', #2209, #985, #1916 ) ;
#2346 = VECTOR ( 'NONE', #1545, 1000.000000000000000 ) ;
#2347 = CARTESIAN_POINT ( 'NONE',  ( 38.75000000000001421, -34.50000000000000000, 2.499999999999999556 ) ) ;
#2348 = AXIS2_PLACEMENT_3D ( 'NONE', #3092, #129, #773 ) ;
#2349 = ORIENTED_EDGE ( 'NONE', *, *, #2998, .F. ) ;
#2350 = ORIENTED_EDGE ( 'NONE', *, *, #2763, .T. ) ;
#2351 = CARTESIAN_POINT ( 'NONE',  ( 0.000000000000000000, -12.00000000000000000, 0.000000000000000000 ) ) ;
#2352 = VECTOR ( 'NONE', #2976, 1000.000000000000000 ) ;
#2353 = VECTOR ( 'NONE', #2017, 1000.000000000000000 ) ;
#2354 = DIRECTION ( 'NONE',  ( -1.000000000000000000, 0.000000000000000000, 0.000000000000000000 ) ) ;
#2355 = DIRECTION ( 'NONE',  ( 0.000000000000000000, 0.000000000000000000, -1.000000000000000000 ) ) ;
#2356 = DIRECTION ( 'NONE',  ( 0.000000000000000000, 0.000000000000000000, -1.000000000000000000 ) ) ;
#2357 = AXIS2_PLACEMENT_3D ( 'NONE', #2319, #3451, #1704 ) ;
#2358 = ORIENTED_EDGE ( 'NONE', *, *, #2225, .F. ) ;
#2359 = CIRCLE ( 'NONE', #1560, 8.999999999999998224 ) ;
#2360 = DIRECTION ( 'NONE',  ( -1.000000000000000000, 0.000000000000000000, 0.000000000000000000 ) ) ;
#2361 = DIRECTION ( 'NONE',  ( 0.000000000000000000, 0.000000000000000000, 1.000000000000000000 ) ) ;
#2362 = ORIENTED_EDGE ( 'NONE', *, *, #3499, .F. ) ;
#2363 = VERTEX_POINT ( 'NONE', #2482 ) ;
#2364 = DIRECTION ( 'NONE',  ( 1.000000000000000000, 0.000000000000000000, 0.000000000000000000 ) ) ;
#2365 = CARTESIAN_POINT ( 'NONE',  ( -48.00000000000000000, 40.00000000000000711, 5.000000000000000000 ) ) ;
#2366 = DIRECTION ( 'NONE',  ( -0.000000000000000000, -0.000000000000000000, -1.000000000000000000 ) ) ;
#2367 = CARTESIAN_POINT ( 'NONE',  ( 15.00000000000000000, 25.00000000000001421, 0.000000000000000000 ) ) ;
#2368 = EDGE_CURVE ( 'NONE', #2936, #1603, #342, .T. ) ;
#2369 = EDGE_LOOP ( 'NONE', ( #1443, #3402, #648, #2270 ) ) ;
#2370 = CARTESIAN_POINT ( 'NONE',  ( 9.500000000000000000, -16.99999999999998934, -3.500000000000000000 ) ) ;
#2371 = ADVANCED_FACE ( 'NONE', ( #3406 ), #1030, .F. ) ;
#2372 = ORIENTED_EDGE ( 'NONE', *, *, #2405, .F. ) ;
#2373 = DIRECTION ( 'NONE',  ( -1.000000000000000000, -0.000000000000000000, -0.000000000000000000 ) ) ;
#2374 = DIRECTION ( 'NONE',  ( 1.000000000000000000, 0.000000000000000000, 0.000000000000000000 ) ) ;
#2375 = DIRECTION ( 'NONE',  ( -1.000000000000000000, -2.891205793294678696E-17, 0.000000000000000000 ) ) ;
#2376 = DIRECTION ( 'NONE',  ( -0.000000000000000000, -0.000000000000000000, 1.000000000000000000 ) ) ;
#2377 = VERTEX_POINT ( 'NONE', #3425 ) ;
#2378 = LINE ( 'NONE', #1762, #3638 ) ;
#2379 = CARTESIAN_POINT ( 'NONE',  ( 5.250000000000000000, -55.00000000000000000, 4.999999999999998224 ) ) ;
#2380 = ORIENTED_EDGE ( 'NONE', *, *, #2505, .F. ) ;
#2381 = CARTESIAN_POINT ( 'NONE',  ( 43.67542648054295285, 34.50000000000000711, 0.000000000000000000 ) ) ;
#2382 = LINE ( 'NONE', #3556, #2899 ) ;
#2383 =( LENGTH_UNIT ( ) NAMED_UNIT ( * ) SI_UNIT ( .MILLI., .METRE. ) );
#2384 = ORIENTED_EDGE ( 'NONE', *, *, #538, .F. ) ;
#2385 = ADVANCED_FACE ( 'NONE', ( #1946 ), #1888, .F. ) ;
#2386 = DIRECTION ( 'NONE',  ( 0.000000000000000000, -0.7071067811865466846, -0.7071067811865484609 ) ) ;
#2387 = ORIENTED_EDGE ( 'NONE', *, *, #61, .F. ) ;
#2388 = VERTEX_POINT ( 'NONE', #490 ) ;
#2389 = CARTESIAN_POINT ( 'NONE',  ( -9.500000000000000000, -16.99999999999998934, -3.500000000000000000 ) ) ;
#2390 = EDGE_CURVE ( 'NONE', #2028, #3005, #2749, .T. ) ;
#2391 = ADVANCED_FACE ( 'NONE', ( #1048 ), #2501, .T. ) ;
#2392 = DIRECTION ( 'NONE',  ( -0.000000000000000000, -0.000000000000000000, 1.000000000000000000 ) ) ;
#2393 = PLANE ( 'NONE',  #2419 ) ;
#2394 = DIRECTION ( 'NONE',  ( -0.7071067811865492381, -0.000000000000000000, 0.7071067811865457964 ) ) ;
#2395 = ORIENTED_EDGE ( 'NONE', *, *, #544, .F. ) ;
#2396 = DIRECTION ( 'NONE',  ( 1.000000000000000000, 0.000000000000000000, 0.000000000000000000 ) ) ;
#2397 = DIRECTION ( 'NONE',  ( 0.000000000000000000, -0.000000000000000000, -1.000000000000000000 ) ) ;
#2398 = ORIENTED_EDGE ( 'NONE', *, *, #3232, .F. ) ;
#2399 = LINE ( 'NONE', #3243, #2473 ) ;
#2400 = CARTESIAN_POINT ( 'NONE',  ( 9.000000000000001776, -13.00000000000000888, 2.449489742783176549 ) ) ;
#2401 = DIRECTION ( 'NONE',  ( 1.000000000000000000, 0.000000000000000000, 0.000000000000000000 ) ) ;
#2402 = DIRECTION ( 'NONE',  ( 0.000000000000000000, 0.000000000000000000, 1.000000000000000000 ) ) ;
#2403 = ORIENTED_EDGE ( 'NONE', *, *, #1363, .T. ) ;
#2404 = MANIFOLD_SOLID_BREP ( 'Cut-Extrude12', #3149 ) ;
#2405 = EDGE_CURVE ( 'NONE', #1635, #3674, #2786, .T. ) ;
#2406 = FACE_OUTER_BOUND ( 'NONE', #2032, .T. ) ;
#2407 = VERTEX_POINT ( 'NONE', #3095 ) ;
#2408 = AXIS2_PLACEMENT_3D ( 'NONE', #992, #3324, #1577 ) ;
#2409 = VECTOR ( 'NONE', #1818, 1000.000000000000000 ) ;
#2410 = AXIS2_PLACEMENT_3D ( 'NONE', #783, #2247, #3416 ) ;
#2411 = DIRECTION ( 'NONE',  ( 0.5000000000000019984, -0.8660254037844375974, 0.000000000000000000 ) ) ;
#2412 = FACE_OUTER_BOUND ( 'NONE', #2930, .T. ) ;
#2413 = LINE ( 'NONE', #2454, #2953 ) ;
#2414 = ADVANCED_FACE ( 'NONE', ( #134 ), #1351, .F. ) ;
#2415 = ORIENTED_EDGE ( 'NONE', *, *, #2829, .T. ) ;
#2416 =( GEOMETRIC_REPRESENTATION_CONTEXT ( 3 ) GLOBAL_UNCERTAINTY_ASSIGNED_CONTEXT ( ( #2536 ) ) GLOBAL_UNIT_ASSIGNED_CONTEXT ( ( #2461, #3349, #732 ) ) REPRESENTATION_CONTEXT ( 'NONE', 'WORKASPACE' ) );
#2417 = VECTOR ( 'NONE', #1157, 1000.000000000000000 ) ;
#2418 = CARTESIAN_POINT ( 'NONE',  ( 42.08771324027147642, -31.75000000000000000, 2.500000000000000000 ) ) ;
#2419 = AXIS2_PLACEMENT_3D ( 'NONE', #1544, #1168, #2355 ) ;
#2420 = CARTESIAN_POINT ( 'NONE',  ( -10.25000000000000000, -50.00000000000000000, 4.999999999999998224 ) ) ;
#2421 = VECTOR ( 'NONE', #1629, 1000.000000000000000 ) ;
#2422 = ORIENTED_EDGE ( 'NONE', *, *, #613, .T. ) ;
#2423 = ORIENTED_EDGE ( 'NONE', *, *, #995, .T. ) ;
#2424 = FACE_OUTER_BOUND ( 'NONE', #27, .T. ) ;
#2425 = AXIS2_PLACEMENT_3D ( 'NONE', #3176, #2009, #3468 ) ;
#2426 = CARTESIAN_POINT ( 'NONE',  ( 0.000000000000000000, 1.999999999999989564, 2.500000000000000000 ) ) ;
#2427 = PLANE ( 'NONE',  #2479 ) ;
#2428 = VECTOR ( 'NONE', #3103, 1000.000000000000227 ) ;
#2429 = VERTEX_POINT ( 'NONE', #2626 ) ;
#2430 = CARTESIAN_POINT ( 'NONE',  ( 42.08771324027148353, 31.75000000000000000, 0.000000000000000000 ) ) ;
#2431 = ORIENTED_EDGE ( 'NONE', *, *, #2946, .T. ) ;
#2432 = CARTESIAN_POINT ( 'NONE',  ( -38.91228675972852358, -31.75000000000000711, 2.500000000000000000 ) ) ;
#2433 = DIRECTION ( 'NONE',  ( 0.000000000000000000, 0.000000000000000000, 1.000000000000000000 ) ) ;
#2434 = DIRECTION ( 'NONE',  ( 1.000000000000000000, -0.000000000000000000, -0.000000000000000000 ) ) ;
#2435 = LINE ( 'NONE', #3604, #3393 ) ;
#2436 = ORIENTED_EDGE ( 'NONE', *, *, #1855, .T. ) ;
#2437 = EDGE_CURVE ( 'NONE', #2613, #477, #1141, .T. ) ;
#2438 = DIRECTION ( 'NONE',  ( -1.000000000000000000, 0.000000000000000000, 0.000000000000000000 ) ) ;
#2439 = FACE_OUTER_BOUND ( 'NONE', #299, .T. ) ;
#2440 = VERTEX_POINT ( 'NONE', #564 ) ;
#2441 = DIRECTION ( 'NONE',  ( 1.000000000000000000, 0.000000000000000000, -0.000000000000000000 ) ) ;
#2442 = ADVANCED_FACE ( 'NONE', ( #2339 ), #2862, .F. ) ;
#2443 = EDGE_CURVE ( 'NONE', #231, #525, #3738, .T. ) ;
#2444 = DIRECTION ( 'NONE',  ( -0.000000000000000000, -0.000000000000000000, -1.000000000000000000 ) ) ;
#2445 = CYLINDRICAL_SURFACE ( 'NONE', #3089, 1.749999999999994671 ) ;
#2446 = EDGE_CURVE ( 'NONE', #3766, #2806, #582, .T. ) ;
#2447 = DIRECTION ( 'NONE',  ( -0.5000000000000003331, -0.8660254037844383745, 0.000000000000000000 ) ) ;
#2448 = EDGE_LOOP ( 'NONE', ( #414, #2059, #664, #2252 ) ) ;
#2449 = DIRECTION ( 'NONE',  ( -0.000000000000000000, -0.000000000000000000, 1.000000000000000000 ) ) ;
#2450 = ORIENTED_EDGE ( 'NONE', *, *, #473, .F. ) ;
#2451 = LINE ( 'NONE', #1541, #335 ) ;
#2452 = CARTESIAN_POINT ( 'NONE',  ( -47.99999999999999289, -38.00000000000000000, 5.000000000000000000 ) ) ;
#2453 = CARTESIAN_POINT ( 'NONE',  ( 15.00000000000000000, 18.25000000000000355, -2.249999999999999556 ) ) ;
#2454 = CARTESIAN_POINT ( 'NONE',  ( 0.000000000000000000, -12.49999999999999822, 2.500000000000000000 ) ) ;
#2455 = ORIENTED_EDGE ( 'NONE', *, *, #3763, .T. ) ;
#2456 = CARTESIAN_POINT ( 'NONE',  ( -1.102182119232617714E-15, -4.000000000000010658, 2.500000000000000000 ) ) ;
#2457 = EDGE_CURVE ( 'NONE', #3050, #3535, #1072, .T. ) ;
#2458 = DIRECTION ( 'NONE',  ( 0.000000000000000000, 0.000000000000000000, 1.000000000000000000 ) ) ;
#2459 = ORIENTED_EDGE ( 'NONE', *, *, #2040, .T. ) ;
#2460 = FACE_OUTER_BOUND ( 'NONE', #242, .T. ) ;
#2461 =( LENGTH_UNIT ( ) NAMED_UNIT ( * ) SI_UNIT ( .MILLI., .METRE. ) );
#2462 = ORIENTED_EDGE ( 'NONE', *, *, #2134, .T. ) ;
#2463 = EDGE_CURVE ( 'NONE', #1645, #3679, #1692, .T. ) ;
#2464 = ORIENTED_EDGE ( 'NONE', *, *, #2721, .F. ) ;
#2465 = EDGE_CURVE ( 'NONE', #2255, #1481, #807, .T. ) ;
#2466 = CARTESIAN_POINT ( 'NONE',  ( -3.222464245772837632, -4.910596876154464496, 2.500000000000000000 ) ) ;
#2467 = ORIENTED_EDGE ( 'NONE', *, *, #3763, .F. ) ;
#2468 = LINE ( 'NONE', #384, #2112 ) ;
#2469 = CARTESIAN_POINT ( 'NONE',  ( 48.00000000000000711, 40.00000000000000000, 5.000000000000000000 ) ) ;
#2470 = CARTESIAN_POINT ( 'NONE',  ( 10.74999999999999645, -12.00000000000000000, 0.000000000000000000 ) ) ;
#2471 = ORIENTED_EDGE ( 'NONE', *, *, #2258, .T. ) ;
#2472 = VECTOR ( 'NONE', #3471, 1000.000000000000000 ) ;
#2473 = VECTOR ( 'NONE', #3595, 1000.000000000000114 ) ;
#2474 = LINE ( 'NONE', #169, #2042 ) ;
#2475 = CARTESIAN_POINT ( 'NONE',  ( 15.00000000000000000, 18.25000000000000355, -2.249999999999999556 ) ) ;
#2476 = AXIS2_PLACEMENT_3D ( 'NONE', #191, #3652, #1945 ) ;
#2477 = ORIENTED_EDGE ( 'NONE', *, *, #940, .T. ) ;
#2478 = CARTESIAN_POINT ( 'NONE',  ( 9.500000000000000000, -20.00000000000000000, -0.5000000000000009992 ) ) ;
#2479 = AXIS2_PLACEMENT_3D ( 'NONE', #2367, #3539, #3597 ) ;
#2480 = AXIS2_PLACEMENT_3D ( 'NONE', #589, #39, #1118 ) ;
#2481 = CARTESIAN_POINT ( 'NONE',  ( -42.08771324027145511, -37.25000000000000711, 2.500000000000000000 ) ) ;
#2482 = CARTESIAN_POINT ( 'NONE',  ( -38.91228675972853068, 37.25000000000000000, 0.000000000000000000 ) ) ;
#2483 = PLANE ( 'NONE',  #2408 ) ;
#2484 = VERTEX_POINT ( 'NONE', #3509 ) ;
#2485 = VECTOR ( 'NONE', #3489, 1000.000000000000000 ) ;
#2486 = ORIENTED_EDGE ( 'NONE', *, *, #1090, .F. ) ;
#2487 = VECTOR ( 'NONE', #2149, 1000.000000000000114 ) ;
#2488 = CARTESIAN_POINT ( 'NONE',  ( 48.00000000000000711, 38.00000000000000000, 0.000000000000000000 ) ) ;
#2489 = ORIENTED_EDGE ( 'NONE', *, *, #1712, .T. ) ;
#2490 = AXIS2_PLACEMENT_3D ( 'NONE', #1016, #382, #2186 ) ;
#2491 = CARTESIAN_POINT ( 'NONE',  ( 0.000000000000000000, -12.49999999999999822, 2.500000000000000000 ) ) ;
#2492 = FACE_OUTER_BOUND ( 'NONE', #834, .T. ) ;
#2493 = ADVANCED_FACE ( 'NONE', ( #1724 ), #1101, .F. ) ;
#2494 = ADVANCED_FACE ( 'NONE', ( #3776 ), #868, .T. ) ;
#2495 = DIRECTION ( 'NONE',  ( 0.4999999999999997224, 0.8660254037844388186, 0.000000000000000000 ) ) ;
#2496 = VERTEX_POINT ( 'NONE', #2285 ) ;
#2497 = CARTESIAN_POINT ( 'NONE',  ( -1.102182119232617714E-15, -4.000000000000010658, 2.500000000000000000 ) ) ;
#2498 = CARTESIAN_POINT ( 'NONE',  ( -10.25000000000000000, -15.00000000000000000, 4.999999999999998224 ) ) ;
#2499 = ORIENTED_EDGE ( 'NONE', *, *, #3636, .F. ) ;
#2500 = CARTESIAN_POINT ( 'NONE',  ( 9.000000000000000000, 17.49999999999999289, 2.500000000000000000 ) ) ;
#2501 = PLANE ( 'NONE',  #400 ) ;
#2502 = DIRECTION ( 'NONE',  ( -0.000000000000000000, 1.000000000000000000, -0.000000000000000000 ) ) ;
#2503 = ORIENTED_EDGE ( 'NONE', *, *, #241, .T. ) ;
#2504 = ORIENTED_EDGE ( 'NONE', *, *, #336, .F. ) ;
#2505 = EDGE_CURVE ( 'NONE', #1221, #1936, #2035, .T. ) ;
#2506 = LINE ( 'NONE', #996, #283 ) ;
#2507 = ORIENTED_EDGE ( 'NONE', *, *, #1404, .F. ) ;
#2508 = DIRECTION ( 'NONE',  ( -0.000000000000000000, -0.000000000000000000, 1.000000000000000000 ) ) ;
#2509 = FACE_BOUND ( 'NONE', #2788, .T. ) ;
#2510 = CYLINDRICAL_SURFACE ( 'NONE', #894, 7.625000000000000000 ) ;
#2511 = ORIENTED_EDGE ( 'NONE', *, *, #3725, .F. ) ;
#2512 = EDGE_CURVE ( 'NONE', #1915, #2573, #3456, .T. ) ;
#2513 = CARTESIAN_POINT ( 'NONE',  ( 10.25000000000000000, -15.00000000000000000, -1.821662113731688484E-15 ) ) ;
#2514 = DIRECTION ( 'NONE',  ( -0.000000000000000000, -0.000000000000000000, 1.000000000000000000 ) ) ;
#2515 = VERTEX_POINT ( 'NONE', #1746 ) ;
#2516 = CARTESIAN_POINT ( 'NONE',  ( 48.00000000000000711, -40.00000000000000000, 5.000000000000000000 ) ) ;
#2517 = CARTESIAN_POINT ( 'NONE',  ( 38.91228675972853779, 37.25000000000000711, 0.000000000000000000 ) ) ;
#2518 = LINE ( 'NONE', #2764, #1258 ) ;
#2519 = DIRECTION ( 'NONE',  ( 0.000000000000000000, 0.000000000000000000, 1.000000000000000000 ) ) ;
#2520 = VERTEX_POINT ( 'NONE', #3168 ) ;
#2521 = VERTEX_POINT ( 'NONE', #298 ) ;
#2522 = CARTESIAN_POINT ( 'NONE',  ( 9.000000000000000000, 16.99999999999998579, 5.000000000000000000 ) ) ;
#2523 = ORIENTED_EDGE ( 'NONE', *, *, #3444, .T. ) ;
#2524 = CARTESIAN_POINT ( 'NONE',  ( 12.75000000000001421, -15.00000000000000000, 2.499999999999997780 ) ) ;
#2525 = EDGE_CURVE ( 'NONE', #993, #2089, #545, .T. ) ;
#2526 = PLANE ( 'NONE',  #2410 ) ;
#2527 = FACE_OUTER_BOUND ( 'NONE', #2, .T. ) ;
#2528 = ORIENTED_EDGE ( 'NONE', *, *, #16, .T. ) ;
#2529 = CARTESIAN_POINT ( 'NONE',  ( -47.99999999999999289, -40.00000000000000000, 5.000000000000000000 ) ) ;
#2530 = DIRECTION ( 'NONE',  ( -0.000000000000000000, 1.000000000000000000, -0.000000000000000000 ) ) ;
#2531 = EDGE_CURVE ( 'NONE', #383, #1656, #2875, .T. ) ;
#2532 = ORIENTED_EDGE ( 'NONE', *, *, #3399, .F. ) ;
#2533 = AXIS2_PLACEMENT_3D ( 'NONE', #2640, #2074, #2396 ) ;
#2534 = AXIS2_PLACEMENT_3D ( 'NONE', #352, #1001, #3043 ) ;
#2535 = DIRECTION ( 'NONE',  ( -1.000000000000000000, 0.000000000000000000, 0.000000000000000000 ) ) ;
#2536 = UNCERTAINTY_MEASURE_WITH_UNIT (LENGTH_MEASURE( 1.000000000000000082E-05 ), #2461, 'distance_accuracy_value', 'NONE');
#2537 = AXIS2_PLACEMENT_3D ( 'NONE', #141, #1301, #2148 ) ;
#2538 = DIRECTION ( 'NONE',  ( -0.000000000000000000, -0.000000000000000000, -1.000000000000000000 ) ) ;
#2539 = VECTOR ( 'NONE', #760, 1000.000000000000000 ) ;
#2540 = EDGE_CURVE ( 'NONE', #2255, #45, #1668, .T. ) ;
#2541 = VERTEX_POINT ( 'NONE', #227 ) ;
#2542 = ORIENTED_EDGE ( 'NONE', *, *, #1100, .T. ) ;
#2543 = AXIS2_PLACEMENT_3D ( 'NONE', #750, #207, #1366 ) ;
#2544 = CIRCLE ( 'NONE', #2178, 1.749999999999994671 ) ;
#2545 = VECTOR ( 'NONE', #3436, 1000.000000000000000 ) ;
#2546 = DIRECTION ( 'NONE',  ( 0.000000000000000000, 0.000000000000000000, 1.000000000000000000 ) ) ;
#2547 = ORIENTED_EDGE ( 'NONE', *, *, #1131, .F. ) ;
#2548 = AXIS2_PLACEMENT_3D ( 'NONE', #2869, #514, #2855 ) ;
#2549 = DIRECTION ( 'NONE',  ( 0.4999999999999997224, -0.8660254037844388186, 0.000000000000000000 ) ) ;
#2550 = LINE ( 'NONE', #3747, #3098 ) ;
#2551 = ORIENTED_EDGE ( 'NONE', *, *, #1247, .T. ) ;
#2552 = DIRECTION ( 'NONE',  ( -1.000000000000000000, 0.000000000000000000, 0.000000000000000000 ) ) ;
#2553 = CARTESIAN_POINT ( 'NONE',  ( -5.250000000000000000, -55.00000000000000000, -4.443078326174850659E-16 ) ) ;
#2554 = EDGE_CURVE ( 'NONE', #730, #3728, #1389, .T. ) ;
#2555 = ORIENTED_EDGE ( 'NONE', *, *, #1421, .T. ) ;
#2556 = CARTESIAN_POINT ( 'NONE',  ( 15.00000000000000000, 25.00000000000001421, 0.000000000000000000 ) ) ;
#2557 = VERTEX_POINT ( 'NONE', #3439 ) ;
#2558 = ORIENTED_EDGE ( 'NONE', *, *, #2236, .T. ) ;
#2559 = EDGE_CURVE ( 'NONE', #1689, #3050, #3150, .T. ) ;
#2560 = EDGE_CURVE ( 'NONE', #432, #2021, #1195, .T. ) ;
#2561 = DIRECTION ( 'NONE',  ( 0.000000000000000000, 0.000000000000000000, 1.000000000000000000 ) ) ;
#2562 = VERTEX_POINT ( 'NONE', #615 ) ;
#2563 = DIRECTION ( 'NONE',  ( 0.000000000000000000, -0.000000000000000000, 1.000000000000000000 ) ) ;
#2564 = DIRECTION ( 'NONE',  ( -0.000000000000000000, -0.000000000000000000, -1.000000000000000000 ) ) ;
#2565 = CARTESIAN_POINT ( 'NONE',  ( 38.91228675972853779, -37.25000000000000711, 0.000000000000000000 ) ) ;
#2566 = ORIENTED_EDGE ( 'NONE', *, *, #748, .T. ) ;
#2567 = LINE ( 'NONE', #3163, #692 ) ;
#2568 = DIRECTION ( 'NONE',  ( 0.000000000000000000, -1.000000000000000000, 0.000000000000000000 ) ) ;
#2569 = ORIENTED_EDGE ( 'NONE', *, *, #2317, .F. ) ;
#2570 = CARTESIAN_POINT ( 'NONE',  ( 43.67542648054293863, -34.49999999999999289, 2.500000000000000000 ) ) ;
#2571 = EDGE_CURVE ( 'NONE', #444, #2919, #2928, .T. ) ;
#2572 = CARTESIAN_POINT ( 'NONE',  ( 9.000000000000000000, 16.99999999999998579, 2.500000000000000000 ) ) ;
#2573 = VERTEX_POINT ( 'NONE', #600 ) ;
#2574 = VERTEX_POINT ( 'NONE', #1763 ) ;
#2575 = DIRECTION ( 'NONE',  ( -0.000000000000000000, -0.000000000000000000, -1.000000000000000000 ) ) ;
#2576 = EDGE_CURVE ( 'NONE', #488, #1481, #3571, .T. ) ;
#2577 = ORIENTED_EDGE ( 'NONE', *, *, #941, .T. ) ;
#2578 = DIRECTION ( 'NONE',  ( -0.5000000000000019984, 0.8660254037844375974, 0.000000000000000000 ) ) ;
#2579 = LINE ( 'NONE', #3193, #3158 ) ;
#2580 = EDGE_LOOP ( 'NONE', ( #591, #874, #1615, #1834 ) ) ;
#2581 = ORIENTED_EDGE ( 'NONE', *, *, #3676, .F. ) ;
#2582 = FACE_OUTER_BOUND ( 'NONE', #2654, .T. ) ;
#2583 = CARTESIAN_POINT ( 'NONE',  ( -12.75000000000000888, -40.00000000000000000, 2.499999999999998224 ) ) ;
#2584 = B_SPLINE_CURVE_WITH_KNOTS ( 'NONE', 3,
 ( #1825, #377, #3010, #393 ),
 .UNSPECIFIED., .F., .F.,
 ( 4, 4 ),
 ( 0.000000000000000000, 0.0005028312062397463341 ),
 .UNSPECIFIED. ) ;
#2585 = CARTESIAN_POINT ( 'NONE',  ( 8.995461284679095115, -12.66823609758296598, 2.500000000000000000 ) ) ;
#2586 = ORIENTED_EDGE ( 'NONE', *, *, #2457, .F. ) ;
#2587 = DIRECTION ( 'NONE',  ( 0.000000000000000000, 1.000000000000000000, 0.000000000000000000 ) ) ;
#2588 = AXIS2_PLACEMENT_3D ( 'NONE', #670, #3302, #944 ) ;
#2589 = VECTOR ( 'NONE', #3587, 1000.000000000000000 ) ;
#2590 = ORIENTED_EDGE ( 'NONE', *, *, #2737, .T. ) ;
#2591 = VERTEX_POINT ( 'NONE', #3591 ) ;
#2592 = VECTOR ( 'NONE', #2564, 1000.000000000000000 ) ;
#2593 = CIRCLE ( 'NONE', #3208, 1.750000000000001554 ) ;
#2594 = CARTESIAN_POINT ( 'NONE',  ( 12.75000000000001421, -15.00000000000000000, 2.499999999999997780 ) ) ;
#2595 = ORIENTED_EDGE ( 'NONE', *, *, #1474, .F. ) ;
#2596 = EDGE_CURVE ( 'NONE', #3502, #936, #1275, .T. ) ;
#2597 = VECTOR ( 'NONE', #2811, 1000.000000000000000 ) ;
#2598 = VECTOR ( 'NONE', #1469, 1000.000000000000000 ) ;
#2599 = VECTOR ( 'NONE', #1422, 1000.000000000000000 ) ;
#2600 = LINE ( 'NONE', #536, #1327 ) ;
#2601 = VERTEX_POINT ( 'NONE', #1530 ) ;
#2602 = VECTOR ( 'NONE', #3501, 1000.000000000000000 ) ;
#2603 = EDGE_CURVE ( 'NONE', #3167, #2515, #926, .T. ) ;
#2604 = EDGE_CURVE ( 'NONE', #2806, #2541, #1234, .T. ) ;
#2605 = CARTESIAN_POINT ( 'NONE',  ( 42.08771324027147642, -31.75000000000000000, 2.500000000000000000 ) ) ;
#2606 = PLANE ( 'NONE',  #3523 ) ;
#2607 = CARTESIAN_POINT ( 'NONE',  ( 12.75000000000001421, -40.00000000000000000, 2.499999999999997780 ) ) ;
#2608 = ORIENTED_EDGE ( 'NONE', *, *, #3284, .F. ) ;
#2609 = LINE ( 'NONE', #1799, #3462 ) ;
#2610 = CARTESIAN_POINT ( 'NONE',  ( -47.99999999999999289, -40.00000000000000000, 5.000000000000000000 ) ) ;
#2611 = CARTESIAN_POINT ( 'NONE',  ( 0.000000000000000000, 1.999999999999989564, 2.500000000000000000 ) ) ;
#2612 = VERTEX_POINT ( 'NONE', #2093 ) ;
#2613 = VERTEX_POINT ( 'NONE', #1841 ) ;
#2614 = DIRECTION ( 'NONE',  ( -0.000000000000000000, -0.000000000000000000, -1.000000000000000000 ) ) ;
#2615 = EDGE_LOOP ( 'NONE', ( #2982, #1025, #1908, #1948 ) ) ;
#2616 = DIRECTION ( 'NONE',  ( -9.130123557772669567E-17, 1.000000000000000000, -0.000000000000000000 ) ) ;
#2617 = ORIENTED_EDGE ( 'NONE', *, *, #111, .T. ) ;
#2618 = CARTESIAN_POINT ( 'NONE',  ( 0.000000000000000000, 16.99999999999998579, 2.500000000000000000 ) ) ;
#2619 = DIRECTION ( 'NONE',  ( 1.000000000000000000, 0.000000000000000000, 0.000000000000000000 ) ) ;
#2620 = DIRECTION ( 'NONE',  ( -1.000000000000000000, 0.000000000000000000, 0.000000000000000000 ) ) ;
#2621 = DIRECTION ( 'NONE',  ( -0.4999999999999996669, -0.8660254037844388186, 0.000000000000000000 ) ) ;
#2622 = ADVANCED_FACE ( 'NONE', ( #2725 ), #2665, .F. ) ;
#2623 = ORIENTED_EDGE ( 'NONE', *, *, #2674, .F. ) ;
#2624 = EDGE_CURVE ( 'NONE', #551, #3656, #2075, .T. ) ;
#2625 = DIRECTION ( 'NONE',  ( -2.891205793294678696E-17, 1.000000000000000000, 0.000000000000000000 ) ) ;
#2626 = CARTESIAN_POINT ( 'NONE',  ( -10.25000000000000000, -40.00000000000000000, 4.999999999999998224 ) ) ;
#2627 = VERTEX_POINT ( 'NONE', #1780 ) ;
#2628 = ORIENTED_EDGE ( 'NONE', *, *, #1452, .T. ) ;
#2629 = LINE ( 'NONE', #1176, #459 ) ;
#2630 = PRESENTATION_STYLE_ASSIGNMENT (( #361 ) ) ;
#2631 = VERTEX_POINT ( 'NONE', #671 ) ;
#2632 = DIRECTION ( 'NONE',  ( -0.000000000000000000, -0.000000000000000000, 1.000000000000000000 ) ) ;
#2633 = ORIENTED_EDGE ( 'NONE', *, *, #2560, .F. ) ;
#2634 = ORIENTED_EDGE ( 'NONE', *, *, #3444, .F. ) ;
#2635 = LINE ( 'NONE', #349, #641 ) ;
#2636 = LINE ( 'NONE', #3220, #1862 ) ;
#2637 = CARTESIAN_POINT ( 'NONE',  ( -42.08771324027145511, -37.25000000000000711, 2.500000000000000000 ) ) ;
#2638 = FACE_OUTER_BOUND ( 'NONE', #3495, .T. ) ;
#2639 = ORIENTED_EDGE ( 'NONE', *, *, #973, .F. ) ;
#2640 = CARTESIAN_POINT ( 'NONE',  ( 48.00000000000000711, -38.00000000000000000, 5.000000000000000000 ) ) ;
#2641 = ADVANCED_FACE ( 'NONE', ( #1549 ), #3007, .T. ) ;
#2642 = DIRECTION ( 'NONE',  ( -0.000000000000000000, -0.000000000000000000, 1.000000000000000000 ) ) ;
#2643 = VERTEX_POINT ( 'NONE', #1514 ) ;
#2644 = DIRECTION ( 'NONE',  ( 0.000000000000000000, 0.000000000000000000, 1.000000000000000000 ) ) ;
#2645 = CYLINDRICAL_SURFACE ( 'NONE', #1863, 7.375000000000000000 ) ;
#2646 = ADVANCED_FACE ( 'NONE', ( #2439 ), #3303, .F. ) ;
#2647 = CARTESIAN_POINT ( 'NONE',  ( 10.25000000000000000, -40.00000000000000000, 5.000000000000000000 ) ) ;
#2648 = ORIENTED_EDGE ( 'NONE', *, *, #3430, .F. ) ;
#2649 = VECTOR ( 'NONE', #2360, 1000.000000000000000 ) ;
#2650 = CIRCLE ( 'NONE', #1981, 1.750000000000001554 ) ;
#2651 = VECTOR ( 'NONE', #3079, 1000.000000000000000 ) ;
#2652 = CARTESIAN_POINT ( 'NONE',  ( 9.500000000000000000, -20.00000000000000000, -0.5000000000000009992 ) ) ;
#2653 = AXIS2_PLACEMENT_3D ( 'NONE', #333, #1533, #2441 ) ;
#2654 = EDGE_LOOP ( 'NONE', ( #2047, #1287, #1599, #2094, #3171, #3054 ) ) ;
#2655 = STYLED_ITEM ( 'NONE', ( #150 ), #2404 ) ;
#2656 = AXIS2_PLACEMENT_3D ( 'NONE', #2142, #3307, #3011 ) ;
#2657 = CARTESIAN_POINT ( 'NONE',  ( 42.08771324027148353, 31.75000000000000000, 0.000000000000000000 ) ) ;
#2658 = CARTESIAN_POINT ( 'NONE',  ( -13.25000000000000533, -12.00000000000000000, 2.500000000000000000 ) ) ;
#2659 = CARTESIAN_POINT ( 'NONE',  ( 42.08771324027149063, 37.25000000000000711, 2.500000000000000000 ) ) ;
#2660 = AXIS2_PLACEMENT_3D ( 'NONE', #356, #3241, #2137 ) ;
#2661 = ORIENTED_EDGE ( 'NONE', *, *, #453, .T. ) ;
#2662 = VECTOR ( 'NONE', #3433, 1000.000000000000000 ) ;
#2663 = CARTESIAN_POINT ( 'NONE',  ( -38.91228675972853068, 31.75000000000000711, 2.500000000000000000 ) ) ;
#2664 = EDGE_CURVE ( 'NONE', #917, #3104, #2115, .T. ) ;
#2665 = PLANE ( 'NONE',  #2660 ) ;
#2666 = ORIENTED_EDGE ( 'NONE', *, *, #608, .F. ) ;
#2667 = VECTOR ( 'NONE', #212, 1000.000000000000000 ) ;
#2668 = CARTESIAN_POINT ( 'NONE',  ( 0.000000000000000000, 16.99999999999998579, 2.500000000000000000 ) ) ;
#2669 = DIRECTION ( 'NONE',  ( 1.000000000000000000, -0.000000000000000000, -0.000000000000000000 ) ) ;
#2670 = LINE ( 'NONE', #620, #1555 ) ;
#2671 = DIRECTION ( 'NONE',  ( 0.000000000000000000, 0.000000000000000000, 1.000000000000000000 ) ) ;
#2672 = VERTEX_POINT ( 'NONE', #3287 ) ;
#2673 = EDGE_CURVE ( 'NONE', #2496, #927, #85, .T. ) ;
#2674 = EDGE_CURVE ( 'NONE', #594, #3656, #2989, .T. ) ;
#2675 = PLANE ( 'NONE',  #1196 ) ;
#2676 = DIRECTION ( 'NONE',  ( -0.000000000000000000, 0.7071067811865463515, 0.7071067811865487940 ) ) ;
#2677 = ORIENTED_EDGE ( 'NONE', *, *, #3476, .T. ) ;
#2678 = EDGE_LOOP ( 'NONE', ( #1352, #1203, #238, #2037, #2698 ) ) ;
#2679 = FACE_OUTER_BOUND ( 'NONE', #3112, .T. ) ;
#2680 = DIRECTION ( 'NONE',  ( 0.000000000000000000, 0.000000000000000000, 1.000000000000000000 ) ) ;
#2681 = CARTESIAN_POINT ( 'NONE',  ( -10.74999999999999645, -40.00000000000000000, 0.000000000000000000 ) ) ;
#2682 = ORIENTED_EDGE ( 'NONE', *, *, #3569, .T. ) ;
#2683 = LINE ( 'NONE', #599, #3575 ) ;
#2684 = CARTESIAN_POINT ( 'NONE',  ( 6.000000000000002665, 16.99999999999998579, 2.500000000000000000 ) ) ;
#2685 = ORIENTED_EDGE ( 'NONE', *, *, #1269, .F. ) ;
#2686 = CARTESIAN_POINT ( 'NONE',  ( -42.08771324027145511, -37.25000000000000711, 2.500000000000000000 ) ) ;
#2687 = CARTESIAN_POINT ( 'NONE',  ( 0.000000000000000000, -13.00000000000001066, 2.500000000000000000 ) ) ;
#2688 = EDGE_CURVE ( 'NONE', #2344, #721, #2970, .T. ) ;
#2689 = CARTESIAN_POINT ( 'NONE',  ( 6.000000000000003553, 19.99999999999998934, 5.000000000000000000 ) ) ;
#2690 = ORIENTED_EDGE ( 'NONE', *, *, #3770, .T. ) ;
#2691 = EDGE_CURVE ( 'NONE', #714, #87, #3607, .T. ) ;
#2692 = CARTESIAN_POINT ( 'NONE',  ( -50.00000000000000711, 38.00000000000000000, 5.000000000000000000 ) ) ;
#2693 = EDGE_LOOP ( 'NONE', ( #143, #1558, #376, #2907 ) ) ;
#2694 = DIRECTION ( 'NONE',  ( 1.000000000000000000, 0.000000000000000000, -8.886156652349699592E-17 ) ) ;
#2695 = ADVANCED_FACE ( 'NONE', ( #2197 ), #3032, .F. ) ;
#2696 = DIRECTION ( 'NONE',  ( -0.4999999999999959477, 0.8660254037844410391, 0.000000000000000000 ) ) ;
#2697 = DIRECTION ( 'NONE',  ( 0.4999999999999989453, -0.8660254037844391517, 0.000000000000000000 ) ) ;
#2698 = ORIENTED_EDGE ( 'NONE', *, *, #1521, .T. ) ;
#2699 = CARTESIAN_POINT ( 'NONE',  ( 6.000000000000000888, -13.00000000000001066, 2.449489742783176105 ) ) ;
#2700 = DIRECTION ( 'NONE',  ( 0.000000000000000000, 0.000000000000000000, 1.000000000000000000 ) ) ;
#2701 = VERTEX_POINT ( 'NONE', #2743 ) ;
#2702 = ORIENTED_EDGE ( 'NONE', *, *, #3499, .T. ) ;
#2703 = DIRECTION ( 'NONE',  ( 1.000000000000000000, 0.000000000000000000, 0.000000000000000000 ) ) ;
#2704 = LINE ( 'NONE', #2215, #1377 ) ;
#2705 = FACE_OUTER_BOUND ( 'NONE', #900, .T. ) ;
#2706 = ORIENTED_EDGE ( 'NONE', *, *, #1407, .F. ) ;
#2707 = EDGE_CURVE ( 'NONE', #1390, #366, #3700, .T. ) ;
#2708 = LINE ( 'NONE', #1298, #3161 ) ;
#2709 = VERTEX_POINT ( 'NONE', #2760 ) ;
#2710 = VECTOR ( 'NONE', #1127, 1000.000000000000000 ) ;
#2711 = AXIS2_PLACEMENT_3D ( 'NONE', #2659, #559, #864 ) ;
#2712 = LINE ( 'NONE', #441, #1316 ) ;
#2713 = AXIS2_PLACEMENT_3D ( 'NONE', #3564, #1186, #2354 ) ;
#2714 = VECTOR ( 'NONE', #1875, 1000.000000000000000 ) ;
#2715 = CARTESIAN_POINT ( 'NONE',  ( 10.25000000000000000, -15.00000000000000000, -1.821662113731688484E-15 ) ) ;
#2716 = DIRECTION ( 'NONE',  ( -0.000000000000000000, -0.000000000000000000, 1.000000000000000000 ) ) ;
#2717 = CARTESIAN_POINT ( 'NONE',  ( 9.000000000000005329, 19.99999999999998934, 5.000000000000000000 ) ) ;
#2718 = ORIENTED_EDGE ( 'NONE', *, *, #1573, .T. ) ;
#2719 = VECTOR ( 'NONE', #1173, 1000.000000000000000 ) ;
#2720 = AXIS2_PLACEMENT_3D ( 'NONE', #3557, #3264, #3013 ) ;
#2721 = EDGE_CURVE ( 'NONE', #3688, #3074, #204, .T. ) ;
#2722 = ADVANCED_FACE ( 'NONE', ( #3088 ), #1361, .F. ) ;
#2723 = LINE ( 'NONE', #412, #2421 ) ;
#2724 = VECTOR ( 'NONE', #745, 1000.000000000000000 ) ;
#2725 = FACE_OUTER_BOUND ( 'NONE', #3506, .T. ) ;
#2726 = ORIENTED_EDGE ( 'NONE', *, *, #2604, .T. ) ;
#2727 = LINE ( 'NONE', #2381, #1426 ) ;
#2728 = FACE_BOUND ( 'NONE', #1239, .T. ) ;
#2729 = AXIS2_PLACEMENT_3D ( 'NONE', #443, #2739, #982 ) ;
#2730 = DIRECTION ( 'NONE',  ( -0.000000000000000000, -0.000000000000000000, 1.000000000000000000 ) ) ;
#2731 = CARTESIAN_POINT ( 'NONE',  ( -43.67542648054293863, 34.49999999999999289, 2.500000000000000000 ) ) ;
#2732 = VECTOR ( 'NONE', #2575, 1000.000000000000000 ) ;
#2733 = ORIENTED_EDGE ( 'NONE', *, *, #3291, .F. ) ;
#2734 = DIRECTION ( 'NONE',  ( 0.000000000000000000, 0.7071067811865483499, -0.7071067811865465735 ) ) ;
#2735 = VERTEX_POINT ( 'NONE', #1058 ) ;
#2736 = DIRECTION ( 'NONE',  ( 1.000000000000000000, 0.000000000000000000, 0.000000000000000000 ) ) ;
#2737 = EDGE_CURVE ( 'NONE', #1645, #855, #3377, .T. ) ;
#2738 = LINE ( 'NONE', #1896, #2651 ) ;
#2739 = DIRECTION ( 'NONE',  ( 0.000000000000000000, 0.000000000000000000, 1.000000000000000000 ) ) ;
#2740 = DIRECTION ( 'NONE',  ( -0.4999999999999987232, -0.8660254037844393737, 0.000000000000000000 ) ) ;
#2741 = ORIENTED_EDGE ( 'NONE', *, *, #3048, .T. ) ;
#2742 = PLANE ( 'NONE',  #1920 ) ;
#2743 = CARTESIAN_POINT ( 'NONE',  ( -5.000000000000000000, -45.25000000000000000, 5.000000000000000000 ) ) ;
#2744 = EDGE_CURVE ( 'NONE', #551, #917, #3319, .T. ) ;
#2745 = ADVANCED_FACE ( 'NONE', ( #688 ), #727, .F. ) ;
#2746 = VERTEX_POINT ( 'NONE', #1589 ) ;
#2747 = LINE ( 'NONE', #715, #1551 ) ;
#2748 = CARTESIAN_POINT ( 'NONE',  ( -43.67542648054293863, -34.50000000000000000, 2.500000000000000000 ) ) ;
#2749 = LINE ( 'NONE', #2179, #827 ) ;
#2750 = ORIENTED_EDGE ( 'NONE', *, *, #2303, .T. ) ;
#2751 = VERTEX_POINT ( 'NONE', #3650 ) ;
#2752 = CARTESIAN_POINT ( 'NONE',  ( 6.000000000000003553, 17.49999999999999289, 2.500000000000000000 ) ) ;
#2753 = ORIENTED_EDGE ( 'NONE', *, *, #3466, .F. ) ;
#2754 = DIRECTION ( 'NONE',  ( -0.000000000000000000, -0.000000000000000000, -1.000000000000000000 ) ) ;
#2755 = LINE ( 'NONE', #3643, #2173 ) ;
#2756 = DIRECTION ( 'NONE',  ( 1.000000000000000000, 0.000000000000000000, 0.000000000000000000 ) ) ;
#2757 = LINE ( 'NONE', #66, #943 ) ;
#2758 = VERTEX_POINT ( 'NONE', #171 ) ;
#2759 = DIRECTION ( 'NONE',  ( 2.891205793294678696E-17, 1.000000000000000000, 0.000000000000000000 ) ) ;
#2760 = CARTESIAN_POINT ( 'NONE',  ( -3.116809680337662591, -4.684019929395301318, 2.500000000000000000 ) ) ;
#2761 = ORIENTED_EDGE ( 'NONE', *, *, #1154, .T. ) ;
#2762 = PLANE ( 'NONE',  #2476 ) ;
#2763 = EDGE_CURVE ( 'NONE', #3668, #3766, #127, .T. ) ;
#2764 = CARTESIAN_POINT ( 'NONE',  ( 9.999999999999994671, -12.00000000000000000, 5.000000000000000000 ) ) ;
#2765 = ORIENTED_EDGE ( 'NONE', *, *, #1967, .T. ) ;
#2766 = ORIENTED_EDGE ( 'NONE', *, *, #2446, .T. ) ;
#2767 = EDGE_CURVE ( 'NONE', #711, #3108, #2227, .T. ) ;
#2768 = LINE ( 'NONE', #663, #1202 ) ;
#2769 = ORIENTED_EDGE ( 'NONE', *, *, #781, .F. ) ;
#2770 = CARTESIAN_POINT ( 'NONE',  ( 0.000000000000000000, -13.00000000000001066, 5.000000000000000000 ) ) ;
#2771 = CARTESIAN_POINT ( 'NONE',  ( 10.25000000000000000, -45.25000000000000000, -1.821662113731688484E-15 ) ) ;
#2772 = CIRCLE ( 'NONE', #3262, 1.749999999999994671 ) ;
#2773 = DIRECTION ( 'NONE',  ( -0.000000000000000000, -1.000000000000000000, -0.000000000000000000 ) ) ;
#2774 = EDGE_LOOP ( 'NONE', ( #1512, #447, #3120, #3633 ) ) ;
#2775 = CIRCLE ( 'NONE', #37, 5.000000000000000000 ) ;
#2776 = AXIS2_PLACEMENT_3D ( 'NONE', #55, #2991, #1218 ) ;
#2777 = DIRECTION ( 'NONE',  ( 0.000000000000000000, -1.000000000000000000, -2.177149865150850283E-16 ) ) ;
#2778 = DIRECTION ( 'NONE',  ( -1.000000000000000000, -0.000000000000000000, -0.000000000000000000 ) ) ;
#2779 = VECTOR ( 'NONE', #528, 1000.000000000000000 ) ;
#2780 = AXIS2_PLACEMENT_3D ( 'NONE', #2351, #2068, #3640 ) ;
#2781 = ORIENTED_EDGE ( 'NONE', *, *, #327, .F. ) ;
#2782 = DIRECTION ( 'NONE',  ( 0.7071067811865495711, -0.000000000000000000, 0.7071067811865454633 ) ) ;
#2783 = ADVANCED_FACE ( 'NONE', ( #413 ), #1027, .F. ) ;
#2784 = VECTOR ( 'NONE', #1348, 1000.000000000000000 ) ;
#2785 = VECTOR ( 'NONE', #2502, 1000.000000000000000 ) ;
#2786 = LINE ( 'NONE', #3670, #1015 ) ;
#2787 = CARTESIAN_POINT ( 'NONE',  ( 37.32457351945706137, 34.50000000000000000, 2.500000000000000000 ) ) ;
#2788 = EDGE_LOOP ( 'NONE', ( #3352, #1336, #605, #3370, #1235, #3223 ) ) ;
#2789 = AXIS2_PLACEMENT_3D ( 'NONE', #3374, #2166, #684 ) ;
#2790 = ORIENTED_EDGE ( 'NONE', *, *, #3229, .T. ) ;
#2791 = CIRCLE ( 'NONE', #3102, 7.625000000000000000 ) ;
#2792 = CARTESIAN_POINT ( 'NONE',  ( 7.375000000000000000, 17.00000000000001776, 2.500000000000000000 ) ) ;
#2793 = ADVANCED_FACE ( 'NONE', ( #189 ), #2172, .F. ) ;
#2794 = EDGE_CURVE ( 'NONE', #785, #2591, #1571, .T. ) ;
#2795 = ORIENTED_EDGE ( 'NONE', *, *, #229, .T. ) ;
#2796 = EDGE_CURVE ( 'NONE', #1975, #3724, #713, .T. ) ;
#2797 = CARTESIAN_POINT ( 'NONE',  ( 5.000000000000000000, -45.25000000000000000, -1.734723475976807094E-15 ) ) ;
#2798 = FACE_BOUND ( 'NONE', #494, .T. ) ;
#2799 = PLANE ( 'NONE',  #2789 ) ;
#2800 = ORIENTED_EDGE ( 'NONE', *, *, #798, .T. ) ;
#2801 = DIRECTION ( 'NONE',  ( -0.000000000000000000, 1.000000000000000000, 0.000000000000000000 ) ) ;
#2802 = DIRECTION ( 'NONE',  ( 0.4999999999999987232, -0.8660254037844393737, 0.000000000000000000 ) ) ;
#2803 = ORIENTED_EDGE ( 'NONE', *, *, #1296, .F. ) ;
#2804 = LINE ( 'NONE', #2155, #3023 ) ;
#2805 = DIRECTION ( 'NONE',  ( -0.4999999999999997224, 0.8660254037844388186, 0.000000000000000000 ) ) ;
#2806 = VERTEX_POINT ( 'NONE', #2498 ) ;
#2807 = EDGE_CURVE ( 'NONE', #353, #263, #3667, .T. ) ;
#2808 = VERTEX_POINT ( 'NONE', #3047 ) ;
#2809 = CARTESIAN_POINT ( 'NONE',  ( -3.116809680337662591, -4.684019929395301318, 5.000000000000000000 ) ) ;
#2810 = ORIENTED_EDGE ( 'NONE', *, *, #1247, .F. ) ;
#2811 = DIRECTION ( 'NONE',  ( 1.000000000000000000, -0.000000000000000000, -0.000000000000000000 ) ) ;
#2812 = EDGE_CURVE ( 'NONE', #3188, #2701, #146, .T. ) ;
#2813 = CARTESIAN_POINT ( 'NONE',  ( 38.91228675972853779, -37.25000000000000711, 2.500000000000000000 ) ) ;
#2814 = CARTESIAN_POINT ( 'NONE',  ( 3.687499999999982236, -6.613062647089765100, 2.500000000000000000 ) ) ;
#2815 = ORIENTED_EDGE ( 'NONE', *, *, #2707, .F. ) ;
#2816 = FACE_OUTER_BOUND ( 'NONE', #3714, .T. ) ;
#2817 = DIRECTION ( 'NONE',  ( 0.000000000000000000, -0.7071067811865501263, 0.7071067811865450192 ) ) ;
#2818 = ORIENTED_EDGE ( 'NONE', *, *, #2794, .T. ) ;
#2819 = DIRECTION ( 'NONE',  ( -0.000000000000000000, -0.000000000000000000, -1.000000000000000000 ) ) ;
#2820 = LINE ( 'NONE', #504, #1930 ) ;
#2821 = DIRECTION ( 'NONE',  ( 0.000000000000000000, 0.000000000000000000, 1.000000000000000000 ) ) ;
#2822 = CARTESIAN_POINT ( 'NONE',  ( 7.608588896766599774, -12.49999999999999822, 2.500000000000000000 ) ) ;
#2823 = FACE_OUTER_BOUND ( 'NONE', #977, .T. ) ;
#2824 = ORIENTED_EDGE ( 'NONE', *, *, #2018, .T. ) ;
#2825 = ORIENTED_EDGE ( 'NONE', *, *, #2796, .T. ) ;
#2826 = CARTESIAN_POINT ( 'NONE',  ( -47.99999999999999289, -40.00000000000000000, 0.000000000000000000 ) ) ;
#2827 = EDGE_LOOP ( 'NONE', ( #3386, #2219, #1174, #484, #1785, #1880, #372, #1450, #249, #961 ) ) ;
#2828 = CARTESIAN_POINT ( 'NONE',  ( -38.74999999999999289, -34.50000000000000000, -3.500000000000000444 ) ) ;
#2829 = EDGE_CURVE ( 'NONE', #3637, #3205, #1917, .T. ) ;
#2830 = CARTESIAN_POINT ( 'NONE',  ( -5.000000000000000000, -45.25000000000000000, 5.000000000000000000 ) ) ;
#2831 = LINE ( 'NONE', #2565, #1024 ) ;
#2832 = VERTEX_POINT ( 'NONE', #271 ) ;
#2833 = CARTESIAN_POINT ( 'NONE',  ( -42.08771324027145511, -37.25000000000000711, 0.000000000000000000 ) ) ;
#2834 = PRODUCT_DEFINITION_CONTEXT ( 'detailed design', #1506, 'design' ) ;
#2835 = DIRECTION ( 'NONE',  ( 0.000000000000000000, 0.7071067811865474617, 0.7071067811865476838 ) ) ;
#2836 = PLANE ( 'NONE',  #2357 ) ;
#2837 = EDGE_CURVE ( 'NONE', #2237, #3428, #2014, .T. ) ;
#2838 = ADVANCED_FACE ( 'NONE', ( #3751 ), #2836, .F. ) ;
#2839 = VERTEX_POINT ( 'NONE', #2583 ) ;
#2840 = CIRCLE ( 'NONE', #1249, 7.375000000000000000 ) ;
#2841 = VECTOR ( 'NONE', #2335, 1000.000000000000000 ) ;
#2842 = CARTESIAN_POINT ( 'NONE',  ( 3.673940397442059868E-16, -7.000000000000009770, 2.500000000000000000 ) ) ;
#2843 = VECTOR ( 'NONE', #1699, 1000.000000000000000 ) ;
#2844 = DIRECTION ( 'NONE',  ( -1.000000000000000000, -0.000000000000000000, -8.462065736472229849E-17 ) ) ;
#2845 = VECTOR ( 'NONE', #2535, 1000.000000000000000 ) ;
#2846 = LINE ( 'NONE', #3115, #2785 ) ;
#2847 = ORIENTED_EDGE ( 'NONE', *, *, #820, .F. ) ;
#2848 = ORIENTED_EDGE ( 'NONE', *, *, #1193, .T. ) ;
#2849 = VECTOR ( 'NONE', #3479, 1000.000000000000000 ) ;
#2850 = VECTOR ( 'NONE', #526, 1000.000000000000000 ) ;
#2851 = CARTESIAN_POINT ( 'NONE',  ( 6.000000000000003553, -15.00000000000000000, -1.821662113731688484E-15 ) ) ;
#2852 = ORIENTED_EDGE ( 'NONE', *, *, #851, .T. ) ;
#2853 = VECTOR ( 'NONE', #2616, 1000.000000000000000 ) ;
#2854 = DIRECTION ( 'NONE',  ( -1.000000000000000000, 0.000000000000000000, 0.000000000000000000 ) ) ;
#2855 = DIRECTION ( 'NONE',  ( 0.7071067811865492381, 0.000000000000000000, -0.7071067811865457964 ) ) ;
#2856 = EDGE_LOOP ( 'NONE', ( #3162, #2815, #662, #2055, #2623, #3062 ) ) ;
#2857 = ADVANCED_FACE ( 'NONE', ( #240 ), #1719, .F. ) ;
#2858 = LINE ( 'NONE', #2529, #154 ) ;
#2859 = DIRECTION ( 'NONE',  ( -0.000000000000000000, -0.000000000000000000, -1.000000000000000000 ) ) ;
#2860 = ORIENTED_EDGE ( 'NONE', *, *, #570, .T. ) ;
#2861 = EDGE_CURVE ( 'NONE', #2601, #993, #3128, .T. ) ;
#2862 = PLANE ( 'NONE',  #3154 ) ;
#2863 = ORIENTED_EDGE ( 'NONE', *, *, #1088, .T. ) ;
#2864 = ORIENTED_EDGE ( 'NONE', *, *, #3729, .F. ) ;
#2865 = EDGE_CURVE ( 'NONE', #1197, #2746, #863, .T. ) ;
#2866 = DIRECTION ( 'NONE',  ( 1.000000000000000000, 0.000000000000000000, 0.000000000000000000 ) ) ;
#2867 = ORIENTED_EDGE ( 'NONE', *, *, #310, .F. ) ;
#2868 = DIRECTION ( 'NONE',  ( -1.000000000000000000, -0.000000000000000000, 0.000000000000000000 ) ) ;
#2869 = CARTESIAN_POINT ( 'NONE',  ( 10.25000000000000000, -15.00000000000000000, 5.000000000000000000 ) ) ;
#2870 = EDGE_LOOP ( 'NONE', ( #346, #1165, #3304, #914, #1217 ) ) ;
#2871 = DIRECTION ( 'NONE',  ( 0.000000000000000000, 0.000000000000000000, -1.000000000000000000 ) ) ;
#2872 = DIRECTION ( 'NONE',  ( 0.000000000000000000, -0.000000000000000000, 1.000000000000000000 ) ) ;
#2873 = CARTESIAN_POINT ( 'NONE',  ( -42.08771324027147642, 31.75000000000000711, 2.500000000000000000 ) ) ;
#2874 = ORIENTED_EDGE ( 'NONE', *, *, #2707, .T. ) ;
#2875 = LINE ( 'NONE', #258, #3339 ) ;
#2876 = EDGE_LOOP ( 'NONE', ( #1282, #1814, #2489, #128 ) ) ;
#2877 = VERTEX_POINT ( 'NONE', #2553 ) ;
#2878 = CARTESIAN_POINT ( 'NONE',  ( 0.000000000000000000, -55.00000000000000000, 0.000000000000000000 ) ) ;
#2879 = ORIENTED_EDGE ( 'NONE', *, *, #2571, .F. ) ;
#2880 = ADVANCED_FACE ( 'NONE', ( #1974 ), #2910, .F. ) ;
#2881 = EDGE_CURVE ( 'NONE', #695, #3073, #2281, .T. ) ;
#2882 = LINE ( 'NONE', #2814, #1078 ) ;
#2883 = VERTEX_POINT ( 'NONE', #2030 ) ;
#2884 = CARTESIAN_POINT ( 'NONE',  ( 7.375000000000000000, 17.00000000000001776, 5.000000000000000000 ) ) ;
#2885 = LINE ( 'NONE', #2305, #3213 ) ;
#2886 = CARTESIAN_POINT ( 'NONE',  ( -3.687499999999963141, 8.386937352910244670, 2.500000000000000000 ) ) ;
#2887 = PLANE ( 'NONE',  #3268 ) ;
#2888 = ORIENTED_EDGE ( 'NONE', *, *, #2040, .F. ) ;
#2889 = CARTESIAN_POINT ( 'NONE',  ( 9.000000000000005329, -13.00000000000000888, 2.500000000000000000 ) ) ;
#2890 = AXIS2_PLACEMENT_3D ( 'NONE', #2787, #3053, #2447 ) ;
#2891 = AXIS2_PLACEMENT_3D ( 'NONE', #1527, #628, #2697 ) ;
#2892 = ORIENTED_EDGE ( 'NONE', *, *, #1614, .F. ) ;
#2893 = ORIENTED_EDGE ( 'NONE', *, *, #941, .F. ) ;
#2894 = EDGE_CURVE ( 'NONE', #1656, #730, #3164, .T. ) ;
#2895 = VECTOR ( 'NONE', #1378, 1000.000000000000000 ) ;
#2896 = CIRCLE ( 'NONE', #885, 2.000000000000001776 ) ;
#2897 = SURFACE_STYLE_FILL_AREA ( #3558 ) ;
#2898 = ORIENTED_EDGE ( 'NONE', *, *, #1240, .F. ) ;
#2899 = VECTOR ( 'NONE', #2097, 1000.000000000000000 ) ;
#2900 = VECTOR ( 'NONE', #3240, 1000.000000000000000 ) ;
#2901 = CIRCLE ( 'NONE', #766, 7.375000000000000000 ) ;
#2902 = VECTOR ( 'NONE', #468, 1000.000000000000000 ) ;
#2903 = ADVANCED_FACE ( 'NONE', ( #222 ), #2606, .F. ) ;
#2904 = LINE ( 'NONE', #2066, #170 ) ;
#2905 = EDGE_CURVE ( 'NONE', #3008, #491, #2267, .T. ) ;
#2906 = VERTEX_POINT ( 'NONE', #254 ) ;
#2907 = ORIENTED_EDGE ( 'NONE', *, *, #3232, .T. ) ;
#2908 = AXIS2_PLACEMENT_3D ( 'NONE', #1505, #2386, #2734 ) ;
#2909 = CARTESIAN_POINT ( 'NONE',  ( -37.32457351945706137, 34.50000000000000000, 2.500000000000000000 ) ) ;
#2910 = PLANE ( 'NONE',  #3342 ) ;
#2911 = DIRECTION ( 'NONE',  ( 1.000000000000000000, 0.000000000000000000, 0.000000000000000000 ) ) ;
#2912 = ORIENTED_EDGE ( 'NONE', *, *, #246, .T. ) ;
#2913 = CARTESIAN_POINT ( 'NONE',  ( -43.67542648054293863, 34.49999999999999289, 2.500000000000000000 ) ) ;
#2914 = ORIENTED_EDGE ( 'NONE', *, *, #1269, .T. ) ;
#2915 = ORIENTED_EDGE ( 'NONE', *, *, #2993, .F. ) ;
#2916 = LINE ( 'NONE', #282, #2294 ) ;
#2917 = ORIENTED_EDGE ( 'NONE', *, *, #262, .T. ) ;
#2918 = DIRECTION ( 'NONE',  ( 9.130123557772669567E-17, -1.000000000000000000, 0.000000000000000000 ) ) ;
#2919 = VERTEX_POINT ( 'NONE', #804 ) ;
#2920 = CARTESIAN_POINT ( 'NONE',  ( -38.91228675972853068, 37.25000000000000000, 0.000000000000000000 ) ) ;
#2921 = ADVANCED_FACE ( 'NONE', ( #577 ), #2251, .T. ) ;
#2922 = FACE_OUTER_BOUND ( 'NONE', #718, .T. ) ;
#2923 = DIRECTION ( 'NONE',  ( 1.000000000000000000, 0.000000000000000000, 0.000000000000000000 ) ) ;
#2924 = DIRECTION ( 'NONE',  ( 0.000000000000000000, 0.000000000000000000, -1.000000000000000000 ) ) ;
#2925 = EDGE_LOOP ( 'NONE', ( #883, #876, #2726, #1117 ) ) ;
#2926 = EDGE_CURVE ( 'NONE', #1892, #3188, #704, .T. ) ;
#2927 = LINE ( 'NONE', #2988, #2649 ) ;
#2928 = LINE ( 'NONE', #2684, #640 ) ;
#2929 = EDGE_LOOP ( 'NONE', ( #2569, #858, #2422, #2542 ) ) ;
#2930 = EDGE_LOOP ( 'NONE', ( #643, #870, #1787, #3309 ) ) ;
#2931 = DIRECTION ( 'NONE',  ( -0.000000000000000000, -0.000000000000000000, -1.000000000000000000 ) ) ;
#2932 = CARTESIAN_POINT ( 'NONE',  ( -47.99999999999999289, -38.00000000000000000, 5.000000000000000000 ) ) ;
#2933 = ORIENTED_EDGE ( 'NONE', *, *, #2212, .T. ) ;
#2934 = DIRECTION ( 'NONE',  ( -1.000000000000000000, -9.130123557772670799E-17, 0.000000000000000000 ) ) ;
#2935 = EDGE_LOOP ( 'NONE', ( #1306, #3126, #516, #289, #752, #2706, #2431, #1419, #866, #3097 ) ) ;
#2936 = VERTEX_POINT ( 'NONE', #1135 ) ;
#2937 = CARTESIAN_POINT ( 'NONE',  ( 15.00000000000000000, 19.00000000000001066, -3.500000000000000888 ) ) ;
#2938 = ADVANCED_FACE ( 'NONE', ( #1152 ), #3473, .T. ) ;
#2939 = DIRECTION ( 'NONE',  ( -0.000000000000000000, -0.000000000000000000, -1.000000000000000000 ) ) ;
#2940 = CARTESIAN_POINT ( 'NONE',  ( 5.000000000000000000, -47.00000000000000000, 5.000000000000000000 ) ) ;
#2941 = DIRECTION ( 'NONE',  ( 0.000000000000000000, -0.000000000000000000, 1.000000000000000000 ) ) ;
#2942 = ORIENTED_EDGE ( 'NONE', *, *, #2437, .T. ) ;
#2943 = PLANE ( 'NONE',  #3391 ) ;
#2944 = DIRECTION ( 'NONE',  ( 1.000000000000000000, 0.000000000000000000, 0.000000000000000000 ) ) ;
#2945 = ADVANCED_FACE ( 'NONE', ( #1455 ), #10, .F. ) ;
#2946 = EDGE_CURVE ( 'NONE', #1280, #3668, #3280, .T. ) ;
#2947 = ORIENTED_EDGE ( 'NONE', *, *, #544, .T. ) ;
#2948 = ORIENTED_EDGE ( 'NONE', *, *, #3628, .F. ) ;
#2949 = FACE_OUTER_BOUND ( 'NONE', #1769, .T. ) ;
#2950 = FACE_OUTER_BOUND ( 'NONE', #3152, .T. ) ;
#2951 = VERTEX_POINT ( 'NONE', #1775 ) ;
#2952 = VECTOR ( 'NONE', #1583, 1000.000000000000000 ) ;
#2953 = VECTOR ( 'NONE', #426, 1000.000000000000000 ) ;
#2954 = AXIS2_PLACEMENT_3D ( 'NONE', #991, #676, #2143 ) ;
#2955 = FACE_OUTER_BOUND ( 'NONE', #2292, .T. ) ;
#2956 = AXIS2_PLACEMENT_3D ( 'NONE', #1600, #3001, #160 ) ;
#2957 = ORIENTED_EDGE ( 'NONE', *, *, #1041, .F. ) ;
#2958 = ORIENTED_EDGE ( 'NONE', *, *, #2011, .F. ) ;
#2959 = FACE_OUTER_BOUND ( 'NONE', #2159, .T. ) ;
#2960 = VECTOR ( 'NONE', #1385, 1000.000000000000000 ) ;
#2961 = AXIS2_PLACEMENT_3D ( 'NONE', #3321, #2214, #690 ) ;
#2962 = DIRECTION ( 'NONE',  ( -1.000000000000000000, 0.000000000000000000, 0.000000000000000000 ) ) ;
#2963 = CARTESIAN_POINT ( 'NONE',  ( 6.000000000000005329, 19.99999999999998934, 0.000000000000000000 ) ) ;
#2964 = CARTESIAN_POINT ( 'NONE',  ( 10.74999999999999645, -40.00000000000000000, 5.000000000000000000 ) ) ;
#2965 = VECTOR ( 'NONE', #3221, 1000.000000000000000 ) ;
#2966 = ORIENTED_EDGE ( 'NONE', *, *, #563, .F. ) ;
#2967 = CIRCLE ( 'NONE', #2729, 1.750000000000001554 ) ;
#2968 = DIRECTION ( 'NONE',  ( 0.000000000000000000, -0.000000000000000000, -1.000000000000000000 ) ) ;
#2969 = CARTESIAN_POINT ( 'NONE',  ( -10.74999999999999645, -12.00000000000000000, 0.000000000000000000 ) ) ;
#2970 = LINE ( 'NONE', #2420, #3155 ) ;
#2971 = EDGE_LOOP ( 'NONE', ( #54, #357, #284, #1449 ) ) ;
#2972 = VECTOR ( 'NONE', #2561, 1000.000000000000000 ) ;
#2973 = LINE ( 'NONE', #2686, #1125 ) ;
#2974 = CARTESIAN_POINT ( 'NONE',  ( 0.000000000000000000, -13.00000000000001066, 5.000000000000000000 ) ) ;
#2975 = ADVANCED_FACE ( 'NONE', ( #1793 ), #323, .F. ) ;
#2976 = DIRECTION ( 'NONE',  ( -1.000000000000000000, -0.000000000000000000, -0.000000000000000000 ) ) ;
#2977 =( NAMED_UNIT ( * ) SI_UNIT ( $, .STERADIAN. ) SOLID_ANGLE_UNIT ( ) );
#2978 = ORIENTED_EDGE ( 'NONE', *, *, #1458, .T. ) ;
#2979 = EDGE_CURVE ( 'NONE', #2735, #260, #3649, .T. ) ;
#2980 = CARTESIAN_POINT ( 'NONE',  ( 7.625000000000000000, -13.00000000000001066, 2.449489742783176105 ) ) ;
#2981 = VERTEX_POINT ( 'NONE', #1187 ) ;
#2982 = ORIENTED_EDGE ( 'NONE', *, *, #654, .F. ) ;
#2983 = LINE ( 'NONE', #902, #637 ) ;
#2984 = CYLINDRICAL_SURFACE ( 'NONE', #157, 2.000000000000001776 ) ;
#2985 = FACE_OUTER_BOUND ( 'NONE', #792, .T. ) ;
#2986 = CARTESIAN_POINT ( 'NONE',  ( -3.812499999999963141, 8.603443703856354929, 2.500000000000000000 ) ) ;
#2987 = VERTEX_POINT ( 'NONE', #2108 ) ;
#2988 = CARTESIAN_POINT ( 'NONE',  ( -38.91228675972852358, -37.25000000000000711, 2.500000000000000000 ) ) ;
#2989 = LINE ( 'NONE', #1252, #1992 ) ;
#2990 = ORIENTED_EDGE ( 'NONE', *, *, #2368, .F. ) ;
#2991 = DIRECTION ( 'NONE',  ( 0.000000000000000000, 0.000000000000000000, 1.000000000000000000 ) ) ;
#2992 = DIRECTION ( 'NONE',  ( 0.000000000000000000, -0.000000000000000000, -1.000000000000000000 ) ) ;
#2993 = EDGE_CURVE ( 'NONE', #2601, #3153, #652, .T. ) ;
#2994 = PLANE ( 'NONE',  #2656 ) ;
#2995 = CARTESIAN_POINT ( 'NONE',  ( 10.25000000000000000, -15.00000000000000000, 5.000000000000000000 ) ) ;
#2996 = ORIENTED_EDGE ( 'NONE', *, *, #1014, .T. ) ;
#2997 = CARTESIAN_POINT ( 'NONE',  ( -9.500000000000000000, -13.99999999999999112, -3.500000000000000444 ) ) ;
#2998 = EDGE_CURVE ( 'NONE', #321, #924, #2052, .T. ) ;
#2999 = ADVANCED_FACE ( 'NONE', ( #2412 ), #2087, .F. ) ;
#3000 = ORIENTED_EDGE ( 'NONE', *, *, #3683, .T. ) ;
#3001 = DIRECTION ( 'NONE',  ( -0.000000000000000000, -0.000000000000000000, -1.000000000000000000 ) ) ;
#3002 = CARTESIAN_POINT ( 'NONE',  ( 5.000000000000000000, -47.00000000000000000, -3.500000000000000444 ) ) ;
#3003 = LINE ( 'NONE', #922, #588 ) ;
#3004 = DIRECTION ( 'NONE',  ( 1.000000000000000000, 0.000000000000000000, 0.000000000000000000 ) ) ;
#3005 = VERTEX_POINT ( 'NONE', #3586 ) ;
#3006 = CARTESIAN_POINT ( 'NONE',  ( 3.687499999999982236, -6.613062647089765100, 2.500000000000000000 ) ) ;
#3007 = PLANE ( 'NONE',  #404 ) ;
#3008 = VERTEX_POINT ( 'NONE', #24 ) ;
#3009 = LINE ( 'NONE', #639, #32 ) ;
#3010 = CARTESIAN_POINT ( 'NONE',  ( 7.369459087825622312, -12.66817165340402518, 2.500000000000000000 ) ) ;
#3011 = DIRECTION ( 'NONE',  ( -0.7071067811865495711, 0.000000000000000000, -0.7071067811865454633 ) ) ;
#3012 = CARTESIAN_POINT ( 'NONE',  ( -10.74999999999999645, -40.00000000000000000, 5.000000000000000000 ) ) ;
#3013 = DIRECTION ( 'NONE',  ( 1.000000000000000000, 0.000000000000000000, 0.000000000000000000 ) ) ;
#3014 = EDGE_LOOP ( 'NONE', ( #607, #2532 ) ) ;
#3015 = EDGE_CURVE ( 'NONE', #1698, #153, #1559, .T. ) ;
#3016 = DIRECTION ( 'NONE',  ( 0.000000000000000000, -0.7071067811865483499, 0.7071067811865465735 ) ) ;
#3017 = ORIENTED_EDGE ( 'NONE', *, *, #3354, .T. ) ;
#3018 = AXIS2_PLACEMENT_3D ( 'NONE', #1251, #1215, #2092 ) ;
#3019 = VECTOR ( 'NONE', #82, 1000.000000000000000 ) ;
#3020 = FACE_OUTER_BOUND ( 'NONE', #813, .T. ) ;
#3021 = ADVANCED_FACE ( 'NONE', ( #1817 ), #2393, .T. ) ;
#3022 = AXIS2_PLACEMENT_3D ( 'NONE', #2452, #723, #797 ) ;
#3023 = VECTOR ( 'NONE', #2199, 1000.000000000000000 ) ;
#3024 = FACE_BOUND ( 'NONE', #841, .T. ) ;
#3025 = PLANE ( 'NONE',  #1995 ) ;
#3026 = LINE ( 'NONE', #1857, #2409 ) ;
#3027 = ORIENTED_EDGE ( 'NONE', *, *, #1871, .F. ) ;
#3028 = VECTOR ( 'NONE', #2642, 1000.000000000000000 ) ;
#3029 = AXIS2_PLACEMENT_3D ( 'NONE', #782, #3389, #2563 ) ;
#3030 = DIRECTION ( 'NONE',  ( 0.5000000000000003331, 0.8660254037844383745, 0.000000000000000000 ) ) ;
#3031 = VECTOR ( 'NONE', #2778, 1000.000000000000000 ) ;
#3032 = PLANE ( 'NONE',  #1495 ) ;
#3033 = ORIENTED_EDGE ( 'NONE', *, *, #1542, .T. ) ;
#3034 = FACE_BOUND ( 'NONE', #2870, .T. ) ;
#3035 = CARTESIAN_POINT ( 'NONE',  ( 0.000000000000000000, -15.00000000000000000, 0.000000000000000000 ) ) ;
#3036 = VECTOR ( 'NONE', #3442, 1000.000000000000000 ) ;
#3037 = ORIENTED_EDGE ( 'NONE', *, *, #337, .F. ) ;
#3038 = CARTESIAN_POINT ( 'NONE',  ( -43.67542648054293863, 34.49999999999999289, 0.000000000000000000 ) ) ;
#3039 = ORIENTED_EDGE ( 'NONE', *, *, #1148, .F. ) ;
#3040 = LINE ( 'NONE', #739, #3333 ) ;
#3041 = DIRECTION ( 'NONE',  ( 1.000000000000000000, 0.000000000000000000, 0.000000000000000000 ) ) ;
#3042 = FACE_OUTER_BOUND ( 'NONE', #1031, .T. ) ;
#3043 = DIRECTION ( 'NONE',  ( 0.000000000000000000, 0.000000000000000000, -1.000000000000000000 ) ) ;
#3044 = ADVANCED_FACE ( 'NONE', ( #2985 ), #3530, .F. ) ;
#3045 = ORIENTED_EDGE ( 'NONE', *, *, #1592, .T. ) ;
#3046 = CARTESIAN_POINT ( 'NONE',  ( -47.99999999999999289, -40.00000000000000000, 0.000000000000000000 ) ) ;
#3047 = CARTESIAN_POINT ( 'NONE',  ( 6.750000000000001776, -47.00000000000000000, 5.000000000000000000 ) ) ;
#3048 = EDGE_CURVE ( 'NONE', #2010, #2162, #2901, .T. ) ;
#3049 = ADVANCED_FACE ( 'NONE', ( #1212 ), #627, .T. ) ;
#3050 = VERTEX_POINT ( 'NONE', #2963 ) ;
#3051 = DIRECTION ( 'NONE',  ( 0.000000000000000000, 0.000000000000000000, 1.000000000000000000 ) ) ;
#3052 = SURFACE_STYLE_FILL_AREA ( #1084 ) ;
#3053 = DIRECTION ( 'NONE',  ( -0.8660254037844384856, 0.5000000000000004441, 0.000000000000000000 ) ) ;
#3054 = ORIENTED_EDGE ( 'NONE', *, *, #2865, .T. ) ;
#3055 = ORIENTED_EDGE ( 'NONE', *, *, #919, .T. ) ;
#3056 = DIRECTION ( 'NONE',  ( 0.000000000000000000, 0.000000000000000000, 1.000000000000000000 ) ) ;
#3057 = ORIENTED_EDGE ( 'NONE', *, *, #96, .F. ) ;
#3058 = CARTESIAN_POINT ( 'NONE',  ( 10.25000000000000000, -40.00000000000000000, -1.821662113731688484E-15 ) ) ;
#3059 = FACE_OUTER_BOUND ( 'NONE', #402, .T. ) ;
#3060 = FACE_BOUND ( 'NONE', #2856, .T. ) ;
#3061 = LINE ( 'NONE', #1023, #646 ) ;
#3062 = ORIENTED_EDGE ( 'NONE', *, *, #453, .F. ) ;
#3063 = ADVANCED_FACE ( 'NONE', ( #2334 ), #610, .F. ) ;
#3064 = CARTESIAN_POINT ( 'NONE',  ( 42.08771324027149063, 37.25000000000000711, 2.500000000000000000 ) ) ;
#3065 = CARTESIAN_POINT ( 'NONE',  ( 0.000000000000000000, -13.00000000000001066, 2.500000000000000000 ) ) ;
#3066 = B_SPLINE_CURVE_WITH_KNOTS ( 'NONE', 3,
 ( #1840, #2113, #3224, #2699 ),
 .UNSPECIFIED., .F., .F.,
 ( 4, 4 ),
 ( 0.000000000000000000, 0.0005029779592345299611 ),
 .UNSPECIFIED. ) ;
#3067 = ORIENTED_EDGE ( 'NONE', *, *, #3538, .T. ) ;
#3068 = CARTESIAN_POINT ( 'NONE',  ( -38.91228675972853068, 37.25000000000000000, 2.500000000000000000 ) ) ;
#3069 = EDGE_CURVE ( 'NONE', #1221, #45, #3003, .T. ) ;
#3070 = EDGE_CURVE ( 'NONE', #1087, #2808, #1076, .T. ) ;
#3071 = CARTESIAN_POINT ( 'NONE',  ( 42.08771324027146932, -37.25000000000000711, 2.500000000000000000 ) ) ;
#3072 = DIRECTION ( 'NONE',  ( -1.000000000000000000, 0.000000000000000000, -0.000000000000000000 ) ) ;
#3073 = VERTEX_POINT ( 'NONE', #81 ) ;
#3074 = VERTEX_POINT ( 'NONE', #1244 ) ;
#3075 = DIRECTION ( 'NONE',  ( 0.000000000000000000, 0.7071067811865450192, 0.7071067811865500152 ) ) ;
#3076 = ORIENTED_EDGE ( 'NONE', *, *, #3726, .T. ) ;
#3077 = CARTESIAN_POINT ( 'NONE',  ( 38.91228675972853779, -37.25000000000000711, 2.500000000000000000 ) ) ;
#3078 = DIRECTION ( 'NONE',  ( -0.7071067811865489050, -0.000000000000000000, 0.7071067811865462405 ) ) ;
#3079 = DIRECTION ( 'NONE',  ( -1.000000000000000000, -0.000000000000000000, -0.000000000000000000 ) ) ;
#3080 = AXIS2_PLACEMENT_3D ( 'NONE', #1142, #3134, #506 ) ;
#3081 = DIRECTION ( 'NONE',  ( 0.000000000000000000, 0.000000000000000000, -1.000000000000000000 ) ) ;
#3082 = VECTOR ( 'NONE', #387, 1000.000000000000000 ) ;
#3083 = EDGE_LOOP ( 'NONE', ( #2395, #2064, #2403, #1457 ) ) ;
#3084 = VECTOR ( 'NONE', #2318, 1000.000000000000000 ) ;
#3085 = CIRCLE ( 'NONE', #2174, 7.375000000000000000 ) ;
#3086 = FACE_OUTER_BOUND ( 'NONE', #3288, .T. ) ;
#3087 = EDGE_CURVE ( 'NONE', #1221, #746, #3705, .T. ) ;
#3088 = FACE_OUTER_BOUND ( 'NONE', #244, .T. ) ;
#3089 = AXIS2_PLACEMENT_3D ( 'NONE', #3612, #339, #2079 ) ;
#3090 = AXIS2_PLACEMENT_3D ( 'NONE', #975, #2730, #1309 ) ;
#3091 = ORIENTED_EDGE ( 'NONE', *, *, #1059, .T. ) ;
#3092 = CARTESIAN_POINT ( 'NONE',  ( 10.25000000000000000, -15.00000000000000000, -1.821662113731688484E-15 ) ) ;
#3093 = VECTOR ( 'NONE', #486, 1000.000000000000000 ) ;
#3094 = VECTOR ( 'NONE', #2444, 1000.000000000000000 ) ;
#3095 = CARTESIAN_POINT ( 'NONE',  ( 3.687499999999982236, -6.613062647089765100, 5.000000000000000000 ) ) ;
#3096 = DIRECTION ( 'NONE',  ( 1.000000000000000000, 0.000000000000000000, 0.000000000000000000 ) ) ;
#3097 = ORIENTED_EDGE ( 'NONE', *, *, #1614, .T. ) ;
#3098 = VECTOR ( 'NONE', #2264, 1000.000000000000227 ) ;
#3099 = EDGE_LOOP ( 'NONE', ( #566, #3394, #753, #3157 ) ) ;
#3100 = ADVANCED_FACE ( 'NONE', ( #3664 ), #1055, .F. ) ;
#3101 = ADVANCED_FACE ( 'NONE', ( #122 ), #1584, .T. ) ;
#3102 = AXIS2_PLACEMENT_3D ( 'NONE', #1620, #1561, #3369 ) ;
#3103 = DIRECTION ( 'NONE',  ( 0.5000000000000003331, 0.8660254037844383745, 0.000000000000000000 ) ) ;
#3104 = VERTEX_POINT ( 'NONE', #708 ) ;
#3105 = ADVANCED_FACE ( 'NONE', ( #186 ), #1000, .F. ) ;
#3106 = DIRECTION ( 'NONE',  ( 1.000000000000000000, 0.000000000000000000, 0.000000000000000000 ) ) ;
#3107 = CARTESIAN_POINT ( 'NONE',  ( 42.08771324027147642, -31.75000000000000000, 0.000000000000000000 ) ) ;
#3108 = VERTEX_POINT ( 'NONE', #3107 ) ;
#3109 = FACE_OUTER_BOUND ( 'NONE', #3250, .T. ) ;
#3110 = CARTESIAN_POINT ( 'NONE',  ( -48.00000000000000000, 40.00000000000000000, 5.000000000000000000 ) ) ;
#3111 = ORIENTED_EDGE ( 'NONE', *, *, #3372, .F. ) ;
#3112 = EDGE_LOOP ( 'NONE', ( #1092, #2372, #1120, #532 ) ) ;
#3113 = DIRECTION ( 'NONE',  ( 0.4226182617406999964, 0.9063077870366496036, -0.000000000000000000 ) ) ;
#3114 = PLANE ( 'NONE',  #3519 ) ;
#3115 = CARTESIAN_POINT ( 'NONE',  ( 9.000000000000000000, 19.99999999999998934, 5.000000000000000000 ) ) ;
#3116 = ORIENTED_EDGE ( 'NONE', *, *, #2673, .F. ) ;
#3117 = ORIENTED_EDGE ( 'NONE', *, *, #3583, .F. ) ;
#3118 = ADVANCED_FACE ( 'NONE', ( #483 ), #3025, .F. ) ;
#3119 = LINE ( 'NONE', #478, #1811 ) ;
#3120 = ORIENTED_EDGE ( 'NONE', *, *, #1502, .F. ) ;
#3121 = LINE ( 'NONE', #2038, #2597 ) ;
#3122 = DIRECTION ( 'NONE',  ( -0.4999999999999987232, -0.8660254037844393737, -0.000000000000000000 ) ) ;
#3123 = CARTESIAN_POINT ( 'NONE',  ( 3.687500000000009770, 10.61306264708975888, 2.500000000000000000 ) ) ;
#3124 = EDGE_CURVE ( 'NONE', #936, #1903, #3653, .T. ) ;
#3125 = DIRECTION ( 'NONE',  ( 1.000000000000000000, 0.000000000000000000, 0.000000000000000000 ) ) ;
#3126 = ORIENTED_EDGE ( 'NONE', *, *, #1999, .T. ) ;
#3127 = DIRECTION ( 'NONE',  ( -0.000000000000000000, -0.000000000000000000, 1.000000000000000000 ) ) ;
#3128 = LINE ( 'NONE', #3735, #1020 ) ;
#3129 = PRODUCT ( 'FreeNove_ESP32S3_BreakoutBoard _DIN_Rail_Mount', 'FreeNove_ESP32S3_BreakoutBoard _DIN_Rail_Mount', '', ( #340 ) ) ;
#3130 = ORIENTED_EDGE ( 'NONE', *, *, #481, .T. ) ;
#3131 = CARTESIAN_POINT ( 'NONE',  ( -43.67542648054293863, -34.50000000000000000, 0.000000000000000000 ) ) ;
#3132 = CARTESIAN_POINT ( 'NONE',  ( -13.25000000000000533, -12.00000000000000000, 2.500000000000000000 ) ) ;
#3133 = LINE ( 'NONE', #584, #2710 ) ;
#3134 = DIRECTION ( 'NONE',  ( -0.8660254037844388186, 0.4999999999999997224, 0.000000000000000000 ) ) ;
#3135 = ORIENTED_EDGE ( 'NONE', *, *, #499, .T. ) ;
#3136 = ORIENTED_EDGE ( 'NONE', *, *, #3521, .T. ) ;
#3137 = ADVANCED_FACE ( 'NONE', ( #425 ), #1271, .F. ) ;
#3138 = VERTEX_POINT ( 'NONE', #1344 ) ;
#3139 = CARTESIAN_POINT ( 'NONE',  ( -5.250000000000000000, -55.00000000000000000, 0.000000000000000000 ) ) ;
#3140 = DIRECTION ( 'NONE',  ( 1.000000000000000000, 0.000000000000000000, 0.000000000000000000 ) ) ;
#3141 = ORIENTED_EDGE ( 'NONE', *, *, #3430, .T. ) ;
#3142 = EDGE_CURVE ( 'NONE', #2808, #2627, #2967, .T. ) ;
#3143 = CARTESIAN_POINT ( 'NONE',  ( 0.000000000000000000, -13.00000000000001066, 5.000000000000000000 ) ) ;
#3144 = EDGE_CURVE ( 'NONE', #3535, #855, #3061, .T. ) ;
#3145 = CARTESIAN_POINT ( 'NONE',  ( -42.08771324027145511, -37.25000000000000711, 0.000000000000000000 ) ) ;
#3146 = CARTESIAN_POINT ( 'NONE',  ( -37.32457351945706137, 34.50000000000000000, 2.500000000000000000 ) ) ;
#3147 = ORIENTED_EDGE ( 'NONE', *, *, #2324, .F. ) ;
#3148 = VECTOR ( 'NONE', #2226, 1000.000000000000000 ) ;
#3149 = CLOSED_SHELL ( 'NONE', ( #1177, #3233, #291, #1882, #78, #571, #1132, #1467, #2272, #125, #1637, #2745, #2232, #2442, #2034, #1950, #1178, #1918, #948, #3423, #3101, #2646, #1849, #110, #1587, #2880, #2975, #1806, #2783, #3182, #1537, #2277, #2261, #3021, #247, #3137, #2493, #452, #2391, #2161, #2838, #821, #2371, #743, #2945, #3635, #3326, #3746, #3592, #1204, #2494, #705, #430, #3310, #1172, #769, #3049, #1905, #1998, #3378, #2385, #2695, #2857, #3487, #2641, #2257, #2921, #3118, #2414, #3063, #2722, #696, #706, #1428, #3190, #3361, #3166, #185, #1711, #2141, #135, #3105, #3662, #2938, #1807, #872, #3217, #1972, #915, #1356, #2342, #1248, #1496, #2903, #2622, #2041, #967, #3044, #3568, #179, #1276, #1321, #1881, #1752, #1497, #1830, #2336, #2793, #265, #312, #1222, #3449, #3100, #1337, #3247, #1362, #2999 ) ) ;
#3150 = LINE ( 'NONE', #69, #162 ) ;
#3151 = VECTOR ( 'NONE', #1006, 1000.000000000000000 ) ;
#3152 = EDGE_LOOP ( 'NONE', ( #3385, #2867, #2187, #757 ) ) ;
#3153 = VERTEX_POINT ( 'NONE', #3603 ) ;
#3154 = AXIS2_PLACEMENT_3D ( 'NONE', #2610, #2587, #3722 ) ;
#3155 = VECTOR ( 'NONE', #390, 1000.000000000000000 ) ;
#3156 = CARTESIAN_POINT ( 'NONE',  ( -4.999999999999997335, -48.75000000000000000, 5.000000000000000000 ) ) ;
#3157 = ORIENTED_EDGE ( 'NONE', *, *, #1902, .F. ) ;
#3158 = VECTOR ( 'NONE', #3732, 1000.000000000000000 ) ;
#3159 = DIRECTION ( 'NONE',  ( 0.000000000000000000, 0.000000000000000000, -1.000000000000000000 ) ) ;
#3160 = CARTESIAN_POINT ( 'NONE',  ( 13.25000000000000533, -12.00000000000000000, 2.500000000000000000 ) ) ;
#3161 = VECTOR ( 'NONE', #118, 1000.000000000000000 ) ;
#3162 = ORIENTED_EDGE ( 'NONE', *, *, #1693, .F. ) ;
#3163 = CARTESIAN_POINT ( 'NONE',  ( 10.25000000000000000, -55.00000000000000000, -1.821662113731688484E-15 ) ) ;
#3164 = LINE ( 'NONE', #3196, #892 ) ;
#3165 = CARTESIAN_POINT ( 'NONE',  ( 0.000000000000000000, -40.00000000000000000, 0.000000000000000000 ) ) ;
#3166 = ADVANCED_FACE ( 'NONE', ( #2207 ), #2510, .F. ) ;
#3167 = VERTEX_POINT ( 'NONE', #724 ) ;
#3168 = CARTESIAN_POINT ( 'NONE',  ( 9.999999999999996447, 19.99999999999998934, 0.000000000000000000 ) ) ;
#3169 = EDGE_CURVE ( 'NONE', #918, #1197, #1038, .T. ) ;
#3170 = EDGE_CURVE ( 'NONE', #1045, #319, #1566, .T. ) ;
#3171 = ORIENTED_EDGE ( 'NONE', *, *, #3169, .T. ) ;
#3172 = ORIENTED_EDGE ( 'NONE', *, *, #131, .T. ) ;
#3173 = CARTESIAN_POINT ( 'NONE',  ( 9.999999999999996447, 19.99999999999998934, 5.000000000000000000 ) ) ;
#3174 = VERTEX_POINT ( 'NONE', #165 ) ;
#3175 = CARTESIAN_POINT ( 'NONE',  ( 38.91228675972853779, 31.75000000000000000, 2.500000000000000000 ) ) ;
#3176 = CARTESIAN_POINT ( 'NONE',  ( 0.000000000000000000, 16.99999999999998579, 2.500000000000000000 ) ) ;
#3177 = VERTEX_POINT ( 'NONE', #2470 ) ;
#3178 = DIRECTION ( 'NONE',  ( -0.000000000000000000, -0.000000000000000000, -1.000000000000000000 ) ) ;
#3179 = DIRECTION ( 'NONE',  ( 1.000000000000000000, 1.301042606982607490E-15, -0.000000000000000000 ) ) ;
#3180 = DIRECTION ( 'NONE',  ( 0.000000000000000000, 0.000000000000000000, -1.000000000000000000 ) ) ;
#3181 = LINE ( 'NONE', #905, #575 ) ;
#3182 = ADVANCED_FACE ( 'NONE', ( #3042 ), #2799, .F. ) ;
#3183 = ORIENTED_EDGE ( 'NONE', *, *, #1346, .F. ) ;
#3184 = DIRECTION ( 'NONE',  ( 1.000000000000000000, -0.000000000000000000, -0.000000000000000000 ) ) ;
#3185 = DIRECTION ( 'NONE',  ( 0.000000000000000000, 0.000000000000000000, 1.000000000000000000 ) ) ;
#3186 = DIRECTION ( 'NONE',  ( 1.000000000000000000, 0.000000000000000000, 0.000000000000000000 ) ) ;
#3187 = VERTEX_POINT ( 'NONE', #741 ) ;
#3188 = VERTEX_POINT ( 'NONE', #1878 ) ;
#3189 = EDGE_CURVE ( 'NONE', #3688, #1049, #1285, .T. ) ;
#3190 = ADVANCED_FACE ( 'NONE', ( #1095 ), #1715, .T. ) ;
#3191 = CARTESIAN_POINT ( 'NONE',  ( -40.49999999999999289, -34.50000000000000000, 2.499999999999999556 ) ) ;
#3192 = EDGE_LOOP ( 'NONE', ( #2765, #3388, #835, #3645 ) ) ;
#3193 = CARTESIAN_POINT ( 'NONE',  ( -15.00000000000000000, 20.50000000000000000, 0.000000000000000000 ) ) ;
#3194 = ORIENTED_EDGE ( 'NONE', *, *, #1831, .T. ) ;
#3195 = FACE_OUTER_BOUND ( 'NONE', #598, .T. ) ;
#3196 = CARTESIAN_POINT ( 'NONE',  ( 15.00000000000000000, 22.00000000000001421, -3.500000000000000888 ) ) ;
#3197 = DIRECTION ( 'NONE',  ( 0.000000000000000000, 0.000000000000000000, 1.000000000000000000 ) ) ;
#3198 = ORIENTED_EDGE ( 'NONE', *, *, #2390, .F. ) ;
#3199 = PLANE ( 'NONE',  #1736 ) ;
#3200 = PRODUCT_RELATED_PRODUCT_CATEGORY ( 'part', '', ( #3129 ) ) ;
#3201 = DIRECTION ( 'NONE',  ( -0.000000000000000000, -1.000000000000000000, -0.000000000000000000 ) ) ;
#3202 = CARTESIAN_POINT ( 'NONE',  ( 0.000000000000000000, -13.00000000000001066, 2.500000000000000000 ) ) ;
#3203 = VECTOR ( 'NONE', #2438, 1000.000000000000000 ) ;
#3204 = VECTOR ( 'NONE', #3536, 1000.000000000000000 ) ;
#3205 = VERTEX_POINT ( 'NONE', #1969 ) ;
#3206 = ORIENTED_EDGE ( 'NONE', *, *, #1421, .F. ) ;
#3207 = VECTOR ( 'NONE', #595, 1000.000000000000000 ) ;
#3208 = AXIS2_PLACEMENT_3D ( 'NONE', #3497, #871, #1804 ) ;
#3209 =( NAMED_UNIT ( * ) PLANE_ANGLE_UNIT ( ) SI_UNIT ( $, .RADIAN. ) );
#3210 = EDGE_CURVE ( 'NONE', #2388, #231, #2550, .T. ) ;
#3211 = ORIENTED_EDGE ( 'NONE', *, *, #1105, .F. ) ;
#3212 = VECTOR ( 'NONE', #2844, 1000.000000000000000 ) ;
#3213 = VECTOR ( 'NONE', #2070, 999.9999999999998863 ) ;
#3214 = AXIS2_PLACEMENT_3D ( 'NONE', #2940, #1510, #938 ) ;
#3215 = DIRECTION ( 'NONE',  ( 0.000000000000000000, -1.000000000000000000, 0.000000000000000000 ) ) ;
#3216 = EDGE_CURVE ( 'NONE', #2377, #3496, #2600, .T. ) ;
#3217 = ADVANCED_FACE ( 'NONE', ( #3417 ), #572, .F. ) ;
#3218 = ORIENTED_EDGE ( 'NONE', *, *, #36, .F. ) ;
#3219 = CIRCLE ( 'NONE', #3764, 6.000000000000002665 ) ;
#3220 = CARTESIAN_POINT ( 'NONE',  ( -13.25000000000000533, -40.00000000000000000, 2.500000000000000000 ) ) ;
#3221 = DIRECTION ( 'NONE',  ( -0.000000000000000000, -1.000000000000000000, -0.000000000000000000 ) ) ;
#3222 = CARTESIAN_POINT ( 'NONE',  ( 9.000000000000005329, -12.83490799333966059, 2.483189007527344838 ) ) ;
#3223 = ORIENTED_EDGE ( 'NONE', *, *, #1033, .F. ) ;
#3224 = CARTESIAN_POINT ( 'NONE',  ( 6.000000000000000000, -12.83474969627706308, 2.483221319779940206 ) ) ;
#3225 = CARTESIAN_POINT ( 'NONE',  ( 10.25000000000000000, -15.00000000000000000, -1.821662113731688484E-15 ) ) ;
#3226 = VERTEX_POINT ( 'NONE', #2315 ) ;
#3227 = ORIENTED_EDGE ( 'NONE', *, *, #2807, .F. ) ;
#3228 = ORIENTED_EDGE ( 'NONE', *, *, #3235, .T. ) ;
#3229 = EDGE_CURVE ( 'NONE', #2883, #3074, #2579, .T. ) ;
#3230 = CARTESIAN_POINT ( 'NONE',  ( 7.375000000000000000, 17.00000000000001776, 2.500000000000000000 ) ) ;
#3231 = ORIENTED_EDGE ( 'NONE', *, *, #3683, .F. ) ;
#3232 = EDGE_CURVE ( 'NONE', #730, #695, #3694, .T. ) ;
#3233 = ADVANCED_FACE ( 'NONE', ( #1395 ), #3485, .F. ) ;
#3234 = CARTESIAN_POINT ( 'NONE',  ( -40.49999999999999289, 34.50000000000000000, 2.499999999999999556 ) ) ;
#3235 = EDGE_CURVE ( 'NONE', #2046, #1406, #2831, .T. ) ;
#3236 = DIRECTION ( 'NONE',  ( -0.7071067811865489050, 0.000000000000000000, 0.7071067811865462405 ) ) ;
#3237 = CARTESIAN_POINT ( 'NONE',  ( 37.32457351945706137, 34.50000000000000000, 0.000000000000000000 ) ) ;
#3238 = ORIENTED_EDGE ( 'NONE', *, *, #2894, .F. ) ;
#3239 = CARTESIAN_POINT ( 'NONE',  ( 37.32457351945707558, -34.50000000000000711, 0.000000000000000000 ) ) ;
#3240 = DIRECTION ( 'NONE',  ( -0.000000000000000000, -0.000000000000000000, 1.000000000000000000 ) ) ;
#3241 = DIRECTION ( 'NONE',  ( -0.8660254037844390407, 0.4999999999999995004, 0.000000000000000000 ) ) ;
#3242 = ORIENTED_EDGE ( 'NONE', *, *, #26, .T. ) ;
#3243 = CARTESIAN_POINT ( 'NONE',  ( 15.00000000000000000, 18.25000000000000355, -2.749999999999999556 ) ) ;
#3244 = LINE ( 'NONE', #911, #220 ) ;
#3245 = LINE ( 'NONE', #1499, #3400 ) ;
#3246 = ORIENTED_EDGE ( 'NONE', *, *, #411, .T. ) ;
#3247 = ADVANCED_FACE ( 'NONE', ( #3717 ), #199, .F. ) ;
#3248 = DIRECTION ( 'NONE',  ( -0.4999999999999993894, -0.8660254037844389297, 0.000000000000000000 ) ) ;
#3249 = VERTEX_POINT ( 'NONE', #1681 ) ;
#3250 = EDGE_LOOP ( 'NONE', ( #196, #331, #421, #2027 ) ) ;
#3251 = DIRECTION ( 'NONE',  ( 0.7071067811865489050, 0.000000000000000000, 0.7071067811865462405 ) ) ;
#3252 = DIRECTION ( 'NONE',  ( -0.000000000000000000, 1.000000000000000000, 0.000000000000000000 ) ) ;
#3253 = DIRECTION ( 'NONE',  ( 0.5000000000000019984, -0.8660254037844375974, 0.000000000000000000 ) ) ;
#3254 = PLANE ( 'NONE',  #2891 ) ;
#3255 = EDGE_CURVE ( 'NONE', #3283, #1045, #3767, .T. ) ;
#3256 = ORIENTED_EDGE ( 'NONE', *, *, #36, .T. ) ;
#3257 = DIRECTION ( 'NONE',  ( 1.000000000000000000, 0.000000000000000000, 0.000000000000000000 ) ) ;
#3258 = DIRECTION ( 'NONE',  ( 0.000000000000000000, 0.000000000000000000, -1.000000000000000000 ) ) ;
#3259 = ORIENTED_EDGE ( 'NONE', *, *, #3170, .T. ) ;
#3260 = CARTESIAN_POINT ( 'NONE',  ( -37.32457351945705426, -34.50000000000000711, 0.000000000000000000 ) ) ;
#3261 = CARTESIAN_POINT ( 'NONE',  ( 40.50000000000000711, -34.50000000000000000, 2.499999999999999556 ) ) ;
#3262 = AXIS2_PLACEMENT_3D ( 'NONE', #253, #1436, #2552 ) ;
#3263 = CARTESIAN_POINT ( 'NONE',  ( 50.00000000000000000, 38.00000000000000000, 5.000000000000000000 ) ) ;
#3264 = DIRECTION ( 'NONE',  ( -0.000000000000000000, -0.000000000000000000, 1.000000000000000000 ) ) ;
#3265 = APPLICATION_PROTOCOL_DEFINITION ( 'draft international standard', 'automotive_design', 1998, #1506 ) ;
#3266 = EDGE_LOOP ( 'NONE', ( #3055, #3141, #2271, #1372 ) ) ;
#3267 = CIRCLE ( 'NONE', #3754, 2.500000000000000000 ) ;
#3268 = AXIS2_PLACEMENT_3D ( 'NONE', #3165, #1470, #2941 ) ;
#3269 = EDGE_CURVE ( 'NONE', #1099, #1915, #2882, .T. ) ;
#3270 = CYLINDRICAL_SURFACE ( 'NONE', #3581, 2.000000000000001776 ) ;
#3271 = VECTOR ( 'NONE', #1216, 1000.000000000000000 ) ;
#3272 = DIRECTION ( 'NONE',  ( 0.000000000000000000, -0.000000000000000000, 1.000000000000000000 ) ) ;
#3273 = VECTOR ( 'NONE', #3618, 1000.000000000000000 ) ;
#3274 = ORIENTED_EDGE ( 'NONE', *, *, #2065, .F. ) ;
#3275 = ORIENTED_EDGE ( 'NONE', *, *, #364, .T. ) ;
#3276 = DIRECTION ( 'NONE',  ( 1.000000000000000000, 0.000000000000000000, 0.000000000000000000 ) ) ;
#3277 = VECTOR ( 'NONE', #2153, 1000.000000000000114 ) ;
#3278 = AXIS2_PLACEMENT_3D ( 'NONE', #867, #1082, #2253 ) ;
#3279 = DIRECTION ( 'NONE',  ( 0.7071067811865495711, -0.000000000000000000, 0.7071067811865454633 ) ) ;
#3280 = LINE ( 'NONE', #1484, #2598 ) ;
#3281 = CARTESIAN_POINT ( 'NONE',  ( 10.74999999999999645, -12.00000000000000000, 5.000000000000000000 ) ) ;
#3282 = CIRCLE ( 'NONE', #3710, 1.750000000000001554 ) ;
#3283 = VERTEX_POINT ( 'NONE', #2026 ) ;
#3284 = EDGE_CURVE ( 'NONE', #2951, #3679, #2359, .T. ) ;
#3285 = STYLED_ITEM ( 'NONE', ( #2630 ), #306 ) ;
#3286 = DIRECTION ( 'NONE',  ( -0.4999999999999987232, -0.8660254037844393737, 0.000000000000000000 ) ) ;
#3287 = CARTESIAN_POINT ( 'NONE',  ( 7.375000000000000000, -13.00000000000001066, 5.000000000000000000 ) ) ;
#3288 = EDGE_LOOP ( 'NONE', ( #3703, #93, #3608, #1890 ) ) ;
#3289 = CARTESIAN_POINT ( 'NONE',  ( -47.99999999999999289, 19.99999999999998934, 0.000000000000000000 ) ) ;
#3290 = EDGE_CURVE ( 'NONE', #1824, #551, #817, .T. ) ;
#3291 = EDGE_CURVE ( 'NONE', #1782, #612, #1990, .T. ) ;
#3292 = CARTESIAN_POINT ( 'NONE',  ( 0.000000000000000000, 1.999999999999989564, 5.000000000000000000 ) ) ;
#3293 = FACE_OUTER_BOUND ( 'NONE', #624, .T. ) ;
#3294 = ORIENTED_EDGE ( 'NONE', *, *, #3144, .T. ) ;
#3295 = LINE ( 'NONE', #2692, #2602 ) ;
#3296 = ORIENTED_EDGE ( 'NONE', *, *, #3070, .T. ) ;
#3297 = LINE ( 'NONE', #3660, #2714 ) ;
#3298 = DIRECTION ( 'NONE',  ( 0.4999999999999996669, -0.8660254037844388186, 0.000000000000000000 ) ) ;
#3299 = CARTESIAN_POINT ( 'NONE',  ( -3.687499999999963141, 8.386937352910244670, 2.500000000000000000 ) ) ;
#3300 = CARTESIAN_POINT ( 'NONE',  ( 42.08771324027146932, -37.25000000000000711, 2.500000000000000000 ) ) ;
#3301 = ORIENTED_EDGE ( 'NONE', *, *, #1706, .T. ) ;
#3302 = DIRECTION ( 'NONE',  ( 0.000000000000000000, 0.000000000000000000, 1.000000000000000000 ) ) ;
#3303 = PLANE ( 'NONE',  #1137 ) ;
#3304 = ORIENTED_EDGE ( 'NONE', *, *, #679, .F. ) ;
#3305 = DIRECTION ( 'NONE',  ( -0.4999999999999996669, -0.8660254037844388186, 0.000000000000000000 ) ) ;
#3306 = CARTESIAN_POINT ( 'NONE',  ( -10.25000000000000000, -50.00000000000000000, 4.999999999999998224 ) ) ;
#3307 = DIRECTION ( 'NONE',  ( 0.7071067811865454633, 0.000000000000000000, -0.7071067811865495711 ) ) ;
#3308 = DIRECTION ( 'NONE',  ( 1.000000000000000000, 0.000000000000000000, 0.000000000000000000 ) ) ;
#3309 = ORIENTED_EDGE ( 'NONE', *, *, #3676, .T. ) ;
#3310 = ADVANCED_FACE ( 'NONE', ( #2527 ), #840, .T. ) ;
#3311 = CARTESIAN_POINT ( 'NONE',  ( 7.625000000000000000, 17.00000000000001776, 5.000000000000000000 ) ) ;
#3312 = ORIENTED_EDGE ( 'NONE', *, *, #3730, .F. ) ;
#3313 = DIRECTION ( 'NONE',  ( -0.000000000000000000, -0.000000000000000000, 1.000000000000000000 ) ) ;
#3314 = CARTESIAN_POINT ( 'NONE',  ( 38.91228675972853779, 31.75000000000000000, 2.500000000000000000 ) ) ;
#3315 = DIRECTION ( 'NONE',  ( -0.000000000000000000, -0.000000000000000000, 1.000000000000000000 ) ) ;
#3316 = FACE_OUTER_BOUND ( 'NONE', #1979, .T. ) ;
#3317 = ORIENTED_EDGE ( 'NONE', *, *, #2560, .T. ) ;
#3318 = PLANE ( 'NONE',  #3693 ) ;
#3319 = LINE ( 'NONE', #429, #3461 ) ;
#3320 = ORIENTED_EDGE ( 'NONE', *, *, #355, .F. ) ;
#3321 = CARTESIAN_POINT ( 'NONE',  ( -5.000000000000000000, -47.00000000000000000, -3.500000000000000444 ) ) ;
#3322 = LINE ( 'NONE', #974, #3094 ) ;
#3323 = FACE_OUTER_BOUND ( 'NONE', #2076, .T. ) ;
#3324 = DIRECTION ( 'NONE',  ( 0.8660254037844393737, 0.4999999999999987232, -0.000000000000000000 ) ) ;
#3325 = ORIENTED_EDGE ( 'NONE', *, *, #2211, .F. ) ;
#3326 = ADVANCED_FACE ( 'NONE', ( #251 ), #1074, .T. ) ;
#3327 = CYLINDRICAL_SURFACE ( 'NONE', #286, 6.000000000000000000 ) ;
#3328 = ORIENTED_EDGE ( 'NONE', *, *, #2525, .F. ) ;
#3329 = CIRCLE ( 'NONE', #2169, 1.750000000000001554 ) ;
#3330 = VECTOR ( 'NONE', #659, 1000.000000000000000 ) ;
#3331 = DIRECTION ( 'NONE',  ( -1.000000000000000000, -0.000000000000000000, 0.000000000000000000 ) ) ;
#3332 = AXIS2_PLACEMENT_3D ( 'NONE', #3432, #482, #318 ) ;
#3333 = VECTOR ( 'NONE', #1623, 1000.000000000000000 ) ;
#3334 = FACE_BOUND ( 'NONE', #1947, .T. ) ;
#3335 = EDGE_CURVE ( 'NONE', #3249, #2643, #1180, .T. ) ;
#3336 = CARTESIAN_POINT ( 'NONE',  ( 10.25000000000000000, -55.00000000000000000, 4.999999999999998224 ) ) ;
#3337 = DIRECTION ( 'NONE',  ( 0.4999999999999996669, -0.8660254037844388186, 0.000000000000000000 ) ) ;
#3338 = ORIENTED_EDGE ( 'NONE', *, *, #1845, .T. ) ;
#3339 = VECTOR ( 'NONE', #14, 1000.000000000000000 ) ;
#3340 = VECTOR ( 'NONE', #632, 1000.000000000000000 ) ;
#3341 = DIRECTION ( 'NONE',  ( -0.000000000000000000, -0.000000000000000000, 1.000000000000000000 ) ) ;
#3342 = AXIS2_PLACEMENT_3D ( 'NONE', #558, #1664, #1437 ) ;
#3343 = DIRECTION ( 'NONE',  ( -0.000000000000000000, -0.000000000000000000, -1.000000000000000000 ) ) ;
#3344 = EDGE_LOOP ( 'NONE', ( #3408, #2208, #942, #3410, #1959 ) ) ;
#3345 = LINE ( 'NONE', #1591, #3151 ) ;
#3346 = VECTOR ( 'NONE', #44, 1000.000000000000000 ) ;
#3347 = DIRECTION ( 'NONE',  ( -0.000000000000000000, -0.000000000000000000, -1.000000000000000000 ) ) ;
#3348 = CYLINDRICAL_SURFACE ( 'NONE', #3090, 1.750000000000001554 ) ;
#3349 =( NAMED_UNIT ( * ) PLANE_ANGLE_UNIT ( ) SI_UNIT ( $, .RADIAN. ) );
#3350 = VECTOR ( 'NONE', #3075, 1000.000000000000000 ) ;
#3351 = DIRECTION ( 'NONE',  ( 1.000000000000000000, 0.000000000000000000, 0.000000000000000000 ) ) ;
#3352 = ORIENTED_EDGE ( 'NONE', *, *, #3235, .F. ) ;
#3353 = ORIENTED_EDGE ( 'NONE', *, *, #2463, .F. ) ;
#3354 = EDGE_CURVE ( 'NONE', #2806, #2429, #1241, .T. ) ;
#3355 = CARTESIAN_POINT ( 'NONE',  ( 0.000000000000000000, 1.999999999999989564, 2.500000000000000000 ) ) ;
#3356 = ORIENTED_EDGE ( 'NONE', *, *, #2119, .T. ) ;
#3357 = LINE ( 'NONE', #722, #3458 ) ;
#3358 = FACE_OUTER_BOUND ( 'NONE', #3578, .T. ) ;
#3359 = DIRECTION ( 'NONE',  ( 0.7071067811865489050, 0.000000000000000000, -0.7071067811865462405 ) ) ;
#3360 = ORIENTED_EDGE ( 'NONE', *, *, #364, .F. ) ;
#3361 = ADVANCED_FACE ( 'NONE', ( #2100 ), #2331, .F. ) ;
#3362 = LINE ( 'NONE', #144, #2902 ) ;
#3363 = CARTESIAN_POINT ( 'NONE',  ( 48.00000000000000711, -40.00000000000000000, 5.000000000000000000 ) ) ;
#3364 = ORIENTED_EDGE ( 'NONE', *, *, #1223, .F. ) ;
#3365 = LINE ( 'NONE', #173, #2235 ) ;
#3366 = FACE_OUTER_BOUND ( 'NONE', #3513, .T. ) ;
#3367 = VERTEX_POINT ( 'NONE', #2347 ) ;
#3368 = EDGE_LOOP ( 'NONE', ( #772, #510, #1725, #3598, #1747, #2499 ) ) ;
#3369 = DIRECTION ( 'NONE',  ( 1.000000000000000000, 0.000000000000000000, 0.000000000000000000 ) ) ;
#3370 = ORIENTED_EDGE ( 'NONE', *, *, #303, .F. ) ;
#3371 = CARTESIAN_POINT ( 'NONE',  ( -42.08771324027146932, -31.75000000000000711, 2.500000000000000000 ) ) ;
#3372 = EDGE_CURVE ( 'NONE', #2919, #2484, #3219, .T. ) ;
#3373 = CARTESIAN_POINT ( 'NONE',  ( -43.67542648054293863, -34.50000000000000000, 2.500000000000000000 ) ) ;
#3374 = CARTESIAN_POINT ( 'NONE',  ( 15.00000000000000000, 18.25000000000000355, -2.749999999999999556 ) ) ;
#3375 = EDGE_LOOP ( 'NONE', ( #1477, #480, #1978, #1386 ) ) ;
#3376 = LINE ( 'NONE', #126, #394 ) ;
#3377 = LINE ( 'NONE', #1079, #3761 ) ;
#3378 = ADVANCED_FACE ( 'NONE', ( #2406 ), #1812, .F. ) ;
#3379 = EDGE_CURVE ( 'NONE', #3502, #1391, #287, .T. ) ;
#3380 = ORIENTED_EDGE ( 'NONE', *, *, #1777, .F. ) ;
#3381 = DIRECTION ( 'NONE',  ( 0.000000000000000000, 0.000000000000000000, 1.000000000000000000 ) ) ;
#3382 = DIRECTION ( 'NONE',  ( 1.000000000000000000, 0.000000000000000000, 0.000000000000000000 ) ) ;
#3383 = DIRECTION ( 'NONE',  ( 1.000000000000000000, 0.000000000000000000, 0.000000000000000000 ) ) ;
#3384 = FACE_BOUND ( 'NONE', #1944, .T. ) ;
#3385 = ORIENTED_EDGE ( 'NONE', *, *, #729, .F. ) ;
#3386 = ORIENTED_EDGE ( 'NONE', *, *, #1229, .F. ) ;
#3387 = DIRECTION ( 'NONE',  ( 0.000000000000000000, -1.000000000000000000, 0.000000000000000000 ) ) ;
#3388 = ORIENTED_EDGE ( 'NONE', *, *, #423, .T. ) ;
#3389 = DIRECTION ( 'NONE',  ( 0.000000000000000000, 1.000000000000000000, 0.000000000000000000 ) ) ;
#3390 = LINE ( 'NONE', #3139, #3514 ) ;
#3391 = AXIS2_PLACEMENT_3D ( 'NONE', #2418, #1798, #907 ) ;
#3392 = CARTESIAN_POINT ( 'NONE',  ( -3.116809680337662591, -4.684019929395301318, 2.500000000000000000 ) ) ;
#3393 = VECTOR ( 'NONE', #786, 1000.000000000000000 ) ;
#3394 = ORIENTED_EDGE ( 'NONE', *, *, #3466, .T. ) ;
#3395 = VECTOR ( 'NONE', #1509, 1000.000000000000000 ) ;
#3396 = VECTOR ( 'NONE', #3537, 1000.000000000000000 ) ;
#3397 = DIRECTION ( 'NONE',  ( 0.000000000000000000, -1.000000000000000000, 0.000000000000000000 ) ) ;
#3398 = DIRECTION ( 'NONE',  ( -0.000000000000000000, 1.000000000000000000, 0.000000000000000000 ) ) ;
#3399 = EDGE_CURVE ( 'NONE', #1898, #325, #3282, .T. ) ;
#3400 = VECTOR ( 'NONE', #56, 1000.000000000000000 ) ;
#3401 = VECTOR ( 'NONE', #1417, 1000.000000000000000 ) ;
#3402 = ORIENTED_EDGE ( 'NONE', *, *, #1616, .F. ) ;
#3403 = CYLINDRICAL_SURFACE ( 'NONE', #2961, 1.750000000000001554 ) ;
#3404 = AXIS2_PLACEMENT_3D ( 'NONE', #2132, #3565, #3236 ) ;
#3405 = CIRCLE ( 'NONE', #2345, 1.750000000000001554 ) ;
#3406 = FACE_OUTER_BOUND ( 'NONE', #3344, .T. ) ;
#3407 = DIRECTION ( 'NONE',  ( -0.000000000000000000, -0.000000000000000000, -1.000000000000000000 ) ) ;
#3408 = ORIENTED_EDGE ( 'NONE', *, *, #363, .F. ) ;
#3409 = VECTOR ( 'NONE', #1358, 1000.000000000000000 ) ;
#3410 = ORIENTED_EDGE ( 'NONE', *, *, #1427, .T. ) ;
#3411 = EDGE_CURVE ( 'NONE', #3550, #1665, #3295, .T. ) ;
#3412 = EDGE_CURVE ( 'NONE', #3453, #1839, #2123, .T. ) ;
#3413 = LINE ( 'NONE', #1354, #3036 ) ;
#3414 = EDGE_LOOP ( 'NONE', ( #809, #1613, #2639, #83 ) ) ;
#3415 = LINE ( 'NONE', #1952, #1607 ) ;
#3416 = DIRECTION ( 'NONE',  ( -0.7071067811865489050, 0.000000000000000000, -0.7071067811865462405 ) ) ;
#3417 = FACE_OUTER_BOUND ( 'NONE', #3192, .T. ) ;
#3418 = EDGE_LOOP ( 'NONE', ( #1671, #1716, #190, #1433 ) ) ;
#3419 = DIRECTION ( 'NONE',  ( 1.000000000000000000, 0.000000000000000000, -0.000000000000000000 ) ) ;
#3420 = CARTESIAN_POINT ( 'NONE',  ( 0.000000000000000000, 16.99999999999998579, 2.500000000000000000 ) ) ;
#3421 = ORIENTED_EDGE ( 'NONE', *, *, #3726, .F. ) ;
#3422 = CARTESIAN_POINT ( 'NONE',  ( -37.32457351945705426, -34.50000000000000711, 2.500000000000000000 ) ) ;
#3423 = ADVANCED_FACE ( 'NONE', ( #3580 ), #960, .F. ) ;
#3424 = UNCERTAINTY_MEASURE_WITH_UNIT (LENGTH_MEASURE( 1.000000000000000082E-05 ), #2383, 'distance_accuracy_value', 'NONE');
#3425 = CARTESIAN_POINT ( 'NONE',  ( 7.625000000000000000, 17.00000000000001776, 2.500000000000000000 ) ) ;
#3426 = CYLINDRICAL_SURFACE ( 'NONE', #889, 9.000000000000001776 ) ;
#3427 = ORIENTED_EDGE ( 'NONE', *, *, #1688, .T. ) ;
#3428 = VERTEX_POINT ( 'NONE', #3524 ) ;
#3429 = CYLINDRICAL_SURFACE ( 'NONE', #1083, 8.999999999999998224 ) ;
#3430 = EDGE_CURVE ( 'NONE', #1970, #2808, #2904, .T. ) ;
#3431 = ORIENTED_EDGE ( 'NONE', *, *, #1821, .F. ) ;
#3432 = CARTESIAN_POINT ( 'NONE',  ( 40.50000000000000711, -34.50000000000000000, 5.000000000000000000 ) ) ;
#3433 = DIRECTION ( 'NONE',  ( -1.000000000000000000, -0.000000000000000000, -0.000000000000000000 ) ) ;
#3434 = ORIENTED_EDGE ( 'NONE', *, *, #2763, .F. ) ;
#3435 = DIRECTION ( 'NONE',  ( 0.000000000000000000, 0.000000000000000000, 1.000000000000000000 ) ) ;
#3436 = DIRECTION ( 'NONE',  ( -0.000000000000000000, -0.000000000000000000, 1.000000000000000000 ) ) ;
#3437 = ORIENTED_EDGE ( 'NONE', *, *, #201, .T. ) ;
#3438 = CARTESIAN_POINT ( 'NONE',  ( 37.32457351945707558, -34.50000000000000711, 0.000000000000000000 ) ) ;
#3439 = CARTESIAN_POINT ( 'NONE',  ( 9.500000000000000000, -20.00000000000000000, -9.797174393178823685E-16 ) ) ;
#3440 = ORIENTED_EDGE ( 'NONE', *, *, #2011, .T. ) ;
#3441 = ORIENTED_EDGE ( 'NONE', *, *, #1932, .T. ) ;
#3442 = DIRECTION ( 'NONE',  ( -0.000000000000000000, -1.000000000000000000, -0.000000000000000000 ) ) ;
#3443 = ORIENTED_EDGE ( 'NONE', *, *, #511, .T. ) ;
#3444 = EDGE_CURVE ( 'NONE', #686, #1562, #59, .T. ) ;
#3445 = DIRECTION ( 'NONE',  ( 1.000000000000000000, -0.000000000000000000, 0.000000000000000000 ) ) ;
#3446 = CARTESIAN_POINT ( 'NONE',  ( 15.00000000000000000, 25.00000000000001421, -0.5000000000000000000 ) ) ;
#3447 = ORIENTED_EDGE ( 'NONE', *, *, #3583, .T. ) ;
#3448 = DIRECTION ( 'NONE',  ( -0.000000000000000000, -0.000000000000000000, -1.000000000000000000 ) ) ;
#3449 = ADVANCED_FACE ( 'NONE', ( #4 ), #875, .F. ) ;
#3450 = FACE_BOUND ( 'NONE', #451, .T. ) ;
#3451 = DIRECTION ( 'NONE',  ( 0.000000000000000000, 1.000000000000000000, 0.000000000000000000 ) ) ;
#3452 = CARTESIAN_POINT ( 'NONE',  ( 3.687500000000009770, 10.61306264708975888, 2.500000000000000000 ) ) ;
#3453 = VERTEX_POINT ( 'NONE', #2082 ) ;
#3454 = VECTOR ( 'NONE', #9, 1000.000000000000000 ) ;
#3455 = AXIS2_PLACEMENT_3D ( 'NONE', #1783, #2644, #2077 ) ;
#3456 = CIRCLE ( 'NONE', #521, 7.375000000000000000 ) ;
#3457 = DIRECTION ( 'NONE',  ( 1.000000000000000000, -0.000000000000000000, -0.000000000000000000 ) ) ;
#3458 = VECTOR ( 'NONE', #1911, 1000.000000000000000 ) ;
#3459 = ORIENTED_EDGE ( 'NONE', *, *, #3682, .T. ) ;
#3460 = ORIENTED_EDGE ( 'NONE', *, *, #1388, .F. ) ;
#3461 = VECTOR ( 'NONE', #2802, 1000.000000000000000 ) ;
#3462 = VECTOR ( 'NONE', #3201, 1000.000000000000000 ) ;
#3463 = DIRECTION ( 'NONE',  ( 0.000000000000000000, 0.000000000000000000, 1.000000000000000000 ) ) ;
#3464 = ORIENTED_EDGE ( 'NONE', *, *, #473, .T. ) ;
#3465 = VECTOR ( 'NONE', #934, 1000.000000000000000 ) ;
#3466 = EDGE_CURVE ( 'NONE', #2574, #3283, #1771, .T. ) ;
#3467 = CARTESIAN_POINT ( 'NONE',  ( 9.500000000000000000, -20.00000000000000000, -9.797174393178823685E-16 ) ) ;
#3468 = DIRECTION ( 'NONE',  ( 1.000000000000000000, 0.000000000000000000, 0.000000000000000000 ) ) ;
#3469 = VECTOR ( 'NONE', #2145, 1000.000000000000114 ) ;
#3470 = ORIENTED_EDGE ( 'NONE', *, *, #675, .T. ) ;
#3471 = DIRECTION ( 'NONE',  ( -1.000000000000000000, -0.000000000000000000, -0.000000000000000000 ) ) ;
#3472 = CARTESIAN_POINT ( 'NONE',  ( 0.000000000000000000, -13.00000000000001066, 2.500000000000000000 ) ) ;
#3473 = CYLINDRICAL_SURFACE ( 'NONE', #3584, 5.000000000000000000 ) ;
#3474 = CARTESIAN_POINT ( 'NONE',  ( 42.08771324027146932, -37.25000000000000711, 2.500000000000000000 ) ) ;
#3475 = EDGE_CURVE ( 'NONE', #2237, #380, #1480, .T. ) ;
#3476 = EDGE_CURVE ( 'NONE', #353, #1479, #1224, .T. ) ;
#3477 = VERTEX_POINT ( 'NONE', #622 ) ;
#3478 = LINE ( 'NONE', #1114, #2417 ) ;
#3479 = DIRECTION ( 'NONE',  ( 0.000000000000000000, 0.000000000000000000, 1.000000000000000000 ) ) ;
#3480 = ORIENTED_EDGE ( 'NONE', *, *, #1131, .T. ) ;
#3481 = ORIENTED_EDGE ( 'NONE', *, *, #2674, .T. ) ;
#3482 = DIRECTION ( 'NONE',  ( 0.000000000000000000, 0.000000000000000000, 1.000000000000000000 ) ) ;
#3483 =( NAMED_UNIT ( * ) PLANE_ANGLE_UNIT ( ) SI_UNIT ( $, .RADIAN. ) );
#3484 = ORIENTED_EDGE ( 'NONE', *, *, #1080, .T. ) ;
#3485 = CYLINDRICAL_SURFACE ( 'NONE', #1500, 1.749999999999994671 ) ;
#3486 = ORIENTED_EDGE ( 'NONE', *, *, #1728, .F. ) ;
#3487 = ADVANCED_FACE ( 'NONE', ( #2955 ), #345, .F. ) ;
#3488 = LINE ( 'NONE', #3750, #1980 ) ;
#3489 = DIRECTION ( 'NONE',  ( 0.000000000000000000, 1.000000000000000000, -1.445602896647339656E-16 ) ) ;
#3490 = FACE_OUTER_BOUND ( 'NONE', #5, .T. ) ;
#3491 = ORIENTED_EDGE ( 'NONE', *, *, #1486, .T. ) ;
#3492 = LINE ( 'NONE', #1400, #3762 ) ;
#3493 = EDGE_CURVE ( 'NONE', #935, #1508, #1051, .T. ) ;
#3494 = DIRECTION ( 'NONE',  ( 0.7071067811865462405, 0.000000000000000000, -0.7071067811865489050 ) ) ;
#3495 = EDGE_LOOP ( 'NONE', ( #1116, #2848, #3067 ) ) ;
#3496 = VERTEX_POINT ( 'NONE', #3311 ) ;
#3497 = CARTESIAN_POINT ( 'NONE',  ( 5.000000000000000000, -47.00000000000000000, -1.734723475976807094E-15 ) ) ;
#3498 = CARTESIAN_POINT ( 'NONE',  ( 7.625000000000000000, -13.00000000000001066, 2.449489742783176105 ) ) ;
#3499 = EDGE_CURVE ( 'NONE', #2154, #1487, #401, .T. ) ;
#3500 = VERTEX_POINT ( 'NONE', #180 ) ;
#3501 = DIRECTION ( 'NONE',  ( 9.130123557772669567E-17, -1.000000000000000000, 0.000000000000000000 ) ) ;
#3502 = VERTEX_POINT ( 'NONE', #678 ) ;
#3503 = LINE ( 'NONE', #1737, #3395 ) ;
#3504 = DIRECTION ( 'NONE',  ( 0.000000000000000000, 0.000000000000000000, 1.000000000000000000 ) ) ;
#3505 = DIRECTION ( 'NONE',  ( 0.000000000000000000, 0.000000000000000000, 1.000000000000000000 ) ) ;
#3506 = EDGE_LOOP ( 'NONE', ( #1460, #542, #1524, #1139 ) ) ;
#3507 = LINE ( 'NONE', #2136, #1066 ) ;
#3508 = EDGE_CURVE ( 'NONE', #1889, #3005, #737, .T. ) ;
#3509 = CARTESIAN_POINT ( 'NONE',  ( 5.510910596163087583E-16, 10.99999999999998757, 5.000000000000000000 ) ) ;
#3510 = VECTOR ( 'NONE', #2777, 1000.000000000000000 ) ;
#3511 = VECTOR ( 'NONE', #2072, 1000.000000000000000 ) ;
#3512 = ORIENTED_EDGE ( 'NONE', *, *, #1592, .F. ) ;
#3513 = EDGE_LOOP ( 'NONE', ( #2628, #1810, #112, #1653, #553, #569 ) ) ;
#3514 = VECTOR ( 'NONE', #3159, 1000.000000000000000 ) ;
#3515 = VECTOR ( 'NONE', #1789, 1000.000000000000114 ) ;
#3516 = DIRECTION ( 'NONE',  ( -1.000000000000000000, 0.000000000000000000, 0.000000000000000000 ) ) ;
#3517 = FILL_AREA_STYLE_COLOUR ( '', #2126 ) ;
#3518 = ORIENTED_EDGE ( 'NONE', *, *, #159, .T. ) ;
#3519 = AXIS2_PLACEMENT_3D ( 'NONE', #1062, #2254, #2805 ) ;
#3520 = CIRCLE ( 'NONE', #1319, 2.500000000000000444 ) ;
#3521 = EDGE_CURVE ( 'NONE', #3728, #3651, #98, .T. ) ;
#3522 = EDGE_CURVE ( 'NONE', #3668, #1221, #2506, .T. ) ;
#3523 = AXIS2_PLACEMENT_3D ( 'NONE', #3720, #2307, #2872 ) ;
#3524 = CARTESIAN_POINT ( 'NONE',  ( 9.500000000000000000, -13.99999999999999112, -3.500000000000000444 ) ) ;
#3525 = ORIENTED_EDGE ( 'NONE', *, *, #410, .F. ) ;
#3526 = AXIS2_PLACEMENT_3D ( 'NONE', #800, #237, #1700 ) ;
#3527 = CARTESIAN_POINT ( 'NONE',  ( 6.000000000000002665, 16.99999999999998579, 2.500000000000000000 ) ) ;
#3528 = DIRECTION ( 'NONE',  ( -1.000000000000000000, 0.000000000000000000, 0.000000000000000000 ) ) ;
#3529 = AXIS2_PLACEMENT_3D ( 'NONE', #2063, #2671, #1162 ) ;
#3530 = PLANE ( 'NONE',  #957 ) ;
#3531 = CARTESIAN_POINT ( 'NONE',  ( -10.25000000000000000, -40.00000000000000000, 4.999999999999998224 ) ) ;
#3532 = ORIENTED_EDGE ( 'NONE', *, *, #1854, .T. ) ;
#3533 = CYLINDRICAL_SURFACE ( 'NONE', #281, 1.749999999999994671 ) ;
#3534 = CARTESIAN_POINT ( 'NONE',  ( 42.25000000000000000, -34.50000000000000000, -3.500000000000000444 ) ) ;
#3535 = VERTEX_POINT ( 'NONE', #2752 ) ;
#3536 = DIRECTION ( 'NONE',  ( -0.000000000000000000, -0.000000000000000000, -1.000000000000000000 ) ) ;
#3537 = DIRECTION ( 'NONE',  ( -0.000000000000000000, -0.000000000000000000, -1.000000000000000000 ) ) ;
#3538 = EDGE_CURVE ( 'NONE', #2839, #819, #2768, .T. ) ;
#3539 = DIRECTION ( 'NONE',  ( 0.000000000000000000, -1.000000000000000000, 0.000000000000000000 ) ) ;
#3540 = EDGE_LOOP ( 'NONE', ( #3136, #332, #1150, #3687, #1242, #1670, #1290 ) ) ;
#3541 = EDGE_CURVE ( 'NONE', #1562, #3187, #2245, .T. ) ;
#3542 = EDGE_CURVE ( 'NONE', #1075, #918, #2708, .T. ) ;
#3543 = DIRECTION ( 'NONE',  ( -1.000000000000000000, -0.000000000000000000, -0.000000000000000000 ) ) ;
#3544 = ORIENTED_EDGE ( 'NONE', *, *, #1723, .T. ) ;
#3545 = ORIENTED_EDGE ( 'NONE', *, *, #3493, .T. ) ;
#3546 = PLANE ( 'NONE',  #38 ) ;
#3547 = LINE ( 'NONE', #1792, #3454 ) ;
#3548 = DIRECTION ( 'NONE',  ( 0.8660254037844410391, 0.4999999999999959477, 0.000000000000000000 ) ) ;
#3549 = DIRECTION ( 'NONE',  ( -1.000000000000000000, 0.000000000000000000, 0.000000000000000000 ) ) ;
#3550 = VERTEX_POINT ( 'NONE', #1872 ) ;
#3551 = DIRECTION ( 'NONE',  ( -0.000000000000000000, -0.000000000000000000, 1.000000000000000000 ) ) ;
#3552 = CARTESIAN_POINT ( 'NONE',  ( -37.32457351945705426, -34.50000000000000711, 2.500000000000000000 ) ) ;
#3553 = ORIENTED_EDGE ( 'NONE', *, *, #1831, .F. ) ;
#3554 = DIRECTION ( 'NONE',  ( -2.891205793294678696E-17, -1.000000000000000000, -0.000000000000000000 ) ) ;
#3555 = PLANE ( 'NONE',  #1431 ) ;
#3556 = CARTESIAN_POINT ( 'NONE',  ( 38.75000000000001421, 34.50000000000000000, -3.500000000000000444 ) ) ;
#3557 = CARTESIAN_POINT ( 'NONE',  ( 5.000000000000000000, -47.00000000000000000, -3.500000000000000444 ) ) ;
#3558 = FILL_AREA_STYLE ('',( #3517 ) ) ;
#3559 = ORIENTED_EDGE ( 'NONE', *, *, #994, .F. ) ;
#3560 = DIRECTION ( 'NONE',  ( -0.000000000000000000, 1.000000000000000000, 0.000000000000000000 ) ) ;
#3561 = VERTEX_POINT ( 'NONE', #3673 ) ;
#3562 = ORIENTED_EDGE ( 'NONE', *, *, #3015, .F. ) ;
#3563 = LINE ( 'NONE', #877, #823 ) ;
#3564 = CARTESIAN_POINT ( 'NONE',  ( -47.99999999999999289, -38.00000000000000000, 5.000000000000000000 ) ) ;
#3565 = DIRECTION ( 'NONE',  ( -0.7071067811865462405, 0.000000000000000000, -0.7071067811865489050 ) ) ;
#3566 = LINE ( 'NONE', #3281, #2346 ) ;
#3567 = ORIENTED_EDGE ( 'NONE', *, *, #2190, .F. ) ;
#3568 = ADVANCED_FACE ( 'NONE', ( #1833 ), #1579, .F. ) ;
#3569 = EDGE_CURVE ( 'NONE', #3226, #3153, #155, .T. ) ;
#3570 = LINE ( 'NONE', #28, #454 ) ;
#3571 = LINE ( 'NONE', #109, #1129 ) ;
#3572 = EDGE_LOOP ( 'NONE', ( #2661, #673, #3525, #2423 ) ) ;
#3573 = CARTESIAN_POINT ( 'NONE',  ( 9.999999999999994671, -40.00000000000000711, 5.000000000000000000 ) ) ;
#3574 = DIRECTION ( 'NONE',  ( -0.000000000000000000, -0.000000000000000000, 1.000000000000000000 ) ) ;
#3575 = VECTOR ( 'NONE', #13, 1000.000000000000000 ) ;
#3576 = DIRECTION ( 'NONE',  ( 0.4999999999999987232, 0.8660254037844393737, 0.000000000000000000 ) ) ;
#3577 = VECTOR ( 'NONE', #2924, 1000.000000000000000 ) ;
#3578 = EDGE_LOOP ( 'NONE', ( #2547, #3242, #3338, #1359, #979, #2095, #530, #2947, #2146, #602, #805, #567, #3147, #2503, #3464, #278, #2181, #2800, #2825, #3532, #649, #1943, #3544, #3559, #2477, #3491, #1701, #1829, #1175, #2933, #166, #3736, #2766, #3017, #2467, #2558 ) ) ;
#3579 = VECTOR ( 'NONE', #3051, 1000.000000000000000 ) ;
#3580 = FACE_OUTER_BOUND ( 'NONE', #1069, .T. ) ;
#3581 = AXIS2_PLACEMENT_3D ( 'NONE', #1832, #1538, #1297 ) ;
#3582 = EDGE_LOOP ( 'NONE', ( #1910, #2184, #2586, #3733 ) ) ;
#3583 = EDGE_CURVE ( 'NONE', #525, #1726, #1266, .T. ) ;
#3584 = AXIS2_PLACEMENT_3D ( 'NONE', #845, #3180, #294 ) ;
#3585 = DIRECTION ( 'NONE',  ( -0.7071067811865489050, 0.000000000000000000, 0.7071067811865462405 ) ) ;
#3586 = CARTESIAN_POINT ( 'NONE',  ( 38.91228675972855200, 31.75000000000000000, 0.000000000000000000 ) ) ;
#3587 = DIRECTION ( 'NONE',  ( -1.000000000000000000, 0.000000000000000000, 0.000000000000000000 ) ) ;
#3588 = VECTOR ( 'NONE', #2220, 1000.000000000000000 ) ;
#3589 = ORIENTED_EDGE ( 'NONE', *, *, #2463, .T. ) ;
#3590 = CARTESIAN_POINT ( 'NONE',  ( 42.08771324027148353, 31.75000000000000000, 2.500000000000000000 ) ) ;
#3591 = CARTESIAN_POINT ( 'NONE',  ( 48.00000000000000711, -40.00000000000000000, 0.000000000000000000 ) ) ;
#3592 = ADVANCED_FACE ( 'NONE', ( #3599 ), #3327, .F. ) ;
#3593 = EDGE_CURVE ( 'NONE', #2129, #2154, #2791, .T. ) ;
#3594 = EDGE_LOOP ( 'NONE', ( #1628, #438 ) ) ;
#3595 = DIRECTION ( 'NONE',  ( 0.000000000000000000, 0.7071067811865503483, -0.7071067811865445751 ) ) ;
#3596 = DIRECTION ( 'NONE',  ( 1.000000000000000000, 0.000000000000000000, 0.000000000000000000 ) ) ;
#3597 = DIRECTION ( 'NONE',  ( 0.000000000000000000, -0.000000000000000000, -1.000000000000000000 ) ) ;
#3598 = ORIENTED_EDGE ( 'NONE', *, *, #2018, .F. ) ;
#3599 = FACE_OUTER_BOUND ( 'NONE', #3083, .T. ) ;
#3600 = EDGE_LOOP ( 'NONE', ( #1, #702, #2761, #3711 ) ) ;
#3601 = DIRECTION ( 'NONE',  ( -0.4999999999999996669, 0.8660254037844388186, 0.000000000000000000 ) ) ;
#3602 = DIRECTION ( 'NONE',  ( -0.000000000000000000, -0.000000000000000000, -1.000000000000000000 ) ) ;
#3603 = CARTESIAN_POINT ( 'NONE',  ( -9.500000000000000000, -13.24999999999999645, -2.750000000000000000 ) ) ;
#3604 = CARTESIAN_POINT ( 'NONE',  ( 9.500000000000000000, -13.24999999999999645, -2.250000000000000000 ) ) ;
#3605 = ORIENTED_EDGE ( 'NONE', *, *, #523, .F. ) ;
#3606 = DIRECTION ( 'NONE',  ( 1.301042606982607490E-15, -1.000000000000000000, -0.000000000000000000 ) ) ;
#3607 = LINE ( 'NONE', #987, #3277 ) ;
#3608 = ORIENTED_EDGE ( 'NONE', *, *, #7, .F. ) ;
#3609 = CARTESIAN_POINT ( 'NONE',  ( -15.00000000000000000, 25.00000000000001421, -0.5000000000000000000 ) ) ;
#3610 = EDGE_CURVE ( 'NONE', #2010, #802, #700, .T. ) ;
#3611 = LINE ( 'NONE', #990, #1867 ) ;
#3612 = CARTESIAN_POINT ( 'NONE',  ( 40.50000000000000711, -34.50000000000000000, -3.500000000000000444 ) ) ;
#3613 = FACE_OUTER_BOUND ( 'NONE', #681, .T. ) ;
#3614 = EDGE_LOOP ( 'NONE', ( #62, #2733, #3512, #2914 ) ) ;
#3615 = EDGE_CURVE ( 'NONE', #3205, #2751, #1281, .T. ) ;
#3616 = CARTESIAN_POINT ( 'NONE',  ( 6.000000000000003553, 16.99999999999998579, 2.500000000000000000 ) ) ;
#3617 = ORIENTED_EDGE ( 'NONE', *, *, #1770, .F. ) ;
#3618 = DIRECTION ( 'NONE',  ( 1.000000000000000000, 0.000000000000000000, 0.000000000000000000 ) ) ;
#3619 = DIRECTION ( 'NONE',  ( 0.8660254037844390407, -0.4999999999999995004, 0.000000000000000000 ) ) ;
#3620 = LINE ( 'NONE', #2206, #334 ) ;
#3621 = DIRECTION ( 'NONE',  ( -0.000000000000000000, 0.000000000000000000, 1.000000000000000000 ) ) ;
#3622 = CARTESIAN_POINT ( 'NONE',  ( 48.00000000000000711, 40.00000000000000000, 5.000000000000000000 ) ) ;
#3623 = ORIENTED_EDGE ( 'NONE', *, *, #3142, .F. ) ;
#3624 = DIRECTION ( 'NONE',  ( 0.000000000000000000, 0.7071067811865503483, -0.7071067811865445751 ) ) ;
#3625 = CARTESIAN_POINT ( 'NONE',  ( 15.00000000000000000, 18.25000000000000355, -2.249999999999999556 ) ) ;
#3626 = ORIENTED_EDGE ( 'NONE', *, *, #3124, .T. ) ;
#3627 = LINE ( 'NONE', #1608, #1733 ) ;
#3628 = EDGE_CURVE ( 'NONE', #2260, #3477, #1850, .T. ) ;
#3629 = CARTESIAN_POINT ( 'NONE',  ( 42.08771324027149063, 37.25000000000000711, 2.500000000000000000 ) ) ;
#3630 = CARTESIAN_POINT ( 'NONE',  ( 42.08771324027148353, 31.75000000000000000, 2.500000000000000000 ) ) ;
#3631 = DIRECTION ( 'NONE',  ( 0.000000000000000000, -0.000000000000000000, -1.000000000000000000 ) ) ;
#3632 = ORIENTED_EDGE ( 'NONE', *, *, #79, .F. ) ;
#3633 = ORIENTED_EDGE ( 'NONE', *, *, #986, .T. ) ;
#3634 = CARTESIAN_POINT ( 'NONE',  ( 43.67542648054293863, -34.49999999999999289, 2.500000000000000000 ) ) ;
#3635 = ADVANCED_FACE ( 'NONE', ( #439 ), #1891, .T. ) ;
#3636 = EDGE_CURVE ( 'NONE', #178, #1018, #3742, .T. ) ;
#3637 = VERTEX_POINT ( 'NONE', #1423 ) ;
#3638 = VECTOR ( 'NONE', #373, 1000.000000000000000 ) ;
#3639 = AXIS2_PLACEMENT_3D ( 'NONE', #3143, #3448, #3769 ) ;
#3640 = DIRECTION ( 'NONE',  ( 0.000000000000000000, -0.000000000000000000, 1.000000000000000000 ) ) ;
#3641 = AXIS2_PLACEMENT_3D ( 'NONE', #3002, #1325, #1565 ) ;
#3642 = VECTOR ( 'NONE', #2819, 1000.000000000000000 ) ;
#3643 = CARTESIAN_POINT ( 'NONE',  ( -10.00000000000000178, -38.00000000000000000, 0.000000000000000000 ) ) ;
#3644 = CARTESIAN_POINT ( 'NONE',  ( -10.74999999999999645, -12.00000000000000000, 0.000000000000000000 ) ) ;
#3645 = ORIENTED_EDGE ( 'NONE', *, *, #2812, .F. ) ;
#3646 = VECTOR ( 'NONE', #913, 1000.000000000000000 ) ;
#3647 = VECTOR ( 'NONE', #1640, 1000.000000000000000 ) ;
#3648 = DIRECTION ( 'NONE',  ( 0.000000000000000000, 0.000000000000000000, 1.000000000000000000 ) ) ;
#3649 = CIRCLE ( 'NONE', #1317, 1.750000000000001554 ) ;
#3650 = CARTESIAN_POINT ( 'NONE',  ( -3.812499999999963141, 8.603443703856354929, 5.000000000000000000 ) ) ;
#3651 = VERTEX_POINT ( 'NONE', #234 ) ;
#3652 = DIRECTION ( 'NONE',  ( -1.000000000000000000, -1.301042606982607490E-15, 0.000000000000000000 ) ) ;
#3653 = CIRCLE ( 'NONE', #1744, 7.625000000000000000 ) ;
#3654 = LINE ( 'NONE', #2124, #1435 ) ;
#3655 = DIRECTION ( 'NONE',  ( -0.7071067811865489050, -0.000000000000000000, -0.7071067811865462405 ) ) ;
#3656 = VERTEX_POINT ( 'NONE', #1934 ) ;
#3657 = ORIENTED_EDGE ( 'NONE', *, *, #3593, .F. ) ;
#3658 = DIRECTION ( 'NONE',  ( 0.4999999999999987232, 0.8660254037844393737, 0.000000000000000000 ) ) ;
#3659 = ORIENTED_EDGE ( 'NONE', *, *, #852, .T. ) ;
#3660 = CARTESIAN_POINT ( 'NONE',  ( 9.999999999999996447, 19.99999999999998934, 5.000000000000000000 ) ) ;
#3661 = PLANE ( 'NONE',  #3029 ) ;
#3662 = ADVANCED_FACE ( 'NONE', ( #779 ), #1674, .T. ) ;
#3663 = CARTESIAN_POINT ( 'NONE',  ( -9.500000000000000000, -20.00000000000000355, -1.821662113731688484E-15 ) ) ;
#3664 = FACE_OUTER_BOUND ( 'NONE', #2971, .T. ) ;
#3665 = VERTEX_POINT ( 'NONE', #2809 ) ;
#3666 = CARTESIAN_POINT ( 'NONE',  ( 9.000000000000000000, 16.99999999999998579, 2.500000000000000000 ) ) ;
#3667 = LINE ( 'NONE', #1884, #1324 ) ;
#3668 = VERTEX_POINT ( 'NONE', #2851 ) ;
#3669 = DIRECTION ( 'NONE',  ( -0.000000000000000000, -0.000000000000000000, -1.000000000000000000 ) ) ;
#3670 = CARTESIAN_POINT ( 'NONE',  ( -47.99999999999999289, -40.00000000000000000, 5.000000000000000000 ) ) ;
#3671 = EDGE_LOOP ( 'NONE', ( #3027, #1803, #616, #2213 ) ) ;
#3672 = ORIENTED_EDGE ( 'NONE', *, *, #851, .F. ) ;
#3673 = CARTESIAN_POINT ( 'NONE',  ( 50.00000000000000711, -38.00000000000000000, 5.000000000000000000 ) ) ;
#3674 = VERTEX_POINT ( 'NONE', #2826 ) ;
#3675 = LINE ( 'NONE', #1283, #3273 ) ;
#3676 = EDGE_CURVE ( 'NONE', #970, #366, #1697, .T. ) ;
#3677 = CARTESIAN_POINT ( 'NONE',  ( 3.687500000000009770, 10.61306264708975888, 2.500000000000000000 ) ) ;
#3678 = DIRECTION ( 'NONE',  ( 0.000000000000000000, 0.000000000000000000, -1.000000000000000000 ) ) ;
#3679 = VERTEX_POINT ( 'NONE', #2522 ) ;
#3680 = DIRECTION ( 'NONE',  ( 0.000000000000000000, -0.000000000000000000, 1.000000000000000000 ) ) ;
#3681 = CARTESIAN_POINT ( 'NONE',  ( 6.000000000000003553, -15.00000000000000711, 2.500000000000000000 ) ) ;
#3682 = EDGE_CURVE ( 'NONE', #623, #117, #837, .T. ) ;
#3683 = EDGE_CURVE ( 'NONE', #1479, #2028, #3765, .T. ) ;
#3684 = ORIENTED_EDGE ( 'NONE', *, *, #3725, .T. ) ;
#3685 = FACE_OUTER_BOUND ( 'NONE', #2935, .T. ) ;
#3686 = DIRECTION ( 'NONE',  ( -1.000000000000000000, -0.000000000000000000, -0.000000000000000000 ) ) ;
#3687 = ORIENTED_EDGE ( 'NONE', *, *, #75, .T. ) ;
#3688 = VERTEX_POINT ( 'NONE', #2242 ) ;
#3689 = CARTESIAN_POINT ( 'NONE',  ( 0.000000000000000000, 1.999999999999989564, 2.500000000000000000 ) ) ;
#3690 = ORIENTED_EDGE ( 'NONE', *, *, #2905, .F. ) ;
#3691 = LINE ( 'NONE', #1767, #1071 ) ;
#3692 = LINE ( 'NONE', #2647, #2289 ) ;
#3693 = AXIS2_PLACEMENT_3D ( 'NONE', #1274, #2801, #3680 ) ;
#3694 = LINE ( 'NONE', #3446, #2662 ) ;
#3695 = AXIS2_PLACEMENT_3D ( 'NONE', #2668, #2308, #2031 ) ;
#3696 = ORIENTED_EDGE ( 'NONE', *, *, #2182, .F. ) ;
#3697 = AXIS2_PLACEMENT_3D ( 'NONE', #1525, #626, #2619 ) ;
#3698 = VECTOR ( 'NONE', #998, 1000.000000000000000 ) ;
#3699 = DIRECTION ( 'NONE',  ( 1.000000000000000000, 0.000000000000000000, 0.000000000000000000 ) ) ;
#3700 = LINE ( 'NONE', #2210, #344 ) ;
#3701 = CIRCLE ( 'NONE', #2111, 1.750000000000001554 ) ;
#3702 = AXIS2_PLACEMENT_3D ( 'NONE', #3261, #3574, #89 ) ;
#3703 = ORIENTED_EDGE ( 'NONE', *, *, #2258, .F. ) ;
#3704 = CARTESIAN_POINT ( 'NONE',  ( 42.25000000000000000, 34.50000000000000000, -3.500000000000000444 ) ) ;
#3705 = CIRCLE ( 'NONE', #2054, 2.500000000000000000 ) ;
#3706 = EDGE_CURVE ( 'NONE', #2228, #2919, #3413, .T. ) ;
#3707 = FILL_AREA_STYLE_COLOUR ( '', #761 ) ;
#3708 = CARTESIAN_POINT ( 'NONE',  ( 0.000000000000000000, 0.000000000000000000, 2.500000000000000000 ) ) ;
#3709 = ORIENTED_EDGE ( 'NONE', *, *, #3290, .F. ) ;
#3710 = AXIS2_PLACEMENT_3D ( 'NONE', #606, #365, #1520 ) ;
#3711 = ORIENTED_EDGE ( 'NONE', *, *, #2603, .F. ) ;
#3712 = PRESENTATION_LAYER_ASSIGNMENT (  '', '', ( #3285 ) ) ;
#3713 = CARTESIAN_POINT ( 'NONE',  ( -10.74999999999999645, -12.00000000000000000, 5.000000000000000000 ) ) ;
#3714 = EDGE_LOOP ( 'NONE', ( #1983, #1106, #1772, #3274 ) ) ;
#3715 = DIRECTION ( 'NONE',  ( -0.000000000000000000, -0.000000000000000000, -1.000000000000000000 ) ) ;
#3716 = CARTESIAN_POINT ( 'NONE',  ( -40.49999999999999289, -34.50000000000000000, 5.000000000000000000 ) ) ;
#3717 = FACE_OUTER_BOUND ( 'NONE', #2321, .T. ) ;
#3718 = ORIENTED_EDGE ( 'NONE', *, *, #1902, .T. ) ;
#3719 = CYLINDRICAL_SURFACE ( 'NONE', #517, 5.000000000000000000 ) ;
#3720 = CARTESIAN_POINT ( 'NONE',  ( 38.91228675972854489, -31.75000000000000000, 2.500000000000000000 ) ) ;
#3721 = VERTEX_POINT ( 'NONE', #3713 ) ;
#3722 = DIRECTION ( 'NONE',  ( 0.000000000000000000, -0.000000000000000000, 1.000000000000000000 ) ) ;
#3723 = EDGE_LOOP ( 'NONE', ( #2127, #1255, #1631, #1273 ) ) ;
#3724 = VERTEX_POINT ( 'NONE', #1392 ) ;
#3725 = EDGE_CURVE ( 'NONE', #3174, #1102, #836, .T. ) ;
#3726 = EDGE_CURVE ( 'NONE', #1689, #347, #1091, .T. ) ;
#3727 = DIRECTION ( 'NONE',  ( 0.000000000000000000, -0.000000000000000000, -1.000000000000000000 ) ) ;
#3728 = VERTEX_POINT ( 'NONE', #1146 ) ;
#3729 = EDGE_CURVE ( 'NONE', #1892, #3759, #248, .T. ) ;
#3730 = EDGE_CURVE ( 'NONE', #3561, #2313, #1068, .T. ) ;
#3731 = LINE ( 'NONE', #3467, #816 ) ;
#3732 = DIRECTION ( 'NONE',  ( 0.000000000000000000, -0.7071067811865474617, -0.7071067811865476838 ) ) ;
#3733 = ORIENTED_EDGE ( 'NONE', *, *, #2559, .F. ) ;
#3734 = CARTESIAN_POINT ( 'NONE',  ( 9.000000000000001776, 19.99999999999998934, 0.000000000000000000 ) ) ;
#3735 = CARTESIAN_POINT ( 'NONE',  ( 9.500000000000000000, -13.24999999999999645, -2.750000000000000000 ) ) ;
#3736 = ORIENTED_EDGE ( 'NONE', *, *, #1642, .T. ) ;
#3737 = CARTESIAN_POINT ( 'NONE',  ( 7.625000000000000000, -13.00000000000001066, 5.000000000000000000 ) ) ;
#3738 = LINE ( 'NONE', #2913, #2779 ) ;
#3739 = ORIENTED_EDGE ( 'NONE', *, *, #3493, .F. ) ;
#3740 = EDGE_LOOP ( 'NONE', ( #1507, #2144, #256, #891 ) ) ;
#3741 = EDGE_CURVE ( 'NONE', #347, #2151, #812, .T. ) ;
#3742 = LINE ( 'NONE', #509, #2428 ) ;
#3743 = ORIENTED_EDGE ( 'NONE', *, *, #524, .F. ) ;
#3744 = CARTESIAN_POINT ( 'NONE',  ( 9.999999999999994671, -12.00000000000000000, 0.000000000000000000 ) ) ;
#3745 = EDGE_CURVE ( 'NONE', #1081, #2496, #3119, .T. ) ;
#3746 = ADVANCED_FACE ( 'NONE', ( #756 ), #3429, .T. ) ;
#3747 = CARTESIAN_POINT ( 'NONE',  ( -42.08771324027147642, 31.75000000000000711, 2.500000000000000000 ) ) ;
#3748 = ORIENTED_EDGE ( 'NONE', *, *, #145, .T. ) ;
#3749 = AXIS2_PLACEMENT_3D ( 'NONE', #2611, #565, #3186 ) ;
#3750 = CARTESIAN_POINT ( 'NONE',  ( 37.32457351945707558, -34.50000000000000711, 2.500000000000000000 ) ) ;
#3751 = FACE_OUTER_BOUND ( 'NONE', #2135, .T. ) ;
#3752 = LINE ( 'NONE', #2282, #1611 ) ;
#3753 = VERTEX_POINT ( 'NONE', #1638 ) ;
#3754 = AXIS2_PLACEMENT_3D ( 'NONE', #2275, #2868, #1122 ) ;
#3755 = CIRCLE ( 'NONE', #2043, 7.625000000000000000 ) ;
#3756 = CARTESIAN_POINT ( 'NONE',  ( -10.25000000000000000, -15.00000000000000000, 4.999999999999998224 ) ) ;
#3757 = AXIS2_PLACEMENT_3D ( 'NONE', #2618, #1451, #1227 ) ;
#3758 = DIRECTION ( 'NONE',  ( 0.000000000000000000, 0.000000000000000000, -1.000000000000000000 ) ) ;
#3759 = VERTEX_POINT ( 'NONE', #3156 ) ;
#3760 = ORIENTED_EDGE ( 'NONE', *, *, #2023, .T. ) ;
#3761 = VECTOR ( 'NONE', #2530, 1000.000000000000000 ) ;
#3762 = VECTOR ( 'NONE', #1743, 1000.000000000000000 ) ;
#3763 = EDGE_CURVE ( 'NONE', #721, #2429, #1949, .T. ) ;
#3764 = AXIS2_PLACEMENT_3D ( 'NONE', #1753, #647, #304 ) ;
#3765 = LINE ( 'NONE', #795, #1874 ) ;
#3766 = VERTEX_POINT ( 'NONE', #493 ) ;
#3767 = LINE ( 'NONE', #1430, #348 ) ;
#3768 = ORIENTED_EDGE ( 'NONE', *, *, #2512, .T. ) ;
#3769 = DIRECTION ( 'NONE',  ( 1.000000000000000000, 0.000000000000000000, 0.000000000000000000 ) ) ;
#3770 = EDGE_CURVE ( 'NONE', #1391, #2672, #1713, .T. ) ;
#3771 = FACE_OUTER_BOUND ( 'NONE', #2101, .T. ) ;
#3772 = CARTESIAN_POINT ( 'NONE',  ( -42.08771324027146932, 37.25000000000000000, 2.500000000000000000 ) ) ;
#3773 = DIRECTION ( 'NONE',  ( 1.000000000000000000, 0.000000000000000000, 0.000000000000000000 ) ) ;
#3774 = CARTESIAN_POINT ( 'NONE',  ( 0.000000000000000000, 16.99999999999998579, 5.000000000000000000 ) ) ;
#3775 = ORIENTED_EDGE ( 'NONE', *, *, #1758, .F. ) ;
#3776 = FACE_OUTER_BOUND ( 'NONE', #2615, .T. ) ;
ENDSEC;
END-ISO-10303-21;
